tower_id,avg_latency_ms,avg_packet_loss_pct,avg_download_mbps,avg_upload_mbps,avg_signal_strength_dbm,avg_cpu_utilization_pct,avg_memory_utilization_pct,avg_call_drop_rate,avg_connection_failure_rate,avg_active_users,fault_count,failure,failure_probability,risk_category,recommended_action
T1000,42.75175,1.5096666666666667,82.42191666666666,25.525666666666666,-75.45216666666667,51.17925,54.726,1.47875,1.5475833333333333,512.3083333333333,0.0,0,31.21,MEDIUM,Increase monitoring frequency
T1001,44.63675,1.4263333333333332,80.97791666666667,25.311416666666666,-76.26608333333334,50.07416666666666,55.12108333333333,1.5461666666666667,1.53875,504.64166666666665,0.0,0,32.68,MEDIUM,Increase monitoring frequency
T1002,44.90208333333333,1.5639166666666666,77.92758333333333,24.74625,-75.25108333333333,49.50275,55.05316666666667,1.4444166666666667,1.476,491.5,0.0,0,26.54,MEDIUM,Increase monitoring frequency
T1003,44.60975,1.5283333333333333,80.12241666666667,25.157,-75.13958333333333,50.87191666666667,55.07358333333333,1.4329166666666666,1.5136666666666665,492.9583333333333,0.0,0,24.42,LOW,Normal monitoring
T1004,44.48891666666667,1.5579166666666666,81.21424999999999,25.022583333333333,-74.49308333333333,50.73316666666666,55.395999999999994,1.4545833333333333,1.5778333333333334,484.925,0.0,0,25.38,MEDIUM,Increase monitoring frequency
T1005,42.952083333333334,1.4806666666666668,77.43616666666667,25.03033333333333,-73.81958333333334,49.92725,54.77816666666667,1.49275,1.4585000000000001,481.25,27.0,1,84.12,CRITICAL,Immediate technician inspection
T1006,43.058,1.4948333333333332,80.74608333333335,24.491,-76.39641666666667,49.82783333333334,54.47741666666666,1.4231666666666667,1.4520833333333334,490.05833333333334,0.0,0,10.72,LOW,Normal monitoring
T1007,46.61875,1.4091666666666667,81.0335,25.621166666666667,-75.08558333333333,50.7885,53.60966666666666,1.5005833333333334,1.5650833333333334,471.65,0.0,0,21.21,LOW,Normal monitoring
T1008,46.422916666666666,1.55275,81.06216666666666,24.71925,-77.06,50.8055,56.03008333333333,1.66125,1.5115,509.375,0.0,0,20.61,LOW,Normal monitoring
T1009,46.31425,1.4525000000000001,79.79983333333332,25.310333333333332,-74.81691666666667,51.656166666666664,55.84066666666667,1.5485,1.5816666666666668,485.7083333333333,0.0,0,27.01,MEDIUM,Increase monitoring frequency
T1010,43.508833333333335,1.43725,78.37608333333333,23.673083333333334,-75.40641666666667,49.40291666666667,54.21525,1.4931666666666668,1.3634166666666665,492.9583333333333,0.0,0,19.14,LOW,Normal monitoring
T1011,44.162416666666665,1.508,80.20966666666666,25.428416666666667,-75.19816666666667,50.41466666666667,55.84108333333334,1.543,1.4957500000000001,517.0416666666666,0.0,0,23.03,LOW,Normal monitoring
T1012,46.22058333333334,1.4924166666666667,79.37691666666666,24.5975,-74.59541666666668,51.25991666666666,53.533500000000004,1.614,1.4771666666666665,494.85,35.0,1,83.08,CRITICAL,Immediate technician inspection
T1013,44.71516666666666,1.5256666666666667,80.63541666666667,24.485833333333336,-74.94258333333333,50.278999999999996,55.843916666666665,1.5509166666666665,1.3798333333333332,511.71666666666664,0.0,0,29.37,MEDIUM,Increase monitoring frequency
T1014,45.748583333333336,1.57525,82.89933333333333,24.896333333333335,-75.796,50.16583333333333,53.61333333333334,1.4785,1.5695833333333333,500.725,0.0,0,12.5,LOW,Normal monitoring
T1015,45.164,1.4940833333333332,81.12425,25.325916666666668,-74.86841666666666,50.10341666666667,54.02675,1.4888333333333332,1.5273333333333334,501.7,0.0,0,18.51,LOW,Normal monitoring
T1016,44.49041666666667,1.5519166666666666,81.55058333333334,24.83975,-75.44800000000001,51.446749999999994,55.372416666666666,1.4661666666666666,1.5614999999999999,507.7916666666667,0.0,0,29.03,MEDIUM,Increase monitoring frequency
T1017,45.54175,1.48925,79.60191666666667,25.649749999999997,-75.597,49.07308333333334,54.1795,1.45875,1.5421666666666667,495.6166666666667,0.0,0,11.57,LOW,Normal monitoring
T1018,94.13591666666666,4.380916666666667,61.09558333333334,18.345166666666668,-88.04691666666666,69.78299999999999,68.2145,4.570583333333333,4.501916666666667,396.0,34.0,1,100.0,CRITICAL,Immediate technician inspection
T1019,46.901916666666665,1.44125,80.80716666666667,25.207333333333334,-76.258,50.3295,56.13225,1.43025,1.5347499999999998,492.85833333333335,0.0,0,20.83,LOW,Normal monitoring
T1020,45.65316666666667,1.422,82.20758333333333,24.7805,-75.31774999999999,53.22341666666667,54.92941666666666,1.4523333333333333,1.4701666666666666,482.40833333333336,0.0,0,32.98,MEDIUM,Increase monitoring frequency
T1021,45.58625,1.5375833333333333,82.30966666666667,24.992,-75.07475,50.39025,54.45641666666666,1.5398333333333334,1.6205,493.15,0.0,0,30.77,MEDIUM,Increase monitoring frequency
T1022,46.14366666666667,1.5563333333333333,79.70908333333334,24.799916666666668,-74.41433333333333,49.758,55.57241666666666,1.5725833333333334,1.5038333333333334,497.3333333333333,31.0,1,71.04,HIGH,Schedule preventive maintenance
T1023,44.17575,1.578,79.78091666666666,24.664499999999997,-75.05324999999999,47.6345,56.211999999999996,1.4303333333333335,1.47825,506.55833333333334,0.0,0,25.58,MEDIUM,Increase monitoring frequency
T1024,45.1395,1.6243333333333332,81.34308333333334,24.985916666666665,-75.27025,49.89658333333333,54.341166666666666,1.4458333333333333,1.45675,514.7166666666667,0.0,0,16.69,LOW,Normal monitoring
T1025,47.12475,1.5407499999999998,78.46233333333333,24.475833333333334,-73.23625,50.435583333333334,54.66283333333333,1.45,1.6279166666666667,503.85,0.0,0,43.45,MEDIUM,Increase monitoring frequency
T1026,44.76991666666667,1.4746666666666668,79.29983333333332,25.985583333333334,-74.66833333333334,50.43833333333334,55.327,1.5765,1.4895833333333333,492.775,0.0,0,31.72,MEDIUM,Increase monitoring frequency
T1027,45.361916666666666,1.5851666666666666,80.05241666666667,26.401,-74.7085,51.90858333333333,55.755916666666664,1.44875,1.5295833333333335,523.275,0.0,0,22.57,LOW,Normal monitoring
T1028,44.05016666666667,1.5907499999999999,81.29008333333333,24.36775,-75.01333333333334,48.54600000000001,53.477666666666664,1.5709166666666665,1.5242499999999999,501.94166666666666,0.0,0,14.38,LOW,Normal monitoring
T1029,45.017833333333336,1.55175,82.31733333333334,25.420333333333335,-75.30775,50.36808333333333,54.148,1.42625,1.436,483.31666666666666,0.0,0,15.77,LOW,Normal monitoring
T1030,45.53516666666667,1.5521666666666667,80.05158333333334,24.90666666666667,-75.41258333333333,47.84883333333333,55.63925,1.4597499999999999,1.5899166666666666,510.825,0.0,0,27.53,MEDIUM,Increase monitoring frequency
T1031,43.982083333333335,1.5129166666666667,80.20566666666667,23.920833333333334,-74.52250000000001,52.635666666666665,53.49875,1.5064166666666667,1.5745,500.65833333333336,0.0,0,17.34,LOW,Normal monitoring
T1032,44.775,1.5241666666666667,78.96283333333334,23.765583333333332,-75.50783333333334,48.574,56.29358333333333,1.4756666666666665,1.4524166666666667,491.65,0.0,0,19.42,LOW,Normal monitoring
T1033,44.19166666666667,1.4274166666666666,79.22600000000001,24.923166666666667,-77.22058333333332,50.00933333333333,55.80566666666667,1.5176666666666667,1.4813333333333332,486.39166666666665,0.0,0,18.76,LOW,Normal monitoring
T1034,44.404583333333335,1.5315833333333333,80.78766666666667,25.21175,-76.18033333333332,51.165166666666664,53.613749999999996,1.582,1.5259166666666668,489.55,0.0,0,17.3,LOW,Normal monitoring
T1035,44.49258333333333,1.4445000000000001,79.71566666666666,25.386416666666666,-72.72558333333333,49.27575,54.61483333333333,1.4928333333333332,1.4924166666666667,500.4916666666667,0.0,0,27.07,MEDIUM,Increase monitoring frequency
T1036,45.347166666666666,1.482,81.7715,24.698083333333333,-75.80025,50.46133333333333,55.613749999999996,1.5580833333333333,1.5133333333333332,491.39166666666665,0.0,0,28.97,MEDIUM,Increase monitoring frequency
T1037,95.70174999999999,4.630416666666666,60.19941666666667,18.532333333333334,-87.69699999999999,69.61091666666667,71.27958333333332,4.450333333333333,4.549083333333333,400.925,29.0,1,100.0,CRITICAL,Immediate technician inspection
T1038,44.849333333333334,1.5084166666666665,78.54225,25.831333333333337,-74.46366666666667,50.1885,54.32541666666667,1.5055833333333333,1.395,499.375,0.0,0,34.18,MEDIUM,Increase monitoring frequency
T1039,44.7305,1.5474999999999999,79.73108333333333,24.72641666666667,-75.38833333333334,48.55191666666666,56.38941666666667,1.4724166666666667,1.4824166666666665,510.15833333333336,0.0,0,28.0,MEDIUM,Increase monitoring frequency
T1040,45.46341666666667,1.6025833333333332,78.27716666666667,25.032249999999998,-74.91241666666666,49.900999999999996,55.33875,1.5060833333333332,1.4488333333333332,496.23333333333335,0.0,0,25.59,MEDIUM,Increase monitoring frequency
T1041,43.21216666666667,1.5825833333333332,80.16083333333333,24.816166666666668,-75.2575,50.88,54.36066666666667,1.5118333333333331,1.5104166666666667,501.73333333333335,0.0,0,21.74,LOW,Normal monitoring
T1042,46.21033333333333,1.4033333333333333,80.39116666666668,25.459583333333335,-75.57775,51.082750000000004,53.522666666666666,1.5157500000000002,1.4713333333333334,509.51666666666665,0.0,0,22.21,LOW,Normal monitoring
T1043,45.66683333333334,1.4735,77.97058333333332,25.472916666666666,-75.80908333333333,49.72033333333333,55.29975,1.6166666666666667,1.6048333333333333,502.09166666666664,28.0,1,38.43,MEDIUM,Increase monitoring frequency
T1044,43.09191666666666,1.41975,79.96883333333334,24.813583333333334,-74.67633333333333,49.56433333333334,54.64425000000001,1.5700833333333333,1.44625,505.85,0.0,0,27.92,MEDIUM,Increase monitoring frequency
T1045,44.52833333333333,1.537,79.83808333333333,24.3005,-74.69041666666666,50.821333333333335,54.114333333333335,1.5059166666666668,1.5804166666666668,503.80833333333334,0.0,0,14.9,LOW,Normal monitoring
T1046,46.54816666666667,1.5908333333333333,77.79183333333334,24.481083333333334,-74.26458333333333,48.234833333333334,54.67925,1.4066666666666667,1.5365,514.3416666666667,0.0,0,25.4,MEDIUM,Increase monitoring frequency
T1047,45.01441666666666,1.5199166666666666,79.77041666666668,25.258333333333333,-75.63883333333334,47.93141666666667,55.551833333333335,1.4733333333333334,1.4734166666666666,498.1,0.0,0,21.41,LOW,Normal monitoring
T1048,43.63633333333333,1.4815833333333333,82.13725,24.834,-76.12808333333334,50.263749999999995,54.791000000000004,1.5879166666666669,1.42475,500.0833333333333,0.0,0,32.35,MEDIUM,Increase monitoring frequency
T1049,45.62875,1.5823333333333334,78.81066666666668,25.51875,-73.91725,49.666000000000004,54.66741666666667,1.68,1.4988333333333335,498.2916666666667,33.0,1,86.17,CRITICAL,Immediate technician inspection
T1050,44.21566666666667,1.57325,79.48475,24.358249999999998,-74.90941666666666,50.370666666666665,54.092,1.51075,1.4508333333333332,495.0083333333333,32.0,1,12.04,LOW,Normal monitoring
T1051,45.74641666666666,1.4536666666666667,80.15466666666666,25.507583333333333,-74.42775,47.823750000000004,56.2645,1.5731666666666666,1.4483333333333335,501.89166666666665,0.0,0,49.26,MEDIUM,Increase monitoring frequency
T1052,44.66791666666666,1.5335833333333333,79.99766666666666,23.8565,-75.0485,49.2025,53.954166666666666,1.4483333333333335,1.5586666666666666,513.1416666666667,0.0,0,10.56,LOW,Normal monitoring
T1053,44.782666666666664,1.5310833333333334,81.15,23.720000000000002,-75.42966666666666,49.59408333333333,57.253166666666665,1.5411666666666666,1.3466666666666667,504.6666666666667,21.0,1,86.74,CRITICAL,Immediate technician inspection
T1054,45.52708333333333,1.4514166666666666,80.65483333333333,25.4995,-74.67508333333333,49.99691666666667,56.14508333333333,1.50625,1.56225,489.7916666666667,28.0,1,60.2,HIGH,Schedule preventive maintenance
T1055,45.972833333333334,1.4420833333333334,79.56116666666667,25.50133333333333,-75.09016666666666,51.540499999999994,54.695,1.4553333333333331,1.5161666666666667,488.375,35.0,1,66.8,HIGH,Schedule preventive maintenance
T1056,44.71175,1.4278333333333333,78.87816666666666,25.467166666666667,-75.72975,49.716833333333334,57.07241666666666,1.49175,1.5486666666666666,499.94166666666666,0.0,0,20.31,LOW,Normal monitoring
T1057,44.8795,1.4811666666666667,80.40833333333333,24.100916666666667,-75.84941666666667,50.065666666666665,55.038000000000004,1.5182499999999999,1.5865833333333332,506.025,0.0,0,26.61,MEDIUM,Increase monitoring frequency
T1058,45.28125,1.5155833333333333,80.55108333333332,25.50583333333333,-74.50425,49.763083333333334,53.00833333333333,1.4773333333333334,1.48,492.1166666666667,0.0,0,16.61,LOW,Normal monitoring
T1059,44.1455,1.4920833333333334,78.2285,25.177083333333332,-75.55183333333333,48.10425,54.54666666666667,1.5001666666666666,1.4078333333333333,510.84166666666664,29.0,1,77.4,CRITICAL,Immediate technician inspection
T1060,45.103833333333334,1.5353333333333334,80.51458333333333,25.42575,-75.60608333333333,47.14841666666667,55.18241666666667,1.5884166666666666,1.5634166666666667,493.76666666666665,0.0,0,29.39,MEDIUM,Increase monitoring frequency
T1061,44.22658333333333,1.5398333333333334,79.71475000000001,24.15583333333333,-73.97766666666666,51.18483333333334,55.83225,1.47175,1.4723333333333335,503.8,0.0,0,30.33,MEDIUM,Increase monitoring frequency
T1062,44.89066666666667,1.4279166666666667,80.48916666666668,25.439833333333336,-75.17141666666666,50.97366666666667,54.89308333333334,1.43075,1.5415833333333333,509.48333333333335,0.0,0,28.17,MEDIUM,Increase monitoring frequency
T1063,44.624,1.5531666666666666,80.92383333333333,25.698083333333333,-75.54050000000001,49.27625,55.480916666666666,1.50475,1.5781666666666667,497.6,0.0,0,30.97,MEDIUM,Increase monitoring frequency
T1064,44.438583333333334,1.59575,79.7555,25.15375,-76.73700000000001,50.15075,56.11141666666666,1.4469166666666666,1.5245833333333332,498.15833333333336,0.0,0,19.54,LOW,Normal monitoring
T1065,44.80008333333333,1.611,78.79025,24.895416666666666,-75.07041666666667,51.851416666666665,54.76175,1.5525,1.5442500000000001,494.425,0.0,0,29.06,MEDIUM,Increase monitoring frequency
T1066,44.064,1.3835000000000002,79.82325,24.263666666666666,-75.26233333333333,47.05825,53.63575,1.5626666666666666,1.5056666666666667,504.7,0.0,0,24.88,LOW,Normal monitoring
T1067,44.70616666666667,1.5129166666666667,81.44274999999999,26.63041666666667,-74.16191666666667,50.749916666666664,53.65833333333333,1.5315,1.5845833333333335,476.9,0.0,0,19.96,LOW,Normal monitoring
T1068,44.169999999999995,1.4726666666666666,79.21541666666667,25.535500000000003,-75.21791666666667,50.35208333333333,55.994416666666666,1.436,1.4848333333333334,507.775,0.0,0,24.83,LOW,Normal monitoring
T1069,44.59425,1.5702500000000001,78.42925,24.56875,-75.084,49.787166666666664,56.667249999999996,1.4657499999999999,1.5011666666666665,532.1333333333333,0.0,0,25.29,MEDIUM,Increase monitoring frequency
T1070,44.01508333333334,1.5995,79.43933333333332,24.37775,-74.74208333333333,49.84558333333334,54.66575,1.5385,1.466,507.30833333333334,0.0,0,20.54,LOW,Normal monitoring
T1071,45.763333333333335,1.6143333333333334,78.41875,25.15941666666667,-75.38933333333333,49.870250000000006,53.82208333333333,1.6199166666666664,1.5299166666666666,496.94166666666666,0.0,0,19.67,LOW,Normal monitoring
T1072,45.38,1.4785833333333334,79.38575,25.578916666666665,-75.05975,50.061416666666666,56.25233333333333,1.5285,1.4695833333333332,480.90833333333336,33.0,1,29.29,MEDIUM,Increase monitoring frequency
T1073,45.148916666666665,1.6119999999999999,79.48508333333332,25.691333333333333,-74.57375,49.20108333333334,53.27308333333334,1.46275,1.4511666666666665,505.75,0.0,0,11.96,LOW,Normal monitoring
T1074,45.13033333333333,1.4588333333333334,81.34383333333334,24.805416666666666,-75.47758333333333,49.369416666666666,54.78816666666667,1.5919166666666666,1.45075,495.225,0.0,0,28.91,MEDIUM,Increase monitoring frequency
T1075,46.718666666666664,1.5459166666666666,78.73275,24.83325,-76.05083333333333,49.57758333333334,54.07575,1.5008333333333332,1.5276666666666665,491.625,0.0,0,18.48,LOW,Normal monitoring
T1076,45.46325,1.637,82.37566666666666,24.93316666666667,-74.90941666666666,51.13133333333334,55.2625,1.5064166666666667,1.5641666666666665,507.2916666666667,0.0,0,26.32,MEDIUM,Increase monitoring frequency
T1077,44.311416666666666,1.4439166666666667,81.04008333333333,24.50725,-73.64891666666668,50.21241666666666,55.68283333333333,1.45225,1.4685833333333334,501.9583333333333,30.0,1,78.8,CRITICAL,Immediate technician inspection
T1078,95.08541666666666,4.440416666666667,64.21758333333334,17.570249999999998,-87.5995,70.06958333333334,69.42399999999999,4.506833333333334,4.503666666666666,405.6,28.0,1,100.0,CRITICAL,Immediate technician inspection
T1079,43.80783333333333,1.5553333333333332,81.0415,24.687666666666665,-75.36175,49.96333333333334,55.877583333333334,1.5138333333333334,1.4755833333333332,477.35833333333335,0.0,0,23.02,LOW,Normal monitoring
T1080,45.55,1.6306666666666667,79.43024999999999,25.4825,-75.02575,48.84191666666666,54.30225,1.49925,1.4339166666666665,508.44166666666666,0.0,0,27.01,MEDIUM,Increase monitoring frequency
T1081,45.06133333333333,1.5473333333333334,82.40633333333334,25.213916666666666,-75.18191666666667,49.953583333333334,54.167249999999996,1.482,1.5808333333333333,499.28333333333336,0.0,0,17.26,LOW,Normal monitoring
T1082,45.09475,1.4733333333333334,81.7495,24.760166666666667,-75.29575,47.64458333333334,55.158249999999995,1.5771666666666666,1.4274166666666666,495.1333333333333,0.0,0,28.07,MEDIUM,Increase monitoring frequency
T1083,45.15783333333333,1.50725,77.58116666666666,26.10891666666667,-73.93175,49.26691666666667,54.755833333333335,1.45875,1.5115,506.425,0.0,0,20.99,LOW,Normal monitoring
T1084,45.249,1.5642500000000001,77.93108333333333,24.305,-75.83966666666667,51.99433333333333,56.64125,1.5582500000000001,1.4652500000000002,487.55833333333334,0.0,0,17.99,LOW,Normal monitoring
T1085,44.64675,1.5588333333333333,79.50675,25.329833333333333,-74.10674999999999,50.4885,56.241083333333336,1.5443333333333333,1.4695,496.925,31.0,1,53.51,HIGH,Schedule preventive maintenance
T1086,46.53341666666667,1.5440833333333333,79.95425,25.212416666666666,-74.87633333333333,48.78033333333334,55.25625,1.4385833333333333,1.49,509.825,0.0,0,25.41,MEDIUM,Increase monitoring frequency
T1087,45.42216666666666,1.6489166666666668,79.74425,24.828833333333332,-74.89816666666667,50.32266666666667,55.33941666666667,1.5065833333333332,1.4072500000000001,506.0,0.0,0,37.7,MEDIUM,Increase monitoring frequency
T1088,43.00325,1.5660833333333335,80.51849999999999,24.67366666666667,-76.12683333333332,50.150666666666666,54.94216666666667,1.4179166666666667,1.5265,508.15833333333336,0.0,0,22.06,LOW,Normal monitoring
T1089,44.771,1.4451666666666665,76.75466666666667,24.882333333333335,-74.6005,50.34708333333333,54.88483333333333,1.5401666666666667,1.4950833333333333,494.0833333333333,0.0,0,26.19,MEDIUM,Increase monitoring frequency
T1090,44.49283333333334,1.5195833333333333,79.58166666666666,24.847666666666665,-74.15733333333333,50.71491666666667,55.932,1.4854999999999998,1.5684166666666668,496.43333333333334,0.0,0,27.29,MEDIUM,Increase monitoring frequency
T1091,44.080749999999995,1.4608333333333334,80.29666666666667,25.000833333333333,-76.329,50.83408333333333,55.8405,1.5264166666666665,1.48025,480.60833333333335,0.0,0,14.49,LOW,Normal monitoring
T1092,44.05050000000001,1.5424166666666668,80.21433333333333,24.88875,-75.38433333333334,50.874916666666664,56.90866666666667,1.4861666666666666,1.5586666666666666,494.71666666666664,0.0,0,19.91,LOW,Normal monitoring
T1093,44.636583333333334,1.4505833333333333,78.48516666666666,25.51725,-75.35825,50.27708333333333,56.583083333333335,1.5029166666666667,1.59675,499.21666666666664,0.0,0,29.21,MEDIUM,Increase monitoring frequency
T1094,44.91883333333333,1.56375,80.18008333333334,24.607416666666666,-74.75966666666666,48.89533333333333,55.379749999999994,1.4309166666666668,1.5573333333333332,496.43333333333334,0.0,0,26.03,MEDIUM,Increase monitoring frequency
T1095,44.24133333333334,1.5522500000000001,80.44691666666667,24.56225,-75.72125,49.312583333333336,55.989916666666666,1.4901666666666666,1.4189166666666668,488.34166666666664,0.0,0,23.8,LOW,Normal monitoring
T1096,42.88133333333334,1.4779166666666665,83.38550000000001,24.679666666666666,-75.42908333333334,49.66433333333334,54.35116666666667,1.4463333333333332,1.5210833333333333,511.6333333333333,0.0,0,28.54,MEDIUM,Increase monitoring frequency
T1097,44.38616666666667,1.4765000000000001,80.08716666666666,25.28483333333333,-74.73066666666666,50.089000000000006,55.20558333333334,1.4789999999999999,1.5488333333333333,500.325,0.0,0,22.09,LOW,Normal monitoring
T1098,44.96516666666666,1.5023333333333333,80.05216666666666,25.818833333333334,-75.09966666666666,50.131,53.50758333333333,1.58725,1.50025,520.3833333333333,0.0,0,17.63,LOW,Normal monitoring
T1099,44.09133333333333,1.5150833333333333,79.6515,25.133750000000003,-75.35108333333332,47.48475,55.39458333333334,1.4929999999999999,1.4673333333333334,510.44166666666666,0.0,0,25.22,MEDIUM,Increase monitoring frequency
T1100,45.071749999999994,1.59225,79.75666666666666,24.810083333333335,-74.82124999999999,50.95025,56.61291666666667,1.54225,1.6046666666666667,501.84166666666664,0.0,0,38.35,MEDIUM,Increase monitoring frequency
T1101,45.02583333333334,1.5544166666666668,79.93825,25.00841666666667,-75.22399999999999,50.197916666666664,54.03916666666667,1.3881666666666668,1.4781666666666666,505.89166666666665,0.0,0,15.99,LOW,Normal monitoring
T1102,44.723333333333336,1.451,77.45041666666665,24.04866666666667,-75.26241666666667,51.27316666666666,54.9205,1.5164166666666667,1.4514166666666666,496.4166666666667,0.0,0,20.88,LOW,Normal monitoring
T1103,46.18033333333334,1.52625,79.82075,25.382333333333335,-75.80033333333334,48.29525,55.0765,1.5430833333333331,1.4898333333333333,494.80833333333334,0.0,0,28.69,MEDIUM,Increase monitoring frequency
T1104,43.98408333333334,1.4785,83.28691666666667,25.803083333333333,-75.12883333333333,50.74066666666667,55.46583333333333,1.4865833333333334,1.562,477.95,0.0,0,34.25,MEDIUM,Increase monitoring frequency
T1105,44.32675,1.3959166666666667,79.69333333333334,25.201999999999998,-75.13891666666667,51.41833333333333,55.216750000000005,1.4411666666666667,1.432,496.3833333333333,37.0,1,40.5,MEDIUM,Increase monitoring frequency
T1106,43.82333333333334,1.47875,80.20599999999999,24.881916666666665,-75.821,50.48416666666667,56.70766666666667,1.4559166666666667,1.5681666666666667,491.3333333333333,0.0,0,17.19,LOW,Normal monitoring
T1107,43.6825,1.4832500000000002,77.72891666666666,25.82991666666667,-75.11025,50.31441666666667,54.531166666666664,1.4996666666666667,1.5275,504.8,0.0,0,27.96,MEDIUM,Increase monitoring frequency
T1108,46.701249999999995,1.5123333333333333,80.17508333333333,25.329833333333333,-73.909,47.8035,56.11133333333333,1.5608333333333335,1.5397500000000002,515.3416666666667,0.0,0,41.54,MEDIUM,Increase monitoring frequency
T1109,45.446416666666664,1.48875,78.66558333333334,24.97683333333333,-74.93058333333333,50.92525,54.83408333333333,1.4493333333333331,1.4958333333333333,497.55833333333334,0.0,0,23.67,LOW,Normal monitoring
T1110,45.53183333333333,1.4231666666666667,78.61458333333333,25.297166666666666,-75.17575000000001,50.410666666666664,56.56158333333334,1.4863333333333333,1.5566666666666669,518.7333333333333,0.0,0,23.08,LOW,Normal monitoring
T1111,45.14758333333334,1.5568333333333333,81.96691666666668,25.481416666666668,-74.58850000000001,49.425916666666666,55.588,1.5668333333333335,1.5420833333333335,496.175,0.0,0,28.67,MEDIUM,Increase monitoring frequency
T1112,42.59008333333334,1.52125,79.08533333333334,24.045,-74.51225,48.953583333333334,54.74491666666667,1.5194166666666669,1.4594999999999998,498.025,0.0,0,27.04,MEDIUM,Increase monitoring frequency
T1113,43.83358333333333,1.5193333333333332,78.45666666666666,25.446416666666668,-73.6515,47.938250000000004,56.1045,1.5441666666666667,1.6144166666666666,502.89166666666665,37.0,1,88.05,CRITICAL,Immediate technician inspection
T1114,44.837583333333335,1.4714166666666666,79.90508333333334,24.661083333333334,-74.28083333333333,50.90391666666667,55.28925,1.5226666666666666,1.5080833333333332,501.7,0.0,0,32.06,MEDIUM,Increase monitoring frequency
T1115,45.206916666666665,1.3917499999999998,78.29625,25.143083333333333,-75.786,51.31341666666666,54.35516666666667,1.4501666666666668,1.50375,494.03333333333336,0.0,0,20.14,LOW,Normal monitoring
T1116,45.5205,1.5609166666666667,80.72250000000001,24.227333333333334,-75.69225,50.39058333333333,56.19866666666667,1.4579166666666665,1.5448333333333333,492.35,0.0,0,18.67,LOW,Normal monitoring
T1117,46.149750000000004,1.4075833333333334,78.94,25.500083333333336,-75.30566666666667,49.68241666666667,56.1925,1.5233333333333334,1.5175833333333333,496.35,0.0,0,33.16,MEDIUM,Increase monitoring frequency
T1118,44.029833333333336,1.5636666666666668,78.99041666666668,24.67941666666667,-75.70258333333332,48.97716666666667,54.1125,1.4349166666666666,1.5098333333333334,510.05,0.0,0,9.23,LOW,Normal monitoring
T1119,44.248583333333336,1.5450833333333334,80.54483333333333,24.539499999999997,-74.83916666666667,50.07691666666667,56.243583333333326,1.4338333333333333,1.4500833333333332,493.825,0.0,0,18.53,LOW,Normal monitoring
T1120,43.712583333333335,1.4734166666666666,78.40283333333333,24.357000000000003,-75.12283333333333,49.086666666666666,54.70466666666667,1.5564166666666668,1.4200000000000002,506.75,0.0,0,34.09,MEDIUM,Increase monitoring frequency
T1121,45.316833333333335,1.4864166666666667,81.14216666666667,25.11525,-76.42,48.58058333333334,56.1775,1.5983333333333334,1.5501666666666667,474.9166666666667,0.0,0,18.93,LOW,Normal monitoring
T1122,45.471000000000004,1.5351666666666666,81.05608333333333,24.493583333333333,-74.53725,51.48941666666666,55.91991666666667,1.5991666666666666,1.4819166666666668,491.43333333333334,0.0,0,33.77,MEDIUM,Increase monitoring frequency
T1123,94.35641666666668,4.495916666666667,60.51766666666666,18.884916666666665,-88.8265,70.76858333333332,69.92458333333335,4.461166666666667,4.4896666666666665,401.075,36.0,1,100.0,CRITICAL,Immediate technician inspection
T1124,45.024,1.50275,79.38374999999999,25.004416666666668,-74.06841666666666,49.72616666666667,56.06283333333333,1.6035,1.5641666666666665,509.40833333333336,0.0,0,58.21,HIGH,Schedule preventive maintenance
T1125,45.56975,1.5819166666666669,78.04183333333334,25.068583333333333,-75.17516666666667,50.26616666666666,54.4295,1.5779999999999998,1.4338333333333333,511.60833333333335,0.0,0,33.53,MEDIUM,Increase monitoring frequency
T1126,44.36691666666666,1.551,79.089,25.384166666666665,-76.105,49.71425,56.43875,1.44125,1.5596666666666665,490.90833333333336,0.0,0,16.69,LOW,Normal monitoring
T1127,46.732166666666664,1.4895833333333333,78.33483333333334,24.795749999999998,-75.24008333333333,50.446416666666664,56.42575,1.4840833333333334,1.5653333333333335,502.34166666666664,26.0,1,71.46,HIGH,Schedule preventive maintenance
T1128,43.653083333333335,1.46925,80.51016666666666,25.547833333333333,-75.17808333333333,50.313,57.24791666666667,1.5816666666666668,1.4663333333333335,503.30833333333334,0.0,0,33.07,MEDIUM,Increase monitoring frequency
T1129,94.15375,4.530833333333334,60.2975,18.875166666666665,-88.46849999999999,69.038,70.02058333333333,4.510666666666666,4.451416666666666,412.5,37.0,1,100.0,CRITICAL,Immediate technician inspection
T1130,43.559,1.5675,78.31700000000001,24.861583333333332,-74.95691666666667,50.08425,55.32166666666667,1.5266666666666666,1.3756666666666668,496.1666666666667,0.0,0,32.74,MEDIUM,Increase monitoring frequency
T1131,45.73141666666667,1.6925,80.132,25.228,-75.04458333333334,48.638083333333334,53.690000000000005,1.3873333333333333,1.5984166666666666,507.98333333333335,0.0,0,19.76,LOW,Normal monitoring
T1132,43.730583333333335,1.3893333333333333,80.59441666666666,24.11125,-74.65716666666667,49.485083333333336,55.191833333333335,1.6185,1.4530833333333333,518.55,21.0,1,82.33,CRITICAL,Immediate technician inspection
T1133,45.20408333333333,1.5429166666666667,80.60875,25.070916666666665,-74.84666666666666,50.49758333333333,52.95708333333334,1.4899166666666666,1.627,510.225,0.0,0,21.4,LOW,Normal monitoring
T1134,45.046416666666666,1.57975,79.60041666666666,25.459999999999997,-75.623,51.00725,53.146499999999996,1.40075,1.5238333333333334,493.94166666666666,0.0,0,12.75,LOW,Normal monitoring
T1135,45.05591666666667,1.5592499999999998,77.00683333333333,25.4405,-74.45066666666666,50.84491666666667,55.97033333333333,1.5263333333333333,1.4539166666666667,490.0416666666667,0.0,0,30.36,MEDIUM,Increase monitoring frequency
T1136,44.529833333333336,1.5029166666666667,80.4625,25.394416666666665,-74.35625,49.70491666666667,54.35216666666667,1.4235,1.5771666666666666,504.05,0.0,0,22.49,LOW,Normal monitoring
T1137,44.85091666666666,1.4761666666666666,80.74766666666666,25.02691666666667,-75.53558333333334,51.644999999999996,56.28933333333334,1.4766666666666666,1.4695833333333332,535.7916666666666,0.0,0,29.22,MEDIUM,Increase monitoring frequency
T1138,44.54366666666667,1.5576666666666665,81.35241666666667,25.22758333333333,-75.25949999999999,53.04933333333334,55.15508333333333,1.3775833333333334,1.4777500000000001,495.05833333333334,0.0,0,35.81,MEDIUM,Increase monitoring frequency
T1139,44.82933333333334,1.5324166666666665,79.68241666666667,25.398,-74.08091666666668,49.246833333333335,54.105000000000004,1.462,1.5450000000000002,477.8833333333333,0.0,0,15.64,LOW,Normal monitoring
T1140,45.31283333333333,1.5296666666666667,79.88566666666667,25.419833333333333,-74.67316666666667,49.27891666666667,54.03691666666667,1.4662499999999998,1.4781666666666666,499.43333333333334,0.0,0,10.52,LOW,Normal monitoring
T1141,44.232166666666664,1.4813333333333332,82.31191666666668,25.534333333333333,-73.25925000000001,51.17158333333334,56.8055,1.5311666666666668,1.4945833333333334,505.35833333333335,0.0,0,28.85,MEDIUM,Increase monitoring frequency
T1142,46.22208333333333,1.3569166666666668,80.08066666666667,24.0665,-76.75016666666667,51.19125,54.411500000000004,1.47375,1.4856666666666667,505.53333333333336,0.0,0,15.49,LOW,Normal monitoring
T1143,43.726416666666665,1.3729166666666666,80.61183333333334,24.5135,-76.17116666666668,50.20783333333333,55.67100000000001,1.4845,1.567,486.4583333333333,0.0,0,26.59,MEDIUM,Increase monitoring frequency
T1144,45.529583333333335,1.508,79.0985,25.42508333333333,-75.51583333333333,50.18833333333334,55.97475,1.4678333333333333,1.4785,519.325,0.0,0,20.18,LOW,Normal monitoring
T1145,45.279833333333336,1.4018333333333333,80.07166666666667,23.9965,-74.52058333333333,48.86225,53.493249999999996,1.53275,1.4853333333333334,489.775,0.0,0,19.24,LOW,Normal monitoring
T1146,45.668083333333335,1.4818333333333333,79.56649999999999,25.132916666666667,-74.68666666666667,51.38516666666667,55.1375,1.4190833333333333,1.5019166666666666,501.98333333333335,0.0,0,28.63,MEDIUM,Increase monitoring frequency
T1147,45.916500000000006,1.4593333333333334,81.96625,24.96475,-76.01566666666666,50.14008333333333,54.040333333333336,1.4610833333333335,1.5683333333333331,496.4583333333333,0.0,0,12.36,LOW,Normal monitoring
T1148,43.027,1.5769166666666665,81.50166666666668,24.15625,-74.5465,48.45975,57.50491666666667,1.4704166666666665,1.5104166666666667,500.93333333333334,0.0,0,23.51,LOW,Normal monitoring
T1149,44.025,1.591,80.24633333333333,24.986,-74.83533333333334,51.487833333333334,53.87258333333333,1.4134166666666668,1.496,515.675,0.0,0,15.54,LOW,Normal monitoring
T1150,44.0435,1.5441666666666667,84.50874999999999,24.105166666666666,-75.68591666666666,51.017833333333336,54.36025,1.5350833333333334,1.5515833333333333,495.55833333333334,0.0,0,29.45,MEDIUM,Increase monitoring frequency
T1151,44.84225,1.5907499999999999,78.57141666666666,25.182666666666666,-75.13525,49.513749999999995,55.46375,1.4395,1.5843333333333334,500.94166666666666,26.0,1,66.78,HIGH,Schedule preventive maintenance
T1152,44.167,1.4026666666666665,77.77825,24.91825,-74.24741666666667,50.08983333333333,53.20741666666667,1.4554166666666668,1.552,501.3833333333333,0.0,0,26.5,MEDIUM,Increase monitoring frequency
T1153,44.68658333333334,1.5400833333333332,79.85783333333333,25.554333333333332,-75.12541666666667,50.002833333333335,54.72958333333334,1.4919166666666668,1.5553333333333332,505.025,0.0,0,32.99,MEDIUM,Increase monitoring frequency
T1154,45.089000000000006,1.5245,78.4645,24.7665,-74.97250000000001,50.42283333333333,52.758916666666664,1.4982499999999999,1.4948333333333332,503.9,0.0,0,26.7,MEDIUM,Increase monitoring frequency
T1155,46.32725,1.4988333333333335,79.41166666666666,25.038083333333336,-74.15933333333334,49.01808333333334,54.494749999999996,1.574,1.4738333333333336,502.89166666666665,0.0,0,33.42,MEDIUM,Increase monitoring frequency
T1156,46.145583333333335,1.5213333333333334,80.93708333333333,25.987666666666666,-75.34425,49.8605,54.852666666666664,1.5158333333333334,1.4435833333333332,505.675,0.0,0,29.78,MEDIUM,Increase monitoring frequency
T1157,44.99583333333333,1.5650833333333334,81.3805,24.950750000000003,-72.62158333333333,50.397333333333336,54.192249999999994,1.4831666666666665,1.567,491.14166666666665,0.0,0,28.94,MEDIUM,Increase monitoring frequency
T1158,44.15575,1.5476666666666667,79.92333333333333,24.23825,-75.11625000000001,49.16658333333333,54.924,1.5519166666666666,1.476,510.3833333333333,0.0,0,19.75,LOW,Normal monitoring
T1159,45.39308333333334,1.4817500000000001,80.58666666666666,24.351666666666667,-74.53216666666667,49.447,55.16441666666666,1.6085,1.5253333333333332,479.51666666666665,28.0,1,76.88,CRITICAL,Immediate technician inspection
T1160,44.63966666666667,1.4982499999999999,76.01108333333333,23.554166666666667,-74.39808333333333,50.50966666666667,54.929833333333335,1.4190833333333333,1.55125,496.09166666666664,0.0,0,15.95,LOW,Normal monitoring
T1161,46.16991666666667,1.4527500000000002,79.07175000000001,25.038166666666665,-74.11616666666667,48.96341666666667,55.087916666666665,1.4761666666666666,1.5405,479.01666666666665,0.0,0,23.16,LOW,Normal monitoring
T1162,44.116166666666665,1.5163333333333333,78.54375,25.140333333333334,-74.09325,49.46308333333333,55.34891666666667,1.4677499999999999,1.5704166666666666,500.56666666666666,0.0,0,34.42,MEDIUM,Increase monitoring frequency
T1163,43.88308333333334,1.3999166666666667,80.36966666666667,24.822166666666664,-75.06533333333333,50.12141666666666,55.677083333333336,1.44075,1.6145833333333333,486.925,0.0,0,31.85,MEDIUM,Increase monitoring frequency
T1164,44.841249999999995,1.4896666666666667,80.59275,25.6295,-73.86866666666667,49.53675,54.78175,1.3910833333333334,1.5334166666666667,510.725,0.0,0,16.92,LOW,Normal monitoring
T1165,45.206916666666665,1.6099999999999999,82.68983333333334,25.549500000000002,-74.95433333333334,50.17466666666667,54.48808333333333,1.6172499999999999,1.5391666666666666,496.06666666666666,0.0,0,28.08,MEDIUM,Increase monitoring frequency
T1166,45.19808333333334,1.5168333333333335,79.954,24.309250000000002,-74.62766666666667,50.688916666666664,55.91141666666667,1.4856666666666667,1.4973333333333334,493.8666666666667,0.0,0,14.69,LOW,Normal monitoring
T1167,44.80708333333334,1.594,79.9455,25.33475,-75.23983333333334,49.222166666666666,54.63591666666667,1.60775,1.4621666666666668,493.375,0.0,0,29.12,MEDIUM,Increase monitoring frequency
T1168,43.358333333333334,1.6136666666666666,80.08908333333333,25.134083333333333,-74.0545,49.27466666666667,55.157583333333335,1.57425,1.5339166666666666,491.55,0.0,0,34.2,MEDIUM,Increase monitoring frequency
T1169,44.40933333333333,1.5583333333333333,81.33483333333334,24.736749999999997,-75.08466666666666,50.32991666666667,56.059666666666665,1.4418333333333335,1.4981666666666666,528.6083333333333,33.0,1,65.76,HIGH,Schedule preventive maintenance
T1170,45.252500000000005,1.448,78.62358333333333,24.686666666666667,-75.22250000000001,48.87658333333333,53.55883333333334,1.5134166666666666,1.4364166666666667,489.2,0.0,0,21.62,LOW,Normal monitoring
T1171,44.352833333333336,1.4756666666666667,78.9345,24.853833333333334,-74.84641666666667,51.868833333333335,53.783750000000005,1.445,1.4545,506.225,0.0,0,23.17,LOW,Normal monitoring
T1172,45.735,1.5369166666666667,81.72575,24.654333333333334,-74.69791666666667,50.504749999999994,54.78158333333333,1.4245833333333333,1.48825,495.93333333333334,0.0,0,24.66,LOW,Normal monitoring
T1173,44.95525,1.5199166666666668,79.51483333333334,24.61375,-74.35033333333334,50.88583333333334,55.452083333333334,1.5371666666666668,1.5635000000000001,514.8333333333334,0.0,0,35.11,MEDIUM,Increase monitoring frequency
T1174,46.230333333333334,1.5291666666666666,81.05408333333334,24.94325,-76.97166666666666,50.98733333333333,55.125416666666666,1.53775,1.4534166666666666,499.2,0.0,0,31.45,MEDIUM,Increase monitoring frequency
T1175,45.60391666666667,1.5845833333333335,80.45158333333333,25.776333333333334,-73.93258333333333,49.919583333333335,55.0345,1.5225,1.57075,503.9583333333333,35.0,1,79.46,CRITICAL,Immediate technician inspection
T1176,44.364000000000004,1.5102499999999999,79.36891666666666,25.071833333333334,-74.97800000000001,50.0205,54.24458333333334,1.5109166666666667,1.4180833333333331,484.6333333333333,23.0,1,70.17,HIGH,Schedule preventive maintenance
T1177,44.823499999999996,1.5228333333333335,80.79108333333333,25.641833333333334,-74.42541666666666,52.10691666666666,55.10391666666667,1.5515,1.4548333333333334,486.43333333333334,0.0,0,34.66,MEDIUM,Increase monitoring frequency
T1178,45.84866666666667,1.39575,79.77433333333333,26.29525,-75.44383333333333,50.40333333333333,53.53158333333333,1.5516666666666665,1.54675,508.76666666666665,24.0,1,75.58,CRITICAL,Immediate technician inspection
T1179,45.14791666666667,1.5350833333333334,81.403,24.575499999999998,-74.7825,49.539750000000005,54.40316666666667,1.6344166666666666,1.5265833333333334,503.25,0.0,0,30.49,MEDIUM,Increase monitoring frequency
T1180,45.98908333333333,1.43,79.77858333333333,25.80616666666667,-77.08991666666665,48.93683333333333,55.38933333333333,1.47925,1.3551666666666666,491.26666666666665,0.0,0,24.17,LOW,Normal monitoring
T1181,44.76625,1.4385000000000001,80.57608333333333,24.815583333333333,-74.84083333333334,50.799,54.935500000000005,1.5335833333333333,1.5182499999999999,504.125,27.0,1,53.85,HIGH,Schedule preventive maintenance
T1182,43.86208333333333,1.4536666666666667,78.71516666666666,25.349749999999997,-73.50483333333334,48.73516666666667,53.251999999999995,1.4655,1.5290833333333333,492.3333333333333,0.0,0,22.33,LOW,Normal monitoring
T1183,45.9535,1.589,79.65941666666666,24.692416666666666,-75.15166666666667,50.82216666666667,53.53191666666667,1.4321666666666668,1.43775,518.8916666666667,0.0,0,21.38,LOW,Normal monitoring
T1184,95.02608333333333,4.436833333333333,58.45483333333333,20.099,-87.3245,70.64683333333333,69.07991666666666,4.374666666666667,4.53225,416.01666666666665,44.0,1,100.0,CRITICAL,Immediate technician inspection
T1185,43.717999999999996,1.5499166666666668,81.32916666666667,24.86733333333333,-73.39233333333333,49.68683333333333,54.611916666666666,1.3851666666666667,1.53275,509.325,0.0,0,18.17,LOW,Normal monitoring
T1186,46.20041666666667,1.4959166666666666,81.97233333333334,24.084666666666667,-76.14191666666667,49.51058333333334,54.306916666666666,1.557,1.4306666666666668,476.18333333333334,0.0,0,22.83,LOW,Normal monitoring
T1187,45.40358333333334,1.4500833333333332,79.15658333333333,26.107833333333335,-74.73591666666667,51.71808333333333,54.26483333333333,1.63625,1.5354166666666667,488.7916666666667,0.0,0,22.78,LOW,Normal monitoring
T1188,44.69841666666667,1.4745,81.32708333333333,24.343,-75.44875,49.644083333333334,55.69991666666667,1.5819166666666666,1.4218333333333333,525.2833333333333,0.0,0,38.64,MEDIUM,Increase monitoring frequency
T1189,43.7795,1.47675,80.02958333333332,23.280583333333333,-75.04158333333334,48.8875,54.16283333333333,1.5308333333333333,1.46425,492.2,0.0,0,15.94,LOW,Normal monitoring
T1190,46.30941666666667,1.4843333333333333,79.44508333333333,25.407666666666668,-75.12341666666666,50.599000000000004,53.322,1.5678333333333332,1.5155,523.8916666666667,0.0,0,36.72,MEDIUM,Increase monitoring frequency
T1191,45.55891666666666,1.5438333333333332,80.05883333333333,25.64,-75.93141666666666,49.54483333333334,54.323,1.4946666666666666,1.41025,496.1166666666667,26.0,1,73.28,HIGH,Schedule preventive maintenance
T1192,45.441,1.5051666666666668,78.48858333333332,24.957916666666666,-73.11466666666666,48.470416666666665,56.182249999999996,1.5076666666666665,1.5152500000000002,508.75,0.0,0,40.59,MEDIUM,Increase monitoring frequency
T1193,95.42399999999999,4.5097499999999995,62.19016666666666,19.054666666666666,-88.37341666666666,69.81224999999999,70.69508333333333,4.5953333333333335,4.482666666666666,401.375,22.0,1,100.0,CRITICAL,Immediate technician inspection
T1194,45.514583333333334,1.4435,80.22641666666667,24.721083333333336,-74.91666666666667,49.80233333333333,54.57525,1.5705833333333332,1.5643333333333334,496.93333333333334,0.0,0,29.36,MEDIUM,Increase monitoring frequency
T1195,45.5815,1.60575,79.11133333333333,24.8595,-74.97641666666667,49.18691666666667,53.92125,1.4909166666666667,1.4843333333333333,505.65,0.0,0,14.45,LOW,Normal monitoring
T1196,44.54625,1.4915833333333335,80.24383333333334,25.113,-76.26483333333334,50.64808333333334,54.91575,1.58375,1.4519166666666665,504.025,0.0,0,31.62,MEDIUM,Increase monitoring frequency
T1197,45.943916666666674,1.4579166666666665,80.10616666666667,24.50225,-75.78999999999999,51.55866666666667,54.336999999999996,1.4310833333333333,1.2555,498.44166666666666,0.0,0,23.77,LOW,Normal monitoring
T1198,44.60166666666667,1.57525,79.903,24.11975,-76.8925,49.46966666666666,55.68425,1.4325,1.47625,487.06666666666666,0.0,0,17.08,LOW,Normal monitoring
T1199,44.07933333333334,1.5445833333333332,80.86125,25.188750000000002,-74.44941666666666,48.80408333333333,54.38741666666667,1.4452500000000001,1.4118333333333333,484.26666666666665,0.0,0,26.75,MEDIUM,Increase monitoring frequency
T1200,43.79966666666667,1.4195,80.87375,23.83966666666667,-75.70566666666667,48.42033333333333,55.2415,1.5475833333333333,1.63025,504.46666666666664,27.0,1,88.47,CRITICAL,Immediate technician inspection
T1201,44.22325,1.46825,79.58341666666666,25.075166666666668,-75.54983333333332,49.89341666666667,54.57425,1.4276666666666666,1.5156666666666667,518.0833333333334,0.0,0,21.54,LOW,Normal monitoring
T1202,44.267833333333336,1.49925,80.28941666666667,24.03258333333333,-74.78241666666666,48.614583333333336,55.94216666666667,1.6003333333333332,1.5260833333333332,492.80833333333334,0.0,0,29.95,MEDIUM,Increase monitoring frequency
T1203,45.249,1.58125,79.21383333333333,25.003833333333333,-75.50566666666667,51.107166666666664,55.457750000000004,1.4217499999999998,1.49875,507.64166666666665,0.0,0,25.42,MEDIUM,Increase monitoring frequency
T1204,43.30108333333333,1.5195833333333333,80.37416666666667,25.531,-74.44366666666666,49.707499999999996,53.94291666666666,1.53275,1.4749166666666667,489.09166666666664,27.0,1,72.93,HIGH,Schedule preventive maintenance
T1205,93.87474999999999,4.55225,58.115750000000006,18.532833333333333,-87.05225,67.68608333333333,70.37083333333334,4.513166666666667,4.3905,392.65833333333336,36.0,1,100.0,CRITICAL,Immediate technician inspection
T1206,44.87075,1.4212500000000001,81.23841666666667,25.257749999999998,-75.385,48.51758333333333,54.01683333333334,1.4200833333333334,1.4890833333333333,490.89166666666665,0.0,0,13.79,LOW,Normal monitoring
T1207,43.909,1.4664166666666667,79.74666666666667,24.472916666666666,-74.58458333333333,51.024499999999996,53.47741666666666,1.5199166666666666,1.5106666666666666,494.3333333333333,0.0,0,13.11,LOW,Normal monitoring
T1208,45.29991666666667,1.4488333333333334,78.11641666666667,25.043166666666664,-75.646,48.66408333333333,54.70991666666667,1.4723333333333335,1.4704166666666665,477.93333333333334,0.0,0,20.01,LOW,Normal monitoring
T1209,45.567083333333336,1.4936666666666667,80.30458333333333,24.942,-74.78325,49.52425,56.60966666666666,1.56625,1.4844166666666667,496.31666666666666,0.0,0,26.73,MEDIUM,Increase monitoring frequency
T1210,45.20025,1.5331666666666666,79.26466666666667,24.61916666666667,-74.86991666666667,48.997416666666666,54.845416666666665,1.4545,1.5614999999999999,488.80833333333334,0.0,0,21.98,LOW,Normal monitoring
T1211,44.28125,1.4215000000000002,81.44108333333334,24.784666666666666,-74.80991666666667,51.48108333333333,55.17216666666666,1.6135833333333334,1.5226666666666666,484.225,0.0,0,31.79,MEDIUM,Increase monitoring frequency
T1212,45.26283333333333,1.5109166666666667,79.54899999999999,24.680416666666666,-74.134,49.955000000000005,55.627583333333334,1.5382500000000001,1.6325833333333333,511.76666666666665,27.0,1,87.94,CRITICAL,Immediate technician inspection
T1213,44.70341666666666,1.5534999999999999,79.44008333333333,24.779,-75.85583333333334,49.57458333333333,53.89066666666667,1.4944166666666667,1.4774166666666666,491.40833333333336,0.0,0,22.63,LOW,Normal monitoring
T1214,95.35375,4.438833333333333,58.64,18.76425,-86.18958333333333,70.05258333333333,69.48891666666667,4.539416666666667,4.5408333333333335,418.90833333333336,40.0,1,100.0,CRITICAL,Immediate technician inspection
T1215,45.48966666666667,1.5335,79.93,26.09225,-76.63433333333334,48.79383333333333,53.780833333333334,1.6200833333333333,1.5433333333333332,506.1333333333333,0.0,0,11.79,LOW,Normal monitoring
T1216,94.68249999999999,4.599,61.41041666666667,19.057583333333334,-86.45416666666667,69.54133333333333,69.61808333333333,4.473,4.5325,413.53333333333336,24.0,1,100.0,CRITICAL,Immediate technician inspection
T1217,45.362833333333334,1.4515833333333332,79.58825,24.492416666666667,-74.37141666666666,50.19683333333333,55.915333333333336,1.5258333333333334,1.5167499999999998,486.8833333333333,0.0,0,22.32,LOW,Normal monitoring
T1218,44.94866666666667,1.5856666666666668,78.41683333333334,25.748833333333334,-74.80891666666666,50.064,54.449333333333335,1.5314166666666666,1.3256666666666668,503.35833333333335,0.0,0,32.5,MEDIUM,Increase monitoring frequency
T1219,45.145250000000004,1.5152499999999998,79.902,24.689916666666665,-75.82833333333333,50.4205,55.40558333333333,1.5061666666666667,1.42875,514.1583333333333,0.0,0,28.11,MEDIUM,Increase monitoring frequency
T1220,44.94166666666667,1.5838333333333334,80.68666666666667,24.552583333333335,-75.25016666666667,52.96375,55.804833333333335,1.6015000000000001,1.5873333333333333,510.0416666666667,27.0,1,81.76,CRITICAL,Immediate technician inspection
T1221,43.38691666666667,1.6023333333333334,81.60591666666666,24.88925,-75.90650000000001,49.778749999999995,57.119,1.534,1.5098333333333334,501.825,0.0,0,27.6,MEDIUM,Increase monitoring frequency
T1222,46.115916666666664,1.3784999999999998,80.74558333333333,24.765,-75.31400000000001,48.28008333333333,54.59766666666667,1.4196666666666669,1.4955,504.45,0.0,0,32.84,MEDIUM,Increase monitoring frequency
T1223,42.669583333333335,1.5416666666666667,81.1985,24.276833333333332,-74.19241666666667,50.00366666666666,55.01166666666666,1.4474166666666666,1.5313333333333332,505.46666666666664,0.0,0,20.36,LOW,Normal monitoring
T1224,46.09108333333334,1.4729999999999999,80.59891666666667,24.694833333333335,-74.74533333333333,50.327416666666664,55.291666666666664,1.587,1.4581666666666666,496.375,33.0,1,41.81,MEDIUM,Increase monitoring frequency
T1225,46.34791666666667,1.4174166666666668,81.53191666666666,25.472916666666666,-74.88183333333333,51.18391666666666,55.19841666666667,1.50125,1.5702500000000001,502.775,0.0,0,26.34,MEDIUM,Increase monitoring frequency
T1226,43.41058333333333,1.4592500000000002,77.7715,24.801499999999997,-75.3675,49.23916666666666,55.86633333333334,1.5700833333333333,1.5085000000000002,493.2416666666667,0.0,0,25.46,MEDIUM,Increase monitoring frequency
T1227,45.52916666666667,1.51,80.80916666666667,24.950499999999998,-74.60125,49.042,54.975,1.4861666666666666,1.43,509.30833333333334,0.0,0,27.54,MEDIUM,Increase monitoring frequency
T1228,43.448750000000004,1.5091666666666665,82.43625,25.62108333333333,-75.84491666666666,49.25425,55.97241666666666,1.6030833333333334,1.4375833333333332,497.725,29.0,1,81.21,CRITICAL,Immediate technician inspection
T1229,95.38891666666667,4.5085,60.15525,19.17008333333333,-87.51858333333332,70.98325,69.54883333333333,4.441999999999999,4.526,395.3833333333333,25.0,1,100.0,CRITICAL,Immediate technician inspection
T1230,45.01391666666667,1.4503333333333333,80.82416666666667,24.101083333333335,-75.86466666666666,49.74941666666667,54.36091666666666,1.5154166666666666,1.4876666666666667,505.175,0.0,0,20.32,LOW,Normal monitoring
T1231,44.81483333333333,1.5188333333333333,82.49433333333333,24.82225,-75.03500000000001,49.448,55.763749999999995,1.5208333333333333,1.5555833333333335,497.6666666666667,0.0,0,37.72,MEDIUM,Increase monitoring frequency
T1232,44.8825,1.5083333333333333,79.511,25.323333333333334,-75.61975000000001,48.99183333333334,54.818333333333335,1.5184166666666667,1.5143333333333333,504.21666666666664,0.0,0,28.05,MEDIUM,Increase monitoring frequency
T1233,43.369166666666665,1.4925,78.10991666666668,25.765666666666668,-74.33433333333333,50.76591666666666,57.123916666666666,1.5614999999999999,1.4270833333333333,518.3,24.0,1,85.8,CRITICAL,Immediate technician inspection
T1234,43.82383333333333,1.5336666666666665,80.43408333333333,24.34808333333333,-75.92991666666667,50.446083333333334,54.37133333333334,1.46375,1.4276666666666666,511.025,0.0,0,18.8,LOW,Normal monitoring
T1235,45.19783333333333,1.4371666666666667,79.616,25.888166666666667,-75.06741666666667,51.91858333333333,53.324,1.5015833333333333,1.4276666666666666,510.725,0.0,0,19.42,LOW,Normal monitoring
T1236,46.57516666666667,1.5025000000000002,80.17049999999999,24.209,-76.15833333333333,49.05075,54.69925,1.6231666666666666,1.5093333333333334,500.7583333333333,0.0,0,18.38,LOW,Normal monitoring
T1237,44.334500000000006,1.5099166666666666,79.66533333333334,24.588083333333334,-75.37791666666666,50.65991666666666,55.35616666666667,1.5691666666666668,1.5405,490.65,39.0,1,63.09,HIGH,Schedule preventive maintenance
T1238,45.32658333333333,1.5305833333333332,80.23325,25.7805,-74.68333333333334,50.44375,54.54891666666666,1.54925,1.4428333333333332,474.05833333333334,0.0,0,27.19,MEDIUM,Increase monitoring frequency
T1239,44.79725,1.4399166666666665,80.9455,24.997833333333332,-75.40258333333333,48.226,55.322250000000004,1.4453333333333334,1.5293333333333334,499.0833333333333,0.0,0,33.78,MEDIUM,Increase monitoring frequency
T1240,45.20766666666667,1.519,80.52441666666667,25.8,-74.38216666666668,49.14341666666667,54.0285,1.58775,1.5744166666666668,511.325,0.0,0,20.83,LOW,Normal monitoring
T1241,45.876999999999995,1.5465833333333334,82.06683333333334,24.621583333333334,-74.73225000000001,49.82833333333333,54.9195,1.4676666666666667,1.4834166666666666,487.78333333333336,0.0,0,25.77,MEDIUM,Increase monitoring frequency
T1242,43.42358333333333,1.4634166666666668,80.14216666666667,24.030166666666666,-76.62283333333333,51.008500000000005,55.40591666666667,1.5051666666666668,1.4676666666666667,495.4916666666667,0.0,0,15.89,LOW,Normal monitoring
T1243,45.254083333333334,1.6260000000000001,80.31116666666667,23.987416666666665,-73.8395,48.34675,53.97183333333333,1.59875,1.4443333333333332,510.0833333333333,25.0,1,94.13,CRITICAL,Immediate technician inspection
T1244,45.73758333333333,1.4390833333333333,78.88266666666667,25.029833333333332,-74.01683333333334,48.85325,54.590916666666665,1.5743333333333331,1.5361666666666667,480.425,0.0,0,32.41,MEDIUM,Increase monitoring frequency
T1245,94.865,4.654583333333333,58.89275,18.917083333333334,-86.98633333333333,67.935,70.74466666666667,4.37075,4.539833333333333,396.225,42.0,1,100.0,CRITICAL,Immediate technician inspection
T1246,45.96191666666667,1.5279999999999998,76.78658333333333,25.31725,-75.1045,50.38275,55.14241666666667,1.4195833333333332,1.6128333333333333,496.5,0.0,0,34.14,MEDIUM,Increase monitoring frequency
T1247,46.989333333333335,1.5008333333333332,77.36816666666667,25.017,-75.50258333333333,49.022416666666665,56.111,1.5925833333333332,1.3998333333333333,503.76666666666665,31.0,1,48.01,MEDIUM,Increase monitoring frequency
T1248,43.988416666666666,1.4886666666666666,80.212,24.04825,-75.74108333333334,50.77425,55.32966666666666,1.5953333333333333,1.6029166666666665,495.03333333333336,0.0,0,36.87,MEDIUM,Increase monitoring frequency
T1249,45.214166666666664,1.47425,79.94825,25.69425,-75.90599999999999,50.618500000000004,53.87325,1.5699166666666668,1.5053333333333332,508.225,0.0,0,13.39,LOW,Normal monitoring
T1250,44.53008333333333,1.4709166666666667,81.30283333333334,24.074333333333335,-75.41191666666667,51.57491666666667,55.837916666666665,1.5800833333333335,1.5736666666666668,507.2,0.0,0,30.72,MEDIUM,Increase monitoring frequency
T1251,44.20791666666666,1.4741666666666666,79.51125,25.740916666666667,-75.76358333333333,50.65841666666667,54.20941666666667,1.47075,1.5455,486.96666666666664,0.0,0,19.73,LOW,Normal monitoring
T1252,44.759249999999994,1.56825,78.6735,24.752333333333336,-75.46025,51.08658333333334,55.04716666666666,1.4748333333333332,1.591,483.6166666666667,0.0,0,34.31,MEDIUM,Increase monitoring frequency
T1253,46.697250000000004,1.4174166666666668,82.01991666666666,24.42716666666667,-74.86616666666667,50.980333333333334,54.14541666666666,1.4784166666666667,1.5160833333333334,516.6416666666667,0.0,0,16.17,LOW,Normal monitoring
T1254,44.07341666666667,1.5351666666666666,80.63658333333333,24.76025,-75.30691666666667,51.30058333333333,56.250083333333336,1.5896666666666666,1.5930833333333332,490.46666666666664,0.0,0,36.89,MEDIUM,Increase monitoring frequency
T1255,43.85658333333333,1.4345,77.19416666666666,25.589,-74.83883333333333,51.485416666666666,54.90325,1.5407499999999998,1.5788333333333333,491.43333333333334,0.0,0,31.01,MEDIUM,Increase monitoring frequency
T1256,44.368500000000004,1.5259166666666668,78.24266666666668,25.362833333333334,-75.18625,48.796749999999996,53.53366666666667,1.3746666666666667,1.57575,492.44166666666666,31.0,1,81.58,CRITICAL,Immediate technician inspection
T1257,44.586666666666666,1.5511666666666666,81.75308333333334,26.02275,-73.94641666666666,49.37166666666667,53.29441666666666,1.3367499999999999,1.6470833333333335,494.475,0.0,0,22.44,LOW,Normal monitoring
T1258,44.823499999999996,1.4865833333333331,80.03608333333334,25.442999999999998,-74.3005,48.36233333333334,55.1565,1.4563333333333333,1.5616666666666668,512.025,0.0,0,16.06,LOW,Normal monitoring
T1259,94.62141666666666,4.416166666666667,59.51208333333333,19.24416666666667,-88.38425000000001,68.80433333333333,70.034,4.532416666666666,4.56075,399.95,26.0,1,100.0,CRITICAL,Immediate technician inspection
T1260,43.687,1.4338333333333333,80.742,24.73525,-74.48266666666667,50.002500000000005,55.457,1.5705833333333332,1.4675,496.30833333333334,0.0,0,38.28,MEDIUM,Increase monitoring frequency
T1261,44.72025,1.474,80.7765,23.85575,-74.41149999999999,47.038916666666665,54.83008333333333,1.5974166666666667,1.4723333333333335,499.2416666666667,32.0,1,81.21,CRITICAL,Immediate technician inspection
T1262,46.35508333333333,1.54275,81.74208333333333,24.33216666666667,-74.48883333333333,50.315916666666666,55.174166666666665,1.5955000000000001,1.4560833333333332,499.9166666666667,0.0,0,32.08,MEDIUM,Increase monitoring frequency
T1263,45.535833333333336,1.4125,79.58041666666666,24.461666666666666,-74.8055,51.60116666666667,55.52741666666667,1.53,1.5205,497.575,0.0,0,19.33,LOW,Normal monitoring
T1264,43.877833333333335,1.5324166666666668,82.09841666666667,26.110166666666665,-75.16175,48.84191666666666,54.91308333333333,1.4833333333333334,1.5404166666666665,479.35,0.0,0,23.16,LOW,Normal monitoring
T1265,44.289750000000005,1.48025,80.86391666666667,24.952083333333334,-76.38441666666667,50.03791666666667,55.06966666666666,1.53175,1.4904166666666667,520.8916666666667,27.0,1,65.38,HIGH,Schedule preventive maintenance
T1266,44.70108333333334,1.6295833333333334,78.1785,24.139666666666667,-74.43708333333333,50.9185,56.39333333333333,1.557,1.4840833333333334,501.4916666666667,27.0,1,33.91,MEDIUM,Increase monitoring frequency
T1267,44.76191666666667,1.4611666666666667,79.17333333333333,24.157666666666668,-74.47508333333333,50.69983333333333,53.73116666666667,1.5123333333333333,1.4325,503.73333333333335,0.0,0,17.19,LOW,Normal monitoring
T1268,44.441916666666664,1.3888333333333334,80.55591666666666,23.910833333333336,-74.51666666666667,49.82425,54.19141666666667,1.4969166666666667,1.5458333333333334,500.775,0.0,0,16.53,LOW,Normal monitoring
T1269,45.22675,1.6255,81.70383333333332,25.554333333333332,-75.40474999999999,49.622,54.37383333333333,1.5218333333333334,1.47025,489.89166666666665,0.0,0,33.7,MEDIUM,Increase monitoring frequency
T1270,44.68775,1.5710000000000002,81.87591666666667,25.93208333333333,-75.63775000000001,49.30308333333333,54.486583333333336,1.4075833333333334,1.5173333333333334,509.55833333333334,0.0,0,13.31,LOW,Normal monitoring
T1271,45.620416666666664,1.4528333333333334,78.26125,24.390249999999998,-75.54808333333334,49.49041666666667,53.48883333333333,1.5996666666666668,1.5004166666666667,500.075,0.0,0,20.36,LOW,Normal monitoring
T1272,46.55783333333333,1.5025833333333334,79.23866666666666,24.86525,-74.115,49.72658333333333,55.86583333333333,1.4523333333333333,1.45675,513.7,0.0,0,27.92,MEDIUM,Increase monitoring frequency
T1273,94.71766666666667,4.5735,59.691833333333335,18.64925,-86.94425,70.52216666666666,70.70683333333334,4.424333333333333,4.507833333333334,406.775,32.0,1,100.0,CRITICAL,Immediate technician inspection
T1274,45.94175,1.48,78.96916666666667,24.71558333333333,-74.148,48.63491666666666,53.991416666666666,1.5401666666666667,1.481,504.1166666666667,35.0,1,81.37,CRITICAL,Immediate technician inspection
T1275,45.491083333333336,1.4339166666666665,82.34158333333333,24.787166666666668,-74.53133333333334,50.05425,55.148916666666665,1.5211666666666666,1.4778333333333333,499.28333333333336,0.0,0,32.8,MEDIUM,Increase monitoring frequency
T1276,45.54783333333333,1.51225,78.79675,25.389,-73.25866666666667,50.75825,54.18425,1.4861666666666666,1.5215833333333333,491.675,0.0,0,24.11,LOW,Normal monitoring
T1277,44.77366666666667,1.51925,81.69466666666668,25.761416666666666,-73.71708333333332,49.75791666666667,55.16416666666667,1.5460833333333333,1.59775,507.1333333333333,0.0,0,35.58,MEDIUM,Increase monitoring frequency
T1278,95.40841666666667,4.41125,60.559,19.174833333333332,-86.45566666666667,70.84008333333333,69.23758333333333,4.359416666666666,4.543583333333333,397.59166666666664,23.0,1,100.0,CRITICAL,Immediate technician inspection
T1279,45.575,1.4303333333333332,80.4295,24.06341666666667,-75.006,48.522666666666666,55.616416666666666,1.4489166666666666,1.5384166666666668,502.89166666666665,0.0,0,19.26,LOW,Normal monitoring
T1280,44.574666666666666,1.4988333333333332,78.39283333333333,24.91283333333333,-74.59291666666667,50.983666666666664,55.50875,1.5842500000000002,1.5034166666666666,501.2583333333333,0.0,0,33.75,MEDIUM,Increase monitoring frequency
T1281,44.84641666666666,1.5410833333333334,81.72391666666667,23.991833333333332,-74.09708333333333,49.3475,54.118500000000004,1.55775,1.6579166666666665,483.55,0.0,0,26.94,MEDIUM,Increase monitoring frequency
T1282,45.48433333333333,1.4234166666666668,79.98566666666667,25.26875,-75.92116666666668,49.79725,54.16858333333334,1.4535833333333334,1.5236666666666667,512.1666666666666,0.0,0,7.53,LOW,Normal monitoring
T1283,45.394416666666665,1.5100833333333334,79.64408333333334,26.104083333333335,-75.12341666666666,50.18058333333333,55.499833333333335,1.4065,1.42475,509.05833333333334,0.0,0,28.08,MEDIUM,Increase monitoring frequency
T1284,43.45,1.4598333333333333,80.541,24.65575,-74.01033333333334,49.92108333333333,56.417249999999996,1.4024166666666666,1.44925,488.51666666666665,0.0,0,27.51,MEDIUM,Increase monitoring frequency
T1285,42.98433333333333,1.4875,81.36516666666667,24.733249999999998,-75.58500000000001,48.69325,55.768249999999995,1.4043333333333334,1.5351666666666666,497.5416666666667,32.0,1,72.56,HIGH,Schedule preventive maintenance
T1286,44.92550000000001,1.4652500000000002,80.24041666666668,24.907916666666665,-75.25625,48.35183333333334,54.896499999999996,1.6049166666666668,1.30275,503.475,0.0,0,35.76,MEDIUM,Increase monitoring frequency
T1287,45.27125,1.51725,79.48375,25.330666666666666,-74.65308333333334,48.9315,56.6635,1.5345833333333334,1.5314166666666666,500.575,0.0,0,25.83,MEDIUM,Increase monitoring frequency
T1288,43.51316666666666,1.3933333333333333,79.61316666666667,24.831500000000002,-75.304,51.938583333333334,54.79408333333333,1.413,1.56625,502.56666666666666,33.0,1,78.05,CRITICAL,Immediate technician inspection
T1289,43.91675,1.523,79.69699999999999,25.67725,-74.97833333333332,50.631,54.33175000000001,1.5204166666666665,1.49175,486.5833333333333,0.0,0,24.34,LOW,Normal monitoring
T1290,43.673,1.6157499999999998,82.27591666666667,25.098000000000003,-74.50466666666667,49.373583333333336,55.74125,1.5139166666666666,1.4821666666666666,482.19166666666666,0.0,0,23.28,LOW,Normal monitoring
T1291,45.1635,1.5010833333333333,80.41758333333334,24.633916666666668,-75.84616666666666,48.95708333333334,54.059333333333335,1.3916666666666666,1.46725,498.85833333333335,0.0,0,11.6,LOW,Normal monitoring
T1292,44.78908333333333,1.5265833333333334,78.44175,26.476333333333333,-75.55291666666668,49.1415,51.83166666666667,1.5794166666666667,1.5701666666666665,511.175,0.0,0,27.67,MEDIUM,Increase monitoring frequency
T1293,44.23716666666667,1.4755,79.97241666666667,23.411916666666666,-74.87583333333333,50.742,55.00625,1.5060833333333332,1.5523333333333333,502.775,0.0,0,25.2,MEDIUM,Increase monitoring frequency
T1294,46.62966666666667,1.56275,80.10333333333332,24.721,-75.31116666666667,51.13466666666667,55.255250000000004,1.5068333333333332,1.5245,503.2083333333333,28.0,1,36.76,MEDIUM,Increase monitoring frequency
T1295,45.28641666666667,1.5531666666666666,79.992,25.57316666666667,-74.90333333333334,48.54691666666667,53.576,1.55025,1.5530833333333334,480.4166666666667,0.0,0,14.07,LOW,Normal monitoring
T1296,45.73408333333334,1.5163333333333333,78.31766666666667,24.446250000000003,-75.00933333333334,49.911833333333334,55.832750000000004,1.57825,1.5165833333333334,509.35833333333335,0.0,0,20.37,LOW,Normal monitoring
T1297,44.281666666666666,1.538,80.16325,23.813666666666666,-75.42708333333333,51.19041666666667,54.872,1.5395,1.4919166666666668,506.4,29.0,1,73.92,HIGH,Schedule preventive maintenance
T1298,95.01108333333333,4.525,60.16908333333333,18.999916666666664,-87.60075,70.39641666666667,69.88433333333334,4.4718333333333335,4.6055,402.3333333333333,32.0,1,100.0,CRITICAL,Immediate technician inspection
T1299,45.20041666666667,1.5958333333333334,80.70166666666667,25.779333333333334,-74.55283333333334,51.030499999999996,55.01325,1.5451666666666666,1.4926666666666668,501.14166666666665,0.0,0,29.2,MEDIUM,Increase monitoring frequency
T1300,44.87583333333334,1.48775,79.90249999999999,24.82875,-74.50283333333333,48.408750000000005,55.388333333333335,1.5088333333333332,1.56125,499.375,0.0,0,28.58,MEDIUM,Increase monitoring frequency
T1301,46.10775,1.5426666666666666,78.43741666666666,25.715500000000002,-74.83033333333333,50.56816666666667,54.2425,1.4330833333333333,1.4856666666666667,509.5416666666667,31.0,1,70.44,HIGH,Schedule preventive maintenance
T1302,44.02016666666667,1.5895000000000001,82.21683333333334,25.187833333333334,-75.68583333333332,50.41225,55.25658333333333,1.5705,1.4111666666666667,505.59166666666664,0.0,0,44.58,MEDIUM,Increase monitoring frequency
T1303,43.813916666666664,1.5405,79.18258333333333,24.99383333333333,-74.41783333333333,51.11300000000001,56.066583333333334,1.5316666666666667,1.4475,489.48333333333335,0.0,0,35.63,MEDIUM,Increase monitoring frequency
T1304,44.52733333333333,1.4809166666666667,78.17566666666667,24.05275,-75.372,48.96858333333333,54.69258333333333,1.3854166666666667,1.4911666666666668,492.64166666666665,29.0,1,17.73,LOW,Normal monitoring
T1305,44.23516666666667,1.5873333333333333,80.84141666666666,24.14858333333333,-74.45358333333334,50.527,55.15891666666666,1.5885833333333332,1.4904166666666667,494.21666666666664,0.0,0,33.73,MEDIUM,Increase monitoring frequency
T1306,94.35425000000001,4.536333333333333,60.833999999999996,19.160916666666665,-87.46716666666666,69.75375000000001,71.59933333333333,4.409083333333333,4.471333333333333,389.575,29.0,1,100.0,CRITICAL,Immediate technician inspection
T1307,47.10541666666666,1.454,80.48266666666667,25.30366666666667,-75.89616666666667,49.85166666666667,54.597,1.5285,1.5449166666666665,483.90833333333336,0.0,0,20.5,LOW,Normal monitoring
T1308,44.208666666666666,1.53,79.954,24.317083333333336,-75.33116666666666,50.191,55.82758333333334,1.6154166666666667,1.5259166666666668,493.56666666666666,0.0,0,25.23,MEDIUM,Increase monitoring frequency
T1309,44.62441666666667,1.48225,79.67016666666667,25.056416666666667,-75.58725,49.09,56.00608333333333,1.3983333333333334,1.563,492.2583333333333,0.0,0,24.75,LOW,Normal monitoring
T1310,42.8985,1.4953333333333334,80.19608333333333,25.278916666666664,-75.08375,46.275416666666665,54.66608333333333,1.5935833333333334,1.4978333333333333,509.2416666666667,0.0,0,21.49,LOW,Normal monitoring
T1311,44.620416666666664,1.4814166666666668,83.24175,25.170333333333335,-74.80883333333333,50.0675,54.053,1.44925,1.4445000000000001,482.925,0.0,0,17.5,LOW,Normal monitoring
T1312,44.561166666666665,1.5461666666666667,79.56725,25.379916666666666,-75.11550000000001,50.876333333333335,56.138749999999995,1.5051666666666668,1.5016666666666665,499.3666666666667,0.0,0,28.37,MEDIUM,Increase monitoring frequency
T1313,44.95883333333334,1.6073333333333333,77.14566666666666,25.153833333333335,-75.60324999999999,48.26558333333333,55.78516666666667,1.3686666666666667,1.53075,501.0833333333333,26.0,1,83.88,CRITICAL,Immediate technician inspection
T1314,46.81941666666667,1.4821666666666666,80.97441666666667,23.87225,-76.63008333333333,49.35666666666667,53.94541666666667,1.4523333333333333,1.3511666666666666,486.525,0.0,0,16.29,LOW,Normal monitoring
T1315,45.35991666666666,1.5590000000000002,80.8185,25.234916666666667,-75.64716666666666,49.935500000000005,56.6245,1.5733333333333335,1.6088333333333333,509.6,0.0,0,45.37,MEDIUM,Increase monitoring frequency
T1316,43.27833333333333,1.4075,81.01266666666668,25.129166666666666,-75.72749999999999,49.62483333333333,54.28108333333333,1.6198333333333332,1.5761666666666665,507.46666666666664,0.0,0,34.6,MEDIUM,Increase monitoring frequency
T1317,45.40983333333334,1.5921666666666667,78.69391666666667,24.609666666666666,-73.28316666666666,50.5395,55.478833333333334,1.68675,1.48575,501.975,0.0,0,49.67,MEDIUM,Increase monitoring frequency
T1318,44.6365,1.4757500000000001,80.18058333333333,24.95583333333333,-75.10533333333333,51.790333333333336,54.24616666666667,1.60925,1.5394166666666667,506.5,0.0,0,25.72,MEDIUM,Increase monitoring frequency
T1319,45.4815,1.41875,80.19941666666666,25.007916666666667,-74.73858333333332,49.455749999999995,53.81308333333333,1.5242499999999999,1.5290833333333333,494.10833333333335,0.0,0,16.27,LOW,Normal monitoring
T1320,45.370916666666666,1.54,81.22658333333334,25.81925,-75.7475,49.41016666666667,53.28816666666667,1.5373333333333332,1.54125,514.9583333333334,0.0,0,12.43,LOW,Normal monitoring
T1321,44.27733333333333,1.4445000000000001,81.18333333333334,25.229750000000003,-74.4205,51.11275,55.54975,1.4861666666666666,1.4475,505.26666666666665,0.0,0,42.34,MEDIUM,Increase monitoring frequency
T1322,45.97616666666667,1.5268333333333333,79.36866666666667,24.85775,-74.67708333333333,50.36583333333333,53.97366666666667,1.4660833333333334,1.4495833333333332,500.98333333333335,0.0,0,18.82,LOW,Normal monitoring
T1323,45.22983333333333,1.4755,79.93858333333333,25.858,-75.10991666666668,49.818916666666674,54.65391666666667,1.5315833333333333,1.5044166666666667,507.7083333333333,0.0,0,24.15,LOW,Normal monitoring
T1324,44.08675,1.5843333333333334,80.85175,24.58308333333333,-75.19708333333332,49.74691666666667,54.45858333333333,1.4815,1.47,484.7416666666667,0.0,0,13.77,LOW,Normal monitoring
T1325,46.43483333333334,1.4213333333333333,81.55866666666667,25.614416666666667,-75.39625,49.966,55.497499999999995,1.478,1.5523333333333333,504.775,0.0,0,25.44,MEDIUM,Increase monitoring frequency
T1326,43.00291666666667,1.47375,82.24708333333334,25.32991666666667,-74.54916666666666,51.77191666666667,55.62683333333334,1.5665833333333334,1.4421666666666666,502.725,38.0,1,80.51,CRITICAL,Immediate technician inspection
T1327,44.514583333333334,1.5930833333333332,79.21175,24.856749999999998,-76.50008333333334,51.23725,55.599333333333334,1.4346666666666665,1.5438333333333332,502.3333333333333,0.0,0,25.61,MEDIUM,Increase monitoring frequency
T1328,45.75791666666667,1.5745,79.18533333333333,25.199666666666666,-73.97575,51.374249999999996,55.45508333333333,1.5590000000000002,1.5585,508.4583333333333,0.0,0,57.4,HIGH,Schedule preventive maintenance
T1329,45.04416666666667,1.5298333333333334,79.66091666666667,25.209083333333336,-75.13266666666667,49.42016666666667,55.572250000000004,1.4634166666666668,1.518,482.55,0.0,0,24.1,LOW,Normal monitoring
T1330,45.864333333333335,1.50725,82.08808333333333,24.6385,-75.09283333333333,51.281333333333336,54.205749999999995,1.4338333333333333,1.5165,486.94166666666666,30.0,1,73.29,HIGH,Schedule preventive maintenance
T1331,45.46133333333333,1.4325,80.13791666666665,24.81158333333333,-75.47966666666666,52.22966666666667,54.71875,1.4961666666666666,1.4548333333333334,504.675,30.0,1,65.71,HIGH,Schedule preventive maintenance
T1332,44.096583333333335,1.5510833333333334,81.6625,23.4495,-74.23716666666668,54.105000000000004,56.24125,1.45475,1.46825,501.39166666666665,0.0,0,24.17,LOW,Normal monitoring
T1333,44.847,1.6103333333333334,79.77491666666667,25.788999999999998,-75.01141666666668,48.48641666666666,54.34458333333334,1.464,1.4605833333333333,489.30833333333334,0.0,0,15.82,LOW,Normal monitoring
T1334,45.582166666666666,1.5282499999999999,80.57866666666668,25.084666666666667,-75.26125,48.69541666666667,54.99058333333333,1.5571666666666668,1.5385833333333332,494.43333333333334,0.0,0,24.64,LOW,Normal monitoring
T1335,45.33775,1.4515,79.29941666666667,24.530250000000002,-75.80475,50.67033333333333,55.01091666666667,1.4475833333333334,1.5905833333333335,480.725,0.0,0,16.76,LOW,Normal monitoring
T1336,45.008833333333335,1.45825,79.34591666666667,24.061500000000002,-73.86475,49.9205,55.52125,1.55025,1.4325833333333333,515.3333333333334,23.0,1,49.84,MEDIUM,Increase monitoring frequency
T1337,93.78375,4.557,61.04116666666666,18.923583333333333,-87.73174999999999,69.78741666666666,71.2575,4.486583333333333,4.555000000000001,408.125,35.0,1,100.0,CRITICAL,Immediate technician inspection
T1338,45.592666666666666,1.5045833333333334,81.32308333333334,25.23933333333333,-75.35116666666666,48.56583333333333,53.913916666666665,1.4774166666666666,1.4213333333333333,487.03333333333336,0.0,0,23.63,LOW,Normal monitoring
T1339,44.38366666666666,1.506,77.28075,23.684166666666666,-75.62241666666667,50.8085,54.29858333333333,1.3805,1.46475,485.9166666666667,0.0,0,22.16,LOW,Normal monitoring
T1340,44.62708333333333,1.54925,79.88841666666667,24.831166666666665,-74.10866666666668,49.4765,52.744166666666665,1.4884166666666667,1.473833333333333,488.6333333333333,33.0,1,80.66,CRITICAL,Immediate technician inspection
T1341,44.45025,1.5300833333333335,80.89483333333332,25.94333333333333,-75.03825,50.978500000000004,55.940083333333334,1.55875,1.4214999999999998,489.575,0.0,0,35.97,MEDIUM,Increase monitoring frequency
T1342,44.97816666666667,1.6105833333333335,79.38958333333333,25.823083333333333,-74.98275,50.890750000000004,54.73408333333334,1.4165833333333333,1.596,496.05,0.0,0,25.01,MEDIUM,Increase monitoring frequency
T1343,43.17958333333333,1.4244166666666667,80.6005,25.542083333333334,-76.00766666666667,50.44533333333333,55.319583333333334,1.4810833333333333,1.5370833333333331,478.4583333333333,0.0,0,35.7,MEDIUM,Increase monitoring frequency
T1344,45.4895,1.4364999999999999,79.36675,24.36825,-74.51774999999999,49.60966666666666,53.87108333333333,1.4601666666666666,1.5578333333333334,521.15,0.0,0,8.81,LOW,Normal monitoring
T1345,45.647333333333336,1.4864166666666667,79.29466666666667,25.56,-74.26625,48.910999999999994,53.586083333333335,1.5061666666666667,1.6039999999999999,501.725,0.0,0,25.51,MEDIUM,Increase monitoring frequency
T1346,45.4425,1.4429166666666666,80.5505,24.7755,-74.46208333333334,48.09525,55.70591666666667,1.3456666666666666,1.6048333333333333,499.0833333333333,40.0,1,89.77,CRITICAL,Immediate technician inspection
T1347,45.001999999999995,1.5401666666666667,79.77,25.857416666666666,-75.78583333333333,50.58141666666666,55.263333333333335,1.5242499999999999,1.4566666666666668,493.59166666666664,28.0,1,62.35,HIGH,Schedule preventive maintenance
T1348,46.29741666666666,1.4611666666666667,79.3065,24.6945,-75.12758333333333,50.099333333333334,55.04416666666667,1.5500833333333333,1.5798333333333334,502.89166666666665,0.0,0,42.17,MEDIUM,Increase monitoring frequency
T1349,44.3745,1.4037499999999998,77.796,25.503249999999998,-74.61183333333334,50.86091666666667,54.26425,1.47275,1.5150833333333333,507.25,0.0,0,23.11,LOW,Normal monitoring
T1350,44.213499999999996,1.5884166666666668,79.70824999999999,25.98,-75.35891666666666,49.719249999999995,54.61933333333333,1.51225,1.55575,520.5666666666667,0.0,0,17.97,LOW,Normal monitoring
T1351,44.83225,1.4816666666666667,79.52216666666666,24.912416666666665,-74.3275,49.55616666666666,54.85133333333333,1.54175,1.5034166666666666,505.3333333333333,0.0,0,35.18,MEDIUM,Increase monitoring frequency
T1352,45.24875,1.4699166666666665,80.92041666666667,25.06625,-75.41058333333334,50.2695,55.298,1.4518333333333333,1.5031666666666665,488.95,34.0,1,53.04,HIGH,Schedule preventive maintenance
T1353,44.965583333333335,1.544,77.63158333333334,25.809583333333332,-74.3625,51.18566666666666,54.55783333333333,1.4889166666666669,1.4524166666666667,491.93333333333334,28.0,1,73.46,HIGH,Schedule preventive maintenance
T1354,96.13366666666667,4.514583333333333,61.169,19.716583333333332,-86.84325,70.91550000000001,69.70783333333334,4.528666666666667,4.508666666666667,400.45,29.0,1,100.0,CRITICAL,Immediate technician inspection
T1355,44.99283333333334,1.4837500000000001,80.79908333333333,24.184,-74.97075,50.46525,55.289833333333334,1.466,1.5457500000000002,503.55833333333334,0.0,0,20.49,LOW,Normal monitoring
T1356,46.181083333333326,1.4070833333333332,79.15241666666667,24.9285,-72.931,47.98466666666666,55.67666666666666,1.4375,1.4453333333333334,504.71666666666664,31.0,1,86.93,CRITICAL,Immediate technician inspection
T1357,44.01383333333333,1.3886666666666665,77.74108333333334,24.385583333333333,-76.51908333333333,48.720749999999995,56.07758333333334,1.59775,1.5039166666666666,476.10833333333335,0.0,0,19.35,LOW,Normal monitoring
T1358,43.77908333333333,1.55025,79.58641666666668,26.185833333333335,-74.70708333333333,51.69949999999999,55.957499999999996,1.6393333333333333,1.4775,495.78333333333336,0.0,0,28.88,MEDIUM,Increase monitoring frequency
T1359,44.5545,1.5331666666666666,79.22983333333333,25.325583333333334,-74.57783333333333,50.48133333333333,55.19683333333333,1.4940833333333332,1.5134166666666669,505.18333333333334,30.0,1,52.51,HIGH,Schedule preventive maintenance
T1360,45.16425,1.5125833333333332,78.14899999999999,25.6845,-75.22208333333333,51.402166666666666,54.97716666666667,1.5006666666666668,1.5086666666666666,496.76666666666665,0.0,0,27.29,MEDIUM,Increase monitoring frequency
T1361,46.5195,1.4415833333333334,83.35416666666667,26.010916666666667,-75.03691666666667,50.902833333333334,54.89141666666667,1.4454166666666666,1.5394166666666667,505.0,0.0,0,29.39,MEDIUM,Increase monitoring frequency
T1362,42.86666666666667,1.46225,79.31424999999999,24.70975,-74.60383333333333,52.18841666666666,54.28916666666667,1.498,1.3885,495.60833333333335,0.0,0,28.79,MEDIUM,Increase monitoring frequency
T1363,45.63258333333333,1.4861666666666666,80.59774999999999,24.36975,-76.25158333333334,51.00691666666667,55.82683333333333,1.5376666666666667,1.606,493.45,0.0,0,25.35,MEDIUM,Increase monitoring frequency
T1364,44.665,1.4911666666666668,77.18716666666667,25.623,-76.17641666666667,50.44475,55.08441666666667,1.3888333333333334,1.6244166666666666,499.01666666666665,0.0,0,24.99,LOW,Normal monitoring
T1365,43.61183333333334,1.4093333333333333,79.97308333333334,24.88383333333333,-73.66725,49.902833333333334,55.37266666666667,1.5599166666666666,1.4775,511.275,0.0,0,37.58,MEDIUM,Increase monitoring frequency
T1366,92.76366666666667,4.450583333333333,55.70958333333333,18.442333333333334,-87.39425,68.77125,70.16758333333334,4.3942499999999995,4.468666666666667,416.075,37.0,1,100.0,CRITICAL,Immediate technician inspection
T1367,45.16125,1.463666666666667,81.42158333333333,24.435916666666667,-74.52641666666666,52.85366666666666,55.20908333333333,1.4190833333333333,1.4560833333333332,482.7916666666667,0.0,0,21.57,LOW,Normal monitoring
T1368,43.560583333333334,1.5898333333333334,78.01833333333335,25.412416666666665,-74.54308333333333,51.07783333333334,55.44383333333334,1.5203333333333333,1.531,507.75,0.0,0,20.71,LOW,Normal monitoring
T1369,43.644666666666666,1.6318333333333332,80.096,25.967166666666667,-76.02066666666666,50.4285,55.69991666666667,1.5438333333333332,1.4255,490.8666666666667,23.0,1,81.6,CRITICAL,Immediate technician inspection
T1370,45.755583333333334,1.5738333333333334,82.63541666666667,25.426,-74.24041666666668,49.38125,55.51766666666666,1.5101666666666667,1.5079166666666666,483.7083333333333,0.0,0,29.28,MEDIUM,Increase monitoring frequency
T1371,45.52325,1.4674166666666666,80.234,23.698916666666666,-76.62275,49.432916666666664,53.66658333333333,1.3671666666666666,1.5152499999999998,483.40833333333336,0.0,0,21.22,LOW,Normal monitoring
T1372,45.63983333333333,1.4875833333333333,80.68316666666666,25.405416666666667,-74.6845,49.40083333333334,55.165166666666664,1.5354166666666667,1.5100833333333334,497.6666666666667,0.0,0,31.18,MEDIUM,Increase monitoring frequency
T1373,45.877250000000004,1.5613333333333335,78.45266666666666,25.5415,-74.36208333333335,51.58533333333333,54.595166666666664,1.5155833333333333,1.6059166666666667,494.4583333333333,29.0,1,83.98,CRITICAL,Immediate technician inspection
T1374,45.74816666666666,1.5733333333333335,77.21033333333334,24.867833333333333,-73.90416666666667,50.93808333333333,55.931916666666666,1.4524166666666667,1.4748333333333332,493.39166666666665,0.0,0,24.15,LOW,Normal monitoring
T1375,44.9685,1.5305833333333332,80.06883333333333,25.6085,-74.30491666666667,49.41491666666666,55.25566666666667,1.5414166666666667,1.5440833333333333,498.34166666666664,0.0,0,35.12,MEDIUM,Increase monitoring frequency
T1376,43.22708333333333,1.5665833333333334,78.81808333333333,25.172916666666666,-75.32199999999999,51.169666666666664,55.59875,1.4484166666666667,1.4260833333333334,498.95,0.0,0,33.12,MEDIUM,Increase monitoring frequency
T1377,44.65541666666666,1.4636666666666664,80.37016666666666,25.169500000000003,-75.73049999999999,48.305166666666665,55.61541666666667,1.4786666666666666,1.4616666666666667,507.73333333333335,0.0,0,13.58,LOW,Normal monitoring
T1378,44.621,1.5203333333333333,81.20174999999999,25.845333333333333,-76.0085,49.43983333333333,54.133,1.5655000000000001,1.4801666666666666,495.325,0.0,0,16.42,LOW,Normal monitoring
T1379,44.34008333333334,1.3984999999999999,79.86233333333332,24.685916666666667,-74.91175,50.1565,53.80766666666667,1.54825,1.4806666666666668,484.0833333333333,0.0,0,23.78,LOW,Normal monitoring
T1380,45.39433333333333,1.4770833333333333,80.28675,24.79641666666667,-75.3325,46.99883333333333,56.543,1.5010833333333333,1.4284166666666667,491.85833333333335,0.0,0,26.81,MEDIUM,Increase monitoring frequency
T1381,45.845416666666665,1.5289166666666667,81.51941666666667,23.913666666666664,-76.62975,49.34075,54.134083333333336,1.5051666666666668,1.5538333333333334,498.7916666666667,0.0,0,14.0,LOW,Normal monitoring
T1382,43.40625,1.4788333333333334,81.0655,25.37683333333333,-74.48433333333334,51.269083333333334,55.5575,1.5337500000000002,1.3910833333333334,483.18333333333334,29.0,1,81.05,CRITICAL,Immediate technician inspection
T1383,44.24316666666667,1.4920833333333334,80.68991666666668,24.872583333333335,-76.74408333333334,49.03725,55.65,1.3871666666666667,1.49025,518.2083333333334,0.0,0,22.85,LOW,Normal monitoring
T1384,45.105583333333335,1.46,80.38758333333334,24.21516666666667,-75.378,49.484833333333334,54.47225,1.43275,1.4330833333333333,495.90833333333336,0.0,0,16.65,LOW,Normal monitoring
T1385,44.804833333333335,1.5838333333333334,81.07958333333333,24.517166666666665,-74.62208333333334,48.11475,55.28333333333333,1.4270833333333333,1.5765833333333332,506.34166666666664,28.0,1,80.38,CRITICAL,Immediate technician inspection
T1386,45.083083333333335,1.5364166666666668,80.74925,24.887083333333333,-74.82508333333334,50.45233333333333,53.50816666666666,1.48575,1.4911666666666668,506.6666666666667,0.0,0,12.39,LOW,Normal monitoring
T1387,45.67758333333334,1.54825,81.28649999999999,25.63383333333333,-75.10225,50.725249999999996,55.700583333333334,1.49775,1.5286666666666666,486.275,0.0,0,25.54,MEDIUM,Increase monitoring frequency
T1388,44.6665,1.4423333333333335,77.90391666666666,24.474416666666666,-73.28725,52.441,53.940000000000005,1.4984166666666667,1.5098333333333334,498.0083333333333,0.0,0,36.54,MEDIUM,Increase monitoring frequency
T1389,44.66766666666667,1.4862499999999998,82.01933333333334,25.704333333333334,-75.08066666666667,50.74341666666667,55.17975,1.4395,1.4675833333333335,491.55833333333334,0.0,0,23.46,LOW,Normal monitoring
T1390,42.83558333333334,1.6040833333333333,82.30641666666666,25.310916666666667,-75.82133333333333,50.372499999999995,53.47866666666666,1.648,1.5113333333333334,506.375,0.0,0,26.84,MEDIUM,Increase monitoring frequency
T1391,45.26883333333333,1.4879166666666668,80.61125,25.904083333333332,-74.88725,50.23225,54.442083333333336,1.4486666666666668,1.5321666666666665,497.0,0.0,0,18.32,LOW,Normal monitoring
T1392,45.35325,1.56125,79.74725,25.325,-75.18416666666667,48.391,54.082166666666666,1.5025000000000002,1.4592500000000002,499.075,0.0,0,18.98,LOW,Normal monitoring
T1393,46.704166666666666,1.4775,82.79899999999999,24.918916666666668,-75.34991666666666,51.29766666666667,55.88341666666667,1.3698333333333332,1.4375833333333332,505.06666666666666,26.0,1,83.68,CRITICAL,Immediate technician inspection
T1394,44.49466666666667,1.5585833333333334,80.49675,24.945916666666665,-74.34400000000001,51.182249999999996,53.131750000000004,1.4281666666666666,1.5394166666666667,503.9,0.0,0,14.55,LOW,Normal monitoring
T1395,46.253166666666665,1.4604166666666667,80.03066666666668,24.27283333333333,-74.84725,48.69558333333334,54.57991666666667,1.5968333333333333,1.4259166666666667,492.18333333333334,32.0,1,78.18,CRITICAL,Immediate technician inspection
T1396,45.47058333333334,1.5933333333333333,80.07583333333334,25.867416666666667,-74.60475,48.76441666666666,55.55616666666666,1.5155,1.5324166666666665,510.3833333333333,0.0,0,18.39,LOW,Normal monitoring
T1397,44.517500000000005,1.3801666666666668,79.48708333333335,25.15475,-74.96516666666666,50.77583333333334,54.58141666666666,1.34525,1.4261666666666668,492.6166666666667,0.0,0,38.81,MEDIUM,Increase monitoring frequency
T1398,45.05433333333334,1.4899166666666666,81.14341666666665,24.31116666666667,-74.97241666666667,51.3115,54.64366666666667,1.5304166666666668,1.5140833333333332,493.89166666666665,0.0,0,20.84,LOW,Normal monitoring
T1399,45.0475,1.4020000000000001,81.55183333333333,25.5885,-75.01941666666667,50.705000000000005,54.847,1.5923333333333334,1.4550833333333333,498.4166666666667,0.0,0,34.2,MEDIUM,Increase monitoring frequency
T1400,45.57775,1.4365833333333333,78.39333333333335,25.40875,-73.74225,49.891333333333336,55.63966666666667,1.5209166666666667,1.6454166666666665,510.4166666666667,0.0,0,44.35,MEDIUM,Increase monitoring frequency
T1401,43.625,1.523,80.32233333333333,24.447583333333334,-75.18641666666667,49.40983333333334,54.937083333333334,1.5279166666666666,1.4723333333333335,513.8916666666667,40.0,1,25.45,MEDIUM,Increase monitoring frequency
T1402,45.45733333333333,1.4696666666666665,80.49716666666667,25.10625,-73.27608333333333,51.059916666666666,55.869749999999996,1.4613333333333332,1.4614166666666668,497.125,0.0,0,28.1,MEDIUM,Increase monitoring frequency
T1403,45.4125,1.5528333333333333,81.89841666666666,24.40625,-75.84525000000001,48.7225,54.24308333333333,1.5024166666666665,1.3841666666666665,500.775,0.0,0,25.54,MEDIUM,Increase monitoring frequency
T1404,94.84825000000001,4.499,60.99358333333334,19.25041666666667,-87.15708333333333,69.99125000000001,71.21433333333333,4.374416666666666,4.547833333333333,389.175,28.0,1,100.0,CRITICAL,Immediate technician inspection
T1405,45.885083333333334,1.4935833333333333,80.35666666666665,24.934583333333332,-73.56575,48.080000000000005,55.851416666666665,1.6886666666666665,1.5405000000000002,495.10833333333335,0.0,0,61.17,HIGH,Schedule preventive maintenance
T1406,43.70158333333333,1.52625,79.33341666666666,24.408416666666668,-75.86016666666666,49.26016666666667,53.71791666666666,1.54975,1.5240833333333332,492.19166666666666,0.0,0,12.0,LOW,Normal monitoring
T1407,45.354749999999996,1.42925,79.27691666666666,24.854333333333333,-74.12758333333333,51.11358333333333,56.39883333333333,1.5534166666666667,1.5499166666666668,502.96666666666664,38.0,1,76.85,CRITICAL,Immediate technician inspection
T1408,43.81716666666667,1.4452500000000001,77.40408333333333,24.815166666666666,-73.7915,49.37683333333334,54.54966666666667,1.5889166666666665,1.50075,501.90833333333336,0.0,0,29.84,MEDIUM,Increase monitoring frequency
T1409,43.68666666666666,1.6146666666666667,80.4,25.103749999999998,-74.50174999999999,47.773916666666665,55.19316666666667,1.5604166666666666,1.5311666666666668,497.875,0.0,0,26.48,MEDIUM,Increase monitoring frequency
T1410,44.988749999999996,1.5010833333333333,79.84400000000001,25.4285,-74.02725000000001,50.477333333333334,54.70558333333334,1.5315,1.5246666666666668,502.85,0.0,0,37.91,MEDIUM,Increase monitoring frequency
T1411,44.967,1.4990833333333333,80.37925,25.078083333333332,-74.67783333333334,52.07125,54.619083333333336,1.4976666666666667,1.50875,495.81666666666666,0.0,0,27.06,MEDIUM,Increase monitoring frequency
T1412,44.87516666666667,1.44875,79.08258333333333,24.49908333333333,-75.99233333333333,51.72558333333333,54.402833333333334,1.4419166666666667,1.4229166666666666,505.125,0.0,0,18.29,LOW,Normal monitoring
T1413,46.1365,1.4950833333333333,79.12983333333334,24.411833333333334,-75.2875,51.629666666666665,54.504583333333336,1.4960833333333334,1.4705833333333334,494.26666666666665,0.0,0,29.62,MEDIUM,Increase monitoring frequency
T1414,44.13225,1.5186666666666668,77.9605,25.72325,-76.115,48.37683333333334,54.58475,1.5004166666666667,1.5339166666666666,498.6,0.0,0,21.63,LOW,Normal monitoring
T1415,45.04575,1.5650000000000002,79.26316666666666,24.851916666666668,-75.14925,48.912666666666674,55.40358333333334,1.4348333333333334,1.3852499999999999,499.75,34.0,1,74.28,HIGH,Schedule preventive maintenance
T1416,45.01983333333333,1.5438333333333332,80.75333333333333,25.61691666666667,-74.16991666666667,49.301500000000004,55.11991666666667,1.5457500000000002,1.5005,494.5833333333333,0.0,0,37.73,MEDIUM,Increase monitoring frequency
T1417,46.68333333333333,1.56225,80.42916666666666,25.211833333333335,-75.85516666666668,49.89066666666667,55.191,1.4520833333333334,1.5230833333333333,482.975,0.0,0,13.81,LOW,Normal monitoring
T1418,44.44166666666667,1.4779166666666665,77.92833333333333,25.638250000000003,-74.44608333333333,47.168,54.783833333333334,1.37425,1.6250833333333332,499.85833333333335,0.0,0,55.73,HIGH,Schedule preventive maintenance
T1419,43.39366666666667,1.4516666666666667,80.14416666666666,24.059916666666666,-75.81508333333333,50.75608333333333,56.248333333333335,1.4105833333333335,1.4625833333333333,505.45,0.0,0,16.97,LOW,Normal monitoring
T1420,44.85425,1.5326666666666666,80.91308333333333,24.771583333333336,-74.51350000000001,51.55591666666667,54.31183333333333,1.5833333333333333,1.4835833333333333,513.0333333333333,0.0,0,25.4,MEDIUM,Increase monitoring frequency
T1421,44.41891666666667,1.5068333333333332,81.03875,24.55775,-74.6215,50.281333333333336,55.7875,1.5369166666666667,1.5410833333333334,501.7416666666667,0.0,0,40.0,MEDIUM,Increase monitoring frequency
T1422,45.01208333333333,1.3801666666666668,81.29225,24.265583333333332,-74.91875,46.92791666666667,54.77308333333334,1.5430833333333331,1.4840000000000002,511.65,0.0,0,24.05,LOW,Normal monitoring
T1423,45.358666666666664,1.5924166666666666,79.92933333333333,25.42,-75.27991666666667,49.763749999999995,55.19508333333333,1.48025,1.53325,506.325,0.0,0,19.92,LOW,Normal monitoring
T1424,44.608666666666664,1.5241666666666667,78.8595,24.099749999999997,-75.64525,50.31991666666667,53.45933333333333,1.6274166666666665,1.5091666666666665,510.69166666666666,0.0,0,14.35,LOW,Normal monitoring
T1425,44.761583333333334,1.5407499999999998,78.67525,24.743666666666666,-75.86766666666668,48.96908333333333,55.65466666666667,1.4876666666666667,1.3188333333333333,506.4583333333333,28.0,1,79.23,CRITICAL,Immediate technician inspection
T1426,45.02133333333334,1.51475,80.22274999999999,25.749166666666667,-75.252,51.51616666666666,53.87208333333333,1.4081666666666666,1.5685,504.6,0.0,0,21.12,LOW,Normal monitoring
T1427,44.70491666666667,1.6294166666666667,78.31866666666666,24.586583333333333,-75.29641666666666,49.60091666666666,54.62075,1.3878333333333333,1.4376666666666666,490.65833333333336,0.0,0,22.1,LOW,Normal monitoring
T1428,46.775,1.5019166666666666,79.58725,23.58833333333333,-74.43441666666666,51.26983333333333,54.91175,1.537,1.5061666666666667,495.3833333333333,0.0,0,48.21,MEDIUM,Increase monitoring frequency
T1429,45.157666666666664,1.4639166666666665,80.06091666666666,25.199916666666663,-74.20341666666667,48.864000000000004,53.985416666666666,1.4983333333333335,1.5150000000000001,506.55,0.0,0,18.04,LOW,Normal monitoring
T1430,44.507083333333334,1.5795833333333333,80.87858333333334,25.84691666666667,-75.04383333333334,48.23733333333333,55.223499999999994,1.6,1.4448333333333332,505.85,0.0,0,34.14,MEDIUM,Increase monitoring frequency
T1431,45.631499999999996,1.5315833333333333,79.36308333333334,24.333583333333333,-74.21141666666668,50.243833333333335,55.00425,1.4981666666666666,1.4079166666666665,516.2833333333333,0.0,0,25.1,MEDIUM,Increase monitoring frequency
T1432,43.721583333333335,1.5576666666666665,79.81141666666667,25.880499999999998,-74.57408333333333,51.657333333333334,53.805416666666666,1.4770833333333333,1.471,513.3,0.0,0,17.7,LOW,Normal monitoring
T1433,45.49508333333333,1.6159999999999999,80.00758333333333,25.451999999999998,-76.96608333333333,48.626416666666664,56.125750000000004,1.531,1.4753333333333332,486.43333333333334,0.0,0,21.11,LOW,Normal monitoring
T1434,45.678250000000006,1.5465833333333334,80.66175,25.36025,-75.66016666666665,50.25758333333333,56.193,1.5344166666666665,1.5354166666666667,497.2083333333333,0.0,0,33.74,MEDIUM,Increase monitoring frequency
T1435,44.85325,1.5321666666666665,82.39033333333333,25.43091666666667,-75.5035,50.1085,54.76141666666667,1.4396666666666667,1.4030833333333335,510.4,0.0,0,27.1,MEDIUM,Increase monitoring frequency
T1436,44.754,1.66025,81.23724999999999,24.556333333333335,-74.20941666666666,48.71808333333333,54.06541666666667,1.4389166666666666,1.54975,480.75,0.0,0,21.66,LOW,Normal monitoring
T1437,44.785583333333335,1.35625,82.789,25.367166666666666,-75.41125000000001,50.091249999999995,54.60075,1.4697500000000001,1.4924166666666667,506.825,0.0,0,28.68,MEDIUM,Increase monitoring frequency
T1438,45.17975,1.4991666666666668,79.21499999999999,25.134583333333335,-74.66691666666667,51.14125,55.236916666666666,1.3819166666666667,1.4739166666666668,483.10833333333335,0.0,0,19.69,LOW,Normal monitoring
T1439,44.02283333333333,1.5113333333333334,79.39983333333333,24.93341666666667,-74.70833333333333,51.09075,55.75533333333333,1.5076666666666665,1.3913333333333333,505.43333333333334,0.0,0,31.27,MEDIUM,Increase monitoring frequency
T1440,45.67716666666667,1.4470833333333333,81.13908333333333,24.923583333333333,-74.74525,49.24491666666667,54.27891666666667,1.393,1.5829166666666665,494.3666666666667,0.0,0,20.76,LOW,Normal monitoring
T1441,44.14116666666666,1.4884166666666667,80.37875000000001,25.531,-74.472,48.681333333333335,56.005250000000004,1.5735,1.5303333333333333,491.2416666666667,0.0,0,24.71,LOW,Normal monitoring
T1442,44.54825,1.6090833333333334,83.54208333333332,25.833583333333333,-75.33225,47.42425,54.500750000000004,1.4463333333333332,1.4955833333333333,506.1333333333333,0.0,0,14.78,LOW,Normal monitoring
T1443,44.77575,1.5168333333333335,78.68141666666666,24.4105,-74.35983333333334,49.49058333333333,52.19058333333333,1.4350833333333335,1.6018333333333332,510.625,0.0,0,13.52,LOW,Normal monitoring
T1444,46.21325,1.5478333333333334,79.7575,24.61325,-75.68683333333334,49.556333333333335,56.30116666666667,1.5970833333333334,1.5033333333333334,505.10833333333335,0.0,0,32.18,MEDIUM,Increase monitoring frequency
T1445,95.09108333333333,4.490333333333334,61.837916666666665,18.613666666666667,-87.94208333333333,69.88875,69.87541666666667,4.578333333333333,4.502666666666667,402.7416666666667,31.0,1,100.0,CRITICAL,Immediate technician inspection
T1446,46.05333333333333,1.45675,80.08533333333334,25.455083333333334,-75.45475,48.426833333333335,55.45075,1.55075,1.5298333333333334,510.43333333333334,0.0,0,25.05,MEDIUM,Increase monitoring frequency
T1447,45.23491666666666,1.475,81.83999999999999,25.824416666666664,-73.97875,51.55833333333333,54.17766666666667,1.4638333333333333,1.5025833333333334,488.39166666666665,0.0,0,19.17,LOW,Normal monitoring
T1448,47.254416666666664,1.4050833333333335,78.55208333333333,24.856916666666667,-75.73975,49.85325,53.92391666666666,1.4589166666666666,1.523,496.9166666666667,0.0,0,14.06,LOW,Normal monitoring
T1449,45.207,1.5115833333333333,77.50775,24.563333333333333,-76.18433333333334,49.649499999999996,53.76316666666666,1.3902500000000002,1.6363333333333334,491.0083333333333,0.0,0,33.22,MEDIUM,Increase monitoring frequency
T1450,44.96391666666667,1.5098333333333334,80.58858333333333,24.373916666666666,-74.90958333333333,51.96066666666666,54.677083333333336,1.4105833333333335,1.4895,484.975,0.0,0,19.47,LOW,Normal monitoring
T1451,45.24216666666667,1.4520833333333334,78.99258333333334,25.262999999999998,-75.58533333333334,51.20175,55.936416666666666,1.47975,1.4559166666666667,497.45,0.0,0,25.94,MEDIUM,Increase monitoring frequency
T1452,43.325833333333335,1.4689166666666666,79.20233333333334,24.606916666666667,-75.4715,48.664750000000005,53.26933333333333,1.5045,1.5390000000000001,498.425,0.0,0,18.18,LOW,Normal monitoring
T1453,45.9425,1.6029166666666665,80.30733333333333,24.563166666666667,-75.73208333333334,47.989583333333336,55.602333333333334,1.4993333333333332,1.5829166666666665,488.375,0.0,0,37.45,MEDIUM,Increase monitoring frequency
T1454,43.74875,1.5124166666666667,79.07958333333333,24.817583333333335,-74.98649999999999,50.07425,54.583666666666666,1.4847499999999998,1.5359166666666666,509.3,0.0,0,20.74,LOW,Normal monitoring
T1455,45.10633333333333,1.4279166666666667,77.43966666666667,25.298083333333334,-75.813,48.66675,54.92491666666667,1.5604166666666666,1.5259166666666666,479.925,0.0,0,18.74,LOW,Normal monitoring
T1456,44.88733333333333,1.5847499999999999,79.71691666666668,25.13041666666667,-75.7825,50.376333333333335,55.566583333333334,1.5265,1.4808333333333332,505.2,0.0,0,38.91,MEDIUM,Increase monitoring frequency
T1457,45.788583333333335,1.4493333333333331,79.20524999999999,25.637583333333335,-75.20049999999999,50.67958333333333,55.127500000000005,1.4903333333333333,1.4740833333333334,497.43333333333334,0.0,0,29.72,MEDIUM,Increase monitoring frequency
T1458,45.35116666666667,1.4875833333333333,79.80433333333333,25.450083333333335,-74.94466666666668,50.77933333333333,55.099916666666665,1.5598333333333334,1.5269166666666665,491.1,34.0,1,30.54,MEDIUM,Increase monitoring frequency
T1459,43.46775,1.4498333333333333,79.71916666666667,25.251666666666665,-76.35025,50.04141666666667,56.589749999999995,1.5543333333333333,1.49025,504.6666666666667,0.0,0,24.01,LOW,Normal monitoring
T1460,44.42033333333333,1.5916666666666666,80.56091666666666,25.38175,-74.51675,49.242666666666665,55.47658333333333,1.4445000000000001,1.44325,494.45,0.0,0,24.06,LOW,Normal monitoring
T1461,44.01649999999999,1.47025,80.15508333333334,24.507833333333334,-75.81325,49.84533333333333,55.25658333333333,1.4023333333333334,1.46275,477.25,0.0,0,18.49,LOW,Normal monitoring
T1462,45.14083333333333,1.4325833333333333,79.88575,24.660916666666665,-75.79691666666666,52.58908333333333,55.11266666666666,1.5725,1.5784999999999998,518.3,0.0,0,33.41,MEDIUM,Increase monitoring frequency
T1463,44.4195,1.5588333333333333,79.20741666666666,24.33325,-74.03225,50.82958333333333,55.74316666666667,1.57525,1.5253333333333332,479.525,0.0,0,38.88,MEDIUM,Increase monitoring frequency
T1464,46.456583333333334,1.5454166666666667,80.25174999999999,24.371750000000002,-75.84433333333332,50.50216666666667,55.152,1.6207500000000001,1.55775,494.64166666666665,0.0,0,24.6,LOW,Normal monitoring
T1465,45.469166666666666,1.4173333333333333,79.46125,23.805083333333336,-74.74891666666667,50.510999999999996,54.04816666666667,1.5520833333333333,1.4404166666666667,493.65,0.0,0,25.28,MEDIUM,Increase monitoring frequency
T1466,45.84616666666667,1.4926666666666668,80.9555,25.100583333333336,-73.60591666666666,49.25033333333333,55.652,1.4831666666666665,1.456,507.6166666666667,0.0,0,31.53,MEDIUM,Increase monitoring frequency
T1467,44.808166666666665,1.3831666666666667,81.01091666666666,25.86433333333333,-75.01074999999999,49.53241666666667,53.107499999999995,1.4793333333333334,1.5784166666666666,504.40833333333336,0.0,0,12.65,LOW,Normal monitoring
T1468,44.54,1.56225,82.60358333333333,25.260916666666667,-75.17558333333334,51.416916666666665,54.84825,1.5727499999999999,1.5965,490.59166666666664,31.0,1,76.45,CRITICAL,Immediate technician inspection
T1469,44.80425,1.4986666666666666,79.68599999999999,26.00725,-75.8105,49.06716666666667,53.300916666666666,1.5293333333333334,1.4965000000000002,517.1083333333333,0.0,0,12.47,LOW,Normal monitoring
T1470,44.50658333333333,1.5967500000000001,79.88275,25.096666666666668,-74.3295,50.55041666666667,56.1835,1.536333333333333,1.5435833333333333,505.06666666666666,0.0,0,30.72,MEDIUM,Increase monitoring frequency
T1471,94.75183333333332,4.534166666666667,61.1055,19.45825,-84.9165,67.58433333333333,71.49316666666667,4.4784999999999995,4.36325,400.525,29.0,1,100.0,CRITICAL,Immediate technician inspection
T1472,94.09016666666666,4.4935,59.71475,19.078166666666668,-88.19283333333333,70.78916666666667,68.60975,4.561833333333333,4.495333333333334,394.90833333333336,42.0,1,100.0,CRITICAL,Immediate technician inspection
T1473,44.52758333333334,1.5094166666666666,80.19875,24.671916666666668,-74.49074999999999,51.87875,54.244083333333336,1.5320833333333332,1.4375833333333332,492.73333333333335,0.0,0,29.86,MEDIUM,Increase monitoring frequency
T1474,45.03,1.5261666666666664,80.81116666666667,24.444333333333336,-73.99025,49.39941666666667,53.898583333333335,1.5645833333333334,1.5578333333333334,493.80833333333334,0.0,0,27.3,MEDIUM,Increase monitoring frequency
T1475,44.900333333333336,1.5055833333333333,79.87191666666666,24.123,-74.66033333333333,49.43033333333334,54.970749999999995,1.47775,1.5008333333333332,506.7916666666667,0.0,0,12.77,LOW,Normal monitoring
T1476,46.498916666666666,1.4763333333333333,79.49575,24.479166666666668,-74.77175000000001,49.85008333333334,55.011833333333335,1.5393333333333332,1.54525,496.0833333333333,0.0,0,25.72,MEDIUM,Increase monitoring frequency
T1477,44.163333333333334,1.5775833333333333,80.32091666666666,25.2325,-74.74608333333335,48.31466666666667,55.75383333333333,1.5516666666666665,1.5330000000000001,503.675,0.0,0,20.04,LOW,Normal monitoring
T1478,47.26866666666667,1.3739166666666667,79.08216666666667,23.85758333333333,-76.19933333333333,49.34283333333334,54.05408333333333,1.478,1.562,503.65,0.0,0,12.57,LOW,Normal monitoring
T1479,44.92358333333333,1.5769166666666665,80.09941666666667,26.038999999999998,-75.12216666666667,48.117333333333335,55.129416666666664,1.4745,1.47525,474.525,0.0,0,21.8,LOW,Normal monitoring
T1480,45.794250000000005,1.4469166666666666,80.357,24.7975,-75.12625,47.83008333333333,55.384083333333336,1.5972499999999998,1.4423333333333335,485.85833333333335,0.0,0,30.32,MEDIUM,Increase monitoring frequency
T1481,44.01883333333333,1.4027500000000002,78.17183333333334,25.054583333333333,-73.51191666666666,49.44683333333333,54.05466666666667,1.5029166666666667,1.5684166666666668,501.775,31.0,1,80.25,CRITICAL,Immediate technician inspection
T1482,45.33283333333333,1.44325,81.11666666666666,25.247083333333332,-74.88233333333332,48.76,56.54216666666667,1.4911666666666668,1.4031666666666667,511.89166666666665,0.0,0,26.99,MEDIUM,Increase monitoring frequency
T1483,45.69325,1.56975,81.0025,24.63875,-74.98049999999999,48.312916666666666,54.546166666666664,1.46325,1.4678333333333333,517.475,0.0,0,18.94,LOW,Normal monitoring
T1484,44.52466666666667,1.5533333333333335,81.07575,25.009083333333333,-75.06675,50.54691666666667,54.488749999999996,1.5553333333333335,1.5350833333333334,508.48333333333335,0.0,0,22.53,LOW,Normal monitoring
T1485,45.06550000000001,1.6034166666666667,81.62783333333333,25.150333333333332,-75.01408333333333,51.33625,54.68908333333333,1.5401666666666667,1.3614166666666667,488.7583333333333,0.0,0,31.74,MEDIUM,Increase monitoring frequency
T1486,45.18283333333333,1.4168333333333334,79.12458333333333,24.832,-75.05158333333334,50.8305,55.59733333333334,1.4874166666666668,1.5186666666666668,493.98333333333335,0.0,0,26.22,MEDIUM,Increase monitoring frequency
T1487,45.38766666666667,1.5099166666666666,79.20566666666667,23.550250000000002,-76.38141666666667,50.07033333333333,54.95975,1.3653333333333333,1.52025,507.1,0.0,0,33.38,MEDIUM,Increase monitoring frequency
T1488,44.377500000000005,1.5526666666666666,81.19741666666667,24.91075,-74.68825,49.24466666666667,55.49816666666666,1.3699166666666664,1.4158333333333333,499.175,0.0,0,38.14,MEDIUM,Increase monitoring frequency
T1489,43.208999999999996,1.4921666666666666,77.39200000000001,24.7405,-74.17091666666667,49.48416666666667,54.30441666666666,1.6534166666666665,1.5269166666666665,511.3833333333333,0.0,0,26.31,MEDIUM,Increase monitoring frequency
T1490,44.55625,1.4793333333333334,84.26183333333333,24.850666666666665,-74.14241666666666,48.46933333333333,55.12266666666667,1.5189166666666667,1.4585833333333333,514.7916666666666,0.0,0,46.61,MEDIUM,Increase monitoring frequency
T1491,43.35058333333333,1.5795833333333333,78.67608333333332,24.446166666666667,-75.32466666666666,50.27933333333333,54.147000000000006,1.5105833333333334,1.4531666666666667,503.31666666666666,0.0,0,13.11,LOW,Normal monitoring
T1492,44.59683333333333,1.6063333333333332,81.24025,24.927500000000002,-74.07175000000001,49.10908333333334,55.19491666666667,1.5926666666666667,1.5538333333333334,489.65,30.0,1,80.26,CRITICAL,Immediate technician inspection
T1493,45.215333333333334,1.5404166666666665,81.54366666666667,24.687166666666666,-75.655,52.02608333333333,54.62533333333333,1.5114166666666666,1.5716666666666665,498.5833333333333,0.0,0,28.38,MEDIUM,Increase monitoring frequency
T1494,45.26775,1.5435,81.90483333333333,24.547833333333333,-75.50783333333334,50.155166666666666,54.37375,1.5287499999999998,1.5435833333333333,494.4916666666667,32.0,1,64.27,HIGH,Schedule preventive maintenance
T1495,93.64208333333333,4.463666666666667,58.80858333333333,19.056083333333333,-86.796,70.70391666666666,69.77108333333334,4.544,4.434749999999999,417.7083333333333,35.0,1,100.0,CRITICAL,Immediate technician inspection
T1496,45.248333333333335,1.5200833333333332,78.42399999999999,25.779833333333332,-74.17716666666666,50.62316666666666,54.438250000000004,1.4588333333333334,1.4555833333333332,510.65833333333336,0.0,0,21.75,LOW,Normal monitoring
T1497,45.54716666666666,1.63,80.34808333333334,24.83025,-74.96308333333333,51.98825,53.83583333333333,1.4316666666666669,1.4408333333333334,510.2916666666667,0.0,0,23.08,LOW,Normal monitoring
T1498,44.78758333333334,1.4765833333333334,81.47366666666667,25.431916666666666,-75.2085,46.6715,53.73225,1.5491666666666668,1.5696666666666665,508.9,0.0,0,11.21,LOW,Normal monitoring
T1499,46.186083333333336,1.6418333333333335,80.32883333333332,24.47825,-74.74216666666666,50.06541666666667,53.38216666666666,1.4908333333333335,1.51225,496.64166666666665,0.0,0,22.06,LOW,Normal monitoring
