tower_id,avg_latency_ms,avg_packet_loss_pct,avg_download_mbps,avg_upload_mbps,avg_signal_strength_dbm,avg_cpu_utilization_pct,avg_memory_utilization_pct,avg_call_drop_rate,avg_connection_failure_rate,avg_active_users,region,technology,latitude,longitude,installation_year,tower_health_score,tower_status,problem_indicators,anomaly_prediction,anomaly_score,anomaly_status
T1000,33.200833333333335,0.50225,124.03625000000001,35.700916666666664,-75.28266666666667,55.982083333333335,49.78075,0.9879166666666667,1.5254166666666669,510.19166666666666,North,4G,28.021863,75.101864,2018,81.63,Healthy,No Major Issue,1,0.07327147024463382,Normal
T1001,34.70858333333333,0.47791666666666666,121.62933333333334,35.41383333333333,-75.79091666666666,55.05558333333333,50.09683333333333,1.02375,1.5284166666666665,503.775,North,4G,23.943298,68.921698,2017,81.36,Healthy,No Major Issue,1,0.12402147202088248,Normal
T1002,34.92191666666667,0.5183333333333333,116.54575,34.661500000000004,-75.15708333333333,54.58558333333334,50.04241666666667,0.9670000000000001,1.4770833333333333,492.9166666666667,South,4G,21.644593,68.769543,2019,81.78,Healthy,No Major Issue,1,0.15351336048786374,Normal
T1003,34.6875,0.5073333333333333,120.20408333333333,35.20916666666667,-75.08666666666666,55.72633333333333,50.05858333333333,0.9596666666666667,1.5070000000000001,494.0833333333333,Central,5G,13.951897,85.088705,2016,81.67,Healthy,No Major Issue,1,0.1624180459102273,Normal
T1004,34.59075,0.5167499999999999,122.02383333333334,35.029583333333335,-74.68308333333333,55.61091666666667,50.31641666666667,0.9698333333333333,1.5529166666666667,487.3833333333333,South,5G,17.186764,72.508905,2021,81.82,Healthy,No Major Issue,1,0.11461282205343265,Normal
T1005,33.361333333333334,0.49375,115.72725,35.04025,-74.262,54.93925,49.82208333333333,0.9950833333333333,1.468,484.28333333333336,North,4G,18.258037,78.410402,2021,82.34,Healthy,No Major Issue,1,0.06463743360418245,Normal
T1006,33.44591666666667,0.49824999999999997,121.24283333333332,34.32125,-75.87349999999999,54.85625,49.58175000000001,0.955,1.4649166666666666,491.64166666666665,Central,5G,29.792463,89.162222,2024,81.6,Healthy,No Major Issue,1,0.07434713601673681,Normal
T1007,36.29483333333334,0.47375,121.72241666666667,35.82833333333333,-75.05391666666667,55.65691666666667,48.88766666666667,0.9994166666666666,1.5419166666666666,476.35,North,5G,10.127605,76.50217,2025,81.51,Healthy,No Major Issue,1,0.037531849538572915,Normal
T1008,36.13816666666666,0.5145833333333333,121.77,34.62566666666667,-76.28808333333333,55.671416666666666,50.824,1.089,1.5044166666666667,507.65833333333336,East,4G,27.02344,69.328907,2019,80.72,Healthy,No Major Issue,1,0.01884981972399391,Normal
T1009,36.05133333333333,0.48483333333333334,119.66574999999999,35.41308333333333,-74.88566666666667,56.379749999999994,50.67183333333333,1.0263333333333333,1.5518333333333334,488.0416666666667,East,4G,31.093578,93.128026,2022,81.43,Healthy,No Major Issue,1,0.09434765091859942,Normal
T1010,33.806916666666666,0.48125,117.29433333333333,33.230333333333334,-75.25408333333333,54.502583333333334,49.372499999999995,0.99375,1.3968333333333334,494.0416666666667,East,5G,25.16348,78.580133,2021,81.97,Healthy,No Major Issue,1,0.07949897229077513,Normal
T1011,34.32975,0.5024166666666666,120.34983333333334,35.571,-75.12383333333334,55.345166666666664,50.67325,1.0231666666666668,1.4926666666666668,514.1,East,4G,26.09473,88.352789,2017,81.67,Healthy,No Major Issue,1,0.14538787160118344,Normal
T1012,35.97708333333333,0.4960833333333333,118.96191666666667,34.46358333333333,-74.74683333333334,56.04958333333333,48.8265,1.0648333333333333,1.4839166666666666,495.6166666666667,Central,4G,22.421777,75.099517,2023,81.55,Healthy,No Major Issue,1,0.11364013220512631,Normal
T1013,34.77166666666667,0.5068333333333334,121.05866666666667,34.31458333333333,-74.96366666666667,55.232,50.67508333333333,1.0290833333333333,1.4133333333333333,509.7083333333333,West,5G,34.71713,86.559993,2024,81.79,Healthy,No Major Issue,1,0.1258362851167792,Normal
T1014,35.59866666666667,0.5218333333333333,124.83324999999999,34.86108333333333,-75.49708333333334,55.13825,48.89041666666667,0.9866666666666667,1.5495833333333333,500.5416666666667,South,5G,30.757002,90.503997,2019,81.35,Healthy,No Major Issue,1,0.13448371038172602,Normal
T1015,35.13066666666667,0.4979166666666667,121.874,35.434916666666666,-74.91791666666667,55.08591666666667,49.221333333333334,0.9935833333333334,1.5183333333333333,501.325,North,5G,18.831449,69.91947,2025,81.76,Healthy,No Major Issue,1,0.1727211655729637,Normal
T1016,34.592083333333335,0.5141666666666667,122.58375,34.785833333333336,-75.27991666666667,56.20483333333333,50.29833333333333,0.9786666666666667,1.5442500000000001,506.375,East,4G,25.696844,79.473325,2023,81.43,Healthy,No Major Issue,1,0.1319698468949001,Normal
T1017,35.433,0.4955,119.33608333333333,35.867333333333335,-75.37316666666668,54.227999999999994,49.34375,0.9752500000000001,1.5290833333333333,496.28333333333336,South,5G,11.770019,89.60468,2024,81.65,Healthy,No Major Issue,1,0.15473271065688748,Normal
T1018,85.97566666666667,3.048083333333333,121.82566666666666,34.126916666666666,-83.10833333333333,70.47975,48.68458333333333,3.621666666666667,5.117416666666667,430.9,East,5G,32.241218,79.582615,2019,57.63,Critical,Connection Failures,-1,-0.14289622326404894,Anomaly
T1019,36.52183333333333,0.48183333333333334,121.34441666666666,35.27633333333333,-75.78625000000001,55.274,50.90608333333333,0.9595833333333333,1.5156666666666667,493.95,South,5G,10.454554,69.366375,2017,81.24,Healthy,No Major Issue,1,0.09017762553264963,Normal
T1020,35.52191666666667,0.47675,123.67949999999999,34.706583333333334,-75.19841666666666,57.686416666666666,49.94375,0.9718333333333333,1.4780833333333334,485.275,South,4G,29.386143,80.242639,2017,81.31,Healthy,No Major Issue,1,0.0643289084222009,Normal
T1021,35.46891666666667,0.5103333333333333,123.8495,34.989000000000004,-75.04691666666666,55.32508333333333,49.565083333333334,1.02175,1.5823333333333334,494.225,West,5G,24.088988,81.573447,2020,81.5,Healthy,No Major Issue,1,0.11911152533140834,Normal
T1022,35.915333333333336,0.5149166666666667,119.51416666666667,34.73308333333333,-74.63416666666667,54.79883333333333,50.45766666666667,1.04075,1.5006666666666668,497.69166666666666,Central,4G,26.367652,71.322001,2024,81.78,Healthy,No Major Issue,1,0.13625114388727955,Normal
T1023,34.34025,0.5205833333333333,119.63416666666667,34.55233333333333,-75.03308333333332,53.02908333333333,50.969833333333334,0.9581666666666667,1.48275,505.43333333333334,East,5G,11.011909,80.608192,2023,82.13,Healthy,No Major Issue,1,0.10681456872579953,Normal
T1024,35.11175,0.5351666666666667,122.23883333333333,34.98074999999999,-75.16866666666667,54.89341666666667,49.47266666666667,0.9649166666666668,1.4631666666666667,512.1416666666667,North,5G,34.240979,90.096904,2024,81.69,Healthy,No Major Issue,1,0.1059437248965081,Normal
T1025,36.69975,0.51,117.43724999999999,34.30166666666666,-73.89741666666667,55.36275,49.73025,0.97125,1.5912499999999998,503.0833333333333,North,5G,30.725072,82.722224,2019,82.01,Healthy,No Major Issue,1,0.008815750717902082,Normal
T1026,34.81541666666667,0.4921666666666667,118.83225,36.31375,-74.79266666666668,55.36625,50.261583333333334,1.0408333333333333,1.4922499999999999,493.90833333333336,South,5G,28.587792,83.641992,2024,81.78,Healthy,No Major Issue,1,0.15791638986369888,Normal
T1027,35.28941666666666,0.5235833333333333,120.08708333333334,36.869,-74.81791666666666,56.58991666666667,50.60491666666667,0.9691666666666666,1.52075,519.3333333333334,North,5G,21.192354,71.244164,2021,81.55,Healthy,No Major Issue,1,0.09596932506459871,Normal
T1028,34.240249999999996,0.5258333333333334,122.15033333333334,34.15725,-75.00858333333333,53.787749999999996,48.782000000000004,1.0368333333333333,1.5150833333333333,501.48333333333335,East,4G,9.563979,93.462278,2017,81.88,Healthy,No Major Issue,1,0.12471898848166169,Normal
T1029,35.01483333333333,0.5131666666666667,123.86208333333335,35.56075,-75.19266666666667,55.30683333333333,49.318666666666665,0.9545833333333333,1.4535833333333334,486.01666666666665,North,5G,30.032628,96.36155,2024,81.69,Healthy,No Major Issue,1,0.1254649702286057,Normal
T1030,35.42758333333334,0.5144166666666666,120.08483333333334,34.876,-75.25825,53.20733333333333,50.511583333333334,0.9758333333333333,1.55875,508.95,South,4G,25.813272,95.458612,2018,81.8,Healthy,No Major Issue,1,0.11350282845629367,Normal
T1031,34.185249999999996,0.50375,120.34283333333333,33.56125,-74.70158333333333,57.196583333333336,48.79958333333333,1.0008333333333332,1.5535833333333333,500.4583333333333,East,5G,34.037798,94.938491,2019,81.59,Healthy,No Major Issue,1,0.12102137181229161,Normal
T1032,34.81941666666667,0.5071666666666667,118.27183333333333,33.35341666666667,-75.31741666666667,53.81166666666666,51.035,0.9860000000000001,1.4628333333333332,492.94166666666666,East,5G,34.869033,86.846464,2023,81.83,Healthy,No Major Issue,1,0.14790075643825817,Normal
T1033,34.352833333333336,0.47891666666666666,118.70958333333333,34.8975,-76.38833333333334,55.00833333333333,50.64508333333333,1.0083333333333333,1.4869166666666667,488.6166666666667,Central,5G,11.267113,74.516223,2021,81.16,Healthy,No Major Issue,1,0.08510376559142163,Normal
T1034,34.52333333333333,0.5085000000000001,121.31258333333334,35.28275,-75.738,55.971,48.891,1.0465,1.5144166666666665,491.21666666666664,North,4G,23.887883,68.208534,2016,81.18,Healthy,No Major Issue,1,0.12248828897634495,Normal
T1035,34.59408333333333,0.4829166666666667,119.52616666666667,35.51541666666667,-73.57825,54.39633333333334,49.6915,0.993,1.4905833333333334,500.2583333333333,South,4G,32.44634,92.929427,2017,82.65,Healthy,No Major Issue,1,0.0694977165173507,Normal
T1036,35.27733333333333,0.49433333333333335,122.9525,34.59791666666667,-75.50091666666667,55.384083333333336,50.49125,1.0301666666666667,1.5061666666666667,492.76666666666665,Central,4G,15.518886,82.07702,2024,81.37,Healthy,No Major Issue,1,0.1567197182866616,Normal
T1037,87.22766666666666,3.1205833333333333,120.33208333333333,34.33991666666667,-82.873,70.2665,51.0455,3.5548333333333333,5.152166666666667,434.51666666666665,South,5G,14.560926,81.716215,2022,57.58,Critical,Connection Failures,-1,-0.15411479873935086,Anomaly
T1038,34.879,0.502,117.57050000000001,36.10858333333333,-74.66533333333334,55.15716666666666,49.46008333333334,1.0008333333333332,1.4206666666666665,499.4583333333333,South,4G,10.617132,80.500484,2022,81.98,Healthy,No Major Issue,1,0.14425411649912345,Normal
T1039,34.78475,0.513,119.55225,34.635083333333334,-75.24274999999999,53.793416666666666,51.111250000000005,0.9803333333333334,1.4871666666666667,508.4,West,5G,31.323592,69.570964,2017,81.85,Healthy,No Major Issue,1,0.14994773411386936,Normal
T1040,35.37116666666667,0.52825,117.12925,35.04291666666666,-74.94525,54.917500000000004,50.27133333333334,1.00325,1.458,496.775,North,5G,27.661767,91.217183,2017,81.73,Healthy,No Major Issue,1,0.14409410047325277,Normal
T1041,33.569583333333334,0.5228333333333334,120.26808333333334,34.75466666666667,-75.16091666666667,55.733333333333334,49.488166666666665,1.0055,1.5020833333333334,501.325,South,4G,13.135641,81.009793,2022,81.65,Healthy,No Major Issue,1,0.12296234452912053,Normal
T1042,35.96841666666667,0.47108333333333335,120.65208333333334,35.61333333333334,-75.36091666666667,55.90175,48.818,1.0088333333333332,1.476,507.8333333333333,South,5G,20.490958,93.360093,2017,81.41,Healthy,No Major Issue,1,0.10010418514998276,Normal
T1043,35.53358333333333,0.49225,116.61758333333334,35.63041666666666,-75.5055,54.76725,50.240249999999996,1.0640833333333333,1.5694166666666667,501.6666666666667,West,4G,9.365885,96.979192,2016,81.33,Healthy,No Major Issue,1,0.09886460210246706,Normal
T1044,33.473083333333335,0.4766666666666667,119.94833333333332,34.751,-74.79766666666666,54.63758333333333,49.71483333333333,1.0382500000000001,1.4520833333333334,504.7916666666667,North,4G,12.4904,82.083593,2019,82.1,Healthy,No Major Issue,1,0.08289683423856115,Normal
T1045,34.622166666666665,0.50975,119.73091666666667,34.067166666666665,-74.80641666666666,55.68475,49.291333333333334,1.0035833333333335,1.5553333333333332,503.075,West,4G,12.445202,68.062506,2022,81.7,Healthy,No Major Issue,1,0.15373359561539623,Normal
T1046,36.23833333333334,0.525,116.31958333333334,34.308083333333336,-74.54025,53.528999999999996,49.743500000000004,0.9450833333333333,1.5213333333333334,511.81666666666666,East,5G,15.701729,88.201154,2024,82.09,Healthy,No Major Issue,1,0.06053276392551976,Normal
T1047,35.010999999999996,0.505,119.61683333333333,35.34391666666667,-75.39899999999999,53.27575,50.44175,0.98425,1.4803333333333333,498.325,West,4G,13.127242,74.313326,2016,81.84,Healthy,No Major Issue,1,0.1382268037011259,Normal
T1048,33.90841666666667,0.4938333333333333,123.56183333333334,34.77791666666667,-75.70491666666666,55.21991666666667,49.832750000000004,1.0494166666666667,1.4420833333333334,499.9583333333333,Central,4G,28.19534,69.657793,2025,81.47,Healthy,No Major Issue,1,0.09603338342031109,Normal
T1049,35.50358333333334,0.5225000000000001,118.01816666666667,35.69175,-74.32308333333334,54.72241666666666,49.733666666666664,1.1009166666666668,1.49175,498.425,West,4G,9.535749,82.727026,2018,81.89,Healthy,No Major Issue,1,0.05485200564348969,Normal
T1050,34.37275,0.5199166666666667,119.14108333333334,34.14491666666667,-74.94325,55.30891666666666,49.27325,1.0051666666666668,1.46475,495.7416666666667,North,4G,26.230739,74.820913,2017,81.78,Healthy,No Major Issue,1,0.15448548581396537,Normal
T1051,35.613166666666665,0.48708333333333337,120.25825,35.67658333333333,-74.64216666666667,53.186166666666665,51.01133333333333,1.0414166666666667,1.46275,501.46666666666664,Central,4G,23.630815,69.152508,2017,82.14,Healthy,No Major Issue,1,0.10964489740184663,Normal
T1052,34.73475,0.5095,119.99608333333335,33.47591666666667,-75.03025,54.33541666666667,49.163583333333335,0.9669166666666666,1.5408333333333333,510.925,West,5G,33.237069,73.923517,2021,81.85,Healthy,No Major Issue,1,0.15102454439485735,Normal
T1053,34.82633333333333,0.5085000000000001,121.91666666666667,33.29325,-75.26858333333332,54.662166666666664,51.80266666666667,1.0199166666666666,1.389,503.775,South,5G,18.686218,87.479016,2020,81.75,Healthy,No Major Issue,1,0.11396579859893169,Normal
T1054,35.42208333333333,0.4855,121.09108333333333,35.666333333333334,-74.79691666666666,54.99766666666667,50.91608333333333,1.0028333333333335,1.5394166666666667,491.3666666666667,West,5G,33.083495,95.136294,2016,81.8,Healthy,No Major Issue,1,0.15365493304210304,Normal
T1055,35.77825,0.483,119.26891666666667,35.668,-75.05575,56.28391666666666,49.755833333333335,0.9728333333333334,1.5118333333333331,490.21666666666664,West,4G,9.978039,74.181475,2020,81.51,Healthy,No Major Issue,1,0.12554806340123892,Normal
T1056,34.76975,0.47791666666666666,118.13075,35.62325,-75.45608333333332,54.76433333333333,51.658249999999995,0.9915,1.5338333333333334,499.875,South,5G,31.783333,93.498837,2021,81.6,Healthy,No Major Issue,1,0.14641702448014537,Normal
T1057,34.90325,0.49441666666666667,120.68024999999999,33.80108333333333,-75.53058333333334,55.05408333333333,50.03041666666666,1.0098333333333334,1.5591666666666666,504.93333333333334,East,4G,19.830983,83.753321,2020,81.42,Healthy,No Major Issue,1,0.1426094224795173,Normal
T1058,35.22533333333333,0.5043333333333334,120.91883333333334,35.67508333333333,-74.69025,54.80166666666666,48.40691666666667,0.98475,1.48125,493.34166666666664,Central,4G,26.032307,84.083466,2017,81.95,Healthy,No Major Issue,1,0.17227909010299336,Normal
T1059,34.31683333333333,0.497,117.04708333333333,35.2365,-75.34525000000001,53.42008333333333,49.63725,0.9994166666666667,1.4298333333333335,508.95,South,5G,11.116574,71.104043,2024,81.96,Healthy,No Major Issue,1,0.10164678221203077,Normal
T1060,35.083,0.5090833333333333,120.85841666666667,35.56766666666667,-75.37875000000001,52.624,50.145250000000004,1.0489166666666667,1.5448333333333333,494.7416666666667,South,5G,15.607419,74.10826,2021,81.77,Healthy,No Major Issue,1,0.10081175118671154,Normal
T1061,34.38158333333333,0.5096666666666667,119.52383333333334,33.874916666666664,-74.36091666666667,55.98733333333333,50.66591666666667,0.9816666666666667,1.4748333333333332,503.01666666666665,South,5G,21.646045,75.282516,2016,82.02,Healthy,No Major Issue,1,0.13739500888314704,Normal
T1062,34.913000000000004,0.47708333333333336,120.81591666666667,35.586416666666665,-75.10683333333333,55.811083333333336,49.91458333333333,0.95975,1.5301666666666667,507.81666666666666,North,5G,30.392398,69.278516,2021,81.66,Healthy,No Major Issue,1,0.12765062743819394,Normal
T1063,34.69949999999999,0.5144166666666667,121.5395,35.93058333333333,-75.33816666666667,54.39691666666667,50.385,1.0031666666666665,1.5556666666666668,497.93333333333334,South,5G,12.362713,80.81323,2022,81.61,Healthy,No Major Issue,1,0.14715578664890072,Normal
T1064,34.550666666666665,0.5266666666666667,119.593,35.20366666666666,-76.08516666666667,55.126083333333334,50.88883333333333,0.9668333333333333,1.5174166666666666,498.35,Central,4G,11.020595,95.406477,2018,81.21,Healthy,No Major Issue,1,0.10449213541521629,Normal
T1065,34.84,0.5310833333333334,117.98375,34.861,-75.04433333333333,56.542833333333334,49.809916666666666,1.0290000000000001,1.5315833333333333,495.21666666666664,Central,4G,30.534066,84.892777,2018,81.38,Healthy,No Major Issue,1,0.11956386475541636,Normal
T1066,34.251,0.4659166666666667,119.70524999999999,34.01891666666667,-75.164,52.54816666666667,48.908500000000004,1.035,1.5005,503.875,West,4G,9.129379,78.574894,2016,82.13,Healthy,No Major Issue,1,0.07967466219492914,Normal
T1067,34.76483333333333,0.50325,122.40474999999999,37.17366666666667,-74.47675,55.625,48.92641666666667,1.0170000000000001,1.5601666666666667,480.65833333333336,East,4G,26.415801,87.341069,2021,81.85,Healthy,No Major Issue,1,0.10277739550525067,Normal
T1068,34.33675,0.4906666666666667,118.69308333333333,35.714000000000006,-75.13591666666666,55.293083333333335,50.796,0.9626666666666667,1.4793333333333334,506.40833333333336,Central,5G,34.2936,89.734851,2019,81.8,Healthy,No Major Issue,1,0.14771021373094723,Normal
T1069,34.67541666666667,0.5197499999999999,117.38141666666667,34.42491666666667,-75.05283333333334,54.8225,51.333333333333336,0.9801666666666667,1.4999166666666668,526.7166666666667,South,4G,31.798238,68.718804,2021,81.77,Healthy,No Major Issue,1,0.10769539422669316,Normal
T1070,34.21216666666667,0.5270833333333333,119.0655,34.170833333333334,-74.83874999999999,54.87108333333333,49.73275,1.0193333333333334,1.4743333333333333,505.9916666666667,West,4G,15.203754,90.833861,2017,81.87,Healthy,No Major Issue,1,0.13026528113020158,Normal
T1071,35.61033333333333,0.531,117.364,35.21183333333333,-75.24358333333333,54.891666666666666,49.057750000000006,1.0684166666666668,1.51475,497.35833333333335,West,4G,31.182018,74.450578,2023,81.4,Healthy,No Major Issue,1,0.09345394750854696,Normal
T1072,35.3035,0.49275,118.97525,35.772000000000006,-75.03758333333333,55.05141666666667,51.001416666666664,1.0145833333333334,1.4744166666666667,484.09166666666664,East,5G,30.154482,93.268368,2019,81.71,Healthy,No Major Issue,1,0.1424536936985497,Normal
T1073,35.1195,0.5323333333333333,119.14183333333334,35.92166666666667,-74.73325,54.33391666666667,48.61841666666667,0.9750833333333334,1.4586666666666666,504.725,North,4G,18.758581,76.079489,2017,81.99,Healthy,No Major Issue,1,0.11917962207908672,Normal
T1074,35.104166666666664,0.48741666666666666,122.23975,34.74041666666667,-75.29858333333333,54.4745,49.83025,1.05225,1.4641666666666666,495.9166666666667,East,5G,25.320007,79.590673,2024,81.65,Healthy,No Major Issue,1,0.14370615718685092,Normal
T1075,36.37475,0.513,117.88741666666667,34.77766666666666,-75.65708333333333,54.64816666666666,49.26075,0.9984166666666667,1.5156666666666667,492.96666666666664,East,4G,11.114227,96.141618,2018,81.3,Healthy,No Major Issue,1,0.1100605905896273,Normal
T1076,35.37008333333333,0.538,123.96025,34.91091666666667,-74.94308333333333,55.942,50.21008333333334,1.0025833333333334,1.5461666666666667,505.95,Central,5G,9.032944,85.300566,2021,81.47,Healthy,No Major Issue,1,0.10501860160038157,Normal
T1077,34.449333333333335,0.48333333333333334,121.73308333333333,34.34275,-74.15558333333334,55.177083333333336,50.545833333333334,0.9710833333333333,1.4754166666666668,501.55833333333334,East,5G,24.367639,82.831269,2022,82.3,Healthy,No Major Issue,1,0.12214618882533979,Normal
T1078,86.735,3.0650833333333334,127.03025,33.05983333333333,-82.8125,70.7735,49.588166666666666,3.5858333333333334,5.119416666666667,439.0416666666667,Central,4G,14.877508,88.554773,2016,57.68,Critical,Connection Failures,-1,-0.11096808766749566,Anomaly
T1079,34.0455,0.5145000000000001,121.736,34.58433333333333,-75.22575,54.969166666666666,50.70225,1.00475,1.4749166666666667,481.125,Central,4G,17.83398,70.029241,2021,81.73,Healthy,No Major Issue,1,0.10745039687149682,Normal
T1080,35.43991666666667,0.5365833333333333,119.05008333333333,35.64341666666667,-75.01583333333333,54.0345,49.441916666666664,0.9985833333333333,1.4499166666666667,506.8833333333333,Central,5G,25.911462,71.614134,2020,81.82,Healthy,No Major Issue,1,0.1025100256383365,Normal
T1081,35.049166666666665,0.5134166666666666,124.01016666666666,35.28525,-75.11333333333333,54.961416666666665,49.33391666666667,0.9888333333333333,1.557,499.325,Central,5G,26.006108,77.459304,2020,81.63,Healthy,No Major Issue,1,0.15635824422894573,Normal
T1082,35.07541666666667,0.4925,122.91616666666667,34.68008333333333,-75.18466666666667,53.036833333333334,50.12675,1.04175,1.4460000000000002,495.8666666666667,Central,4G,13.179683,87.282954,2022,81.95,Healthy,No Major Issue,1,0.12309898054935375,Normal
T1083,35.12616666666667,0.50025,115.96841666666666,36.47908333333333,-74.33200000000001,54.38891666666667,49.80433333333334,0.9738333333333333,1.5063333333333333,505.2583333333333,South,5G,18.96403,92.17803,2020,82.2,Healthy,No Major Issue,1,0.15360091311383456,Normal
T1084,35.199,0.51725,116.55191666666666,34.07266666666666,-75.52516666666666,56.66191666666667,51.31308333333333,1.0321666666666667,1.4709166666666667,489.60833333333335,East,4G,19.60698,84.819559,2021,81.16,Healthy,No Major Issue,1,0.1127526522731061,Normal
T1085,34.7175,0.5167499999999999,119.17833333333333,35.44016666666666,-74.44200000000001,55.407000000000004,51.01141666666667,1.0245833333333334,1.47875,497.3833333333333,West,5G,19.938315,74.197341,2023,81.95,Healthy,No Major Issue,1,0.15550445223493808,Normal
T1086,36.22666666666667,0.51175,119.9235,35.28308333333334,-74.92266666666666,53.983666666666664,50.2055,0.9614999999999999,1.4871666666666667,508.075,South,4G,15.662233,87.251761,2025,81.87,Healthy,No Major Issue,1,0.12041597070844934,Normal
T1087,35.3375,0.5424166666666667,119.57341666666666,34.771166666666666,-74.93641666666667,55.26891666666666,50.27125,1.0006666666666666,1.4275,504.94166666666666,East,4G,30.097434,89.783006,2020,81.69,Healthy,No Major Issue,1,0.09461927461769559,Normal
T1088,33.4185,0.516,120.86375,34.56491666666667,-75.704,55.125083333333336,49.95341666666666,0.9509166666666666,1.5158333333333334,506.75,South,4G,11.978557,69.340198,2023,81.56,Healthy,No Major Issue,1,0.06758097891462223,Normal
T1089,34.81675,0.48408333333333337,114.59066666666666,34.84325,-74.75041666666667,55.28941666666667,49.907333333333334,1.02175,1.4933333333333332,494.9916666666667,Central,4G,20.296237,93.69797,2025,81.86,Healthy,No Major Issue,1,0.16505776024171914,Normal
T1090,34.59408333333333,0.5050833333333333,119.30258333333333,34.79708333333333,-74.47308333333334,55.59491666666667,50.74575,0.9915,1.5455833333333333,496.90833333333336,South,5G,21.348184,75.075549,2016,81.92,Healthy,No Major Issue,1,0.1587107478897628,Normal
T1091,34.264583333333334,0.48725,120.49516666666666,35.001666666666665,-75.83058333333334,55.69466666666666,50.672000000000004,1.014,1.4853333333333334,483.525,North,5G,13.908711,91.319186,2024,81.32,Healthy,No Major Issue,1,0.1015433604410334,Normal
T1092,34.24083333333333,0.5116666666666666,120.35716666666667,34.85066666666667,-75.24074999999999,55.728833333333334,51.5275,0.9905,1.5406666666666666,495.56666666666666,West,4G,23.049956,94.60663,2017,81.55,Healthy,No Major Issue,1,0.1505063180377691,Normal
T1093,34.70883333333334,0.4825,117.47525,35.689750000000004,-75.22358333333334,55.23066666666667,51.266333333333336,1.0013333333333334,1.5655000000000001,499.19166666666666,West,4G,29.638248,87.359754,2024,81.6,Healthy,No Major Issue,1,0.1454257940548936,Normal
T1094,34.93508333333333,0.5176666666666666,120.29958333333335,34.477333333333334,-74.84983333333334,54.079166666666666,50.303666666666665,0.9590833333333334,1.5410833333333334,496.9166666666667,Central,5G,33.651069,93.851352,2025,81.95,Healthy,No Major Issue,1,0.14392639880560532,Normal
T1095,34.39308333333334,0.5151666666666667,120.74425,34.41625,-75.45133333333334,54.42691666666666,50.79233333333333,0.9925833333333334,1.4394166666666666,490.175,Central,5G,30.425368,83.888287,2018,81.71,Healthy,No Major Issue,1,0.12563973690881564,Normal
T1096,33.305,0.49375,125.643,34.57216666666667,-75.26791666666666,54.720166666666664,49.48133333333333,0.9695,1.5115,509.60833333333335,West,5G,14.998172,75.169952,2020,81.87,Healthy,No Major Issue,1,0.08721459211894605,Normal
T1097,34.50866666666666,0.49225,120.14416666666666,35.37966666666667,-74.83216666666667,55.07391666666667,50.164,0.9866666666666667,1.5335833333333333,500.2416666666667,Central,5G,24.922208,75.963326,2017,81.87,Healthy,No Major Issue,1,0.16586240537735952,Normal
T1098,34.97991666666667,0.5009166666666667,120.08708333333334,36.091,-75.06208333333333,55.10933333333333,48.8065,1.0490833333333334,1.5000833333333332,516.8583333333333,East,4G,15.336308,77.271577,2024,81.63,Healthy,No Major Issue,1,0.13311311538541654,Normal
T1099,34.272666666666666,0.5035000000000001,119.42008333333334,35.1785,-75.21941666666666,52.903666666666666,50.31583333333333,0.9950833333333333,1.4768333333333332,508.6166666666667,North,4G,12.072428,79.108023,2018,82.05,Healthy,No Major Issue,1,0.11564992610291502,Normal
T1100,35.057750000000006,0.5259166666666667,119.59416666666667,34.74691666666667,-74.88799999999999,55.79241666666667,51.290333333333336,1.0230833333333333,1.5714166666666667,501.46666666666664,South,4G,19.201433,77.59556,2023,81.52,Healthy,No Major Issue,1,0.11691756317812074,Normal
T1101,35.01975,0.5135833333333334,119.89699999999999,35.01083333333334,-75.1405,55.16441666666666,49.23141666666667,0.93425,1.4815,504.85,West,4G,13.584529,80.184162,2025,81.74,Healthy,No Major Issue,1,0.14602824940679715,Normal
T1102,34.77833333333333,0.4856666666666667,115.75125,33.73191666666666,-75.164,56.06133333333333,49.936083333333336,1.0085,1.4636666666666664,496.90833333333336,North,5G,20.878453,95.339508,2020,81.58,Healthy,No Major Issue,1,0.155021152755976,Normal
T1103,35.9445,0.5061666666666667,119.70166666666667,35.5095,-75.49991666666666,53.57899999999999,50.061166666666665,1.02325,1.4895833333333333,495.5083333333333,West,5G,22.531955,89.304388,2025,81.58,Healthy,No Major Issue,1,0.125787831242271,Normal
T1104,34.18691666666667,0.493,125.47841666666666,36.07025,-75.08066666666667,55.617666666666665,50.37283333333333,0.9908333333333333,1.5433333333333332,481.525,South,5G,13.924384,80.639243,2016,81.68,Healthy,No Major Issue,1,0.11093818583782117,Normal
T1105,34.46133333333333,0.47,119.4885,35.269083333333334,-75.08691666666667,56.181583333333336,50.17308333333333,0.96375,1.4508333333333332,496.9583333333333,West,5G,26.059588,91.146127,2018,81.75,Healthy,No Major Issue,1,0.11125173174224229,Normal
T1106,34.05925,0.49375,120.34366666666666,34.842083333333335,-75.51299999999999,55.40383333333333,51.36658333333333,0.9725,1.54825,492.65,West,4G,34.479493,83.489585,2022,81.53,Healthy,No Major Issue,1,0.12990963063670297,Normal
T1107,33.94591666666667,0.4936666666666667,116.21491666666665,36.10633333333333,-75.06933333333333,55.26241666666667,49.62475,0.9975833333333333,1.5194166666666666,503.9166666666667,Central,4G,10.266581,80.42977,2023,81.78,Healthy,No Major Issue,1,0.14996024269357128,Normal
T1108,36.36175,0.5020833333333333,120.29216666666666,35.43958333333333,-74.3185,53.16866666666667,50.88883333333333,1.0324166666666668,1.5245,512.75,South,4G,15.02422,77.493227,2023,82.15,Healthy,No Major Issue,1,0.05962389728701151,Normal
T1109,35.357083333333335,0.49616666666666664,117.7765,34.96941666666667,-74.95700000000001,55.77125,49.867666666666665,0.9699166666666666,1.4939166666666668,497.875,East,5G,28.553202,78.99466,2022,81.68,Healthy,No Major Issue,1,0.16159719056285599,Normal
T1110,35.44258333333333,0.4751666666666667,117.69191666666667,35.39566666666666,-75.10975,55.34225,51.249249999999996,0.9915833333333333,1.53675,515.5083333333333,East,4G,20.698285,89.721704,2016,81.63,Healthy,No Major Issue,1,0.10645925547652257,Normal
T1111,35.118249999999996,0.51625,123.278,35.64266666666666,-74.74266666666668,54.52133333333334,50.470083333333335,1.0344166666666665,1.5280833333333335,496.7416666666667,East,4G,25.553891,90.655758,2016,81.83,Healthy,No Major Issue,1,0.15587142161451034,Normal
T1112,33.071999999999996,0.5054166666666666,118.47591666666668,33.72708333333333,-74.69458333333334,54.127583333333334,49.79591666666667,1.0100833333333332,1.4685,498.2916666666667,North,4G,13.382738,68.591021,2018,82.23,Healthy,No Major Issue,1,0.10106447803120605,Normal
T1113,34.06691666666667,0.505,117.4275,35.594833333333334,-74.15708333333333,53.282333333333334,50.883833333333335,1.024,1.5818333333333332,502.23333333333335,South,4G,20.786149,71.317294,2019,82.39,Healthy,No Major Issue,1,0.06683712550458826,Normal
T1114,34.8695,0.49116666666666664,119.84141666666666,34.54825,-74.54983333333332,55.75333333333333,50.23166666666667,1.0126666666666666,1.5011666666666665,501.3,West,5G,28.706249,72.865885,2025,81.87,Healthy,No Major Issue,1,0.16703078857873732,Normal
T1115,35.16541666666667,0.46741666666666665,117.16008333333333,35.190333333333335,-75.49141666666667,56.09408333333333,49.484,0.9704166666666667,1.49775,494.93333333333334,North,4G,34.047461,71.134864,2016,81.44,Healthy,No Major Issue,1,0.11278548374883335,Normal
T1116,35.41716666666667,0.5169166666666667,121.204,33.96958333333333,-75.43283333333333,55.32575,50.95891666666667,0.972,1.5308333333333333,493.575,East,5G,18.70967,88.735426,2017,81.42,Healthy,No Major Issue,1,0.14264846115297375,Normal
T1117,35.919999999999995,0.4720833333333333,118.2325,35.666916666666665,-75.19058333333334,54.734833333333334,50.95408333333333,1.0106666666666666,1.5126666666666668,496.875,Central,4G,10.751335,90.401946,2025,81.63,Healthy,No Major Issue,1,0.131799439970606,Normal
T1118,34.22391666666667,0.51825,118.31633333333335,34.572583333333334,-75.43891666666667,54.1475,49.29,0.9611666666666667,1.5020833333333334,508.275,North,4G,17.374502,80.422962,2021,81.76,Healthy,No Major Issue,1,0.12320643700471351,Normal
T1119,34.39933333333333,0.5108333333333334,120.90791666666668,34.385416666666664,-74.90016666666666,55.06458333333333,50.995250000000006,0.9605833333333333,1.4605,494.80833333333334,North,5G,8.341608,80.181703,2023,81.93,Healthy,No Major Issue,1,0.15475572881809513,Normal
T1120,33.97025,0.4915,117.33816666666667,34.14241666666667,-75.07716666666667,54.23916666666666,49.76383333333333,1.0323333333333333,1.4388333333333334,505.5083333333333,North,5G,33.941264,86.431968,2023,81.96,Healthy,No Major Issue,1,0.12250835221314627,Normal
T1121,35.25375,0.49525,121.90375,35.15358333333334,-75.88716666666666,53.817083333333336,50.94266666666667,1.0564166666666666,1.5347499999999998,479.0416666666667,South,5G,12.755698,83.130656,2020,81.35,Healthy,No Major Issue,1,0.04547702839955109,Normal
T1122,35.377500000000005,0.50975,121.761,34.32533333333333,-74.711,56.241,50.73558333333333,1.054,1.4875,492.75,Central,5G,20.551592,91.946303,2025,81.58,Healthy,No Major Issue,1,0.13684741486973717,Normal
T1123,86.15174999999999,3.082,120.86183333333334,34.846583333333335,-83.57866666666668,71.19108333333334,49.959833333333336,3.5578333333333334,5.100666666666667,434.9166666666667,East,5G,30.996255,92.0912,2017,57.32,Critical,Connection Failures,-1,-0.1408020512332967,Anomaly
T1124,35.01858333333334,0.5001666666666666,118.97274999999999,35.006166666666665,-74.41783333333333,54.77158333333333,50.849666666666664,1.0590833333333334,1.5441666666666667,507.7916666666667,East,5G,14.584313,81.476546,2025,81.94,Healthy,No Major Issue,1,0.12262136298439663,Normal
T1125,35.455333333333336,0.52375,116.73666666666666,35.091,-75.10941666666666,55.22208333333333,49.54408333333333,1.0418333333333334,1.4520833333333334,509.65,West,5G,8.7749,92.677632,2018,81.55,Healthy,No Major Issue,1,0.11999875587183478,Normal
T1126,34.494,0.514,118.48216666666667,35.511833333333335,-75.69108333333334,54.7615,51.151500000000006,0.9640000000000001,1.5390833333333334,492.34166666666664,West,4G,17.580274,75.49222,2020,81.48,Healthy,No Major Issue,1,0.13146808077772137,Normal
T1127,36.38591666666667,0.4953333333333333,117.22491666666666,34.72775,-75.15016666666666,55.372416666666666,51.140750000000004,0.9908333333333333,1.5468333333333333,501.8333333333333,Central,5G,23.006358,82.98219,2019,81.46,Healthy,No Major Issue,1,0.1202027269380952,Normal
T1128,33.9225,0.48941666666666667,120.84958333333334,35.73025,-75.11175,55.26133333333333,51.7985,1.0458333333333334,1.4736666666666667,502.65833333333336,North,4G,27.442016,82.168758,2019,81.74,Healthy,No Major Issue,1,0.13355888747768424,Normal
T1129,85.98966666666666,3.0920833333333335,120.49541666666667,34.83383333333334,-83.35491666666667,69.83891666666666,50.02191666666667,3.587083333333333,5.079083333333333,443.0083333333333,West,5G,20.100713,68.500055,2020,57.6,Critical,Connection Failures,-1,-0.1608825838925676,Anomaly
T1130,33.84708333333334,0.51875,117.19466666666668,34.81575,-74.97274999999999,55.070166666666665,50.257,1.0134166666666666,1.405,496.7083333333333,South,5G,26.678253,76.879975,2025,81.91,Healthy,No Major Issue,1,0.10611896637572255,Normal
T1131,35.58441666666667,0.5543333333333333,120.22058333333332,35.30458333333333,-75.02775,53.865249999999996,48.95191666666667,0.9325833333333333,1.5638333333333334,506.5416666666667,East,5G,22.94377,77.968964,2024,81.78,Healthy,No Major Issue,1,0.01899432815901858,Normal
T1132,33.98466666666666,0.4685833333333333,120.98983333333334,33.81558333333333,-74.78591666666667,54.57125,50.15316666666667,1.0673333333333335,1.4609999999999999,515.4,East,5G,26.977083,75.856576,2020,82.02,Healthy,No Major Issue,1,0.032739206889083494,Normal
T1133,35.18008333333333,0.5115000000000001,121.01558333333334,35.08633333333333,-74.90466666666666,55.414833333333334,48.36541666666667,0.9918333333333333,1.5891666666666666,508.44166666666666,South,4G,27.474677,77.15089,2024,81.62,Healthy,No Major Issue,1,0.11385582877780354,Normal
T1134,35.03733333333333,0.5221666666666667,119.33308333333333,35.6135,-75.38924999999999,55.83941666666667,48.517,0.9423333333333334,1.5165833333333334,494.89166666666665,South,4G,13.842385,82.041759,2025,81.45,Healthy,No Major Issue,1,0.12608498540372798,Normal
T1135,35.04516666666667,0.517,115.01233333333333,35.587583333333335,-74.65658333333334,55.70399999999999,50.77658333333333,1.01,1.4661666666666666,491.65,Central,5G,34.473787,92.146223,2020,81.8,Healthy,No Major Issue,1,0.15431328542780665,Normal
T1136,34.62408333333334,0.49966666666666665,120.77066666666666,35.52558333333333,-74.59783333333333,54.75391666666667,49.48191666666666,0.9533333333333334,1.5550833333333332,503.2416666666667,South,5G,12.844922,68.410303,2024,82.04,Healthy,No Major Issue,1,0.13803404259811763,Normal
T1137,34.881,0.49283333333333335,121.24641666666666,35.03516666666667,-75.33458333333333,56.37108333333333,51.03108333333333,0.9850833333333333,1.4753333333333332,529.6833333333333,South,5G,9.228924,69.581255,2020,81.45,Healthy,No Major Issue,1,0.0881126449347091,Normal
T1138,34.63558333333334,0.516,122.2535,35.30333333333333,-75.16233333333334,57.54083333333333,50.12416666666666,0.9269999999999999,1.4808333333333332,495.78333333333336,South,5G,10.769866,68.355697,2020,81.42,Healthy,No Major Issue,1,0.08713229198193784,Normal
T1139,34.86333333333334,0.5090833333333333,119.47049999999999,35.53066666666667,-74.42566666666667,54.372416666666666,49.284,0.977,1.5325,481.53333333333336,West,5G,19.892658,73.346546,2016,82.13,Healthy,No Major Issue,1,0.11096367423101267,Normal
T1140,35.25,0.5075,119.80833333333334,35.559999999999995,-74.79566666666666,54.399166666666666,49.22925,0.9804166666666667,1.48525,499.4166666666667,East,5G,11.080353,69.89496,2023,81.95,Healthy,No Major Issue,1,0.1691435562722292,Normal
T1141,34.38558333333334,0.4935833333333333,123.85358333333333,35.712250000000004,-73.91216666666666,55.97625,51.443999999999996,1.0169166666666667,1.4946666666666668,504.40833333333336,North,4G,12.096629,91.52312,2020,82.2,Healthy,No Major Issue,1,0.09967667212286047,Normal
T1142,35.97683333333334,0.4583333333333333,120.13475,33.75475,-76.09433333333332,55.99283333333334,49.52966666666667,0.9845833333333334,1.4889166666666669,504.5,North,4G,11.198192,90.16886,2025,81.07,Healthy,No Major Issue,1,0.042023162065466246,Normal
T1143,33.98083333333333,0.4625833333333333,121.01991666666666,34.351083333333335,-75.73233333333333,55.172583333333336,50.537166666666664,0.99025,1.5481666666666667,488.6,Central,4G,28.943726,79.030963,2023,81.5,Healthy,No Major Issue,1,0.07058789880350286,Normal
T1144,35.42325,0.50225,118.49808333333334,35.566833333333335,-75.32225,55.15675,50.77941666666666,0.98075,1.4809166666666667,515.975,East,5G,16.245267,86.009792,2025,81.57,Healthy,No Major Issue,1,0.1390541241128211,Normal
T1145,35.22408333333333,0.4698333333333334,120.11833333333334,33.6625,-74.70049999999999,54.05216666666667,48.79408333333333,1.0163333333333333,1.4896666666666667,491.35,North,4G,24.888906,75.674738,2017,82.07,Healthy,No Major Issue,1,0.11827129536624625,Normal
T1146,35.534416666666665,0.494,119.27749999999999,35.17716666666667,-74.80441666666667,56.154250000000005,50.110416666666666,0.9514166666666667,1.4991666666666668,501.59166666666664,South,4G,12.692966,70.176881,2016,81.71,Healthy,No Major Issue,1,0.14312564781410342,Normal
T1147,35.73325,0.4875,123.2765,34.95333333333333,-75.63491666666667,55.116,49.232083333333335,0.9740833333333333,1.5458333333333334,496.96666666666664,West,5G,26.613021,81.627462,2016,81.36,Healthy,No Major Issue,1,0.13418690472178801,Normal
T1148,33.422,0.5221666666666667,122.50283333333333,33.87416666666667,-74.71683333333334,53.71658333333333,52.00375,0.983,1.5074166666666666,500.75,South,5G,27.087807,88.386639,2023,82.22,Healthy,No Major Issue,1,0.09614763388657338,Normal
T1149,34.220166666666664,0.525,120.40991666666667,34.98141666666667,-74.89683333333333,56.239916666666666,49.09775,0.94775,1.4961666666666666,512.9916666666667,North,4G,32.945598,90.847013,2025,81.73,Healthy,No Major Issue,1,0.10123718806426019,Normal
T1150,34.234500000000004,0.5115833333333334,127.515,33.80741666666667,-75.42866666666667,55.848499999999994,49.48833333333334,1.0181666666666667,1.5355833333333335,496.23333333333335,South,5G,11.09896,74.519474,2018,81.4,Healthy,No Major Issue,1,0.14403003090285554,Normal
T1151,34.87375,0.5255,117.61816666666667,35.24375,-75.08433333333333,54.59475,50.37108333333333,0.9631666666666666,1.55925,500.6666666666667,East,4G,9.928066,72.811761,2020,81.73,Healthy,No Major Issue,1,0.12948795798939994,Normal
T1152,34.33375,0.47108333333333335,116.29766666666666,34.890750000000004,-74.52958333333332,55.074666666666666,48.565916666666666,0.972,1.5350833333333334,501.1166666666667,Central,5G,19.857143,81.592241,2020,82.11,Healthy,No Major Issue,1,0.11881401307411571,Normal
T1153,34.74916666666666,0.5115000000000001,119.76266666666668,35.738749999999996,-75.07816666666666,55.00308333333333,49.783833333333334,0.9936666666666666,1.5395833333333333,504.05833333333334,West,5G,21.512749,82.320061,2017,81.68,Healthy,No Major Issue,1,0.16849806544934726,Normal
T1154,35.07083333333333,0.505,117.442,34.68808333333333,-74.98308333333333,55.35241666666666,48.20708333333334,0.9976666666666667,1.4889166666666667,503.2,Central,4G,32.014418,89.301484,2025,81.7,Healthy,No Major Issue,1,0.17819016738568627,Normal
T1155,36.061416666666666,0.4986666666666667,119.02008333333333,35.05050000000001,-74.47441666666667,54.181666666666665,49.59608333333333,1.041,1.48075,502.325,East,4G,10.465826,95.895422,2025,81.99,Healthy,No Major Issue,1,0.12235452971242311,Normal
T1156,35.91625,0.5053333333333333,121.56191666666668,36.31616666666666,-75.21541666666667,54.883833333333335,49.88241666666667,1.0091666666666665,1.45875,504.56666666666666,Central,4G,34.988455,87.496166,2020,81.58,Healthy,No Major Issue,1,0.14219358717749242,Normal
T1157,34.995666666666665,0.5163333333333333,122.30066666666667,34.934916666666666,-73.51350000000001,55.331916666666665,49.354,0.9882500000000001,1.5450833333333334,492.56666666666666,Central,4G,28.603943,73.080531,2024,82.38,Healthy,No Major Issue,1,0.06516657648644841,Normal
T1158,34.32525,0.513,119.87283333333333,33.984,-75.07308333333334,54.30533333333334,49.93966666666667,1.0289166666666667,1.4826666666666666,508.575,West,5G,12.900207,84.974559,2023,81.83,Healthy,No Major Issue,1,0.14585783450342932,Normal
T1159,35.31491666666667,0.49391666666666667,120.97824999999999,34.135,-74.70725,54.539,50.131416666666674,1.0606666666666666,1.51775,482.8833333333333,North,5G,17.394949,77.665943,2017,81.84,Healthy,No Major Issue,1,0.10676811078574272,Normal
T1160,34.7115,0.4984166666666667,113.35208333333334,33.071666666666665,-74.62341666666666,55.42466666666667,49.94375,0.9511666666666667,1.53675,496.675,South,5G,19.114417,82.368602,2022,81.94,Healthy,No Major Issue,1,0.15695165473040507,Normal
T1161,35.936,0.48508333333333337,118.45316666666666,35.05133333333333,-74.44733333333333,54.13641666666667,50.070166666666665,0.9835833333333334,1.5273333333333334,482.51666666666665,Central,4G,20.2803,77.120998,2021,82.09,Healthy,No Major Issue,1,0.09180148059956089,Normal
T1162,34.293416666666666,0.5044166666666666,117.57275,35.18716666666667,-74.43374999999999,54.552416666666666,50.2795,0.9774166666666667,1.5503333333333333,500.35,North,5G,31.352586,91.922889,2016,82.15,Healthy,No Major Issue,1,0.15010070450325208,Normal
T1163,34.10633333333333,0.47125,120.61641666666667,34.76233333333333,-75.04083333333332,55.101083333333335,50.54141666666667,0.964,1.57825,489.0416666666667,Central,5G,19.157684,73.439894,2021,81.84,Healthy,No Major Issue,1,0.07460091165666372,Normal
T1164,34.87566666666667,0.4966666666666667,120.9885,35.83833333333334,-74.29275,54.614583333333336,49.82541666666667,0.9351666666666667,1.5231666666666668,508.8666666666667,Central,5G,24.886036,90.039726,2019,82.25,Healthy,No Major Issue,1,0.12305075503440138,Normal
T1165,35.16558333333333,0.5303333333333333,124.48233333333333,35.732166666666664,-74.97158333333333,55.14516666666667,49.59041666666667,1.0665833333333332,1.5276666666666665,496.675,East,4G,33.047165,80.705367,2023,81.54,Healthy,No Major Issue,1,0.10207760231605734,Normal
T1166,35.158833333333334,0.504,119.92266666666666,34.07958333333333,-74.7675,55.57358333333333,50.728833333333334,0.9918333333333333,1.4940833333333332,494.825,North,4G,34.274964,85.657278,2019,81.77,Healthy,No Major Issue,1,0.17079519578337626,Normal
T1167,34.846000000000004,0.5253333333333333,119.9085,35.446749999999994,-75.14966666666666,54.351083333333335,49.70883333333334,1.0603333333333333,1.4729166666666667,494.3833333333333,South,5G,22.872653,84.015291,2017,81.67,Healthy,No Major Issue,1,0.11980440974474543,Normal
T1168,33.68625,0.5309166666666667,120.14883333333334,35.17883333333334,-74.40966666666667,54.395583333333335,50.126666666666665,1.0420833333333333,1.5239166666666668,492.84166666666664,South,4G,20.459093,71.406518,2018,82.12,Healthy,No Major Issue,1,0.07746468431211828,Normal
T1169,34.52766666666666,0.5165833333333334,122.22508333333333,34.64933333333333,-75.05324999999999,55.27583333333334,50.84758333333333,0.9649166666666668,1.4934166666666668,523.775,West,5G,21.739544,75.929322,2023,81.76,Healthy,No Major Issue,1,0.11105820523098903,Normal
T1170,35.2015,0.48383333333333334,117.70591666666665,34.5815,-75.13908333333333,54.063833333333335,48.84741666666666,1.0073333333333332,1.4508333333333332,490.9,West,4G,20.333235,72.194617,2019,81.87,Healthy,No Major Issue,1,0.14638335766462673,Normal
T1171,34.48225,0.4921666666666667,118.22408333333333,34.805,-74.9035,56.55716666666667,49.027166666666666,0.96675,1.46525,505.1333333333333,Central,4G,31.328727,76.011175,2022,81.72,Healthy,No Major Issue,1,0.13637562964202515,Normal
T1172,35.588,0.50975,122.87625,34.53958333333333,-74.81125,55.42100000000001,49.82533333333333,0.9546666666666667,1.4880833333333332,496.45,East,5G,30.154836,76.202331,2020,81.78,Healthy,No Major Issue,1,0.15731127187452631,Normal
T1173,34.964416666666665,0.5059166666666667,119.19149999999999,34.48566666666667,-74.59433333333332,55.738416666666666,50.361583333333336,1.0208333333333333,1.5424166666666668,512.2416666666667,Central,5G,31.362036,80.949874,2023,81.76,Healthy,No Major Issue,1,0.14547367497271202,Normal
T1174,35.984500000000004,0.50775,121.75675,34.92516666666667,-76.23150000000001,55.82275,50.100249999999996,1.0215,1.46675,499.1666666666667,East,5G,22.90177,83.759472,2023,80.9,Healthy,No Major Issue,1,0.08045029879742055,Normal
T1175,35.483916666666666,0.5240833333333333,120.75141666666667,36.03516666666667,-74.33291666666668,54.933499999999995,50.02758333333334,1.0123333333333333,1.5504166666666668,503.21666666666664,East,4G,34.480915,74.925361,2022,81.93,Healthy,No Major Issue,1,0.12297290567752339,Normal
T1176,34.49058333333333,0.5020833333333333,118.94858333333333,35.095749999999995,-74.98633333333333,55.01766666666666,49.395833333333336,1.0040833333333332,1.4345833333333333,487.0833333333333,South,5G,9.178477,89.596449,2022,81.86,Healthy,No Major Issue,1,0.13408665701265698,Normal
T1177,34.85916666666667,0.5055,121.31775,35.85583333333333,-74.64066666666666,56.75566666666667,50.08325,1.02575,1.4674166666666666,488.5833333333333,West,4G,21.373874,69.073569,2024,81.66,Healthy,No Major Issue,1,0.12898448288950487,Normal
T1178,35.678999999999995,0.4688333333333333,119.62441666666668,36.72741666666666,-75.27749999999999,55.33616666666667,48.825583333333334,1.0298333333333334,1.5305833333333332,507.19166666666666,Central,5G,31.481908,93.351521,2023,81.48,Healthy,No Major Issue,1,0.11129025182716079,Normal
T1179,35.11775,0.5103333333333333,122.33808333333333,34.43358333333333,-74.86383333333333,54.61666666666667,49.522333333333336,1.074,1.519,502.6333333333333,North,5G,8.414385,72.180507,2018,81.71,Healthy,No Major Issue,1,0.12352003524878968,Normal
T1180,35.791500000000006,0.478,119.63175,36.07383333333333,-76.30591666666666,54.11383333333333,50.31133333333333,0.9849166666666667,1.3961666666666666,492.69166666666666,North,5G,29.101183,75.685661,2025,81.32,Healthy,No Major Issue,1,0.02999096038542115,Normal
T1181,34.812416666666664,0.4814166666666667,120.95949999999999,34.75308333333333,-74.90100000000001,55.66583333333333,49.94841666666667,1.0188333333333335,1.5131666666666668,503.4,West,4G,30.997663,92.717899,2024,81.71,Healthy,No Major Issue,1,0.1526928969959862,Normal
T1182,34.09,0.48666666666666664,117.85891666666666,35.466249999999995,-74.06583333333333,53.946083333333334,48.60183333333334,0.9769166666666667,1.51775,493.51666666666665,West,5G,24.923578,93.735722,2023,82.51,Healthy,No Major Issue,1,0.09943427656461956,Normal
T1183,35.76258333333333,0.5251666666666667,119.43158333333334,34.58975,-75.09466666666667,55.685500000000005,48.825916666666664,0.9584166666666667,1.4536666666666667,515.675,Central,4G,24.671405,74.808337,2020,81.58,Healthy,No Major Issue,1,0.09301640498102653,Normal
T1184,86.68741666666666,3.0635833333333333,117.42450000000001,36.464666666666666,-82.64008333333332,71.30300000000001,49.27033333333333,3.506333333333333,5.13675,445.075,South,4G,19.71723,70.854851,2017,57.79,Critical,Connection Failures,-1,-0.1526451374749188,Anomaly
T1185,33.974583333333335,0.51375,122.21525,34.822916666666664,-73.99508333333333,54.739333333333335,49.68933333333334,0.93375,1.52325,507.7,West,4G,26.738031,94.199298,2016,82.44,Healthy,No Major Issue,1,0.07314015901715687,Normal
T1186,35.96066666666666,0.499,123.287,33.77908333333333,-75.71358333333333,54.59158333333333,49.4455,1.0328333333333333,1.4491666666666667,480.03333333333336,East,4G,15.92093,78.870392,2018,81.36,Healthy,No Major Issue,1,0.04343162449812915,Normal
T1187,35.32233333333333,0.48558333333333337,118.59458333333333,36.47716666666667,-74.83458333333333,56.431583333333336,49.41166666666666,1.0756666666666668,1.5227499999999998,490.5833333333333,South,5G,23.280058,90.983065,2018,81.48,Healthy,No Major Issue,1,0.0990474934062529,Normal
T1188,34.75833333333333,0.49225,122.21216666666666,34.1235,-75.28041666666667,54.70341666666666,50.55983333333334,1.0466666666666666,1.4360833333333332,520.9916666666667,South,4G,24.456278,79.093785,2019,81.69,Healthy,No Major Issue,1,0.08669777656710365,Normal
T1189,34.0235,0.49341666666666667,120.04933333333334,32.70766666666667,-75.02633333333333,54.072583333333334,49.33083333333333,1.0149166666666667,1.4740833333333332,493.39166666666665,West,4G,14.269088,86.499234,2023,81.99,Healthy,No Major Issue,1,0.14544307000944318,Normal
T1190,36.047916666666666,0.49450000000000005,119.07533333333335,35.54333333333333,-75.07658333333333,55.49916666666666,48.65775,1.0380833333333332,1.5079166666666666,519.8166666666667,East,4G,32.27053,81.492344,2020,81.48,Healthy,No Major Issue,1,0.08643995605759269,Normal
T1191,35.44666666666667,0.5121666666666667,120.09833333333333,35.853500000000004,-75.5825,54.62083333333333,49.45841666666667,0.9969166666666667,1.4350833333333335,496.7,Central,4G,9.994271,95.411833,2025,81.52,Healthy,No Major Issue,1,0.13366762822104533,Normal
T1192,35.35308333333333,0.5010833333333333,117.48108333333333,34.94383333333334,-73.82183333333334,53.72558333333333,50.94616666666666,1.0035833333333335,1.5098333333333334,507.25,East,5G,26.638465,81.248239,2020,82.48,Healthy,No Major Issue,1,0.10756585429531146,Normal
T1193,87.00616666666666,3.08625,123.65025,35.07275,-83.29549999999999,70.40241666666667,50.62741666666667,3.635666666666667,5.1040833333333335,435.84166666666664,South,5G,31.040057,71.092945,2022,57.36,Critical,Connection Failures,-1,-0.14859946227493814,Anomaly
T1194,35.412,0.48316666666666663,120.37691666666666,34.628166666666665,-74.94741666666667,54.8355,49.66041666666667,1.0391666666666668,1.54375,497.375,Central,5G,23.519922,96.788069,2020,81.69,Healthy,No Major Issue,1,0.1383525043475573,Normal
T1195,35.465,0.5299166666666667,118.51883333333333,34.81216666666667,-74.985,54.3225,49.13691666666667,0.9930833333333333,1.4851666666666667,504.6666666666667,North,5G,15.41097,84.411941,2016,81.78,Healthy,No Major Issue,1,0.12557926723003665,Normal
T1196,34.6375,0.4965,120.40633333333334,35.15125,-75.79025,55.540166666666664,49.93258333333333,1.046,1.4635833333333332,503.2583333333333,Central,5G,30.48665,94.185113,2019,81.28,Healthy,No Major Issue,1,0.11813953117505943,Normal
T1197,35.75516666666667,0.4871666666666667,120.17658333333334,34.336,-75.49391666666666,56.299,49.469833333333334,0.9573333333333333,1.3204166666666666,498.59166666666664,Central,5G,13.913123,73.513828,2020,81.5,Healthy,No Major Issue,1,0.029278448046966887,Normal
T1198,34.68083333333333,0.52025,119.83825,33.82691666666667,-76.18258333333333,54.557916666666664,50.547583333333336,0.9552499999999999,1.4745,489.1333333333333,South,4G,32.3919,86.743878,2020,81.31,Healthy,No Major Issue,1,0.10933047854554517,Normal
T1199,34.2635,0.5108333333333334,121.43516666666666,35.25183333333334,-74.65608333333333,54.003416666666666,49.51033333333333,0.9682499999999999,1.4368333333333332,486.76666666666665,West,4G,23.648493,89.238433,2017,82.23,Healthy,No Major Issue,1,0.1070601710222851,Normal
T1200,34.039500000000004,0.47475,121.45658333333334,33.45333333333333,-75.44091666666667,53.68366666666667,50.193,1.02525,1.59325,503.65833333333336,East,5G,28.181983,73.093562,2018,81.74,Healthy,No Major Issue,1,0.04780300983303415,Normal
T1201,34.378416666666666,0.48891666666666667,119.30583333333334,35.099916666666665,-75.34383333333334,54.910583333333335,49.66025,0.9585,1.5114166666666666,515.0,Central,5G,22.333014,94.491122,2018,81.73,Healthy,No Major Issue,1,0.12317828042097095,Normal
T1202,34.41425,0.49924999999999997,120.48241666666667,33.710166666666666,-74.86449999999999,53.846000000000004,50.753166666666665,1.0554999999999999,1.518,493.9583333333333,East,5G,34.11937,76.559102,2021,81.95,Healthy,No Major Issue,1,0.13711676668110478,Normal
T1203,35.19925,0.5225833333333333,118.68958333333333,35.004,-75.31558333333334,55.923,50.36658333333333,0.9536666666666667,1.4985833333333334,506.21666666666664,North,5G,33.998119,72.081953,2019,81.46,Healthy,No Major Issue,1,0.12504471550214197,Normal
T1204,33.64058333333333,0.50475,120.62283333333333,35.70875,-74.65258333333333,54.756750000000004,49.15508333333333,1.0174166666666666,1.47875,490.7583333333333,West,5G,10.438178,79.442662,2020,82.08,Healthy,No Major Issue,1,0.12627306413138883,Normal
T1205,85.76633333333334,3.097666666666667,116.86033333333333,34.378416666666666,-82.47075,68.71433333333333,50.372,3.5888333333333335,5.03325,427.55833333333334,Central,4G,20.279223,87.512023,2020,58.27,Critical,Connection Failures,-1,-0.1836993881293303,Anomaly
T1206,34.89633333333334,0.47625,122.06408333333334,35.344,-75.24008333333333,53.764,49.21391666666667,0.952,1.4888333333333332,492.3833333333333,Central,5G,30.205267,95.268465,2017,81.96,Healthy,No Major Issue,1,0.12098033234027333,Normal
T1207,34.12733333333333,0.49,119.57775,34.297000000000004,-74.73983333333334,55.854416666666665,48.78191666666667,1.0078333333333334,1.5063333333333333,495.1666666666667,South,5G,8.675666,93.642811,2024,81.84,Healthy,No Major Issue,1,0.14649906053601586,Normal
T1208,35.240249999999996,0.48500000000000004,116.86116666666666,35.05716666666667,-75.40375,53.886833333333335,49.767833333333336,0.9799166666666667,1.4729999999999999,481.5083333333333,East,4G,25.486614,86.426714,2023,81.78,Healthy,No Major Issue,1,0.10314235834172752,Normal
T1209,35.45341666666666,0.4969166666666667,120.50691666666667,34.92216666666666,-74.86458333333333,54.60341666666667,51.28758333333334,1.0368333333333333,1.4878333333333333,496.8666666666667,East,5G,11.15025,69.315058,2016,81.79,Healthy,No Major Issue,1,0.15760486263358786,Normal
T1210,35.16025,0.5078333333333334,118.77483333333333,34.49175,-74.91883333333334,54.163916666666665,49.876416666666664,0.9719166666666667,1.5440833333333333,490.53333333333336,East,5G,11.135253,74.809201,2024,81.88,Healthy,No Major Issue,1,0.1403652700682516,Normal
T1211,34.42550000000001,0.47758333333333336,122.402,34.71266666666667,-74.88075,56.235083333333336,50.13758333333333,1.0618333333333334,1.5165833333333334,486.76666666666665,South,5G,20.248381,87.4441,2024,81.62,Healthy,No Major Issue,1,0.08761590918507761,Normal
T1212,35.21041666666667,0.5034166666666667,119.24825000000001,34.573499999999996,-74.4585,54.9625,50.501999999999995,1.022,1.59525,509.71666666666664,West,4G,31.906172,86.992735,2023,81.87,Healthy,No Major Issue,1,0.1021446519571782,Normal
T1213,34.7635,0.51475,119.066,34.70583333333333,-75.53458333333333,54.644999999999996,49.11233333333333,0.9965833333333334,1.4823333333333333,492.775,Central,5G,33.354433,76.112464,2021,81.55,Healthy,No Major Issue,1,0.15796532401032093,Normal
T1214,86.9495,3.064833333333333,117.73325,34.686083333333336,-81.93108333333333,70.73166666666665,49.59908333333333,3.6035,5.146083333333333,449.425,South,5G,20.006788,74.847267,2021,58.05,Critical,Connection Failures,-1,-0.16544773629119314,Anomaly
T1215,35.39233333333333,0.508,119.88366666666666,36.4565,-76.02125,53.995416666666664,49.02441666666667,1.0664166666666666,1.5290833333333333,505.025,North,5G,22.700578,96.357433,2021,81.21,Healthy,No Major Issue,1,0.08632485463012757,Normal
T1216,86.41233333333334,3.11125,122.3515,35.072,-82.0965,70.24583333333334,49.74041666666667,3.565166666666667,5.136416666666666,444.75,North,5G,15.448799,96.077999,2023,58.07,Critical,Connection Failures,-1,-0.14476449724919138,Anomaly
T1217,35.290333333333336,0.48633333333333334,119.31366666666666,34.32341666666667,-74.60666666666665,55.163916666666665,50.73233333333334,1.011,1.5109166666666667,488.9916666666667,North,4G,25.326021,85.317233,2016,81.89,Healthy,No Major Issue,1,0.15677304553307403,Normal
T1218,34.95891666666667,0.5233333333333333,117.36133333333333,35.99816666666666,-74.88016666666667,55.053583333333336,49.55958333333333,1.0144166666666667,1.3721666666666665,502.725,North,5G,14.57636,71.651793,2025,81.87,Healthy,No Major Issue,1,0.09493066363930575,Normal
T1219,35.116416666666666,0.504,119.83616666666667,34.586416666666665,-75.51783333333333,55.350500000000004,50.32416666666666,1.0033333333333334,1.44675,511.71666666666664,South,4G,30.405082,84.072026,2025,81.47,Healthy,No Major Issue,1,0.13827647669900373,Normal
T1220,34.95366666666666,0.5239166666666667,121.144,34.40333333333333,-75.15666666666667,57.469166666666666,50.64366666666667,1.057,1.5625833333333332,508.2916666666667,South,4G,16.871108,72.279071,2025,81.11,Healthy,No Major Issue,1,0.051482187426318604,Normal
T1221,33.709250000000004,0.5285833333333333,122.67616666666666,34.85175,-75.56675,54.76133333333333,51.695166666666665,1.0176666666666667,1.4951666666666665,501.43333333333334,North,5G,31.176965,72.195951,2018,81.55,Healthy,No Major Issue,1,0.10376531823427798,Normal
T1222,35.89183333333334,0.46458333333333335,121.24175,34.686416666666666,-75.19608333333333,53.56683333333333,49.67816666666667,0.9519166666666667,1.4943333333333333,503.5833333333333,Central,5G,29.559873,71.187864,2016,81.93,Healthy,No Major Issue,1,0.07853564032388022,Normal
T1223,33.13575,0.5105,121.99783333333333,34.03725,-74.49491666666667,55.00275,50.009249999999994,0.9670833333333333,1.5227499999999998,504.5,South,4G,17.672542,90.864514,2025,82.19,Healthy,No Major Issue,1,0.09048775506924633,Normal
T1224,35.872749999999996,0.4925,120.99816666666668,34.593916666666665,-74.8405,55.27316666666666,50.23341666666667,1.0485,1.4674166666666666,496.875,East,4G,12.704647,69.519572,2022,81.68,Healthy,No Major Issue,1,0.13747626493364695,Normal
T1225,36.082499999999996,0.47533333333333333,122.55375000000001,35.630250000000004,-74.92616666666666,55.992,50.159083333333335,0.9976666666666667,1.5479999999999998,502.175,Central,4G,28.132962,81.811133,2021,81.53,Healthy,No Major Issue,1,0.12252198425633759,Normal
T1226,33.72866666666667,0.48775,116.28500000000001,34.73575,-75.23,54.36633333333334,50.69316666666667,1.0396666666666667,1.5038333333333334,494.28333333333336,Central,4G,20.204146,74.424943,2025,81.82,Healthy,No Major Issue,1,0.12535202259614642,Normal
T1227,35.42333333333333,0.50175,121.34858333333334,34.934666666666665,-74.75058333333332,54.20216666666667,49.9795,0.9911666666666666,1.44575,507.6,North,5G,20.367148,95.956759,2016,82.02,Healthy,No Major Issue,1,0.14433552527473514,Normal
T1228,33.758833333333335,0.5009166666666667,124.06066666666668,35.82783333333334,-75.52808333333334,54.378416666666666,50.77833333333333,1.0528333333333333,1.4534166666666666,498.0833333333333,West,5G,19.509388,71.130893,2023,81.67,Healthy,No Major Issue,1,0.10803525239182593,Normal
T1229,86.97816666666667,3.0848333333333335,120.25875,35.190000000000005,-82.76208333333334,71.5125,49.63866666666667,3.5475,5.1321666666666665,430.48333333333335,North,4G,16.697019,72.301681,2018,57.57,Critical,Connection Failures,-1,-0.12815921367101013,Anomaly
T1230,35.011250000000004,0.4845833333333333,121.37383333333334,33.801,-75.54091666666666,54.791333333333334,49.488416666666666,1.0074166666666666,1.4871666666666667,504.2083333333333,East,5G,18.284419,85.324364,2020,81.54,Healthy,No Major Issue,1,0.15768705504725228,Normal
T1231,34.8525,0.5049166666666667,124.15666666666667,34.76291666666667,-75.0215,54.53941666666666,50.6105,1.0081666666666667,1.5383333333333333,497.98333333333335,West,5G,10.677818,88.351603,2024,81.76,Healthy,No Major Issue,1,0.16830288267774335,Normal
T1232,34.90575,0.5014166666666667,119.1845,35.43008333333333,-75.38708333333334,54.15983333333334,49.8545,1.0105833333333334,1.5101666666666667,503.40833333333336,South,5G,20.191983,74.626314,2021,81.66,Healthy,No Major Issue,1,0.1601583068516378,Normal
T1233,33.695,0.4970833333333333,116.84966666666668,36.020833333333336,-74.58408333333334,55.63858333333334,51.69891666666667,1.035,1.4465833333333333,515.125,West,5G,19.231721,70.757489,2022,82.0,Healthy,No Major Issue,1,0.08460128640520592,Normal
T1234,34.058166666666665,0.5098333333333334,120.72274999999999,34.13066666666666,-75.58116666666666,55.371,49.497499999999995,0.9752500000000001,1.4381666666666668,509.06666666666666,East,5G,18.106128,72.426529,2023,81.58,Healthy,No Major Issue,1,0.10326788521682256,Normal
T1235,35.157666666666664,0.481,119.36016666666666,36.18391666666666,-75.04233333333333,56.598499999999994,48.659666666666666,0.99975,1.448,508.8,North,4G,30.457841,70.703673,2017,81.56,Healthy,No Major Issue,1,0.12304899773628564,Normal
T1236,36.25991666666666,0.49983333333333335,120.28375,33.944916666666664,-75.72391666666667,54.20908333333333,49.759750000000004,1.07,1.506,500.53333333333336,East,4G,23.02201,85.007487,2024,81.27,Healthy,No Major Issue,1,0.07723879113117615,Normal
T1237,34.467416666666665,0.5023333333333333,119.44283333333333,34.45175,-75.23591666666667,55.54983333333333,50.285,1.0374166666666667,1.5249166666666667,492.0833333333333,Central,5G,26.090358,79.91345,2022,81.52,Healthy,No Major Issue,1,0.15109291297596683,Normal
T1238,35.26083333333334,0.50775,120.38866666666667,36.04041666666667,-74.80283333333334,55.369749999999996,49.63916666666667,1.0265833333333334,1.4578333333333333,478.23333333333335,North,5G,24.211072,78.197739,2025,81.75,Healthy,No Major Issue,1,0.08008175572371745,Normal
T1239,34.83825,0.4815,121.57641666666667,34.997,-75.252,53.52158333333333,50.25833333333333,0.9666666666666667,1.5201666666666667,499.19166666666666,Central,4G,12.177715,81.983492,2017,81.93,Healthy,No Major Issue,1,0.13407083486110183,Normal
T1240,35.16575,0.5045,120.87425,36.0675,-74.61375,54.28658333333333,49.221916666666665,1.04975,1.5525,509.35833333333335,East,5G,11.101903,76.078478,2019,81.9,Healthy,No Major Issue,1,0.12026307737209341,Normal
T1241,35.70308333333333,0.5123333333333333,123.44483333333334,34.495,-74.833,54.85658333333333,49.93591666666667,0.9819166666666667,1.4845,489.7583333333333,West,4G,24.442863,87.077106,2020,81.8,Healthy,No Major Issue,1,0.15426300788809844,Normal
T1242,33.73883333333333,0.48725,120.23716666666668,33.7075,-76.0145,55.84083333333333,50.32508333333333,0.99975,1.4729999999999999,496.1666666666667,North,4G,15.3783,90.109876,2021,81.3,Healthy,No Major Issue,1,0.10015837385653975,Normal
T1243,35.20283333333334,0.5355000000000001,120.51891666666667,33.650333333333336,-74.275,53.62233333333334,49.1775,1.0565,1.4495,508.31666666666666,East,4G,12.89795,72.154293,2022,82.19,Healthy,No Major Issue,1,0.04892491303397839,Normal
T1244,35.59,0.48133333333333334,118.13783333333335,35.03991666666666,-74.38525,54.0445,49.67225,1.0425833333333334,1.5205833333333334,483.64166666666665,North,4G,28.006165,96.182499,2017,82.09,Healthy,No Major Issue,1,0.07439136563159643,Normal
T1245,86.55808333333333,3.1266666666666665,118.15416666666667,34.86866666666666,-82.42908333333334,68.876,50.64625,3.50825,5.143083333333333,430.93333333333334,Central,4G,18.157249,81.155728,2018,58.14,Critical,Connection Failures,-1,-0.18272554910325245,Anomaly
T1246,35.769999999999996,0.5079166666666667,114.64316666666667,35.42283333333333,-75.06516666666667,55.318666666666665,50.113416666666666,0.9536666666666667,1.5783333333333334,496.98333333333335,East,5G,27.483091,90.528233,2025,81.57,Healthy,No Major Issue,1,0.1133664384418483,Normal
T1247,36.59166666666667,0.49983333333333335,115.61441666666666,35.02258333333334,-75.31424999999999,54.18541666666667,50.88933333333333,1.0518333333333334,1.4219166666666667,503.0416666666667,Central,4G,31.850239,72.511817,2025,81.56,Healthy,No Major Issue,1,0.05174800606918628,Normal
T1248,34.19058333333333,0.4959166666666667,120.35275,33.730333333333334,-75.46258333333334,55.645250000000004,50.2635,1.0536666666666668,1.56875,495.725,North,4G,15.346777,87.196222,2023,81.36,Healthy,No Major Issue,1,0.0936078778933247,Normal
T1249,35.17183333333333,0.4915,119.91458333333334,35.92641666666667,-75.56616666666667,55.51541666666667,49.09841666666667,1.0401666666666667,1.49975,506.7916666666667,Central,5G,19.182961,74.2515,2024,81.33,Healthy,No Major Issue,1,0.14088275635413594,Normal
T1250,34.623916666666666,0.4901666666666667,122.17133333333332,33.76541666666667,-75.25741666666666,56.3125,50.67041666666667,1.046,1.5494166666666667,505.9,North,5G,19.607668,76.214148,2025,81.36,Healthy,No Major Issue,1,0.12797563155193775,Normal
T1251,34.36625,0.49150000000000005,119.18608333333333,35.988416666666666,-75.47749999999999,55.54858333333333,49.36666666666667,0.9814166666666666,1.5321666666666665,489.06666666666666,West,5G,9.226269,79.462638,2025,81.51,Healthy,No Major Issue,1,0.13865254696029444,Normal
T1252,34.80733333333333,0.51925,117.78925,34.67041666666667,-75.28733333333334,55.90575,50.03725,0.9823333333333333,1.56375,486.2,North,4G,13.519424,95.414399,2018,81.41,Healthy,No Major Issue,1,0.10533336968618212,Normal
T1253,36.35808333333333,0.4750833333333333,123.36641666666667,34.236250000000005,-74.91591666666666,55.81758333333333,49.316583333333334,0.987,1.5105833333333334,513.7916666666666,East,5G,16.859304,68.224167,2022,81.59,Healthy,No Major Issue,1,0.07857269768207165,Normal
T1254,34.259,0.5088333333333334,121.06233333333333,34.68125,-75.19233333333334,56.08416666666667,50.999583333333334,1.0514166666666667,1.5661666666666667,491.9583333333333,South,4G,18.265601,88.406467,2024,81.4,Healthy,No Major Issue,1,0.10007695154374213,Normal
T1255,34.084916666666665,0.47875,115.32375,35.78483333333334,-74.9,56.23799999999999,49.92274999999999,1.02225,1.5543333333333333,492.7583333333333,Central,5G,9.946038,92.991166,2016,81.66,Healthy,No Major Issue,1,0.10552128655908377,Normal
T1256,34.49466666666667,0.5074166666666666,117.07075,35.48441666666667,-75.11633333333333,53.99758333333333,48.82716666666667,0.92425,1.5506666666666669,493.6166666666667,West,4G,20.413365,70.258016,2021,81.94,Healthy,No Major Issue,1,0.11912276560039403,Normal
T1257,34.66983333333334,0.5135833333333334,122.92116666666668,36.364333333333335,-74.3415,54.476083333333335,48.63491666666666,0.90375,1.6008333333333333,495.30833333333334,Central,5G,23.481791,88.57547,2022,82.21,Healthy,No Major Issue,1,0.035382259462899524,Normal
T1258,34.85858333333333,0.4953333333333333,120.06,35.591750000000005,-74.56283333333334,53.635,50.12533333333333,0.9721666666666666,1.5423333333333333,509.9166666666667,East,4G,18.935872,96.019791,2018,82.2,Healthy,No Major Issue,1,0.13390893740005566,Normal
T1259,86.36341666666667,3.0580833333333337,119.18650000000001,35.32658333333333,-83.30291666666668,69.70366666666668,50.105916666666666,3.60125,5.156499999999999,434.85833333333335,Central,5G,30.4647,94.673323,2017,57.58,Critical,Connection Failures,-1,-0.16041093197426004,Anomaly
T1260,33.949416666666664,0.4806666666666667,121.236,34.64633333333334,-74.67658333333334,55.001916666666666,50.36541666666667,1.0394166666666667,1.4746666666666668,496.875,West,4G,14.569545,85.077267,2024,82.02,Healthy,No Major Issue,1,0.11824705188644186,Normal
T1261,34.77583333333334,0.49158333333333337,121.29458333333334,33.475,-74.6325,52.532916666666665,49.864000000000004,1.0554999999999999,1.4780000000000002,499.2583333333333,North,5G,31.504159,89.62834,2019,82.28,Healthy,No Major Issue,1,0.11022804700863253,Normal
T1262,36.084666666666664,0.5115833333333334,122.90391666666666,34.10958333333333,-74.68008333333334,55.264,50.139916666666664,1.0533333333333335,1.4650833333333333,499.84166666666664,East,4G,10.062243,86.363515,2024,81.69,Healthy,No Major Issue,1,0.1133370109145288,Normal
T1263,35.42833333333333,0.47400000000000003,119.30075000000001,34.28158333333333,-74.87833333333333,56.33475,50.4215,1.01525,1.5141666666666667,497.94166666666666,Central,4G,32.459914,78.131883,2018,81.58,Healthy,No Major Issue,1,0.1265857130375208,Normal
T1264,34.1025,0.5095,123.49741666666667,36.47958333333334,-75.10125,54.03541666666667,49.931000000000004,0.98925,1.5259166666666666,482.675,South,4G,11.953994,73.720882,2025,81.91,Healthy,No Major Issue,1,0.11203697096284343,Normal
T1265,34.43141666666667,0.49433333333333335,121.44041666666666,34.936416666666666,-75.86558333333333,55.032583333333335,50.055749999999996,1.0174166666666666,1.4925,517.3083333333333,South,4G,12.782945,90.412595,2023,81.36,Healthy,No Major Issue,1,0.09961018649236741,Normal
T1266,34.760999999999996,0.5371666666666666,116.96391666666666,33.85333333333333,-74.64866666666667,55.76591666666666,51.115,1.0326666666666666,1.4881666666666669,501.14166666666665,West,5G,26.390604,93.579397,2025,81.72,Healthy,No Major Issue,1,0.11930436275518785,Normal
T1267,34.81008333333333,0.48858333333333337,118.62275,33.87683333333333,-74.67216666666667,55.583083333333335,48.9855,1.0073333333333332,1.4501666666666668,503.01666666666665,East,5G,12.07585,69.980301,2023,81.91,Healthy,No Major Issue,1,0.15173520965427983,Normal
T1268,34.55383333333334,0.4661666666666667,120.92708333333333,33.54725,-74.69758333333333,54.85366666666666,49.35325,0.9946666666666667,1.5322500000000001,500.51666666666665,East,5G,23.968333,78.206324,2017,82.01,Healthy,No Major Issue,1,0.12331950917387285,Normal
T1269,35.181666666666665,0.5355833333333333,122.83983333333335,35.73891666666667,-75.25316666666666,54.68516666666667,49.498000000000005,1.0105833333333334,1.4779166666666665,491.4,East,5G,20.201674,69.649811,2020,81.59,Healthy,No Major Issue,1,0.12852570374332478,Normal
T1270,34.7505,0.5201666666666667,123.12633333333333,36.242666666666665,-75.39883333333334,54.41858333333333,49.58908333333333,0.9435,1.5098333333333334,507.85,North,4G,24.605226,82.704967,2023,81.7,Healthy,No Major Issue,1,0.12023368826916153,Normal
T1271,35.49575,0.4865833333333333,117.10216666666666,34.18766666666667,-75.3425,54.575583333333334,48.791333333333334,1.055,1.4974166666666666,499.98333333333335,Central,4G,20.14281,91.484662,2019,81.54,Healthy,No Major Issue,1,0.13523751676045487,Normal
T1272,36.246833333333335,0.4995833333333334,118.73141666666668,34.821083333333334,-74.44666666666667,54.772416666666665,50.6925,0.9722500000000001,1.4648333333333334,511.28333333333336,East,5G,21.536917,95.773948,2023,82.01,Healthy,No Major Issue,1,0.12157057465867482,Normal
T1273,86.441,3.1029166666666668,119.48700000000001,34.53183333333333,-82.40216666666667,71.06108333333333,50.594500000000004,3.5378333333333334,5.121333333333333,439.73333333333335,North,5G,34.524411,70.445545,2018,57.86,Critical,Connection Failures,-1,-0.13295290700554485,Anomaly
T1274,35.753416666666666,0.49425,118.28216666666667,34.621833333333335,-74.46691666666668,53.86308333333333,49.193083333333334,1.0215833333333333,1.48,503.375,North,4G,27.105786,96.738595,2024,82.11,Healthy,No Major Issue,1,0.13295598071692466,Normal
T1275,35.39241666666667,0.47875,123.90341666666667,34.716249999999995,-74.70725,55.04491666666667,50.1195,1.0103333333333333,1.4820833333333332,499.31666666666666,Central,4G,17.825245,94.620167,2022,81.9,Healthy,No Major Issue,1,0.15255781994839673,Normal
T1276,35.43841666666666,0.5025833333333334,117.99433333333333,35.51883333333333,-73.91225,55.63241666666667,49.3465,0.9898333333333333,1.51575,493.025,West,5G,26.330238,69.5186,2021,82.15,Healthy,No Major Issue,1,0.10621356384362562,Normal
T1277,34.819250000000004,0.505,122.82491666666667,36.01541666666667,-74.19791666666667,54.79825,50.13108333333333,1.025,1.5689166666666667,505.8666666666667,North,5G,10.551661,87.673001,2020,82.08,Healthy,No Major Issue,1,0.12603520055022815,Normal
T1278,86.99325,3.055333333333333,120.93166666666666,35.23291666666667,-82.09774999999999,71.34966666666668,49.394666666666666,3.5029166666666667,5.148416666666666,432.0,East,4G,17.000775,84.899446,2018,58.04,Critical,Connection Failures,-1,-0.16534925252621635,Anomaly
T1279,35.459833333333336,0.47775,120.71608333333333,33.751083333333334,-75.00391666666665,53.76866666666667,50.49333333333333,0.9685833333333334,1.5259166666666666,502.2916666666667,East,5G,34.127806,88.255919,2022,81.95,Healthy,No Major Issue,1,0.11964035365206549,Normal
T1280,34.6595,0.498,117.32124999999999,34.875416666666666,-74.74575,55.81966666666666,50.40683333333333,1.0475833333333333,1.50225,500.98333333333335,South,4G,16.358711,78.9237,2021,81.72,Healthy,No Major Issue,1,0.15420899072527822,Normal
T1281,34.876999999999995,0.51075,122.87333333333332,33.6565,-74.43516666666666,54.45616666666667,49.29491666666667,1.0328333333333333,1.6125,486.2416666666667,South,4G,25.44267,80.278785,2021,81.94,Healthy,No Major Issue,1,0.06020191523739116,Normal
T1282,35.38783333333333,0.47733333333333333,119.97675,35.358666666666664,-75.57625,54.831,49.33475,0.9692500000000001,1.5164166666666667,510.05,North,5G,16.339384,95.58391,2021,81.52,Healthy,No Major Issue,1,0.12693051125900856,Normal
T1283,35.315000000000005,0.5015,119.40675,36.47183333333333,-75.07716666666667,55.146166666666666,50.39941666666667,0.9461666666666667,1.4409166666666666,507.43333333333334,West,4G,14.116662,71.989395,2017,81.79,Healthy,No Major Issue,1,0.13590856622029535,Normal
T1284,33.760083333333334,0.48858333333333337,120.90158333333333,34.540166666666664,-74.38183333333333,54.93475,51.134,0.9390833333333333,1.4592500000000002,490.325,East,4G,21.707622,83.653352,2024,82.35,Healthy,No Major Issue,1,0.08451376656477438,Normal
T1285,33.386916666666664,0.4945833333333333,122.27516666666666,34.6435,-75.36608333333334,53.91125,50.614749999999994,0.9431666666666667,1.5253333333333332,497.85,North,5G,31.662605,85.922912,2025,81.96,Healthy,No Major Issue,1,0.0746306435533719,Normal
T1286,34.94125,0.4895,120.40141666666666,34.87708333333333,-75.16024999999999,53.626916666666666,49.91741666666667,1.05925,1.3531666666666666,502.7916666666667,West,4G,12.380675,92.109007,2025,81.96,Healthy,No Major Issue,1,0.045087109590345065,Normal
T1287,35.217,0.504,119.13991666666666,35.44108333333334,-74.78299999999999,54.10991666666666,51.33091666666667,1.0195,1.5162499999999999,500.425,South,5G,9.179696,78.564683,2019,81.92,Healthy,No Major Issue,1,0.16453085400901812,Normal
T1288,33.81025,0.4689166666666667,119.35558333333333,34.775083333333335,-75.18933333333332,56.61483333333333,49.83541666666667,0.9483333333333334,1.5465833333333334,502.0083333333333,West,5G,28.314561,90.73021,2019,81.63,Healthy,No Major Issue,1,0.06822118503340846,Normal
T1289,34.13341666666667,0.5065833333333333,119.49525,35.90241666666667,-74.98666666666666,55.525416666666665,49.465916666666665,1.0103333333333333,1.4909999999999999,488.78333333333336,Central,4G,16.355633,91.450092,2023,81.74,Healthy,No Major Issue,1,0.14365635957205708,Normal
T1290,33.93833333333333,0.533,123.79325,35.131499999999996,-74.69066666666666,54.47833333333333,50.59283333333334,1.0034166666666666,1.4754166666666668,485.1,South,5G,26.314284,84.542162,2023,82.04,Healthy,No Major Issue,1,0.07730797780310167,Normal
T1291,35.13016666666667,0.5,120.695,34.51199999999999,-75.52891666666666,54.13108333333333,49.24783333333333,0.9378333333333334,1.4746666666666668,498.98333333333335,West,5G,29.009349,82.584294,2022,81.72,Healthy,No Major Issue,1,0.14076870822151183,Normal
T1292,34.831583333333334,0.50575,117.40316666666666,36.96908333333333,-75.34549999999999,54.28458333333333,47.464666666666666,1.04525,1.5444166666666668,509.2083333333333,South,4G,29.633999,72.013558,2020,81.58,Healthy,No Major Issue,1,0.13274926525861203,Normal
T1293,34.38966666666667,0.49191666666666667,119.95383333333334,32.883,-74.92208333333333,55.61816666666667,50.00533333333333,1.0035833333333335,1.5305833333333332,502.225,North,5G,31.601158,84.081682,2017,81.74,Healthy,No Major Issue,1,0.1603157796515734,Normal
T1294,36.303583333333336,0.51625,120.17233333333334,34.628416666666666,-75.194,55.9455,50.20341666666666,1.0031666666666665,1.5136666666666665,502.65,Central,4G,15.696701,90.130388,2020,81.33,Healthy,No Major Issue,1,0.11762966583766532,Normal
T1295,35.22908333333333,0.5145000000000001,119.98683333333334,35.764916666666664,-74.93941666666666,53.78941666666666,48.86133333333333,1.0273333333333334,1.53575,483.5083333333333,West,4G,30.438261,70.659694,2019,81.83,Healthy,No Major Issue,1,0.10941493711396938,Normal
T1296,35.587333333333326,0.50375,117.19666666666667,34.26141666666667,-75.00616666666666,54.92658333333333,50.66591666666667,1.0426666666666666,1.51175,507.65833333333336,West,5G,33.122742,80.03201,2022,81.62,Healthy,No Major Issue,1,0.1532044073097833,Normal
T1297,34.42583333333334,0.5105,120.27191666666666,33.4185,-75.26658333333333,55.99258333333333,49.89758333333334,1.021,1.4915833333333335,505.34166666666664,Central,5G,14.366008,96.841235,2021,81.48,Healthy,No Major Issue,1,0.1515849248705573,Normal
T1298,86.67575000000001,3.089916666666667,120.28075,34.99983333333333,-82.81816666666667,70.93508333333332,50.08141666666666,3.564916666666667,5.191666666666666,436.4,South,4G,16.604492,70.873411,2021,57.56,Critical,Connection Failures,-1,-0.1344171844561146,Anomaly
T1299,35.16016666666667,0.5279166666666667,121.17016666666667,36.03933333333334,-74.72066666666666,55.85883333333333,50.010250000000006,1.02525,1.4874166666666668,500.8666666666667,South,4G,9.034186,94.604489,2023,81.66,Healthy,No Major Issue,1,0.1413122326869795,Normal
T1300,34.90075,0.4965,119.83791666666666,34.772166666666664,-74.68941666666666,53.67391666666666,50.310500000000005,1.0022499999999999,1.5408333333333333,499.3333333333333,South,5G,20.11224,68.152285,2017,82.08,Healthy,No Major Issue,1,0.16242879795979215,Normal
T1301,35.885999999999996,0.5115000000000001,117.39516666666667,35.95408333333333,-74.89325000000001,55.473166666666664,49.39458333333334,0.96175,1.4862499999999998,507.84166666666664,North,5G,13.822678,72.336069,2025,81.69,Healthy,No Major Issue,1,0.144696012623586,Normal
T1302,34.21633333333333,0.5245,123.69416666666666,35.25066666666667,-75.42833333333333,55.34375,50.20508333333333,1.0390000000000001,1.4364999999999999,504.53333333333336,Central,5G,11.002045,76.354946,2020,81.52,Healthy,No Major Issue,1,0.11020516030041838,Normal
T1303,34.05125,0.5120833333333333,118.63825,34.99166666666667,-74.63608333333333,55.92691666666666,50.85325,1.0174999999999998,1.4588333333333334,491.19166666666666,North,4G,14.437867,86.5296,2025,81.88,Healthy,No Major Issue,1,0.13487820291929775,Normal
T1304,34.62233333333334,0.49225,116.95858333333334,33.73708333333333,-75.23216666666667,54.140499999999996,49.75383333333333,0.93475,1.4898333333333333,493.7916666666667,West,4G,10.993163,94.24926,2025,81.92,Healthy,No Major Issue,1,0.14056797174081215,Normal
T1305,34.388333333333335,0.5248333333333334,121.40258333333333,33.86416666666666,-74.6585,55.438833333333335,50.12675,1.0475833333333333,1.4905833333333334,495.06666666666666,Central,4G,25.062783,84.676376,2018,81.8,Healthy,No Major Issue,1,0.133920866030716,Normal
T1306,86.1505,3.0935,121.38958333333333,35.20233333333333,-82.7295,70.39675000000001,51.340583333333335,3.5299166666666664,5.094666666666667,426.5416666666667,East,5G,8.042237,78.231665,2025,57.88,Critical,Connection Failures,-1,-0.13971334864680718,Anomaly
T1307,36.6845,0.48666666666666664,120.80441666666667,35.40466666666667,-75.55966666666667,54.876083333333334,49.677,1.0145,1.5277500000000002,486.55833333333334,West,4G,25.938025,70.482805,2021,81.3,Healthy,No Major Issue,1,0.08022256348808532,Normal
T1308,34.36716666666667,0.5080833333333333,119.92291666666667,34.08958333333333,-75.20733333333332,55.159083333333335,50.66233333333333,1.06525,1.5121666666666667,494.5,North,4G,18.542251,81.633917,2022,81.56,Healthy,No Major Issue,1,0.1332184485191818,Normal
T1309,34.69958333333333,0.49433333333333335,119.45091666666667,35.075500000000005,-75.36716666666666,54.24133333333334,50.80491666666667,0.9380833333333333,1.5397500000000002,493.48333333333335,East,5G,28.177548,78.355722,2017,81.77,Healthy,No Major Issue,1,0.13630056928524492,Normal
T1310,33.318999999999996,0.49725,120.32625,35.37191666666667,-75.0525,51.89666666666667,49.73308333333333,1.0534166666666667,1.49475,507.575,East,4G,27.789408,86.219452,2025,82.29,Healthy,No Major Issue,1,0.019961953506575703,Normal
T1311,34.69616666666666,0.49391666666666667,125.40325,35.227833333333336,-74.87975,55.05616666666666,49.2425,0.9682499999999999,1.4569166666666669,485.7,East,4G,9.197064,83.834399,2018,81.93,Healthy,No Major Issue,1,0.13722123322211294,Normal
T1312,34.649,0.513,119.27908333333333,35.50608333333333,-75.07225,55.73066666666667,50.910666666666664,1.0010833333333333,1.5016666666666665,499.40833333333336,West,5G,25.056868,91.533433,2017,81.61,Healthy,No Major Issue,1,0.17373227445241107,Normal
T1313,34.96716666666667,0.5295833333333333,115.24316666666667,35.20583333333333,-75.37708333333333,53.5545,50.62866666666666,0.92475,1.5222499999999999,500.85833333333335,West,4G,15.922949,69.270382,2019,81.81,Healthy,No Major Issue,1,0.07292949713988772,Normal
T1314,36.4555,0.494,121.62433333333334,33.4965,-76.01883333333333,54.46341666666667,49.1565,0.9676666666666667,1.3900833333333333,488.69166666666666,North,5G,33.201016,82.946124,2024,81.35,Healthy,No Major Issue,1,0.030232069736572775,Normal
T1315,35.28825,0.5165833333333334,121.364,35.31283333333333,-75.40483333333333,54.94575,51.29991666666667,1.0415,1.5755833333333333,507.94166666666666,West,5G,8.988761,86.760114,2020,81.36,Healthy,No Major Issue,1,0.10116430206339855,Normal
T1316,33.62266666666667,0.47258333333333336,121.68858333333333,35.17216666666666,-75.45483333333333,54.68716666666667,49.424499999999995,1.0654166666666667,1.5545833333333334,506.1,East,4G,31.376553,77.625816,2017,81.61,Healthy,No Major Issue,1,0.058790317890136556,Normal
T1317,35.32758333333334,0.526,117.82333333333332,34.479749999999996,-73.92716666666666,55.44949999999999,50.38325,1.10575,1.4884166666666667,501.56666666666666,East,5G,32.016136,89.555923,2022,81.99,Healthy,No Major Issue,1,0.016873920343648763,Normal
T1318,34.70891666666667,0.49191666666666667,120.30133333333333,34.941,-75.06558333333334,56.491499999999995,49.397333333333336,1.0616666666666668,1.5274166666666666,505.3333333333333,East,4G,21.397487,82.428178,2024,81.42,Healthy,No Major Issue,1,0.1256197057625762,Normal
T1319,35.385416666666664,0.4756666666666666,120.33258333333333,35.01058333333333,-74.83658333333332,54.546166666666664,49.05025,1.0125833333333334,1.5174999999999998,495.0416666666667,East,4G,27.631196,70.288883,2025,81.87,Healthy,No Major Issue,1,0.14595960980206413,Normal
T1320,35.2965,0.51075,122.045,36.09275,-75.46666666666667,54.50808333333334,48.62991666666667,1.0209166666666667,1.52525,512.3833333333333,South,5G,16.672709,70.321998,2020,81.48,Healthy,No Major Issue,1,0.14293675936412115,Normal
T1321,34.42183333333333,0.48325,121.97241666666667,35.30708333333334,-74.63791666666665,55.92691666666666,50.43933333333334,0.9919166666666667,1.4595833333333335,504.2916666666667,East,5G,24.270784,80.357366,2023,81.94,Healthy,No Major Issue,1,0.13514650610466022,Normal
T1322,35.781,0.5076666666666667,118.9475,34.81075,-74.79825000000001,55.30475,49.178999999999995,0.9799166666666667,1.4527500000000002,500.68333333333334,East,5G,9.143589,93.231078,2021,81.79,Healthy,No Major Issue,1,0.14498802664360616,Normal
T1323,35.1835,0.49133333333333334,119.89791666666666,36.1445,-75.06858333333334,54.84925,49.723499999999994,1.0154166666666666,1.5011666666666665,506.325,Central,5G,15.412995,96.420791,2016,81.71,Healthy,No Major Issue,1,0.16787133736735577,Normal
T1324,34.26916666666667,0.5241666666666667,121.41958333333334,34.443916666666674,-75.12358333333333,54.78908333333334,49.56608333333334,0.985,1.47275,487.21666666666664,North,5G,17.809401,91.231783,2018,81.79,Healthy,No Major Issue,1,0.1216811049827613,Normal
T1325,36.147666666666666,0.47733333333333333,122.59833333333333,35.81941666666667,-75.24733333333333,54.970749999999995,50.39808333333334,0.98675,1.5322500000000001,503.8833333333333,North,4G,30.914071,87.664577,2023,81.55,Healthy,No Major Issue,1,0.12223371495936747,Normal
T1326,33.40175,0.4910833333333333,123.7445,35.439499999999995,-74.71875,56.47675,50.50175,1.03775,1.4498333333333333,502.15833333333336,North,4G,9.815301,90.576946,2021,81.84,Healthy,No Major Issue,1,0.08083069551519512,Normal
T1327,34.61183333333334,0.5258333333333334,118.68641666666667,34.80891666666666,-75.937,56.03125,50.479166666666664,0.9601666666666666,1.52725,501.89166666666665,East,5G,33.635612,68.939174,2018,81.15,Healthy,No Major Issue,1,0.10169057254970515,Normal
T1328,35.60625,0.5209166666666667,118.64175,35.26625,-74.35966666666667,56.14508333333333,50.363749999999996,1.02975,1.53675,506.95,West,5G,18.044361,90.12945,2025,81.71,Healthy,No Major Issue,1,0.11878221026149771,Normal
T1329,35.0355,0.5080833333333333,119.43533333333333,35.27916666666667,-75.083,54.516666666666666,50.458,0.9769166666666667,1.5126666666666668,485.44166666666666,South,5G,18.746919,86.837261,2019,81.78,Healthy,No Major Issue,1,0.14352849636204928,Normal
T1330,35.69125,0.5018333333333334,123.48033333333333,34.51866666666667,-75.05799999999999,56.067750000000004,49.36425,0.95925,1.5093333333333334,489.03333333333336,North,4G,27.863221,82.472275,2022,81.54,Healthy,No Major Issue,1,0.1368185044266999,Normal
T1331,35.36983333333333,0.47975,120.22966666666666,34.74908333333334,-75.29958333333335,56.85791666666667,49.775416666666665,0.9964999999999999,1.4669166666666666,503.775,Central,4G,15.06797,75.548403,2023,81.36,Healthy,No Major Issue,1,0.11306133234063032,Normal
T1332,34.277833333333334,0.514,122.77108333333334,32.931916666666666,-74.523,58.42058333333333,50.99241666666667,0.9744166666666667,1.4773333333333334,501.10833333333335,South,5G,26.737477,96.960236,2019,81.58,Healthy,No Major Issue,1,0.0891327896410084,Normal
T1333,34.87775,0.5314166666666666,119.62541666666667,36.05141666666667,-75.007,53.738749999999996,49.47508333333334,0.977,1.464,491.0416666666667,North,4G,31.02631,81.109238,2023,81.96,Healthy,No Major Issue,1,0.11339048998001228,Normal
T1334,35.46575,0.5075833333333333,120.96424999999999,35.113416666666666,-75.163,53.91258333333334,49.992,1.0328333333333333,1.5249166666666667,495.31666666666666,North,5G,26.031674,88.576674,2024,81.7,Healthy,No Major Issue,1,0.1527175848256887,Normal
T1335,35.26991666666667,0.48466666666666663,118.83308333333333,34.3735,-75.50308333333334,55.55891666666666,50.008500000000005,0.9699166666666666,1.5646666666666667,483.85833333333335,Central,5G,32.065955,92.689499,2018,81.4,Healthy,No Major Issue,1,0.09827481591461468,Normal
T1336,35.007,0.487,118.9095,33.748916666666666,-74.29041666666667,54.93366666666667,50.41758333333333,1.0276666666666667,1.4438333333333333,512.7166666666667,East,4G,11.276786,73.828431,2018,82.15,Healthy,No Major Issue,1,0.10924854517855098,Normal
T1337,85.69341666666666,3.0993333333333335,121.73566666666667,34.8935,-82.89441666666667,70.4515,51.006166666666665,3.5755833333333333,5.15425,440.35,South,5G,8.709669,84.066622,2021,57.7,Critical,Connection Failures,-1,-0.14139670187742415,Anomaly
T1338,35.47375,0.5011666666666666,122.20583333333335,35.318999999999996,-75.21975,53.80458333333333,49.131416666666674,0.9833333333333333,1.4415,489.09166666666664,West,4G,24.522606,70.500249,2020,81.85,Healthy,No Major Issue,1,0.1281767503044129,Normal
T1339,34.50641666666666,0.5020833333333333,115.46791666666667,33.24516666666667,-75.38983333333334,55.673750000000005,49.43975,0.9310833333333334,1.4720833333333334,488.19166666666666,West,5G,22.193783,90.305772,2025,81.63,Healthy,No Major Issue,1,0.12249478783316792,Normal
T1340,34.70166666666667,0.51275,119.81325,34.77525,-74.44358333333334,54.56341666666666,48.19541666666667,0.9927499999999999,1.4815,490.45,North,4G,34.254253,86.627819,2023,82.13,Healthy,No Major Issue,1,0.15438180114821132,Normal
T1341,34.56008333333333,0.5066666666666666,121.49091666666666,36.2575,-75.02408333333332,55.815916666666666,50.75225,1.0331666666666668,1.4353333333333333,491.2083333333333,West,5G,11.465034,92.042558,2024,81.66,Healthy,No Major Issue,1,0.14286820725585836,Normal
T1342,34.98275,0.5311666666666667,118.98216666666667,36.09741666666666,-74.98916666666668,55.74216666666667,49.78725,0.9499166666666666,1.5688333333333333,496.60833333333335,Central,4G,28.730104,71.741956,2024,81.59,Healthy,No Major Issue,1,0.10286103795841667,Normal
T1343,33.54375,0.47691666666666666,121.00041666666667,35.72266666666667,-75.62991666666667,55.37116666666667,50.255916666666664,0.9871666666666667,1.52675,482.0,North,4G,21.988758,76.819612,2018,81.56,Healthy,No Major Issue,1,0.04567370258125769,Normal
T1344,35.39158333333333,0.48058333333333336,118.94458333333334,34.157916666666665,-74.69858333333333,54.67475,49.09675,0.9762500000000001,1.5353333333333334,517.5333333333333,East,4G,17.342623,95.286218,2020,81.95,Healthy,No Major Issue,1,0.10551270803224067,Normal
T1345,35.518166666666666,0.4955833333333333,118.82475,35.747166666666665,-74.54166666666667,54.092666666666666,48.86866666666666,1.002,1.5694166666666665,501.35833333333335,North,5G,13.300152,95.734197,2020,82.0,Healthy,No Major Issue,1,0.13737908744032035,Normal
T1346,35.35408333333333,0.48183333333333334,120.91741666666667,34.701,-74.66425,53.41233333333333,50.56425,0.9066666666666666,1.573,499.1166666666667,South,5G,24.589564,70.709424,2018,82.22,Healthy,No Major Issue,1,0.06326093232550561,Normal
T1347,35.001999999999995,0.51125,119.61708333333333,36.142833333333336,-75.4915,55.48491666666666,50.21058333333334,1.0129166666666667,1.46825,494.5833333333333,Central,4G,12.622417,86.109896,2025,81.42,Healthy,No Major Issue,1,0.1583816343747474,Normal
T1348,36.03791666666667,0.4880833333333333,118.84391666666667,34.59341666666667,-75.07933333333334,55.08316666666666,50.035,1.027,1.55375,502.3833333333333,East,4G,30.281379,68.822831,2016,81.52,Healthy,No Major Issue,1,0.13119005686178642,Normal
T1349,34.499583333333334,0.4715,116.32691666666666,35.67133333333334,-74.757,55.71716666666667,49.41166666666666,0.9836666666666667,1.5075833333333333,506.025,Central,5G,25.580509,90.241811,2022,81.89,Healthy,No Major Issue,1,0.1310242021988246,Normal
T1350,34.370583333333336,0.5246666666666667,119.51341666666667,36.306916666666666,-75.22399999999999,54.76658333333333,49.69533333333333,1.0070000000000001,1.5397500000000002,517.0583333333333,Central,4G,21.447028,86.187756,2020,81.64,Healthy,No Major Issue,1,0.10123845062877995,Normal
T1351,34.86583333333333,0.49391666666666667,119.2035,34.88216666666666,-74.58008333333333,54.63041666666666,49.881166666666665,1.0237500000000002,1.5013333333333334,504.3666666666667,East,5G,14.611704,91.41313,2022,82.0,Healthy,No Major Issue,1,0.16546258865903207,Normal
T1352,35.19866666666667,0.48891666666666667,121.5335,35.08866666666667,-75.25666666666666,55.2245,50.2385,0.97275,1.4971666666666665,490.71666666666664,East,5G,9.970272,69.737478,2023,81.63,Healthy,No Major Issue,1,0.1573303039605426,Normal
T1353,34.97183333333333,0.5116666666666666,116.05316666666666,36.07966666666667,-74.60091666666668,55.9885,49.64608333333333,0.9913333333333333,1.46675,493.175,West,5G,20.539938,77.865584,2018,81.83,Healthy,No Major Issue,1,0.15749024827572783,Normal
T1354,87.57383333333334,3.0845833333333332,121.94816666666667,35.92391666666666,-82.3395,71.36550000000001,49.766,3.5998333333333337,5.1202499999999995,434.15,East,5G,27.823393,92.962544,2022,57.68,Critical,Connection Failures,-1,-0.14354682931519747,Anomaly
T1355,34.994083333333336,0.49541666666666667,121.33166666666666,33.912,-74.98150000000001,55.3875,50.231750000000005,0.9783333333333334,1.5286666666666666,502.8833333333333,South,5G,21.904464,71.079334,2019,81.71,Healthy,No Major Issue,1,0.16871436360112757,Normal
T1356,35.94508333333333,0.4713333333333333,118.58675,34.905,-73.7065,53.32091666666667,50.54158333333333,0.964,1.456,503.7,West,4G,15.221735,75.189648,2017,82.71,Healthy,No Major Issue,1,0.029392130823855722,Normal
T1357,34.21075,0.46641666666666665,116.23525,34.1815,-75.94941666666666,53.93375,50.86258333333333,1.056,1.4984166666666667,480.0416666666667,North,5G,33.525392,93.060752,2022,81.5,Healthy,No Major Issue,1,0.0058404256667099474,Normal
T1358,34.02366666666667,0.5125833333333333,119.31099999999999,36.582,-74.81708333333333,56.416666666666664,50.76591666666666,1.0773333333333333,1.4729166666666667,496.4166666666667,South,4G,29.963902,95.078795,2021,81.61,Healthy,No Major Issue,1,0.0952081138585762,Normal
T1359,34.64391666666667,0.5076666666666667,118.71724999999999,35.434,-74.73583333333333,55.40091666666667,50.157666666666664,0.9960833333333333,1.5094999999999998,504.3,South,4G,21.45317,82.92702,2023,81.84,Healthy,No Major Issue,1,0.1721496400718271,Normal
T1360,35.13158333333333,0.5034166666666667,116.91466666666666,35.913333333333334,-75.13924999999999,56.16824999999999,49.981833333333334,0.9989166666666667,1.502,497.18333333333334,East,5G,8.62576,95.411751,2024,81.48,Healthy,No Major Issue,1,0.17236132478481792,Normal
T1361,36.21525,0.48358333333333337,125.58966666666667,36.348333333333336,-75.02250000000001,55.75216666666667,49.91258333333334,0.9683333333333334,1.52675,504.075,West,4G,13.808899,78.233958,2016,81.56,Healthy,No Major Issue,1,0.11953835222042475,Normal
T1362,33.29233333333333,0.48800000000000004,118.856,34.61275,-74.75216666666667,56.823499999999996,49.43125,0.9954999999999999,1.4168333333333334,496.275,East,5G,24.133007,92.44264,2023,81.89,Healthy,No Major Issue,1,0.05838036320305612,Normal
T1363,35.506,0.49491666666666667,120.99633333333333,34.15983333333334,-75.78233333333333,55.83891666666667,50.662083333333335,1.0214166666666666,1.5725,494.43333333333334,East,4G,30.873654,80.496905,2020,81.09,Healthy,No Major Issue,1,0.10229675083816386,Normal
T1364,34.731833333333334,0.4966666666666667,115.31133333333334,35.830749999999995,-75.73483333333334,55.37108333333333,50.06766666666667,0.9363333333333334,1.5888333333333333,499.09166666666664,East,5G,17.880309,79.616867,2025,81.37,Healthy,No Major Issue,1,0.08227309614534395,Normal
T1365,33.88966666666667,0.47383333333333333,119.95566666666667,34.844500000000004,-74.16683333333334,54.919666666666664,50.29833333333333,1.0340833333333335,1.4813333333333332,509.23333333333335,Central,4G,17.788142,76.369449,2022,82.31,Healthy,No Major Issue,1,0.08050386584090535,Normal
T1366,84.87758333333333,3.0683333333333334,112.84983333333334,34.25625,-82.69308333333333,69.63875,50.14125,3.520166666666667,5.094333333333334,447.85833333333335,Central,5G,28.638911,76.1119,2025,58.21,Critical,Connection Failures,-1,-0.19548882466930284,Anomaly
T1367,35.12933333333333,0.4888333333333333,122.36958333333334,34.24733333333334,-74.70358333333334,57.37741666666667,50.167249999999996,0.9505833333333332,1.4669166666666666,485.60833333333335,Central,4G,11.473912,70.803763,2021,81.66,Healthy,No Major Issue,1,0.09435091574266113,Normal
T1368,33.84816666666667,0.5251666666666667,116.69800000000001,35.549416666666666,-74.71458333333334,55.89833333333333,50.35491666666667,1.0115,1.5186666666666668,506.35,East,5G,28.38406,73.772679,2024,81.79,Healthy,No Major Issue,1,0.11785248472931642,Normal
T1369,33.91583333333333,0.5377500000000001,120.16066666666667,36.28958333333333,-75.63799999999999,55.357499999999995,50.559916666666666,1.0245833333333334,1.4439166666666667,492.325,West,4G,9.223191,71.974055,2021,81.43,Healthy,No Major Issue,1,0.05627180882251964,Normal
T1370,35.60466666666667,0.5195000000000001,124.39208333333333,35.568416666666664,-74.52516666666666,54.48475,50.41375,1.0029166666666667,1.5056666666666667,486.375,West,5G,12.021398,93.900819,2018,81.96,Healthy,No Major Issue,1,0.12334270504193073,Normal
T1371,35.41875,0.4895,120.3905,33.26466666666666,-76.01491666666668,54.52791666666667,48.933083333333336,0.9236666666666667,1.5079166666666666,486.15,East,5G,12.387555,96.727856,2020,81.4,Healthy,No Major Issue,1,0.08172449818086641,Normal
T1372,35.51175,0.4966666666666667,121.13875,35.54058333333333,-74.8025,54.501,50.13258333333333,1.0190833333333333,1.5058333333333331,497.9583333333333,Central,5G,21.697505,82.781709,2023,81.84,Healthy,No Major Issue,1,0.16430750459634413,Normal
T1373,35.70158333333333,0.5166666666666667,117.4215,35.72241666666666,-74.60125,56.32083333333333,49.676,1.00875,1.5741666666666667,495.2916666666667,Central,5G,20.8221,68.482472,2021,81.56,Healthy,No Major Issue,1,0.10762170327296822,Normal
T1374,35.59841666666667,0.5205,115.35091666666668,34.824083333333334,-74.31516666666667,55.781666666666666,50.7455,0.9669166666666666,1.48225,494.3666666666667,North,5G,23.759958,91.10589,2016,81.94,Healthy,No Major Issue,1,0.11669775878305583,Normal
T1375,34.9745,0.5070833333333333,120.11383333333333,35.81191666666667,-74.56533333333333,54.5125,50.20408333333333,1.0221666666666667,1.5296666666666667,498.575,Central,5G,15.169322,87.012138,2025,81.97,Healthy,No Major Issue,1,0.1662010922243558,Normal
T1376,33.5815,0.5183333333333333,118.02974999999999,35.2305,-75.20108333333333,55.975249999999996,50.479166666666664,0.97025,1.4458333333333333,499.01666666666665,Central,4G,27.477803,84.922175,2018,81.71,Healthy,No Major Issue,1,0.10495342656668177,Normal
T1377,34.72416666666666,0.4890833333333333,120.61699999999999,35.22591666666666,-75.45641666666667,53.5875,50.492666666666665,0.9840833333333333,1.4711666666666665,506.375,Central,5G,11.989944,87.74108,2016,81.84,Healthy,No Major Issue,1,0.12787887115218016,Normal
T1378,34.69625,0.5054166666666666,122.0025,36.12716666666667,-75.63000000000001,54.53308333333334,49.30625,1.0373333333333334,1.4834166666666666,496.01666666666665,Central,4G,13.151177,80.790118,2022,81.49,Healthy,No Major Issue,1,0.14480079398132206,Normal
T1379,34.47266666666667,0.4705833333333333,119.77066666666666,34.5815,-74.94516666666667,55.13108333333333,49.04625,1.0276666666666667,1.4860833333333334,486.65,South,5G,26.643507,79.900945,2025,81.84,Healthy,No Major Issue,1,0.10315144421608435,Normal
T1380,35.31525,0.492,120.47816666666667,34.72791666666667,-75.2075,52.49883333333333,51.235083333333336,0.9987499999999999,1.4468333333333334,493.15,West,4G,27.055931,83.041813,2024,82.06,Healthy,No Major Issue,1,0.11098611930319935,Normal
T1381,35.67658333333333,0.50775,122.53266666666667,33.550666666666665,-76.01866666666666,54.45041666666667,49.30733333333333,1.0013333333333334,1.5353333333333334,498.90833333333336,East,5G,22.187883,77.098825,2018,81.2,Healthy,No Major Issue,1,0.13450897058833017,Normal
T1382,33.724666666666664,0.4938333333333333,121.77641666666666,35.50291666666667,-74.67758333333333,56.05783333333333,50.446749999999994,1.0176666666666667,1.4210833333333333,485.85,West,5G,22.749377,87.600189,2020,81.94,Healthy,No Major Issue,1,0.08740768941590804,Normal
T1383,34.39433333333333,0.4974166666666667,121.14975,34.83058333333334,-76.09025,54.198166666666665,50.52008333333333,0.9339166666666667,1.4935833333333333,515.0916666666667,Central,5G,13.191133,75.149055,2024,81.5,Healthy,No Major Issue,1,0.07054125893169777,Normal
T1384,35.08416666666667,0.48825,120.646,33.95325,-75.23616666666666,54.57091666666667,49.577,0.95975,1.4510833333333333,496.55833333333334,East,4G,33.42011,96.485549,2020,81.82,Healthy,No Major Issue,1,0.14983141738725336,Normal
T1385,34.844,0.5239166666666667,121.79958333333335,34.35625,-74.76375,53.42916666666667,50.2265,0.9563333333333334,1.5525,505.15,South,5G,16.5601,78.115292,2020,82.08,Healthy,No Major Issue,1,0.11542462218253308,Normal
T1386,35.067249999999994,0.5099166666666667,121.24891666666667,34.849000000000004,-74.89091666666667,55.37683333333334,48.80591666666667,0.9894166666666667,1.4930833333333335,505.525,East,4G,23.483874,83.752535,2022,81.74,Healthy,No Major Issue,1,0.17359010524777324,Normal
T1387,35.542,0.5129166666666667,122.14458333333333,35.84475,-75.06358333333333,55.60483333333333,50.560833333333335,0.9941666666666666,1.5171666666666668,488.5416666666667,East,4G,15.842222,76.34128,2017,81.54,Healthy,No Major Issue,1,0.14823516875137993,Normal
T1388,34.73325,0.4829166666666667,116.50658333333334,34.29958333333333,-73.929,57.034083333333335,49.151666666666664,0.9960833333333333,1.5070000000000001,498.28333333333336,East,5G,25.711245,89.672816,2019,82.04,Healthy,No Major Issue,1,0.08552666825847588,Normal
T1389,34.734500000000004,0.4955833333333333,123.36541666666668,35.939499999999995,-75.05,55.56008333333333,50.144,0.9654166666666666,1.4765833333333334,492.89166666666665,South,5G,33.191646,88.188968,2018,81.75,Healthy,No Major Issue,1,0.16190798994789002,Normal
T1390,33.26841666666667,0.529,123.84441666666666,35.415,-75.51325,55.310833333333335,48.782333333333334,1.0847499999999999,1.5046666666666666,505.2,North,4G,14.546367,87.425185,2024,81.43,Healthy,No Major Issue,1,0.02952431176289405,Normal
T1391,35.21491666666667,0.4960833333333333,121.01841666666665,36.20491666666667,-74.92991666666667,55.1935,49.553666666666665,0.9693333333333333,1.5227499999999998,497.4166666666667,South,4G,9.41726,79.98574,2023,81.77,Healthy,No Major Issue,1,0.16683344253170074,Normal
T1392,35.282333333333334,0.5174166666666667,119.57941666666667,35.43325,-75.11541666666668,53.65933333333333,49.26591666666666,0.9994166666666667,1.4685833333333334,499.15,North,4G,8.139899,83.960224,2018,81.86,Healthy,No Major Issue,1,0.15048235697338402,Normal
T1393,36.36300000000001,0.4925833333333333,124.66525,34.89225,-75.21875,56.08133333333333,50.70675000000001,0.9246666666666666,1.4510833333333333,504.15833333333336,West,5G,20.89111,73.784223,2020,81.52,Healthy,No Major Issue,1,0.06956526042601785,Normal
T1394,34.595749999999995,0.5163333333333333,120.8275,34.928,-74.59016666666666,55.98516666666667,48.50516666666667,0.9581666666666667,1.5273333333333334,503.15833333333336,East,5G,25.439244,94.330172,2017,81.85,Healthy,No Major Issue,1,0.1390216021248663,Normal
T1395,36.002583333333334,0.48675,120.0505,34.03041666666667,-74.90416666666667,53.91291666666667,49.66366666666667,1.0538333333333332,1.4454166666666666,493.3833333333333,Central,4G,22.449111,88.970413,2016,81.86,Healthy,No Major Issue,1,0.09217527597866709,Normal
T1396,35.376333333333335,0.5265,120.12633333333333,36.156083333333335,-74.75283333333333,53.9705,50.44508333333333,1.00575,1.5211666666666666,508.525,South,5G,31.820614,73.097873,2016,81.91,Healthy,No Major Issue,1,0.1282765095415872,Normal
T1397,34.61408333333333,0.46508333333333335,119.14458333333333,35.2065,-74.97824999999999,55.64625,49.665,0.90925,1.4409999999999998,493.73333333333335,West,5G,13.030414,89.721093,2020,81.97,Healthy,No Major Issue,1,0.06111823482923001,Normal
T1398,35.043,0.49425,121.90566666666668,34.08166666666667,-74.98291666666667,56.09316666666667,49.714666666666666,1.0161666666666667,1.5098333333333334,494.78333333333336,North,4G,16.05659,85.480706,2021,81.57,Healthy,No Major Issue,1,0.1718124757271966,Normal
T1399,35.03841666666666,0.47158333333333335,122.58591666666666,35.785,-75.01216666666667,55.587833333333336,49.878166666666665,1.052,1.4638333333333333,498.60833333333335,East,5G,34.705686,83.755714,2023,81.67,Healthy,No Major Issue,1,0.12456693623987719,Normal
T1400,35.462250000000004,0.48200000000000004,117.32208333333332,35.54483333333334,-74.21358333333333,54.90891666666666,50.51191666666667,1.0103333333333333,1.6015833333333334,508.55,South,5G,15.366601,91.455602,2021,82.03,Healthy,No Major Issue,1,0.0695531414786047,Normal
T1401,33.900333333333336,0.5053333333333333,120.53791666666666,34.263083333333334,-75.11641666666667,54.50841666666667,49.94958333333333,1.0155833333333333,1.4800833333333334,511.46666666666664,South,5G,25.503704,88.839347,2016,81.86,Healthy,No Major Issue,1,0.14180357819115147,Normal
T1402,35.366166666666665,0.4909166666666667,120.82875,35.141333333333336,-73.9225,55.88316666666666,50.696000000000005,0.9776666666666667,1.4715,497.4916666666667,East,5G,23.330093,89.9612,2018,82.2,Healthy,No Major Issue,1,0.09850641517010006,Normal
T1403,35.33058333333334,0.5128333333333334,123.16458333333334,34.20908333333333,-75.52858333333333,53.934916666666666,49.3945,1.0018333333333334,1.4145833333333333,500.59166666666664,Central,5G,30.328725,82.943139,2017,81.67,Healthy,No Major Issue,1,0.11048061258489766,Normal
T1404,86.54575,3.0829999999999997,121.65616666666666,35.33391666666667,-82.53566666666667,70.627,50.98866666666667,3.5109166666666667,5.15,427.5833333333333,West,4G,12.989092,72.077744,2021,57.9,Critical,Connection Failures,-1,-0.14289622326404894,Anomaly
T1405,35.70841666666667,0.4983333333333333,120.59466666666667,34.91291666666667,-74.10333333333332,53.4,50.68116666666666,1.1056666666666668,1.5270000000000001,495.85,South,4G,15.041202,74.830116,2020,82.19,Healthy,No Major Issue,1,0.037846825549666785,Normal
T1406,33.961416666666665,0.50675,118.88975,34.21183333333333,-75.53741666666666,54.383500000000005,48.973499999999994,1.0274166666666666,1.5159999999999998,493.375,East,5G,23.72644,84.613443,2020,81.61,Healthy,No Major Issue,1,0.13469275326228775,Normal
T1407,35.283500000000004,0.47700000000000004,118.79433333333333,34.80583333333333,-74.45433333333334,55.927749999999996,51.118500000000004,1.0298333333333334,1.5344166666666665,502.34166666666664,East,4G,9.677357,71.428521,2020,81.82,Healthy,No Major Issue,1,0.12823487164994413,Normal
T1408,34.053916666666666,0.48366666666666663,115.67325,34.75358333333334,-74.24491666666667,54.48125,49.64008333333334,1.0489166666666667,1.4969999999999999,501.53333333333336,South,5G,26.523988,94.770074,2020,82.26,Healthy,No Major Issue,1,0.10667036656487949,Normal
T1409,33.94975,0.53225,120.6665,35.137166666666666,-74.68841666666667,53.14491666666667,50.15541666666666,1.0336666666666665,1.5190833333333333,498.2,North,5G,17.923685,74.404628,2018,82.15,Healthy,No Major Issue,1,0.07749542073443821,Normal
T1410,34.99066666666667,0.49974999999999997,119.74125000000001,35.571,-74.39241666666666,55.3975,49.76433333333333,1.0171666666666668,1.5155,502.31666666666666,West,4G,20.284424,96.676301,2021,81.95,Healthy,No Major Issue,1,0.1650725591775743,Normal
T1411,34.97408333333333,0.4994166666666667,120.63308333333333,35.104416666666665,-74.79883333333333,56.726083333333335,49.696000000000005,0.9956666666666667,1.5034999999999998,496.45,West,5G,28.448464,91.257855,2019,81.6,Healthy,No Major Issue,1,0.15665863012386688,Normal
T1412,34.900416666666665,0.48483333333333334,118.47158333333333,34.332,-75.61983333333333,56.43725,49.521499999999996,0.9630833333333333,1.4410833333333335,504.2083333333333,South,4G,22.18868,83.317021,2021,81.38,Healthy,No Major Issue,1,0.0975509569942552,Normal
T1413,35.90916666666667,0.49883333333333335,118.55066666666667,34.21516666666666,-75.17925,56.35825,49.60375,0.9935833333333334,1.4759166666666665,495.1333333333333,North,4G,9.667467,83.881828,2024,81.4,Healthy,No Major Issue,1,0.14954562461372262,Normal
T1414,34.3055,0.5054166666666666,116.60075,35.9645,-75.69733333333333,53.64666666666667,49.66775,1.0,1.5241666666666667,498.75,South,4G,12.442503,92.780094,2023,81.64,Healthy,No Major Issue,1,0.13618719780096206,Normal
T1415,35.03591666666667,0.51875,118.77166666666668,34.80283333333333,-75.093,54.09316666666667,50.323499999999996,0.9624166666666666,1.4155000000000002,499.725,North,4G,27.356785,82.176011,2024,81.94,Healthy,No Major Issue,1,0.11114681555688016,Normal
T1416,35.016333333333336,0.5124166666666666,121.25500000000001,35.82208333333333,-74.48125,54.418083333333335,50.09616666666667,1.0251666666666666,1.4969999999999999,495.40833333333336,West,4G,20.242672,82.884187,2023,82.04,Healthy,No Major Issue,1,0.1621240040666148,Normal
T1417,36.346333333333334,0.5178333333333334,120.71575,35.28208333333334,-75.53466666666667,54.909083333333335,50.153,0.9695,1.5136666666666665,485.7,Central,4G,23.087524,87.510264,2020,81.36,Healthy,No Major Issue,1,0.08757578604926186,Normal
T1418,34.553416666666664,0.49333333333333335,116.54716666666667,35.850833333333334,-74.65375,52.63975,49.827083333333334,0.9269999999999999,1.5890833333333334,499.76666666666665,North,5G,14.870345,68.087449,2019,82.36,Healthy,No Major Issue,1,0.048810330287149206,Normal
T1419,33.715,0.486,120.24041666666668,33.7465,-75.50933333333334,55.63,50.9995,0.9480000000000001,1.4715,504.4583333333333,Central,4G,9.222825,77.991337,2017,81.66,Healthy,No Major Issue,1,0.10563119224063927,Normal
T1420,34.88325,0.5095,121.52083333333333,34.69566666666667,-74.69624999999999,56.29666666666667,49.44941666666667,1.0473333333333334,1.48725,510.81666666666666,Central,4G,33.233736,70.001555,2023,81.64,Healthy,No Major Issue,1,0.14502438570256793,Normal
T1421,34.535,0.5018333333333334,121.73141666666668,34.40983333333334,-74.76283333333335,55.23475,50.629416666666664,1.0210833333333333,1.5235833333333333,501.44166666666666,North,5G,19.039407,90.30019,2022,81.82,Healthy,No Major Issue,1,0.1671930844027265,Normal
T1422,35.009750000000004,0.4653333333333334,122.15383333333332,34.02066666666666,-74.94975,52.43958333333333,49.81825,1.0239166666666668,1.48525,509.64166666666665,East,5G,20.110503,94.596337,2022,82.21,Healthy,No Major Issue,1,0.07900811765886373,Normal
T1423,35.287,0.5261666666666667,119.88166666666666,35.56058333333333,-75.17466666666665,54.80283333333333,50.156,0.98625,1.5208333333333333,505.2416666666667,West,4G,26.43372,87.191984,2024,81.61,Healthy,No Major Issue,1,0.1447332667650718,Normal
T1424,34.687416666666664,0.5055000000000001,118.09875000000001,33.79966666666667,-75.40358333333333,55.26641666666667,48.76766666666666,1.0717500000000002,1.5068333333333332,508.8333333333333,South,5G,11.203096,96.792557,2022,81.41,Healthy,No Major Issue,1,0.11866917450309156,Normal
T1425,34.8095,0.5109166666666667,117.79233333333333,34.657666666666664,-75.54183333333334,54.14116666666666,50.523916666666665,0.9920000000000001,1.37,505.30833333333334,Central,4G,27.65217,74.458016,2016,81.75,Healthy,No Major Issue,1,0.06658681058461424,Normal
T1426,35.01733333333333,0.50275,120.37033333333333,35.998583333333336,-75.15716666666667,56.26425,49.0975,0.9444166666666667,1.5435833333333333,503.725,North,5G,20.501105,88.853725,2022,81.51,Healthy,No Major Issue,1,0.13738338642027237,Normal
T1427,34.76466666666667,0.5365833333333333,117.19775,34.448499999999996,-75.18525,54.66741666666667,49.696333333333335,0.9339999999999999,1.4520833333333334,492.15833333333336,Central,5G,30.230732,75.177849,2021,81.8,Healthy,No Major Issue,1,0.08061101339661719,Normal
T1428,36.41983333333334,0.499,119.3115,33.1175,-74.64625,56.05766666666667,49.930166666666665,1.0214166666666666,1.5024166666666665,496.06666666666666,South,5G,13.088972,93.381037,2017,81.59,Healthy,No Major Issue,1,0.11594964009855824,Normal
T1429,35.12625,0.48883333333333334,120.10133333333333,35.26641666666667,-74.50158333333334,54.053583333333336,49.18866666666667,0.999,1.5063333333333333,505.375,North,5G,24.602927,95.1509,2016,82.15,Healthy,No Major Issue,1,0.15876351257043514,Normal
T1430,34.60616666666667,0.5227499999999999,121.4645,36.129416666666664,-75.02741666666667,53.53,50.178666666666665,1.0570833333333334,1.4586666666666666,504.7416666666667,South,4G,9.816854,85.22438,2023,81.91,Healthy,No Major Issue,1,0.09748274006302693,Normal
T1431,35.50516666666667,0.508,118.93825,34.11208333333333,-74.50675,55.203250000000004,50.00333333333333,0.99525,1.43,513.5583333333333,Central,4G,14.607822,69.282865,2023,81.98,Healthy,No Major Issue,1,0.11193367298019119,Normal
T1432,33.977333333333334,0.5148333333333334,119.68591666666666,36.17466666666667,-74.73341666666667,56.38108333333333,49.04416666666667,0.9870833333333333,1.4755833333333332,511.05,South,4G,28.368414,90.505845,2018,81.79,Healthy,No Major Issue,1,0.12282189323957926,Normal
T1433,35.39641666666667,0.5324166666666666,120.01283333333335,35.60275,-76.22891666666666,53.85541666666666,50.900333333333336,1.0182499999999999,1.4775833333333332,488.5833333333333,Central,5G,14.322361,94.575514,2025,81.2,Healthy,No Major Issue,1,0.0710439165714622,Normal
T1434,35.542500000000004,0.5125,121.10258333333333,35.48074999999999,-75.41191666666667,55.21391666666667,50.95491666666667,1.0196666666666667,1.5243333333333333,497.575,East,5G,14.396409,93.411491,2024,81.38,Healthy,No Major Issue,1,0.15750206029680724,Normal
T1435,34.88241666666667,0.5086666666666667,123.98375,35.574083333333334,-75.31466666666667,55.091,49.80925,0.9640833333333333,1.4261666666666666,508.6,South,5G,16.113526,69.767771,2025,81.7,Healthy,No Major Issue,1,0.12896145218352295,Normal
T1436,34.80333333333333,0.5456666666666667,122.06258333333334,34.408249999999995,-74.50566666666667,53.931666666666665,49.25216666666667,0.9644166666666667,1.53375,483.85833333333335,South,5G,23.007968,69.359639,2021,82.11,Healthy,No Major Issue,1,0.05501019763155879,Normal
T1437,34.82841666666666,0.45566666666666666,124.64875,35.489333333333335,-75.257,55.076,49.68091666666667,0.9814166666666666,1.4895833333333333,505.575,West,5G,26.800327,79.839516,2020,81.75,Healthy,No Major Issue,1,0.09865996666260479,Normal
T1438,35.14383333333333,0.4985,118.69191666666667,35.17941666666666,-74.79191666666667,55.95075,50.18925,0.929,1.4815,485.78333333333336,West,4G,28.369235,81.732046,2019,81.83,Healthy,No Major Issue,1,0.11464325245151835,Normal
T1439,34.217666666666666,0.5026666666666667,118.99991666666666,34.91116666666667,-74.81758333333333,55.909,50.6045,1.0031666666666665,1.4196666666666666,504.44166666666666,East,4G,29.755956,94.527494,2024,81.85,Healthy,No Major Issue,1,0.11863400754179315,Normal
T1440,35.54208333333334,0.48316666666666663,121.89833333333333,34.89841666666667,-74.84041666666667,54.37133333333334,49.423,0.9375,1.5589166666666665,495.2416666666667,West,5G,23.046742,71.88869,2019,81.94,Healthy,No Major Issue,1,0.11688871653943456,Normal
T1441,34.31275,0.4955833333333333,120.63083333333334,35.70783333333333,-74.66991666666667,53.90125,50.803999999999995,1.0393333333333332,1.5214166666666666,492.625,East,4G,16.917101,70.293043,2023,82.08,Healthy,No Major Issue,1,0.13268167778333417,Normal
T1442,34.63916666666667,0.5310833333333334,125.903,36.11133333333333,-75.20741666666666,52.85325,49.60116666666667,0.9668333333333333,1.4934166666666668,505.025,East,4G,22.462159,92.052782,2016,82.0,Healthy,No Major Issue,1,0.08229866955760218,Normal
T1443,34.82091666666667,0.5039166666666667,117.80225,34.21483333333333,-74.59941666666667,54.57458333333333,47.75275,0.9625,1.5726666666666667,508.775,East,5G,26.189142,85.484739,2017,82.01,Healthy,No Major Issue,1,0.1256772137774892,Normal
T1444,35.97083333333333,0.5136666666666667,119.59516666666667,34.48466666666666,-75.42941666666667,54.630916666666664,51.041000000000004,1.05575,1.5006666666666668,504.18333333333334,South,4G,20.943644,93.214742,2021,81.38,Healthy,No Major Issue,1,0.1153714072620452,Normal
T1445,86.74008333333333,3.0805000000000002,123.06341666666667,34.48433333333333,-83.0265,70.5985,49.92466666666667,3.6270000000000002,5.11875,436.81666666666666,East,4G,13.71881,73.510687,2017,57.5,Critical,Connection Failures,-1,-0.12252402924887684,Anomaly
T1446,35.843333333333334,0.4865833333333333,120.14266666666667,35.606833333333334,-75.28425,53.68875,50.36058333333333,1.0264166666666668,1.5209166666666667,508.55833333333334,West,4G,26.78191,88.409289,2022,81.69,Healthy,No Major Issue,1,0.12519468764981828,Normal
T1447,35.188250000000004,0.4906666666666667,123.06691666666667,36.099666666666664,-74.36141666666667,56.29891666666666,49.34225,0.9789166666666667,1.4974999999999998,490.225,South,5G,28.938875,79.039191,2024,81.91,Healthy,No Major Issue,1,0.1380847564766985,Normal
T1448,36.803416666666664,0.47200000000000003,117.58675,34.8085,-75.46225,54.87708333333333,49.13866666666667,0.9746666666666666,1.5093333333333334,497.3666666666667,East,5G,15.062164,82.87168,2023,81.44,Healthy,No Major Issue,1,0.07500625102355463,Normal
T1449,35.16541666666667,0.503,115.84641666666667,34.417833333333334,-75.74,54.70766666666667,49.01033333333333,0.9355833333333333,1.5959166666666667,492.45,West,4G,29.676049,88.949994,2021,81.4,Healthy,No Major Issue,1,0.0762236162906903,Normal
T1450,34.97058333333334,0.5025,120.97991666666667,34.16616666666666,-74.94325,56.633833333333335,49.74166666666667,0.9465833333333333,1.4920833333333334,487.35,South,5G,16.448895,69.325748,2019,81.62,Healthy,No Major Issue,1,0.13064513956194324,Normal
T1451,35.19416666666667,0.48591666666666666,118.32008333333333,35.35041666666667,-75.36558333333333,56.0015,50.748583333333336,0.9875,1.4678333333333333,497.8,South,4G,15.040901,95.107989,2025,81.48,Healthy,No Major Issue,1,0.147563231611818,Normal
T1452,33.660833333333336,0.49116666666666664,118.67058333333333,34.47541666666667,-75.29458333333334,53.88708333333333,48.615750000000006,0.999,1.5210000000000001,498.64166666666665,West,5G,12.115108,77.566093,2022,81.9,Healthy,No Major Issue,1,0.1289944941533373,Normal
T1453,35.75425,0.5290833333333333,120.51258333333334,34.417833333333334,-75.45708333333333,53.32525,50.482083333333335,0.9991666666666668,1.5574166666666664,490.21666666666664,Central,4G,21.48114,86.983631,2021,81.58,Healthy,No Major Issue,1,0.06965319521419766,Normal
T1454,33.99908333333333,0.5029166666666667,118.46608333333333,34.75658333333333,-74.9915,55.0615,49.66683333333333,0.9911666666666666,1.5234166666666666,507.69166666666666,East,5G,34.095723,86.609139,2023,81.83,Healthy,No Major Issue,1,0.15054463889473374,Normal
T1455,35.08458333333333,0.47866666666666663,115.73241666666667,35.3975,-75.50808333333333,53.88883333333333,49.939499999999995,1.0345,1.5165,483.21666666666664,West,4G,27.78485,78.213109,2018,81.63,Healthy,No Major Issue,1,0.08931694122076755,Normal
T1456,34.90983333333334,0.5243333333333333,119.52758333333333,35.17366666666667,-75.489,55.31341666666666,50.4535,1.0118333333333334,1.4847499999999998,504.225,Central,5G,12.96929,93.791571,2016,81.42,Healthy,No Major Issue,1,0.14837962991508868,Normal
T1457,35.63075,0.48508333333333337,118.67583333333333,35.8515,-75.12525000000001,55.566500000000005,50.10158333333333,0.9908333333333333,1.48025,497.775,Central,4G,30.654849,70.155582,2016,81.6,Healthy,No Major Issue,1,0.15266865641216398,Normal
T1458,35.280833333333334,0.4964166666666667,119.67425,35.60075,-74.96541666666667,55.649166666666666,50.08025,1.0316666666666667,1.5174999999999998,492.4,North,5G,11.712271,86.290348,2017,81.58,Healthy,No Major Issue,1,0.16065063960316145,Normal
T1459,33.773916666666665,0.4858333333333333,119.53166666666667,35.3355,-75.84349999999999,55.03508333333333,51.27166666666667,1.0285,1.4906666666666666,503.7916666666667,South,4G,13.905431,81.22428,2016,81.44,Healthy,No Major Issue,1,0.1099462428409731,Normal
T1460,34.535666666666664,0.52575,120.93533333333333,35.50875,-74.69824999999999,54.369083333333336,50.381166666666665,0.9681666666666667,1.4550833333333333,495.31666666666666,Central,5G,25.800677,68.456221,2024,82.08,Healthy,No Major Issue,1,0.12347027218951273,Normal
T1461,34.212916666666665,0.48983333333333334,120.25791666666667,34.3435,-75.50833333333334,54.870916666666666,50.205666666666666,0.9413333333333332,1.47325,480.96666666666664,Central,5G,8.319976,83.353112,2020,81.73,Healthy,No Major Issue,1,0.08275663131737093,Normal
T1462,35.11291666666667,0.47925,119.81041666666667,34.5475,-75.49741666666667,57.15816666666667,50.09025,1.0420833333333333,1.55625,515.1333333333333,Central,5G,8.46285,91.581559,2022,81.09,Healthy,No Major Issue,1,0.044505007385876594,Normal
T1463,34.535833333333336,0.5151666666666667,118.679,34.111333333333334,-74.39508333333333,55.691583333333334,50.59466666666666,1.0431666666666668,1.51475,482.8333333333333,South,4G,32.787319,83.207177,2019,81.89,Healthy,No Major Issue,1,0.10107051224668584,Normal
T1464,36.165,0.5117499999999999,120.41941666666666,34.16225,-75.528,55.41883333333333,50.12166666666667,1.0688333333333333,1.5416666666666667,495.39166666666665,South,5G,30.010789,75.752417,2022,81.14,Healthy,No Major Issue,1,0.09425535706665794,Normal
T1465,35.37533333333333,0.47558333333333336,119.10183333333333,33.40658333333333,-74.84358333333333,55.425666666666665,49.23866666666667,1.02875,1.45725,494.60833333333335,North,5G,33.90104,81.310935,2019,81.78,Healthy,No Major Issue,1,0.13402682209865163,Normal
T1466,35.67658333333333,0.4975,121.5925,35.134083333333336,-74.12816666666666,54.37483333333333,50.52183333333333,0.9874166666666666,1.4654166666666666,506.2,South,5G,26.469124,92.588146,2016,82.27,Healthy,No Major Issue,1,0.13080916614879812,Normal
T1467,34.84583333333333,0.46575,121.68508333333332,36.153,-75.00641666666667,54.61033333333333,48.486666666666665,0.9861666666666667,1.5550833333333334,503.55,North,5G,18.240129,84.028342,2016,81.85,Healthy,No Major Issue,1,0.111390841060937,Normal
T1468,34.63241666666667,0.5173333333333333,124.33983333333335,35.34741666666666,-75.10958333333333,56.18116666666666,49.87833333333333,1.0406666666666666,1.5690833333333332,492.1,North,4G,10.232525,92.514564,2021,81.39,Healthy,No Major Issue,1,0.10945452644368181,Normal
T1469,34.84341666666667,0.49875,119.477,36.34275,-75.507,54.222833333333334,48.64025,1.0155833333333333,1.4965,514.15,Central,4G,32.159363,94.655414,2019,81.61,Healthy,No Major Issue,1,0.13605078407205845,Normal
T1470,34.605333333333334,0.5269166666666667,119.80441666666667,35.129083333333334,-74.58075000000001,55.458666666666666,50.947,1.018,1.5253333333333332,504.09166666666664,South,5G,15.319566,94.800619,2020,81.82,Healthy,No Major Issue,1,0.13959804950124127,Normal
T1471,86.485,3.0920833333333335,121.84200000000001,35.61141666666666,-81.13525,68.58316666666666,51.19416666666667,3.56875,5.019,436.01666666666665,Central,4G,12.842572,92.6624,2016,58.94,Critical,Connection Failures,-1,-0.18855371820354094,Anomaly
T1472,85.93933333333332,3.07925,119.52433333333333,35.071000000000005,-83.18325,71.21291666666666,48.88791666666667,3.6165000000000003,5.109666666666667,431.53333333333336,South,4G,28.310871,88.668631,2022,57.44,Critical,Connection Failures,-1,-0.1269712272346435,Anomaly
T1473,34.62233333333334,0.5014166666666667,120.33099999999999,34.56216666666667,-74.68166666666666,56.56541666666667,49.39491666666667,1.0155,1.45225,493.8666666666667,North,5G,12.386157,74.973694,2022,81.73,Healthy,No Major Issue,1,0.1428749807434187,Normal
T1474,35.02425,0.505,121.35116666666666,34.25933333333333,-74.36916666666666,54.49983333333333,49.11875,1.0359166666666666,1.5397500000000002,494.725,Central,5G,18.363848,89.45261,2017,82.03,Healthy,No Major Issue,1,0.14148270909227828,Normal
T1475,34.92033333333334,0.5010833333333333,119.78666666666666,33.83075,-74.78758333333333,54.525083333333335,49.97658333333333,0.9845,1.5005,505.55,Central,5G,9.449804,80.675559,2017,81.96,Healthy,No Major Issue,1,0.17302453013825247,Normal
T1476,36.20783333333333,0.49291666666666667,119.15958333333333,34.30566666666667,-74.85708333333334,54.87533333333333,50.00933333333333,1.0225833333333332,1.5310833333333334,496.6,East,5G,34.160854,77.464923,2020,81.67,Healthy,No Major Issue,1,0.13812786668984833,Normal
T1477,34.3305,0.5206666666666667,120.53441666666666,35.309916666666666,-74.84125,53.59475,50.60341666666667,1.03,1.51875,502.975,West,5G,14.159737,84.038094,2022,82.0,Healthy,No Major Issue,1,0.13482993796372028,Normal
T1478,36.81483333333333,0.46308333333333335,118.46941666666666,33.47741666666666,-75.74958333333333,54.45216666666667,49.24333333333333,0.9830833333333333,1.5379166666666668,502.9916666666667,West,4G,26.351761,87.159485,2017,81.34,Healthy,No Major Issue,1,0.05036016948547234,Normal
T1479,34.939,0.52175,120.16550000000001,36.38558333333334,-75.07674999999999,53.40016666666667,50.10375,0.9838333333333333,1.4790833333333333,478.625,Central,5G,29.54749,88.680147,2017,81.96,Healthy,No Major Issue,1,0.05790302077873544,Normal
T1480,35.63525,0.48350000000000004,120.5945,34.730333333333334,-75.07858333333334,53.192083333333336,50.3075,1.054,1.4561666666666668,488.1666666666667,East,4G,18.26,90.732818,2018,81.91,Healthy,No Major Issue,1,0.08786958344730328,Normal
T1481,34.214666666666666,0.4715,116.95333333333333,35.072250000000004,-74.06966666666668,54.53875,49.24333333333333,1.0005,1.54925,501.35833333333335,West,5G,17.738906,70.654092,2020,82.37,Healthy,No Major Issue,1,0.09358253629959501,Normal
T1482,35.26616666666666,0.48233333333333334,121.86083333333333,35.32899999999999,-74.92633333333333,53.96641666666667,51.23341666666667,0.9926666666666667,1.4288333333333334,509.78333333333336,West,5G,28.556355,70.964711,2017,82.03,Healthy,No Major Issue,1,0.12211257963747313,Normal
T1483,35.55466666666667,0.5181666666666667,121.67108333333334,34.51841666666667,-74.98775,53.593833333333336,49.637166666666666,0.9783333333333334,1.47675,514.475,South,5G,20.118779,84.08746,2022,81.93,Healthy,No Major Issue,1,0.11066999417680667,Normal
T1484,34.61966666666667,0.5140833333333333,121.7925,35.011833333333335,-75.0415,55.45608333333333,49.59066666666667,1.0309166666666667,1.5204166666666665,507.0,North,4G,10.419709,84.072374,2025,81.6,Healthy,No Major Issue,1,0.15879171511031825,Normal
T1485,35.05191666666666,0.5294166666666666,122.71433333333333,35.20033333333333,-75.00858333333333,56.11308333333333,49.75183333333334,1.0218333333333334,1.3991666666666667,490.55,Central,5G,31.320391,68.357878,2022,81.58,Healthy,No Major Issue,1,0.09431185094066197,Normal
T1486,35.14658333333333,0.47550000000000003,118.541,34.77625,-75.033,55.692249999999994,50.47775,0.9915,1.5114166666666666,494.8833333333333,West,4G,27.570784,84.22656,2019,81.67,Healthy,No Major Issue,1,0.14535524415558948,Normal
T1487,35.30958333333333,0.50175,118.67583333333333,33.067083333333336,-75.86358333333332,55.058166666666665,49.96808333333333,0.9220833333333334,1.5092500000000002,505.85,Central,4G,26.503532,72.915551,2020,81.38,Healthy,No Major Issue,1,0.11293891165604919,Normal
T1488,34.50241666666667,0.5145833333333333,121.99583333333334,34.880833333333335,-74.80483333333333,54.370916666666666,50.399,0.9230833333333333,1.4344999999999999,499.275,East,5G,21.314346,69.834747,2022,82.14,Healthy,No Major Issue,1,0.10674925781508027,Normal
T1489,33.56725,0.4968333333333333,115.65308333333334,34.654,-74.48158333333335,54.5705,49.44375,1.088,1.5181666666666667,509.375,East,5G,16.093311,90.697332,2021,82.07,Healthy,No Major Issue,1,0.0695412755819999,Normal
T1490,34.645250000000004,0.49225,127.10308333333334,34.80016666666667,-74.46408333333333,53.725,50.098,1.0101666666666667,1.4665,512.2083333333334,East,4G,27.464285,82.378271,2025,82.28,Healthy,No Major Issue,1,0.12493056070749942,Normal
T1491,33.68033333333333,0.5218333333333333,117.79291666666667,34.26233333333333,-75.20258333333332,55.23266666666667,49.317249999999994,1.0019166666666668,1.4630833333333333,502.65,South,5G,10.888254,76.835082,2022,81.74,Healthy,No Major Issue,1,0.12889210308286386,Normal
T1492,34.67766666666667,0.53,122.06641666666665,34.9025,-74.41958333333334,54.25741666666667,50.15566666666667,1.053,1.5375833333333333,491.2916666666667,East,5G,29.710064,77.55671,2021,82.01,Healthy,No Major Issue,1,0.09124230515730086,Normal
T1493,35.17241666666666,0.5108333333333334,122.57383333333334,34.58291666666666,-75.4095,56.68833333333334,49.70016666666667,1.00575,1.5438333333333332,498.75,West,4G,16.111753,85.493127,2019,81.2,Healthy,No Major Issue,1,0.13772612048175403,Normal
T1494,35.214166666666664,0.5125833333333333,123.17408333333333,34.39808333333334,-75.31766666666667,55.1295,49.49933333333333,1.015,1.5279166666666666,495.325,West,5G,12.796206,79.548948,2021,81.47,Healthy,No Major Issue,1,0.16521378139248477,Normal
T1495,85.58016666666667,3.0729166666666665,117.91775000000001,35.075,-82.30958333333334,71.1935,49.868249999999996,3.6079999999999997,5.064916666666666,448.4,East,5G,34.129603,90.677257,2021,57.99,Critical,Connection Failures,-1,-0.16865302364776402,Anomaly
T1496,35.198166666666665,0.5065000000000001,117.37425,36.040333333333336,-74.48616666666666,55.51958333333334,49.55050000000001,0.97375,1.4603333333333335,508.81666666666666,West,5G,30.045352,79.395119,2017,81.98,Healthy,No Major Issue,1,0.15519336643177867,Normal
T1497,35.438250000000004,0.5373333333333333,120.58024999999999,34.77341666666667,-74.97708333333334,56.6575,49.068416666666664,0.9585,1.4535833333333334,508.53333333333336,Central,4G,23.99013,83.823243,2024,81.5,Healthy,No Major Issue,1,0.07891905584260178,Normal
T1498,34.83058333333334,0.492,122.45608333333332,35.57641666666667,-75.13075,52.22633333333333,48.98566666666667,1.02775,1.54675,507.325,North,5G,33.460323,74.079803,2020,82.05,Healthy,No Major Issue,1,0.08553390850269244,Normal
T1499,35.949083333333334,0.5410833333333334,120.54825000000001,34.30433333333334,-74.83933333333333,55.05466666666667,48.70583333333333,0.9948333333333333,1.5091666666666665,497.14166666666665,North,5G,26.170397,72.036195,2020,81.64,Healthy,No Major Issue,1,0.09722715475596239,Normal
