customer_id,tower_id,region,plan,monthly_revenue,data_usage_gb,complaint_count
C00001,T1040,North,Premium,799,29.96,0
C00002,T1491,South,Unlimited,1199,13.72,2
C00003,T1081,Central,Standard,499,15.01,1
C00004,T1289,Central,Standard,499,30.17,0
C00005,T1373,Central,Basic,299,40.56,0
C00006,T1304,West,Basic,299,27.2,1
C00007,T1276,West,Premium,799,0.0,2
C00008,T1461,Central,Premium,799,25.79,2
C00009,T1054,West,Basic,299,17.61,0
C00010,T1252,North,Premium,799,5.52,1
C00011,T1374,North,Basic,299,17.43,2
C00012,T1341,West,Basic,299,35.01,1
C00013,T1455,West,Standard,499,16.79,0
C00014,T1051,Central,Basic,299,15.75,1
C00015,T1051,Central,Unlimited,1199,28.96,0
C00016,T1398,North,Unlimited,1199,14.53,0
C00017,T1048,Central,Basic,299,22.06,1
C00018,T1072,East,Premium,799,39.2,2
C00019,T1412,South,Premium,799,28.55,1
C00020,T1360,East,Unlimited,1199,25.86,2
C00021,T1349,Central,Unlimited,1199,25.28,0
C00022,T1027,North,Standard,499,24.18,2
C00023,T1086,South,Basic,299,27.12,2
C00024,T1207,South,Premium,799,8.58,3
C00025,T1470,South,Standard,499,29.65,1
C00026,T1161,Central,Premium,799,20.65,3
C00027,T1357,North,Basic,299,27.08,2
C00028,T1349,Central,Standard,499,41.37,0
C00029,T1000,North,Basic,299,23.55,1
C00030,T1341,West,Standard,499,31.85,1
C00031,T1093,West,Unlimited,1199,11.48,2
C00032,T1461,Central,Premium,799,49.34,1
C00033,T1401,South,Premium,799,15.57,1
C00034,T1446,West,Basic,299,17.67,1
C00035,T1005,North,Standard,499,25.68,2
C00036,T1440,West,Unlimited,1199,20.88,0
C00037,T1388,East,Basic,299,18.01,0
C00038,T1040,North,Premium,799,11.35,0
C00039,T1056,South,Premium,799,22.87,2
C00040,T1109,East,Standard,499,31.07,2
C00041,T1464,South,Premium,799,39.33,1
C00042,T1494,West,Premium,799,11.15,1
C00043,T1225,Central,Premium,799,18.23,1
C00044,T1016,East,Unlimited,1199,13.48,0
C00045,T1144,East,Basic,299,31.07,0
C00046,T1489,East,Unlimited,1199,19.67,0
C00047,T1051,Central,Unlimited,1199,21.9,1
C00048,T1360,East,Standard,499,23.7,1
C00049,T1432,South,Standard,499,16.45,0
C00050,T1237,Central,Basic,299,32.67,0
C00051,T1476,East,Premium,799,23.54,1
C00052,T1362,East,Premium,799,10.96,0
C00053,T1329,South,Basic,299,31.09,1
C00054,T1467,North,Standard,499,24.9,2
C00055,T1341,West,Basic,299,30.7,1
C00056,T1024,North,Basic,299,13.43,0
C00057,T1201,Central,Premium,799,30.63,2
C00058,T1490,East,Standard,499,15.49,2
C00059,T1496,West,Premium,799,25.23,0
C00060,T1395,Central,Basic,299,17.01,1
C00061,T1104,South,Basic,299,22.24,1
C00062,T1001,North,Premium,799,21.09,2
C00063,T1178,Central,Standard,499,43.08,1
C00064,T1480,East,Basic,299,31.7,1
C00065,T1449,West,Standard,499,50.45,1
C00066,T1219,South,Basic,299,28.89,0
C00067,T1259,Central,Premium,799,17.65,3
C00068,T1036,Central,Premium,799,21.3,0
C00069,T1320,South,Basic,299,42.85,2
C00070,T1489,East,Standard,499,33.92,2
C00071,T1334,North,Premium,799,38.1,1
C00072,T1450,South,Standard,499,20.59,0
C00073,T1491,South,Premium,799,18.16,0
C00074,T1177,West,Standard,499,19.62,0
C00075,T1465,North,Premium,799,29.73,0
C00076,T1351,East,Premium,799,15.08,1
C00077,T1075,East,Basic,299,28.38,4
C00078,T1185,West,Unlimited,1199,27.82,2
C00079,T1036,Central,Basic,299,14.4,0
C00080,T1030,South,Unlimited,1199,17.57,0
C00081,T1493,West,Unlimited,1199,36.03,3
C00082,T1291,West,Basic,299,22.41,3
C00083,T1329,South,Basic,299,34.16,0
C00084,T1203,North,Unlimited,1199,39.29,1
C00085,T1482,West,Basic,299,29.5,1
C00086,T1037,South,Unlimited,1199,34.94,4
C00087,T1244,North,Premium,799,29.01,1
C00088,T1022,Central,Standard,499,40.59,0
C00089,T1245,Central,Premium,799,35.93,5
C00090,T1366,Central,Standard,499,32.52,4
C00091,T1291,West,Premium,799,23.53,2
C00092,T1157,Central,Premium,799,34.7,0
C00093,T1441,East,Standard,499,33.02,4
C00094,T1010,East,Basic,299,21.31,0
C00095,T1201,Central,Unlimited,1199,40.69,1
C00096,T1234,East,Unlimited,1199,36.34,3
C00097,T1388,East,Standard,499,23.91,1
C00098,T1171,Central,Premium,799,36.83,0
C00099,T1004,South,Standard,499,30.95,2
C00100,T1082,Central,Premium,799,3.41,1
C00101,T1424,South,Basic,299,4.28,0
C00102,T1037,South,Unlimited,1199,19.58,2
C00103,T1194,Central,Premium,799,52.03,0
C00104,T1130,South,Standard,499,11.17,1
C00105,T1460,Central,Unlimited,1199,46.32,4
C00106,T1094,Central,Premium,799,36.5,2
C00107,T1054,West,Unlimited,1199,17.41,0
C00108,T1275,Central,Premium,799,26.99,1
C00109,T1094,Central,Basic,299,25.39,1
C00110,T1321,East,Standard,499,43.25,3
C00111,T1338,West,Standard,499,28.53,1
C00112,T1112,North,Standard,499,15.68,1
C00113,T1157,Central,Premium,799,21.68,3
C00114,T1438,West,Basic,299,27.0,0
C00115,T1035,South,Basic,299,21.59,1
C00116,T1377,Central,Basic,299,33.45,4
C00117,T1292,South,Basic,299,11.56,0
C00118,T1329,South,Unlimited,1199,29.74,3
C00119,T1429,North,Basic,299,49.34,1
C00120,T1182,West,Standard,499,38.77,0
C00121,T1002,South,Unlimited,1199,19.08,0
C00122,T1261,North,Premium,799,13.68,0
C00123,T1124,East,Basic,299,18.01,2
C00124,T1077,East,Basic,299,33.82,1
C00125,T1045,West,Unlimited,1199,4.84,1
C00126,T1201,Central,Unlimited,1199,37.12,0
C00127,T1112,North,Standard,499,34.27,2
C00128,T1315,West,Basic,299,22.87,2
C00129,T1144,East,Premium,799,38.93,0
C00130,T1490,East,Unlimited,1199,34.6,2
C00131,T1171,Central,Unlimited,1199,13.34,2
C00132,T1165,East,Standard,499,0.0,2
C00133,T1044,North,Standard,499,16.5,0
C00134,T1303,North,Unlimited,1199,15.98,0
C00135,T1159,North,Standard,499,20.86,1
C00136,T1202,East,Basic,299,34.68,1
C00137,T1118,North,Standard,499,14.5,1
C00138,T1214,South,Standard,499,43.01,1
C00139,T1452,West,Standard,499,39.96,1
C00140,T1234,East,Premium,799,48.15,1
C00141,T1181,West,Standard,499,36.96,0
C00142,T1039,West,Premium,799,38.5,0
C00143,T1236,East,Unlimited,1199,18.01,2
C00144,T1455,West,Basic,299,22.01,1
C00145,T1355,South,Standard,499,46.97,0
C00146,T1000,North,Unlimited,1199,19.6,0
C00147,T1058,Central,Basic,299,12.62,0
C00148,T1410,West,Premium,799,19.82,0
C00149,T1431,Central,Standard,499,28.1,0
C00150,T1115,North,Basic,299,34.19,1
C00151,T1092,West,Standard,499,16.16,0
C00152,T1220,South,Standard,499,27.02,2
C00153,T1050,North,Standard,499,21.33,2
C00154,T1034,North,Premium,799,20.52,0
C00155,T1464,South,Basic,299,36.04,0
C00156,T1267,East,Unlimited,1199,42.63,3
C00157,T1370,West,Basic,299,24.61,1
C00158,T1351,East,Premium,799,19.86,0
C00159,T1289,Central,Basic,299,36.94,4
C00160,T1222,Central,Basic,299,35.24,0
C00161,T1395,Central,Basic,299,13.93,2
C00162,T1257,Central,Unlimited,1199,24.24,2
C00163,T1108,South,Premium,799,27.24,0
C00164,T1170,West,Basic,299,24.13,1
C00165,T1373,Central,Premium,799,24.82,0
C00166,T1291,West,Unlimited,1199,20.29,0
C00167,T1353,West,Unlimited,1199,34.47,1
C00168,T1085,West,Basic,299,37.31,0
C00169,T1195,North,Basic,299,27.08,3
C00170,T1362,East,Basic,299,19.08,1
C00171,T1384,East,Premium,799,7.21,0
C00172,T1469,Central,Standard,499,37.19,0
C00173,T1245,Central,Standard,499,23.41,1
C00174,T1280,South,Unlimited,1199,28.46,2
C00175,T1311,East,Standard,499,43.26,1
C00176,T1260,West,Unlimited,1199,35.32,2
C00177,T1460,Central,Standard,499,10.04,2
C00178,T1411,West,Premium,799,35.99,4
C00179,T1169,West,Premium,799,30.43,0
C00180,T1443,East,Basic,299,19.3,1
C00181,T1336,East,Basic,299,20.76,0
C00182,T1263,Central,Standard,499,30.79,1
C00183,T1086,South,Unlimited,1199,24.35,1
C00184,T1083,South,Basic,299,24.29,0
C00185,T1027,North,Standard,499,28.64,0
C00186,T1282,North,Standard,499,12.32,1
C00187,T1314,North,Premium,799,27.14,0
C00188,T1274,North,Standard,499,40.07,0
C00189,T1320,South,Standard,499,4.37,0
C00190,T1069,South,Standard,499,38.76,1
C00191,T1030,South,Premium,799,27.96,1
C00192,T1045,West,Premium,799,31.04,1
C00193,T1142,North,Unlimited,1199,34.6,1
C00194,T1142,North,Standard,499,39.24,2
C00195,T1374,North,Standard,499,18.88,0
C00196,T1473,North,Basic,299,44.21,1
C00197,T1033,Central,Unlimited,1199,28.06,3
C00198,T1498,North,Premium,799,20.91,1
C00199,T1295,West,Standard,499,33.68,0
C00200,T1358,South,Basic,299,23.58,1
C00201,T1344,East,Standard,499,33.74,4
C00202,T1376,Central,Basic,299,20.74,0
C00203,T1065,Central,Basic,299,29.24,0
C00204,T1324,North,Standard,499,33.39,1
C00205,T1025,North,Premium,799,30.51,1
C00206,T1479,Central,Standard,499,16.58,1
C00207,T1112,North,Standard,499,37.54,1
C00208,T1066,West,Unlimited,1199,28.59,2
C00209,T1254,South,Premium,799,12.28,1
C00210,T1435,South,Standard,499,24.36,0
C00211,T1356,West,Basic,299,28.75,1
C00212,T1124,East,Premium,799,36.52,1
C00213,T1367,Central,Standard,499,31.18,0
C00214,T1021,West,Standard,499,29.4,0
C00215,T1257,Central,Basic,299,16.06,0
C00216,T1213,Central,Premium,799,43.68,1
C00217,T1453,Central,Basic,299,39.75,0
C00218,T1208,East,Premium,799,40.11,2
C00219,T1202,East,Standard,499,15.31,0
C00220,T1001,North,Basic,299,6.06,1
C00221,T1176,South,Standard,499,23.63,1
C00222,T1478,West,Unlimited,1199,22.83,2
C00223,T1233,West,Unlimited,1199,24.14,2
C00224,T1182,West,Unlimited,1199,28.65,0
C00225,T1462,Central,Basic,299,21.83,1
C00226,T1312,West,Standard,499,19.87,1
C00227,T1067,East,Basic,299,22.75,1
C00228,T1350,Central,Basic,299,22.75,1
C00229,T1333,North,Standard,499,48.3,2
C00230,T1306,East,Basic,299,46.97,6
C00231,T1349,Central,Basic,299,21.84,0
C00232,T1240,East,Premium,799,8.45,2
C00233,T1193,South,Basic,299,23.43,3
C00234,T1298,South,Standard,499,42.35,2
C00235,T1483,South,Basic,299,34.72,1
C00236,T1134,South,Standard,499,29.75,0
C00237,T1431,Central,Premium,799,4.28,1
C00238,T1034,North,Unlimited,1199,52.29,1
C00239,T1200,East,Standard,499,17.98,1
C00240,T1077,East,Basic,299,28.05,0
C00241,T1410,West,Standard,499,33.3,1
C00242,T1480,East,Basic,299,34.56,1
C00243,T1214,South,Unlimited,1199,17.38,1
C00244,T1256,West,Basic,299,31.01,1
C00245,T1187,South,Unlimited,1199,10.05,0
C00246,T1285,North,Premium,799,28.8,1
C00247,T1496,West,Unlimited,1199,33.14,1
C00248,T1430,South,Unlimited,1199,19.45,1
C00249,T1235,North,Basic,299,11.24,0
C00250,T1196,Central,Standard,499,33.81,2
C00251,T1358,South,Unlimited,1199,32.91,0
C00252,T1476,East,Standard,499,21.64,1
C00253,T1043,West,Unlimited,1199,16.36,0
C00254,T1185,West,Premium,799,33.13,3
C00255,T1030,South,Premium,799,34.16,2
C00256,T1297,Central,Premium,799,29.05,1
C00257,T1398,North,Premium,799,21.83,1
C00258,T1153,West,Basic,299,21.95,0
C00259,T1225,Central,Unlimited,1199,34.44,1
C00260,T1200,East,Standard,499,38.43,0
C00261,T1350,Central,Premium,799,22.27,1
C00262,T1309,East,Standard,499,6.16,1
C00263,T1367,Central,Standard,499,24.49,1
C00264,T1290,South,Unlimited,1199,20.55,0
C00265,T1176,South,Basic,299,28.42,1
C00266,T1154,Central,Unlimited,1199,38.44,5
C00267,T1085,West,Unlimited,1199,8.16,0
C00268,T1097,Central,Standard,499,21.76,1
C00269,T1433,Central,Standard,499,30.18,0
C00270,T1197,Central,Standard,499,24.83,0
C00271,T1222,Central,Basic,299,24.25,2
C00272,T1045,West,Premium,799,24.99,3
C00273,T1495,East,Standard,499,21.38,4
C00274,T1110,East,Unlimited,1199,24.79,0
C00275,T1340,North,Standard,499,13.73,2
C00276,T1470,South,Premium,799,13.93,0
C00277,T1481,West,Premium,799,26.72,2
C00278,T1136,South,Standard,499,20.23,0
C00279,T1051,Central,Basic,299,36.3,0
C00280,T1273,North,Unlimited,1199,33.51,5
C00281,T1486,West,Basic,299,29.95,1
C00282,T1378,Central,Unlimited,1199,36.97,0
C00283,T1075,East,Standard,499,22.37,1
C00284,T1370,West,Premium,799,39.46,0
C00285,T1464,South,Basic,299,19.83,1
C00286,T1336,East,Unlimited,1199,13.01,1
C00287,T1134,South,Standard,499,31.49,1
C00288,T1102,North,Premium,799,33.28,1
C00289,T1412,South,Standard,499,22.69,1
C00290,T1454,East,Standard,499,2.5,2
C00291,T1368,East,Premium,799,25.91,0
C00292,T1484,North,Unlimited,1199,0.0,3
C00293,T1498,North,Standard,499,0.0,2
C00294,T1455,West,Premium,799,18.91,1
C00295,T1341,West,Basic,299,14.21,3
C00296,T1186,East,Standard,499,27.87,0
C00297,T1115,North,Standard,499,31.25,0
C00298,T1133,South,Standard,499,25.91,0
C00299,T1486,West,Basic,299,31.43,0
C00300,T1414,South,Standard,499,16.39,2
C00301,T1039,West,Basic,299,33.22,0
C00302,T1361,West,Premium,799,20.68,1
C00303,T1434,East,Unlimited,1199,29.91,1
C00304,T1207,South,Basic,299,24.98,1
C00305,T1191,Central,Premium,799,39.26,0
C00306,T1189,West,Unlimited,1199,38.93,1
C00307,T1398,North,Unlimited,1199,10.32,2
C00308,T1469,Central,Premium,799,35.02,1
C00309,T1255,Central,Premium,799,34.03,2
C00310,T1407,East,Unlimited,1199,13.16,1
C00311,T1205,Central,Premium,799,16.41,4
C00312,T1484,North,Standard,499,29.97,1
C00313,T1184,South,Standard,499,18.19,4
C00314,T1189,West,Unlimited,1199,37.11,1
C00315,T1438,West,Premium,799,22.25,0
C00316,T1201,Central,Unlimited,1199,30.78,2
C00317,T1476,East,Unlimited,1199,13.6,0
C00318,T1492,East,Basic,299,33.19,1
C00319,T1220,South,Standard,499,22.29,1
C00320,T1463,South,Premium,799,17.35,1
C00321,T1064,Central,Basic,299,29.22,0
C00322,T1090,South,Premium,799,16.13,1
C00323,T1146,South,Premium,799,26.69,2
C00324,T1011,East,Basic,299,19.29,0
C00325,T1293,North,Premium,799,16.79,1
C00326,T1473,North,Premium,799,11.06,0
C00327,T1260,West,Basic,299,9.27,4
C00328,T1417,Central,Premium,799,16.65,2
C00329,T1094,Central,Unlimited,1199,27.21,0
C00330,T1305,Central,Standard,499,46.62,0
C00331,T1165,East,Premium,799,33.96,3
C00332,T1294,Central,Unlimited,1199,21.85,2
C00333,T1203,North,Premium,799,28.14,0
C00334,T1432,South,Unlimited,1199,21.64,0
C00335,T1093,West,Basic,299,27.54,1
C00336,T1436,South,Standard,499,23.44,2
C00337,T1006,Central,Unlimited,1199,21.86,1
C00338,T1445,East,Premium,799,31.36,2
C00339,T1122,Central,Premium,799,30.3,0
C00340,T1397,West,Basic,299,16.89,3
C00341,T1136,South,Standard,499,22.95,1
C00342,T1197,Central,Basic,299,25.75,0
C00343,T1477,West,Premium,799,17.94,1
C00344,T1026,South,Premium,799,29.05,0
C00345,T1333,North,Standard,499,20.9,0
C00346,T1126,West,Standard,499,20.1,1
C00347,T1481,West,Unlimited,1199,35.16,2
C00348,T1418,North,Basic,299,25.68,1
C00349,T1154,Central,Premium,799,24.09,1
C00350,T1453,Central,Premium,799,28.67,2
C00351,T1109,East,Basic,299,25.37,1
C00352,T1231,West,Unlimited,1199,24.11,1
C00353,T1112,North,Unlimited,1199,32.2,1
C00354,T1115,North,Basic,299,9.92,1
C00355,T1492,East,Basic,299,35.48,0
C00356,T1015,North,Basic,299,36.45,1
C00357,T1253,East,Premium,799,9.32,1
C00358,T1470,South,Standard,499,26.8,1
C00359,T1072,East,Basic,299,33.33,0
C00360,T1040,North,Premium,799,25.19,2
C00361,T1373,Central,Unlimited,1199,20.35,2
C00362,T1047,West,Premium,799,32.26,2
C00363,T1162,North,Standard,499,31.98,0
C00364,T1107,Central,Premium,799,39.57,1
C00365,T1417,Central,Premium,799,25.11,2
C00366,T1378,Central,Standard,499,1.99,0
C00367,T1221,North,Unlimited,1199,32.39,3
C00368,T1132,East,Premium,799,43.6,0
C00369,T1432,South,Unlimited,1199,29.58,2
C00370,T1024,North,Basic,299,15.98,0
C00371,T1254,South,Standard,499,19.39,1
C00372,T1329,South,Standard,499,17.25,4
C00373,T1445,East,Basic,299,33.41,5
C00374,T1210,East,Premium,799,27.01,1
C00375,T1448,East,Standard,499,21.14,0
C00376,T1113,South,Unlimited,1199,23.09,1
C00377,T1236,East,Unlimited,1199,11.14,0
C00378,T1067,East,Unlimited,1199,24.38,0
C00379,T1204,West,Premium,799,9.04,2
C00380,T1208,East,Standard,499,27.17,0
C00381,T1099,North,Unlimited,1199,30.49,1
C00382,T1001,North,Basic,299,11.41,1
C00383,T1142,North,Basic,299,25.45,2
C00384,T1330,North,Basic,299,43.03,0
C00385,T1473,North,Premium,799,27.99,1
C00386,T1417,Central,Standard,499,22.45,0
C00387,T1416,West,Unlimited,1199,17.54,1
C00388,T1477,West,Basic,299,14.96,1
C00389,T1012,Central,Premium,799,30.13,0
C00390,T1166,North,Basic,299,22.4,3
C00391,T1018,East,Basic,299,18.2,4
C00392,T1247,Central,Standard,499,23.35,0
C00393,T1373,Central,Standard,499,15.56,3
C00394,T1033,Central,Premium,799,22.71,1
C00395,T1095,Central,Premium,799,22.28,0
C00396,T1237,Central,Standard,499,37.68,2
C00397,T1061,South,Unlimited,1199,8.39,1
C00398,T1013,West,Premium,799,19.67,0
C00399,T1116,East,Basic,299,15.96,1
C00400,T1393,West,Standard,499,34.14,2
C00401,T1390,North,Unlimited,1199,43.19,1
C00402,T1270,North,Basic,299,13.39,3
C00403,T1253,East,Standard,499,25.17,2
C00404,T1465,North,Basic,299,21.68,1
C00405,T1101,West,Basic,299,32.72,0
C00406,T1101,West,Unlimited,1199,23.17,2
C00407,T1318,East,Premium,799,30.77,2
C00408,T1179,North,Standard,499,12.28,1
C00409,T1265,South,Unlimited,1199,31.63,0
C00410,T1090,South,Basic,299,19.18,0
C00411,T1307,West,Standard,499,32.05,2
C00412,T1294,Central,Unlimited,1199,5.9,1
C00413,T1401,South,Standard,499,19.72,0
C00414,T1176,South,Standard,499,30.74,1
C00415,T1368,East,Premium,799,36.48,1
C00416,T1494,West,Premium,799,19.62,1
C00417,T1423,West,Standard,499,33.17,0
C00418,T1465,North,Standard,499,21.3,0
C00419,T1075,East,Standard,499,16.0,3
C00420,T1077,East,Unlimited,1199,18.29,0
C00421,T1116,East,Standard,499,18.87,3
C00422,T1457,Central,Standard,499,24.44,2
C00423,T1000,North,Premium,799,11.26,0
C00424,T1186,East,Unlimited,1199,25.85,0
C00425,T1353,West,Standard,499,25.34,1
C00426,T1400,South,Premium,799,32.71,2
C00427,T1115,North,Standard,499,38.6,1
C00428,T1116,East,Unlimited,1199,33.56,0
C00429,T1218,North,Basic,299,20.48,1
C00430,T1259,Central,Premium,799,30.22,3
C00431,T1240,East,Unlimited,1199,19.42,2
C00432,T1046,East,Basic,299,39.9,2
C00433,T1282,North,Unlimited,1199,19.06,0
C00434,T1023,East,Standard,499,17.0,2
C00435,T1199,West,Unlimited,1199,28.59,1
C00436,T1403,Central,Basic,299,27.59,0
C00437,T1391,South,Standard,499,15.99,2
C00438,T1424,South,Standard,499,28.5,1
C00439,T1195,North,Basic,299,22.75,1
C00440,T1050,North,Basic,299,32.0,1
C00441,T1251,West,Basic,299,32.32,2
C00442,T1079,Central,Unlimited,1199,24.12,3
C00443,T1051,Central,Premium,799,22.9,4
C00444,T1330,North,Standard,499,22.38,0
C00445,T1457,Central,Standard,499,16.61,1
C00446,T1361,West,Basic,299,27.66,0
C00447,T1493,West,Unlimited,1199,21.12,0
C00448,T1341,West,Unlimited,1199,30.13,0
C00449,T1472,South,Premium,799,12.58,5
C00450,T1440,West,Premium,799,7.36,2
C00451,T1399,East,Unlimited,1199,18.14,1
C00452,T1244,North,Standard,499,29.83,2
C00453,T1166,North,Unlimited,1199,23.61,4
C00454,T1385,South,Premium,799,25.19,0
C00455,T1067,East,Standard,499,12.0,0
C00456,T1107,Central,Standard,499,25.55,2
C00457,T1353,West,Standard,499,21.86,4
C00458,T1072,East,Standard,499,12.37,1
C00459,T1470,South,Basic,299,40.98,1
C00460,T1324,North,Basic,299,31.97,0
C00461,T1386,East,Premium,799,30.3,0
C00462,T1129,West,Standard,499,28.09,4
C00463,T1286,West,Standard,499,25.56,3
C00464,T1367,Central,Standard,499,27.78,3
C00465,T1091,North,Premium,799,16.75,0
C00466,T1207,South,Basic,299,22.16,1
C00467,T1193,South,Standard,499,33.29,5
C00468,T1172,East,Standard,499,33.34,0
C00469,T1190,East,Basic,299,11.75,0
C00470,T1460,Central,Unlimited,1199,41.48,1
C00471,T1124,East,Unlimited,1199,32.74,2
C00472,T1442,East,Standard,499,22.33,0
C00473,T1034,North,Basic,299,41.94,1
C00474,T1272,East,Basic,299,11.13,0
C00475,T1139,West,Unlimited,1199,29.26,0
C00476,T1350,Central,Unlimited,1199,17.17,0
C00477,T1141,North,Basic,299,44.71,2
C00478,T1423,West,Standard,499,36.15,1
C00479,T1003,Central,Unlimited,1199,23.39,2
C00480,T1342,Central,Premium,799,21.16,2
C00481,T1117,Central,Premium,799,22.52,1
C00482,T1395,Central,Basic,299,10.81,2
C00483,T1334,North,Premium,799,36.86,0
C00484,T1076,Central,Basic,299,15.98,0
C00485,T1454,East,Basic,299,14.61,2
C00486,T1112,North,Unlimited,1199,24.69,1
C00487,T1089,Central,Unlimited,1199,23.22,1
C00488,T1338,West,Basic,299,25.03,1
C00489,T1260,West,Premium,799,24.82,1
C00490,T1339,West,Unlimited,1199,29.61,0
C00491,T1117,Central,Unlimited,1199,35.24,2
C00492,T1336,East,Premium,799,28.48,0
C00493,T1197,Central,Basic,299,24.02,3
C00494,T1160,South,Premium,799,11.59,1
C00495,T1404,West,Unlimited,1199,23.13,1
C00496,T1185,West,Premium,799,34.4,1
C00497,T1128,North,Basic,299,27.64,1
C00498,T1409,North,Standard,499,25.8,1
C00499,T1479,Central,Basic,299,32.51,0
C00500,T1188,South,Basic,299,35.12,1
C00501,T1219,South,Premium,799,44.51,1
C00502,T1036,Central,Basic,299,38.45,0
C00503,T1289,Central,Premium,799,48.79,1
C00504,T1168,South,Unlimited,1199,32.87,1
C00505,T1139,West,Basic,299,12.72,1
C00506,T1291,West,Basic,299,30.34,1
C00507,T1295,West,Unlimited,1199,39.26,0
C00508,T1303,North,Standard,499,23.65,2
C00509,T1302,Central,Premium,799,23.97,2
C00510,T1230,East,Unlimited,1199,13.48,1
C00511,T1183,Central,Standard,499,30.35,0
C00512,T1030,South,Unlimited,1199,17.04,0
C00513,T1411,West,Basic,299,37.57,3
C00514,T1415,North,Standard,499,29.2,1
C00515,T1009,East,Premium,799,18.54,1
C00516,T1086,South,Unlimited,1199,22.25,0
C00517,T1499,North,Standard,499,24.13,3
C00518,T1341,West,Basic,299,24.06,1
C00519,T1036,Central,Unlimited,1199,23.55,1
C00520,T1049,West,Standard,499,30.03,2
C00521,T1373,Central,Basic,299,26.39,1
C00522,T1076,Central,Premium,799,22.11,1
C00523,T1037,South,Standard,499,19.13,5
C00524,T1124,East,Unlimited,1199,23.38,0
C00525,T1463,South,Unlimited,1199,23.1,0
C00526,T1236,East,Unlimited,1199,15.07,1
C00527,T1207,South,Basic,299,9.36,0
C00528,T1289,Central,Unlimited,1199,19.88,2
C00529,T1110,East,Basic,299,20.64,2
C00530,T1084,East,Unlimited,1199,62.03,1
C00531,T1251,West,Unlimited,1199,17.45,0
C00532,T1118,North,Basic,299,24.06,2
C00533,T1408,South,Standard,499,21.65,1
C00534,T1067,East,Unlimited,1199,36.61,2
C00535,T1333,North,Unlimited,1199,21.74,1
C00536,T1345,North,Basic,299,9.58,2
C00537,T1235,North,Premium,799,34.18,1
C00538,T1356,West,Unlimited,1199,12.42,0
C00539,T1332,South,Unlimited,1199,20.33,0
C00540,T1180,North,Standard,499,33.67,0
C00541,T1430,South,Standard,499,30.1,0
C00542,T1481,West,Premium,799,20.14,1
C00543,T1103,West,Basic,299,12.77,0
C00544,T1308,North,Basic,299,28.24,1
C00545,T1322,East,Unlimited,1199,25.21,1
C00546,T1168,South,Premium,799,46.93,0
C00547,T1096,West,Basic,299,18.05,0
C00548,T1488,East,Premium,799,25.52,2
C00549,T1093,West,Standard,499,26.32,2
C00550,T1063,South,Standard,499,24.33,1
C00551,T1023,East,Standard,499,12.54,2
C00552,T1061,South,Basic,299,19.97,0
C00553,T1180,North,Basic,299,14.71,1
C00554,T1396,South,Premium,799,20.34,1
C00555,T1248,North,Unlimited,1199,38.31,5
C00556,T1139,West,Premium,799,27.47,1
C00557,T1288,West,Unlimited,1199,29.44,1
C00558,T1409,North,Premium,799,22.67,1
C00559,T1245,Central,Basic,299,27.4,2
C00560,T1000,North,Standard,499,25.46,2
C00561,T1215,North,Unlimited,1199,20.51,0
C00562,T1202,East,Premium,799,24.47,3
C00563,T1158,West,Unlimited,1199,39.55,2
C00564,T1254,South,Unlimited,1199,18.95,2
C00565,T1152,Central,Unlimited,1199,28.28,1
C00566,T1303,North,Unlimited,1199,36.6,2
C00567,T1472,South,Premium,799,39.55,1
C00568,T1214,South,Standard,499,41.88,5
C00569,T1455,West,Premium,799,31.42,1
C00570,T1218,North,Basic,299,23.4,0
C00571,T1131,East,Premium,799,21.4,1
C00572,T1016,East,Basic,299,13.81,2
C00573,T1208,East,Standard,499,17.36,3
C00574,T1180,North,Premium,799,23.87,1
C00575,T1357,North,Standard,499,22.43,0
C00576,T1240,East,Standard,499,18.1,1
C00577,T1019,South,Unlimited,1199,43.82,0
C00578,T1499,North,Premium,799,23.84,2
C00579,T1289,Central,Unlimited,1199,25.43,1
C00580,T1315,West,Standard,499,14.35,2
C00581,T1492,East,Unlimited,1199,27.39,3
C00582,T1225,Central,Basic,299,21.12,1
C00583,T1056,South,Premium,799,23.42,0
C00584,T1070,West,Unlimited,1199,29.42,1
C00585,T1114,West,Premium,799,28.86,1
C00586,T1105,West,Basic,299,47.26,2
C00587,T1355,South,Premium,799,16.8,0
C00588,T1303,North,Unlimited,1199,29.55,0
C00589,T1368,East,Basic,299,8.5,1
C00590,T1091,North,Premium,799,24.89,1
C00591,T1179,North,Basic,299,35.24,1
C00592,T1082,Central,Standard,499,25.47,2
C00593,T1236,East,Unlimited,1199,29.3,0
C00594,T1345,North,Standard,499,20.56,1
C00595,T1218,North,Premium,799,28.77,0
C00596,T1120,North,Basic,299,24.84,0
C00597,T1436,South,Premium,799,38.21,1
C00598,T1314,North,Premium,799,18.64,1
C00599,T1469,Central,Premium,799,20.78,1
C00600,T1313,West,Unlimited,1199,29.64,1
C00601,T1178,Central,Premium,799,30.75,0
C00602,T1211,South,Unlimited,1199,15.84,0
C00603,T1126,West,Premium,799,35.68,2
C00604,T1497,Central,Premium,799,25.01,0
C00605,T1385,South,Premium,799,27.72,2
C00606,T1447,South,Premium,799,18.06,1
C00607,T1381,East,Standard,499,8.29,0
C00608,T1157,Central,Premium,799,24.97,3
C00609,T1402,East,Basic,299,25.17,1
C00610,T1405,South,Premium,799,27.46,1
C00611,T1313,West,Basic,299,36.39,1
C00612,T1202,East,Standard,499,29.62,1
C00613,T1385,South,Standard,499,21.98,1
C00614,T1426,North,Premium,799,34.52,1
C00615,T1141,North,Unlimited,1199,42.9,3
C00616,T1145,North,Standard,499,25.49,1
C00617,T1294,Central,Premium,799,13.22,1
C00618,T1449,West,Unlimited,1199,19.51,1
C00619,T1135,Central,Basic,299,21.15,2
C00620,T1269,East,Standard,499,21.52,1
C00621,T1074,East,Standard,499,25.02,1
C00622,T1024,North,Premium,799,8.29,1
C00623,T1256,West,Unlimited,1199,27.83,3
C00624,T1065,Central,Unlimited,1199,5.26,2
C00625,T1370,West,Standard,499,25.8,0
C00626,T1294,Central,Premium,799,17.75,1
C00627,T1051,Central,Standard,499,41.96,0
C00628,T1080,Central,Basic,299,24.51,2
C00629,T1495,East,Basic,299,11.18,5
C00630,T1228,West,Standard,499,27.99,2
C00631,T1031,East,Standard,499,16.27,1
C00632,T1058,Central,Unlimited,1199,20.46,1
C00633,T1389,South,Basic,299,37.45,1
C00634,T1245,Central,Premium,799,23.78,4
C00635,T1460,Central,Premium,799,0.0,4
C00636,T1098,East,Premium,799,29.5,1
C00637,T1322,East,Unlimited,1199,11.54,1
C00638,T1189,West,Premium,799,12.93,1
C00639,T1241,West,Standard,499,19.86,0
C00640,T1439,East,Standard,499,26.83,2
C00641,T1019,South,Standard,499,21.53,1
C00642,T1005,North,Basic,299,45.81,2
C00643,T1154,Central,Premium,799,38.56,1
C00644,T1290,South,Unlimited,1199,26.48,1
C00645,T1434,East,Premium,799,33.39,0
C00646,T1195,North,Basic,299,33.93,2
C00647,T1075,East,Standard,499,28.92,0
C00648,T1290,South,Basic,299,19.09,2
C00649,T1421,North,Basic,299,15.65,1
C00650,T1072,East,Premium,799,29.43,1
C00651,T1054,West,Standard,499,27.52,1
C00652,T1398,North,Basic,299,24.58,0
C00653,T1104,South,Unlimited,1199,18.84,1
C00654,T1170,West,Unlimited,1199,28.48,0
C00655,T1442,East,Premium,799,27.57,1
C00656,T1270,North,Unlimited,1199,31.39,3
C00657,T1097,Central,Premium,799,41.88,1
C00658,T1298,South,Premium,799,25.27,6
C00659,T1493,West,Basic,299,17.33,0
C00660,T1284,East,Unlimited,1199,15.64,1
C00661,T1497,Central,Basic,299,20.71,1
C00662,T1472,South,Standard,499,22.24,1
C00663,T1133,South,Premium,799,32.91,0
C00664,T1282,North,Premium,799,9.27,0
C00665,T1096,West,Premium,799,5.04,0
C00666,T1356,West,Premium,799,36.6,0
C00667,T1203,North,Unlimited,1199,22.03,0
C00668,T1113,South,Basic,299,6.9,4
C00669,T1037,South,Standard,499,37.94,7
C00670,T1281,South,Premium,799,21.54,0
C00671,T1024,North,Standard,499,32.04,2
C00672,T1151,East,Standard,499,22.46,1
C00673,T1097,Central,Unlimited,1199,32.47,3
C00674,T1080,Central,Standard,499,29.51,2
C00675,T1017,South,Standard,499,9.65,2
C00676,T1099,North,Premium,799,33.17,2
C00677,T1234,East,Premium,799,5.71,1
C00678,T1093,West,Premium,799,18.08,0
C00679,T1208,East,Standard,499,4.1,1
C00680,T1335,Central,Basic,299,18.98,2
C00681,T1009,East,Premium,799,17.66,0
C00682,T1118,North,Unlimited,1199,27.33,1
C00683,T1365,Central,Unlimited,1199,21.03,0
C00684,T1258,East,Unlimited,1199,30.39,0
C00685,T1400,South,Basic,299,27.73,0
C00686,T1016,East,Premium,799,27.31,0
C00687,T1363,East,Standard,499,12.7,2
C00688,T1291,West,Premium,799,27.59,3
C00689,T1195,North,Basic,299,8.94,3
C00690,T1078,Central,Basic,299,28.83,5
C00691,T1224,East,Premium,799,32.55,0
C00692,T1032,East,Unlimited,1199,18.94,1
C00693,T1134,South,Standard,499,0.0,3
C00694,T1019,South,Premium,799,24.31,1
C00695,T1106,West,Premium,799,22.93,1
C00696,T1029,North,Standard,499,35.51,0
C00697,T1116,East,Premium,799,36.83,0
C00698,T1484,North,Basic,299,19.97,1
C00699,T1083,South,Standard,499,31.86,0
C00700,T1417,Central,Premium,799,40.39,3
C00701,T1216,North,Unlimited,1199,36.41,5
C00702,T1092,West,Unlimited,1199,39.26,0
C00703,T1384,East,Premium,799,25.9,1
C00704,T1373,Central,Standard,499,28.19,0
C00705,T1101,West,Standard,499,22.96,0
C00706,T1068,Central,Standard,499,42.26,0
C00707,T1319,East,Standard,499,26.82,1
C00708,T1004,South,Standard,499,17.52,0
C00709,T1008,East,Standard,499,26.41,2
C00710,T1169,West,Unlimited,1199,33.23,0
C00711,T1293,North,Basic,299,14.2,0
C00712,T1110,East,Standard,499,16.84,1
C00713,T1449,West,Basic,299,28.63,0
C00714,T1117,Central,Basic,299,20.63,2
C00715,T1112,North,Standard,499,21.66,1
C00716,T1129,West,Unlimited,1199,21.79,4
C00717,T1225,Central,Basic,299,39.88,2
C00718,T1375,Central,Basic,299,19.32,1
C00719,T1343,North,Unlimited,1199,32.92,2
C00720,T1401,South,Unlimited,1199,36.25,1
C00721,T1186,East,Basic,299,12.9,2
C00722,T1224,East,Unlimited,1199,16.42,0
C00723,T1072,East,Unlimited,1199,24.73,1
C00724,T1312,West,Premium,799,17.38,1
C00725,T1384,East,Premium,799,30.31,2
C00726,T1127,Central,Basic,299,38.61,0
C00727,T1088,South,Premium,799,33.96,0
C00728,T1328,West,Premium,799,34.66,1
C00729,T1107,Central,Basic,299,27.84,0
C00730,T1040,North,Standard,499,41.82,3
C00731,T1466,South,Standard,499,29.64,0
C00732,T1376,Central,Premium,799,21.31,2
C00733,T1417,Central,Unlimited,1199,20.44,3
C00734,T1087,East,Standard,499,43.69,1
C00735,T1014,South,Standard,499,27.0,2
C00736,T1138,South,Standard,499,24.86,1
C00737,T1023,East,Standard,499,17.33,0
C00738,T1276,West,Premium,799,33.18,3
C00739,T1234,East,Basic,299,26.08,0
C00740,T1484,North,Basic,299,25.82,0
C00741,T1046,East,Unlimited,1199,35.09,0
C00742,T1367,Central,Standard,499,9.06,2
C00743,T1490,East,Standard,499,34.65,1
C00744,T1338,West,Standard,499,19.78,0
C00745,T1149,North,Basic,299,36.46,0
C00746,T1451,South,Premium,799,21.7,1
C00747,T1029,North,Unlimited,1199,38.41,2
C00748,T1416,West,Unlimited,1199,18.68,1
C00749,T1469,Central,Premium,799,8.85,0
C00750,T1338,West,Unlimited,1199,18.2,0
C00751,T1373,Central,Basic,299,28.05,1
C00752,T1425,Central,Unlimited,1199,30.56,2
C00753,T1328,West,Unlimited,1199,32.51,1
C00754,T1164,Central,Premium,799,29.99,0
C00755,T1211,South,Basic,299,23.9,0
C00756,T1318,East,Standard,499,30.15,1
C00757,T1473,North,Premium,799,12.97,3
C00758,T1025,North,Unlimited,1199,34.7,0
C00759,T1184,South,Standard,499,16.37,9
C00760,T1446,West,Unlimited,1199,17.17,1
C00761,T1078,Central,Unlimited,1199,18.78,4
C00762,T1173,Central,Basic,299,24.87,1
C00763,T1092,West,Standard,499,0.59,3
C00764,T1162,North,Basic,299,35.84,0
C00765,T1410,West,Premium,799,28.58,0
C00766,T1197,Central,Unlimited,1199,37.26,0
C00767,T1388,East,Premium,799,31.09,1
C00768,T1364,East,Premium,799,33.88,0
C00769,T1468,North,Standard,499,25.07,1
C00770,T1484,North,Standard,499,31.93,0
C00771,T1248,North,Standard,499,38.94,2
C00772,T1321,East,Standard,499,23.74,0
C00773,T1231,West,Basic,299,17.21,1
C00774,T1406,East,Standard,499,19.55,2
C00775,T1051,Central,Standard,499,44.02,1
C00776,T1043,West,Basic,299,19.85,1
C00777,T1024,North,Basic,299,16.82,1
C00778,T1271,Central,Unlimited,1199,26.06,1
C00779,T1494,West,Basic,299,15.49,0
C00780,T1120,North,Premium,799,27.22,1
C00781,T1352,East,Unlimited,1199,24.18,0
C00782,T1413,North,Basic,299,15.59,0
C00783,T1342,Central,Basic,299,16.89,2
C00784,T1232,South,Basic,299,17.33,0
C00785,T1441,East,Unlimited,1199,6.92,0
C00786,T1149,North,Basic,299,10.8,0
C00787,T1408,South,Standard,499,36.21,0
C00788,T1306,East,Standard,499,19.83,3
C00789,T1053,South,Premium,799,19.87,0
C00790,T1355,South,Premium,799,21.36,1
C00791,T1091,North,Premium,799,31.97,1
C00792,T1376,Central,Basic,299,38.92,1
C00793,T1252,North,Basic,299,20.6,1
C00794,T1088,South,Standard,499,18.36,1
C00795,T1072,East,Unlimited,1199,12.86,1
C00796,T1484,North,Unlimited,1199,15.7,1
C00797,T1383,Central,Premium,799,31.41,1
C00798,T1127,Central,Standard,499,15.51,0
C00799,T1285,North,Unlimited,1199,20.93,1
C00800,T1093,West,Standard,499,18.1,1
C00801,T1010,East,Premium,799,37.25,1
C00802,T1438,West,Premium,799,39.9,0
C00803,T1076,Central,Standard,499,4.49,1
C00804,T1057,East,Unlimited,1199,13.72,0
C00805,T1090,South,Unlimited,1199,49.05,0
C00806,T1347,Central,Premium,799,7.85,0
C00807,T1350,Central,Premium,799,18.19,1
C00808,T1302,Central,Unlimited,1199,23.12,3
C00809,T1435,South,Standard,499,25.84,0
C00810,T1465,North,Standard,499,13.16,1
C00811,T1378,Central,Basic,299,12.62,1
C00812,T1354,East,Standard,499,28.15,3
C00813,T1499,North,Premium,799,14.58,1
C00814,T1150,South,Premium,799,30.58,1
C00815,T1226,Central,Basic,299,19.19,1
C00816,T1156,Central,Unlimited,1199,8.43,2
C00817,T1260,West,Premium,799,12.27,3
C00818,T1006,Central,Premium,799,24.08,1
C00819,T1237,Central,Basic,299,26.86,2
C00820,T1411,West,Standard,499,25.04,0
C00821,T1005,North,Premium,799,24.93,2
C00822,T1314,North,Unlimited,1199,14.2,0
C00823,T1392,North,Premium,799,39.86,0
C00824,T1036,Central,Premium,799,8.03,0
C00825,T1097,Central,Unlimited,1199,25.98,4
C00826,T1254,South,Premium,799,19.91,1
C00827,T1319,East,Standard,499,18.28,2
C00828,T1203,North,Unlimited,1199,33.85,0
C00829,T1324,North,Standard,499,16.67,0
C00830,T1081,Central,Premium,799,12.81,0
C00831,T1212,West,Standard,499,35.37,0
C00832,T1137,South,Standard,499,24.66,1
C00833,T1231,West,Unlimited,1199,31.47,1
C00834,T1242,North,Premium,799,35.63,0
C00835,T1406,East,Standard,499,47.91,0
C00836,T1081,Central,Premium,799,24.52,0
C00837,T1290,South,Standard,499,14.46,0
C00838,T1008,East,Unlimited,1199,8.56,0
C00839,T1041,South,Unlimited,1199,32.11,2
C00840,T1178,Central,Basic,299,19.94,1
C00841,T1072,East,Standard,499,24.06,0
C00842,T1014,South,Premium,799,41.67,2
C00843,T1293,North,Standard,499,6.65,1
C00844,T1077,East,Premium,799,2.79,0
C00845,T1059,South,Basic,299,11.59,0
C00846,T1165,East,Unlimited,1199,8.46,0
C00847,T1111,East,Basic,299,39.14,1
C00848,T1077,East,Premium,799,31.89,0
C00849,T1161,Central,Unlimited,1199,23.83,3
C00850,T1119,North,Unlimited,1199,15.86,1
C00851,T1125,West,Unlimited,1199,30.65,2
C00852,T1342,Central,Standard,499,21.54,2
C00853,T1330,North,Unlimited,1199,26.75,2
C00854,T1088,South,Premium,799,24.36,0
C00855,T1340,North,Standard,499,31.04,1
C00856,T1021,West,Unlimited,1199,24.46,2
C00857,T1193,South,Basic,299,27.42,4
C00858,T1339,West,Premium,799,18.42,0
C00859,T1319,East,Basic,299,16.33,1
C00860,T1330,North,Premium,799,28.76,1
C00861,T1049,West,Standard,499,35.72,2
C00862,T1104,South,Basic,299,15.73,1
C00863,T1114,West,Basic,299,37.57,1
C00864,T1022,Central,Premium,799,17.81,1
C00865,T1293,North,Standard,499,20.31,1
C00866,T1360,East,Standard,499,31.1,1
C00867,T1032,East,Basic,299,18.19,1
C00868,T1090,South,Standard,499,20.07,0
C00869,T1048,Central,Standard,499,22.54,0
C00870,T1400,South,Basic,299,18.72,0
C00871,T1190,East,Premium,799,12.62,0
C00872,T1261,North,Basic,299,18.77,2
C00873,T1364,East,Premium,799,17.97,0
C00874,T1275,Central,Standard,499,10.56,1
C00875,T1445,East,Unlimited,1199,19.3,6
C00876,T1213,Central,Unlimited,1199,33.78,2
C00877,T1205,Central,Premium,799,28.9,1
C00878,T1053,South,Basic,299,0.01,2
C00879,T1271,Central,Premium,799,31.51,2
C00880,T1134,South,Basic,299,11.37,1
C00881,T1199,West,Premium,799,28.02,1
C00882,T1156,Central,Standard,499,39.33,1
C00883,T1428,South,Basic,299,21.66,0
C00884,T1021,West,Unlimited,1199,28.23,2
C00885,T1090,South,Unlimited,1199,27.65,1
C00886,T1226,Central,Unlimited,1199,29.42,0
C00887,T1125,West,Premium,799,7.02,1
C00888,T1266,West,Premium,799,0.0,2
C00889,T1397,West,Unlimited,1199,7.55,2
C00890,T1326,North,Unlimited,1199,18.42,0
C00891,T1144,East,Unlimited,1199,9.86,3
C00892,T1383,Central,Premium,799,47.26,2
C00893,T1396,South,Basic,299,31.5,1
C00894,T1305,Central,Unlimited,1199,25.79,0
C00895,T1370,West,Standard,499,37.86,1
C00896,T1111,East,Premium,799,16.26,4
C00897,T1337,South,Standard,499,29.7,2
C00898,T1312,West,Standard,499,14.87,1
C00899,T1366,Central,Unlimited,1199,40.48,2
C00900,T1091,North,Basic,299,28.6,1
C00901,T1098,East,Standard,499,12.94,2
C00902,T1008,East,Premium,799,33.43,0
C00903,T1353,West,Basic,299,21.67,1
C00904,T1023,East,Premium,799,15.64,1
C00905,T1083,South,Premium,799,26.58,1
C00906,T1272,East,Standard,499,22.22,3
C00907,T1407,East,Basic,299,35.27,0
C00908,T1144,East,Unlimited,1199,15.35,0
C00909,T1480,East,Basic,299,37.17,2
C00910,T1046,East,Unlimited,1199,13.36,2
C00911,T1441,East,Unlimited,1199,29.81,1
C00912,T1078,Central,Unlimited,1199,35.42,6
C00913,T1312,West,Premium,799,22.24,1
C00914,T1294,Central,Basic,299,11.0,1
C00915,T1333,North,Standard,499,29.73,2
C00916,T1263,Central,Standard,499,26.52,2
C00917,T1056,South,Basic,299,32.53,0
C00918,T1029,North,Standard,499,27.54,1
C00919,T1448,East,Unlimited,1199,27.98,0
C00920,T1216,North,Unlimited,1199,19.68,1
C00921,T1377,Central,Standard,499,25.42,1
C00922,T1361,West,Basic,299,12.14,2
C00923,T1031,East,Basic,299,25.26,2
C00924,T1178,Central,Standard,499,12.59,2
C00925,T1382,West,Standard,499,29.12,0
C00926,T1276,West,Premium,799,18.58,0
C00927,T1099,North,Unlimited,1199,19.59,1
C00928,T1096,West,Basic,299,32.84,1
C00929,T1001,North,Premium,799,37.68,1
C00930,T1323,Central,Basic,299,25.92,0
C00931,T1167,South,Standard,499,23.71,0
C00932,T1138,South,Standard,499,27.08,1
C00933,T1453,Central,Standard,499,21.32,1
C00934,T1281,South,Basic,299,12.56,1
C00935,T1478,West,Premium,799,46.96,0
C00936,T1283,West,Standard,499,8.49,1
C00937,T1473,North,Unlimited,1199,23.74,1
C00938,T1431,Central,Standard,499,27.2,1
C00939,T1337,South,Basic,299,30.84,1
C00940,T1230,East,Unlimited,1199,18.67,0
C00941,T1273,North,Unlimited,1199,16.66,3
C00942,T1421,North,Unlimited,1199,16.94,0
C00943,T1387,East,Unlimited,1199,22.46,1
C00944,T1477,West,Standard,499,37.08,2
C00945,T1439,East,Standard,499,36.65,2
C00946,T1090,South,Standard,499,30.9,2
C00947,T1451,South,Unlimited,1199,10.21,1
C00948,T1344,East,Standard,499,27.5,1
C00949,T1109,East,Unlimited,1199,52.62,0
C00950,T1208,East,Basic,299,28.97,2
C00951,T1258,East,Premium,799,26.31,1
C00952,T1325,North,Basic,299,21.08,0
C00953,T1452,West,Unlimited,1199,33.71,0
C00954,T1090,South,Unlimited,1199,43.43,0
C00955,T1232,South,Basic,299,27.39,0
C00956,T1126,West,Unlimited,1199,11.62,0
C00957,T1282,North,Premium,799,2.83,0
C00958,T1494,West,Basic,299,24.39,0
C00959,T1000,North,Basic,299,16.2,2
C00960,T1097,Central,Standard,499,35.14,0
C00961,T1339,West,Standard,499,19.49,0
C00962,T1102,North,Standard,499,18.6,0
C00963,T1367,Central,Standard,499,22.54,2
C00964,T1050,North,Standard,499,9.75,1
C00965,T1178,Central,Standard,499,35.17,0
C00966,T1236,East,Basic,299,27.11,1
C00967,T1270,North,Unlimited,1199,26.03,0
C00968,T1166,North,Basic,299,17.28,1
C00969,T1207,South,Unlimited,1199,39.31,2
C00970,T1252,North,Unlimited,1199,39.02,2
C00971,T1048,Central,Basic,299,23.05,1
C00972,T1216,North,Premium,799,25.2,6
C00973,T1085,West,Basic,299,22.8,0
C00974,T1325,North,Basic,299,20.16,3
C00975,T1438,West,Premium,799,17.8,2
C00976,T1126,West,Basic,299,47.56,0
C00977,T1318,East,Standard,499,18.33,1
C00978,T1239,Central,Unlimited,1199,15.04,1
C00979,T1489,East,Unlimited,1199,16.03,0
C00980,T1059,South,Unlimited,1199,38.95,2
C00981,T1470,South,Basic,299,38.7,1
C00982,T1180,North,Unlimited,1199,19.75,0
C00983,T1296,West,Standard,499,34.36,3
C00984,T1277,North,Premium,799,20.98,2
C00985,T1179,North,Unlimited,1199,25.93,3
C00986,T1091,North,Basic,299,12.8,1
C00987,T1366,Central,Standard,499,15.19,4
C00988,T1192,East,Premium,799,37.65,4
C00989,T1356,West,Unlimited,1199,27.0,0
C00990,T1273,North,Unlimited,1199,34.27,3
C00991,T1313,West,Premium,799,27.74,0
C00992,T1294,Central,Basic,299,13.53,0
C00993,T1070,West,Premium,799,27.92,1
C00994,T1229,North,Standard,499,9.75,3
C00995,T1315,West,Standard,499,22.98,1
C00996,T1175,East,Premium,799,28.26,2
C00997,T1114,West,Premium,799,22.4,1
C00998,T1343,North,Unlimited,1199,35.49,2
C00999,T1321,East,Basic,299,30.45,0
C01000,T1391,South,Unlimited,1199,26.55,1
C01001,T1377,Central,Premium,799,24.01,0
C01002,T1453,Central,Standard,499,28.45,3
C01003,T1296,West,Basic,299,24.96,0
C01004,T1227,North,Premium,799,30.14,1
C01005,T1321,East,Unlimited,1199,34.79,0
C01006,T1073,North,Unlimited,1199,13.33,1
C01007,T1216,North,Premium,799,34.32,1
C01008,T1391,South,Unlimited,1199,3.71,0
C01009,T1293,North,Unlimited,1199,31.32,0
C01010,T1248,North,Basic,299,27.21,2
C01011,T1287,South,Basic,299,53.01,1
C01012,T1283,West,Unlimited,1199,8.82,0
C01013,T1157,Central,Unlimited,1199,20.32,0
C01014,T1130,South,Premium,799,37.64,1
C01015,T1351,East,Premium,799,26.25,0
C01016,T1207,South,Premium,799,23.09,1
C01017,T1038,South,Standard,499,17.92,1
C01018,T1410,West,Premium,799,12.49,0
C01019,T1057,East,Unlimited,1199,33.82,2
C01020,T1236,East,Standard,499,21.02,0
C01021,T1147,West,Unlimited,1199,36.55,4
C01022,T1265,South,Premium,799,27.32,0
C01023,T1105,West,Unlimited,1199,21.49,3
C01024,T1375,Central,Basic,299,35.79,1
C01025,T1194,Central,Premium,799,1.26,1
C01026,T1397,West,Basic,299,18.11,3
C01027,T1135,Central,Premium,799,30.01,0
C01028,T1161,Central,Basic,299,28.46,0
C01029,T1405,South,Standard,499,40.63,0
C01030,T1339,West,Unlimited,1199,25.22,0
C01031,T1448,East,Basic,299,32.37,2
C01032,T1167,South,Standard,499,31.58,1
C01033,T1060,South,Basic,299,11.45,1
C01034,T1083,South,Unlimited,1199,16.41,1
C01035,T1071,West,Unlimited,1199,38.36,2
C01036,T1020,South,Unlimited,1199,7.02,2
C01037,T1204,West,Premium,799,29.75,1
C01038,T1283,West,Basic,299,10.33,1
C01039,T1009,East,Standard,499,31.8,0
C01040,T1138,South,Premium,799,55.83,3
C01041,T1183,Central,Basic,299,27.62,0
C01042,T1394,East,Standard,499,30.48,0
C01043,T1000,North,Standard,499,11.87,1
C01044,T1447,South,Basic,299,28.22,2
C01045,T1168,South,Unlimited,1199,24.67,1
C01046,T1156,Central,Standard,499,29.87,0
C01047,T1316,East,Unlimited,1199,29.3,5
C01048,T1134,South,Basic,299,17.56,1
C01049,T1283,West,Premium,799,21.73,1
C01050,T1212,West,Standard,499,41.65,0
C01051,T1007,North,Standard,499,37.76,0
C01052,T1473,North,Unlimited,1199,25.12,3
C01053,T1403,Central,Premium,799,13.48,3
C01054,T1468,North,Basic,299,16.68,1
C01055,T1024,North,Basic,299,15.1,0
C01056,T1108,South,Basic,299,26.47,1
C01057,T1347,Central,Premium,799,25.71,1
C01058,T1368,East,Unlimited,1199,25.2,0
C01059,T1389,South,Unlimited,1199,36.05,0
C01060,T1052,West,Premium,799,29.77,4
C01061,T1330,North,Standard,499,14.78,0
C01062,T1008,East,Premium,799,29.58,0
C01063,T1198,South,Premium,799,24.81,0
C01064,T1049,West,Premium,799,25.05,1
C01065,T1392,North,Standard,499,32.87,0
C01066,T1422,East,Unlimited,1199,36.12,3
C01067,T1277,North,Premium,799,35.39,1
C01068,T1221,North,Unlimited,1199,7.6,0
C01069,T1291,West,Basic,299,20.92,1
C01070,T1257,Central,Unlimited,1199,25.83,0
C01071,T1467,North,Basic,299,34.33,2
C01072,T1334,North,Basic,299,18.15,0
C01073,T1271,Central,Unlimited,1199,22.13,1
C01074,T1082,Central,Unlimited,1199,20.64,0
C01075,T1449,West,Basic,299,36.42,3
C01076,T1015,North,Basic,299,28.62,0
C01077,T1323,Central,Standard,499,35.45,0
C01078,T1218,North,Premium,799,0.0,0
C01079,T1454,East,Basic,299,19.83,2
C01080,T1024,North,Standard,499,32.67,0
C01081,T1138,South,Premium,799,22.69,4
C01082,T1155,East,Premium,799,13.95,0
C01083,T1067,East,Basic,299,26.54,0
C01084,T1201,Central,Unlimited,1199,33.64,0
C01085,T1140,East,Premium,799,18.07,0
C01086,T1488,East,Unlimited,1199,11.7,0
C01087,T1286,West,Unlimited,1199,37.94,1
C01088,T1419,Central,Premium,799,38.77,2
C01089,T1084,East,Premium,799,15.07,2
C01090,T1481,West,Basic,299,25.33,0
C01091,T1193,South,Standard,499,27.65,4
C01092,T1059,South,Premium,799,16.85,0
C01093,T1466,South,Premium,799,25.55,1
C01094,T1312,West,Unlimited,1199,47.94,3
C01095,T1446,West,Unlimited,1199,22.29,0
C01096,T1070,West,Premium,799,33.3,0
C01097,T1477,West,Unlimited,1199,23.74,0
C01098,T1393,West,Standard,499,30.92,0
C01099,T1094,Central,Standard,499,25.25,3
C01100,T1063,South,Basic,299,42.14,2
C01101,T1169,West,Standard,499,14.88,2
C01102,T1110,East,Premium,799,14.82,0
C01103,T1225,Central,Basic,299,40.64,1
C01104,T1132,East,Unlimited,1199,12.13,3
C01105,T1157,Central,Unlimited,1199,10.34,2
C01106,T1461,Central,Unlimited,1199,17.54,1
C01107,T1155,East,Premium,799,2.11,1
C01108,T1350,Central,Premium,799,35.76,0
C01109,T1190,East,Standard,499,18.53,0
C01110,T1307,West,Unlimited,1199,22.92,2
C01111,T1167,South,Standard,499,32.14,0
C01112,T1049,West,Standard,499,9.55,0
C01113,T1273,North,Standard,499,36.17,4
C01114,T1003,Central,Unlimited,1199,25.82,1
C01115,T1425,Central,Basic,299,32.03,0
C01116,T1496,West,Standard,499,43.64,1
C01117,T1147,West,Premium,799,35.92,0
C01118,T1373,Central,Premium,799,9.6,2
C01119,T1111,East,Basic,299,32.31,2
C01120,T1085,West,Basic,299,26.94,0
C01121,T1001,North,Standard,499,20.86,0
C01122,T1201,Central,Standard,499,12.78,0
C01123,T1337,South,Standard,499,20.91,2
C01124,T1476,East,Basic,299,36.51,0
C01125,T1475,Central,Unlimited,1199,25.31,1
C01126,T1121,South,Standard,499,33.57,1
C01127,T1324,North,Unlimited,1199,21.93,2
C01128,T1253,East,Standard,499,37.67,1
C01129,T1217,North,Premium,799,23.22,2
C01130,T1274,North,Standard,499,36.96,2
C01131,T1316,East,Premium,799,44.24,3
C01132,T1284,East,Premium,799,29.7,0
C01133,T1364,East,Premium,799,19.85,3
C01134,T1283,West,Premium,799,44.77,1
C01135,T1087,East,Standard,499,33.1,0
C01136,T1299,South,Premium,799,36.71,2
C01137,T1087,East,Premium,799,21.83,0
C01138,T1071,West,Premium,799,45.98,1
C01139,T1051,Central,Unlimited,1199,17.01,0
C01140,T1059,South,Premium,799,24.19,1
C01141,T1250,North,Premium,799,21.47,0
C01142,T1314,North,Basic,299,22.31,1
C01143,T1229,North,Basic,299,28.74,3
C01144,T1172,East,Basic,299,12.93,2
C01145,T1270,North,Basic,299,29.02,0
C01146,T1185,West,Premium,799,20.73,1
C01147,T1306,East,Basic,299,0.82,6
C01148,T1229,North,Unlimited,1199,17.28,3
C01149,T1137,South,Unlimited,1199,6.55,0
C01150,T1117,Central,Premium,799,25.31,0
C01151,T1326,North,Standard,499,11.2,6
C01152,T1182,West,Standard,499,36.38,1
C01153,T1152,Central,Unlimited,1199,28.46,0
C01154,T1447,South,Premium,799,27.72,3
C01155,T1057,East,Unlimited,1199,25.24,0
C01156,T1060,South,Premium,799,44.09,0
C01157,T1297,Central,Premium,799,44.48,2
C01158,T1359,South,Unlimited,1199,32.78,2
C01159,T1102,North,Premium,799,46.08,3
C01160,T1148,South,Standard,499,17.84,1
C01161,T1018,East,Premium,799,29.94,3
C01162,T1250,North,Basic,299,19.91,0
C01163,T1113,South,Standard,499,29.54,0
C01164,T1063,South,Standard,499,18.07,1
C01165,T1215,North,Basic,299,22.13,1
C01166,T1447,South,Basic,299,31.49,3
C01167,T1352,East,Standard,499,26.9,1
C01168,T1122,Central,Standard,499,27.33,0
C01169,T1218,North,Basic,299,27.27,0
C01170,T1262,East,Unlimited,1199,15.56,0
C01171,T1259,Central,Standard,499,32.58,6
C01172,T1034,North,Premium,799,41.47,1
C01173,T1406,East,Standard,499,25.8,1
C01174,T1245,Central,Unlimited,1199,24.5,2
C01175,T1004,South,Premium,799,21.07,1
C01176,T1423,West,Unlimited,1199,17.12,0
C01177,T1094,Central,Premium,799,22.73,0
C01178,T1350,Central,Basic,299,25.72,0
C01179,T1160,South,Standard,499,30.03,2
C01180,T1062,North,Unlimited,1199,27.76,1
C01181,T1354,East,Premium,799,23.7,4
C01182,T1167,South,Standard,499,45.87,3
C01183,T1474,Central,Premium,799,15.22,1
C01184,T1373,Central,Standard,499,21.2,1
C01185,T1247,Central,Basic,299,25.87,1
C01186,T1051,Central,Basic,299,17.3,3
C01187,T1182,West,Unlimited,1199,25.67,0
C01188,T1351,East,Unlimited,1199,28.08,1
C01189,T1096,West,Premium,799,25.43,1
C01190,T1142,North,Unlimited,1199,11.95,1
C01191,T1254,South,Basic,299,32.03,1
C01192,T1376,Central,Unlimited,1199,20.38,0
C01193,T1226,Central,Unlimited,1199,23.12,0
C01194,T1477,West,Standard,499,33.08,3
C01195,T1303,North,Unlimited,1199,24.03,1
C01196,T1301,North,Basic,299,23.85,0
C01197,T1158,West,Standard,499,13.9,1
C01198,T1107,Central,Unlimited,1199,34.46,0
C01199,T1069,South,Premium,799,26.78,1
C01200,T1454,East,Unlimited,1199,31.55,1
C01201,T1322,East,Unlimited,1199,26.64,3
C01202,T1134,South,Premium,799,20.66,0
C01203,T1026,South,Basic,299,38.36,1
C01204,T1353,West,Basic,299,38.35,1
C01205,T1057,East,Basic,299,32.33,1
C01206,T1272,East,Premium,799,28.49,1
C01207,T1245,Central,Standard,499,24.67,6
C01208,T1008,East,Standard,499,20.09,1
C01209,T1426,North,Premium,799,16.64,0
C01210,T1083,South,Basic,299,26.21,3
C01211,T1360,East,Basic,299,17.27,0
C01212,T1276,West,Unlimited,1199,24.02,0
C01213,T1339,West,Premium,799,34.49,0
C01214,T1463,South,Premium,799,29.6,0
C01215,T1087,East,Premium,799,25.39,0
C01216,T1199,West,Premium,799,26.08,0
C01217,T1376,Central,Premium,799,18.08,0
C01218,T1317,East,Unlimited,1199,37.89,0
C01219,T1298,South,Premium,799,47.2,4
C01220,T1087,East,Premium,799,10.45,0
C01221,T1421,North,Unlimited,1199,24.29,1
C01222,T1168,South,Premium,799,37.04,1
C01223,T1386,East,Standard,499,36.54,1
C01224,T1484,North,Basic,299,10.11,2
C01225,T1431,Central,Basic,299,16.88,2
C01226,T1091,North,Standard,499,24.01,0
C01227,T1036,Central,Unlimited,1199,15.47,1
C01228,T1381,East,Unlimited,1199,20.66,4
C01229,T1374,North,Basic,299,17.3,1
C01230,T1419,Central,Standard,499,44.56,0
C01231,T1153,West,Standard,499,11.24,2
C01232,T1327,East,Unlimited,1199,21.77,2
C01233,T1460,Central,Basic,299,18.29,0
C01234,T1236,East,Basic,299,25.52,0
C01235,T1474,Central,Premium,799,16.79,0
C01236,T1384,East,Premium,799,39.26,0
C01237,T1468,North,Premium,799,22.23,1
C01238,T1473,North,Premium,799,10.78,1
C01239,T1415,North,Basic,299,17.38,7
C01240,T1404,West,Premium,799,33.05,2
C01241,T1217,North,Unlimited,1199,41.51,2
C01242,T1389,South,Standard,499,41.64,1
C01243,T1267,East,Unlimited,1199,33.84,1
C01244,T1267,East,Basic,299,50.88,0
C01245,T1042,South,Standard,499,14.27,2
C01246,T1371,East,Standard,499,18.73,0
C01247,T1326,North,Basic,299,31.19,2
C01248,T1107,Central,Premium,799,41.62,2
C01249,T1385,South,Unlimited,1199,11.06,1
C01250,T1434,East,Basic,299,15.32,0
C01251,T1396,South,Basic,299,29.29,3
C01252,T1295,West,Standard,499,22.5,2
C01253,T1312,West,Unlimited,1199,9.87,1
C01254,T1427,Central,Basic,299,9.53,0
C01255,T1140,East,Premium,799,27.01,1
C01256,T1295,West,Basic,299,40.33,2
C01257,T1454,East,Basic,299,39.86,1
C01258,T1377,Central,Standard,499,32.6,0
C01259,T1426,North,Basic,299,33.15,1
C01260,T1227,North,Unlimited,1199,17.32,2
C01261,T1295,West,Basic,299,35.2,2
C01262,T1189,West,Premium,799,21.95,0
C01263,T1075,East,Unlimited,1199,41.26,2
C01264,T1473,North,Unlimited,1199,33.4,3
C01265,T1299,South,Standard,499,26.66,0
C01266,T1113,South,Premium,799,38.99,3
C01267,T1045,West,Premium,799,19.01,1
C01268,T1381,East,Basic,299,24.18,2
C01269,T1386,East,Unlimited,1199,22.42,1
C01270,T1492,East,Basic,299,27.84,0
C01271,T1393,West,Premium,799,12.47,2
C01272,T1099,North,Standard,499,28.71,1
C01273,T1344,East,Unlimited,1199,14.05,0
C01274,T1010,East,Basic,299,29.78,1
C01275,T1062,North,Standard,499,38.16,1
C01276,T1403,Central,Basic,299,28.37,3
C01277,T1005,North,Standard,499,19.65,1
C01278,T1490,East,Standard,499,32.21,2
C01279,T1436,South,Unlimited,1199,8.55,1
C01280,T1157,Central,Standard,499,21.81,1
C01281,T1330,North,Premium,799,32.6,2
C01282,T1178,Central,Basic,299,30.56,0
C01283,T1124,East,Unlimited,1199,21.35,0
C01284,T1021,West,Basic,299,31.76,2
C01285,T1353,West,Premium,799,33.25,1
C01286,T1423,West,Basic,299,19.29,1
C01287,T1438,West,Basic,299,21.43,1
C01288,T1021,West,Premium,799,38.08,0
C01289,T1167,South,Basic,299,17.29,3
C01290,T1450,South,Standard,499,29.07,0
C01291,T1153,West,Standard,499,19.54,0
C01292,T1365,Central,Unlimited,1199,8.94,2
C01293,T1105,West,Unlimited,1199,40.99,2
C01294,T1035,South,Premium,799,28.08,0
C01295,T1477,West,Unlimited,1199,19.72,3
C01296,T1105,West,Unlimited,1199,36.69,1
C01297,T1387,East,Unlimited,1199,21.57,0
C01298,T1071,West,Unlimited,1199,11.19,0
C01299,T1040,North,Standard,499,13.32,2
C01300,T1353,West,Premium,799,42.5,0
C01301,T1260,West,Unlimited,1199,22.28,0
C01302,T1290,South,Standard,499,16.05,2
C01303,T1107,Central,Premium,799,20.97,0
C01304,T1123,East,Basic,299,32.98,3
C01305,T1320,South,Premium,799,32.58,0
C01306,T1278,East,Premium,799,17.1,5
C01307,T1046,East,Premium,799,37.45,1
C01308,T1324,North,Premium,799,14.73,2
C01309,T1230,East,Standard,499,45.63,0
C01310,T1044,North,Premium,799,17.69,3
C01311,T1440,West,Unlimited,1199,13.39,1
C01312,T1420,Central,Unlimited,1199,29.87,1
C01313,T1122,Central,Unlimited,1199,39.99,1
C01314,T1290,South,Standard,499,17.12,1
C01315,T1182,West,Premium,799,22.21,0
C01316,T1404,West,Basic,299,27.74,1
C01317,T1194,Central,Premium,799,29.8,2
C01318,T1126,West,Unlimited,1199,7.28,1
C01319,T1489,East,Basic,299,38.58,3
C01320,T1337,South,Standard,499,36.76,8
C01321,T1466,South,Standard,499,17.43,1
C01322,T1241,West,Unlimited,1199,26.91,0
C01323,T1093,West,Unlimited,1199,6.42,1
C01324,T1014,South,Standard,499,23.49,0
C01325,T1278,East,Unlimited,1199,17.13,5
C01326,T1209,East,Basic,299,20.0,0
C01327,T1175,East,Standard,499,10.69,3
C01328,T1151,East,Standard,499,34.29,0
C01329,T1266,West,Basic,299,6.09,1
C01330,T1193,South,Premium,799,39.33,5
C01331,T1035,South,Unlimited,1199,22.34,4
C01332,T1039,West,Basic,299,18.59,2
C01333,T1457,Central,Basic,299,14.98,1
C01334,T1319,East,Unlimited,1199,20.25,1
C01335,T1490,East,Premium,799,42.03,0
C01336,T1324,North,Standard,499,14.59,0
C01337,T1171,Central,Premium,799,19.07,0
C01338,T1209,East,Premium,799,28.89,1
C01339,T1021,West,Premium,799,4.86,0
C01340,T1493,West,Basic,299,35.72,1
C01341,T1019,South,Standard,499,24.21,1
C01342,T1342,Central,Basic,299,27.21,0
C01343,T1069,South,Unlimited,1199,15.26,0
C01344,T1109,East,Basic,299,13.31,4
C01345,T1135,Central,Standard,499,31.36,2
C01346,T1249,Central,Unlimited,1199,39.66,0
C01347,T1106,West,Unlimited,1199,35.72,0
C01348,T1068,Central,Basic,299,46.2,5
C01349,T1134,South,Premium,799,24.61,0
C01350,T1346,South,Premium,799,26.5,2
C01351,T1232,South,Basic,299,31.8,1
C01352,T1270,North,Standard,499,33.59,1
C01353,T1303,North,Premium,799,38.82,2
C01354,T1406,East,Standard,499,16.31,2
C01355,T1474,Central,Basic,299,14.25,0
C01356,T1294,Central,Unlimited,1199,32.0,2
C01357,T1294,Central,Basic,299,34.0,1
C01358,T1214,South,Unlimited,1199,36.24,6
C01359,T1133,South,Basic,299,35.34,1
C01360,T1291,West,Standard,499,4.0,0
C01361,T1088,South,Premium,799,35.99,2
C01362,T1480,East,Unlimited,1199,21.09,2
C01363,T1391,South,Premium,799,9.29,1
C01364,T1446,West,Premium,799,18.55,2
C01365,T1386,East,Premium,799,28.63,2
C01366,T1057,East,Standard,499,20.02,0
C01367,T1425,Central,Premium,799,26.97,2
C01368,T1275,Central,Unlimited,1199,37.89,0
C01369,T1069,South,Unlimited,1199,17.4,2
C01370,T1063,South,Unlimited,1199,26.66,2
C01371,T1136,South,Standard,499,33.8,0
C01372,T1010,East,Unlimited,1199,45.65,2
C01373,T1412,South,Basic,299,39.84,1
C01374,T1403,Central,Basic,299,21.09,0
C01375,T1387,East,Unlimited,1199,24.89,2
C01376,T1429,North,Premium,799,20.74,0
C01377,T1397,West,Basic,299,26.09,0
C01378,T1103,West,Premium,799,30.69,0
C01379,T1484,North,Standard,499,22.64,0
C01380,T1302,Central,Basic,299,20.93,1
C01381,T1259,Central,Unlimited,1199,12.48,4
C01382,T1280,South,Unlimited,1199,16.8,1
C01383,T1226,Central,Premium,799,30.17,1
C01384,T1492,East,Standard,499,22.62,1
C01385,T1374,North,Standard,499,29.66,2
C01386,T1109,East,Unlimited,1199,22.62,0
C01387,T1145,North,Unlimited,1199,40.68,2
C01388,T1230,East,Basic,299,12.25,0
C01389,T1424,South,Premium,799,33.12,0
C01390,T1048,Central,Standard,499,33.59,1
C01391,T1367,Central,Basic,299,16.91,0
C01392,T1309,East,Basic,299,26.13,0
C01393,T1318,East,Basic,299,19.92,1
C01394,T1482,West,Premium,799,12.11,0
C01395,T1098,East,Unlimited,1199,33.49,2
C01396,T1496,West,Basic,299,17.44,0
C01397,T1095,Central,Standard,499,27.01,2
C01398,T1202,East,Standard,499,12.8,2
C01399,T1178,Central,Premium,799,28.86,0
C01400,T1403,Central,Standard,499,20.75,2
C01401,T1496,West,Basic,299,33.34,0
C01402,T1473,North,Premium,799,29.21,0
C01403,T1034,North,Standard,499,34.39,0
C01404,T1441,East,Standard,499,27.4,1
C01405,T1457,Central,Basic,299,25.87,0
C01406,T1312,West,Basic,299,19.32,0
C01407,T1370,West,Premium,799,16.57,1
C01408,T1230,East,Unlimited,1199,27.5,2
C01409,T1068,Central,Basic,299,29.29,2
C01410,T1137,South,Premium,799,33.16,0
C01411,T1033,Central,Basic,299,43.35,1
C01412,T1028,East,Unlimited,1199,35.18,1
C01413,T1353,West,Premium,799,18.07,1
C01414,T1051,Central,Standard,499,34.05,2
C01415,T1081,Central,Premium,799,13.71,2
C01416,T1190,East,Standard,499,23.24,4
C01417,T1430,South,Basic,299,21.36,2
C01418,T1030,South,Unlimited,1199,41.06,1
C01419,T1365,Central,Premium,799,23.86,0
C01420,T1050,North,Standard,499,31.57,0
C01421,T1073,North,Premium,799,30.78,1
C01422,T1278,East,Unlimited,1199,19.2,1
C01423,T1300,South,Unlimited,1199,33.61,0
C01424,T1077,East,Unlimited,1199,35.5,2
C01425,T1130,South,Unlimited,1199,31.69,1
C01426,T1104,South,Standard,499,12.13,2
C01427,T1090,South,Premium,799,32.61,1
C01428,T1040,North,Unlimited,1199,33.72,0
C01429,T1431,Central,Premium,799,34.49,2
C01430,T1406,East,Standard,499,31.17,2
C01431,T1094,Central,Premium,799,2.24,0
C01432,T1007,North,Premium,799,40.53,1
C01433,T1426,North,Standard,499,41.59,0
C01434,T1088,South,Unlimited,1199,11.02,1
C01435,T1051,Central,Basic,299,14.26,1
C01436,T1273,North,Basic,299,11.88,4
C01437,T1098,East,Premium,799,19.46,1
C01438,T1195,North,Unlimited,1199,0.0,0
C01439,T1050,North,Unlimited,1199,20.34,0
C01440,T1110,East,Basic,299,33.67,0
C01441,T1243,East,Basic,299,19.95,4
C01442,T1076,Central,Unlimited,1199,18.1,0
C01443,T1229,North,Standard,499,11.86,1
C01444,T1478,West,Standard,499,20.26,0
C01445,T1398,North,Basic,299,25.18,0
C01446,T1016,East,Premium,799,16.38,2
C01447,T1399,East,Standard,499,28.1,1
C01448,T1200,East,Unlimited,1199,20.51,2
C01449,T1369,West,Standard,499,9.21,0
C01450,T1035,South,Premium,799,32.11,1
C01451,T1100,South,Unlimited,1199,29.35,1
C01452,T1490,East,Basic,299,36.18,1
C01453,T1005,North,Premium,799,33.58,1
C01454,T1238,North,Unlimited,1199,33.31,1
C01455,T1309,East,Premium,799,28.36,2
C01456,T1015,North,Basic,299,0.0,2
C01457,T1049,West,Unlimited,1199,15.77,0
C01458,T1124,East,Standard,499,15.7,1
C01459,T1170,West,Basic,299,0.77,1
C01460,T1013,West,Unlimited,1199,18.8,0
C01461,T1110,East,Unlimited,1199,44.31,2
C01462,T1045,West,Standard,499,37.5,0
C01463,T1385,South,Basic,299,17.7,0
C01464,T1335,Central,Unlimited,1199,29.89,1
C01465,T1087,East,Standard,499,21.36,0
C01466,T1047,West,Basic,299,30.33,3
C01467,T1104,South,Unlimited,1199,23.08,1
C01468,T1289,Central,Basic,299,45.66,1
C01469,T1380,West,Unlimited,1199,15.74,1
C01470,T1452,West,Basic,299,17.0,1
C01471,T1335,Central,Unlimited,1199,9.68,0
C01472,T1253,East,Standard,499,33.8,2
C01473,T1095,Central,Basic,299,13.93,1
C01474,T1012,Central,Premium,799,30.69,3
C01475,T1161,Central,Premium,799,16.29,1
C01476,T1380,West,Unlimited,1199,12.13,1
C01477,T1405,South,Basic,299,34.33,1
C01478,T1253,East,Basic,299,29.45,1
C01479,T1291,West,Standard,499,28.63,3
C01480,T1280,South,Basic,299,14.98,1
C01481,T1242,North,Basic,299,22.41,0
C01482,T1232,South,Premium,799,22.31,2
C01483,T1156,Central,Standard,499,31.32,2
C01484,T1208,East,Basic,299,31.78,0
C01485,T1074,East,Standard,499,22.49,0
C01486,T1388,East,Premium,799,32.67,1
C01487,T1150,South,Standard,499,24.65,0
C01488,T1094,Central,Premium,799,39.12,2
C01489,T1073,North,Basic,299,21.08,0
C01490,T1331,Central,Unlimited,1199,29.68,0
C01491,T1007,North,Standard,499,15.48,0
C01492,T1175,East,Standard,499,11.93,3
C01493,T1109,East,Premium,799,30.2,1
C01494,T1386,East,Basic,299,31.11,2
C01495,T1072,East,Basic,299,6.67,1
C01496,T1298,South,Premium,799,23.63,4
C01497,T1379,South,Unlimited,1199,15.98,2
C01498,T1408,South,Unlimited,1199,25.83,1
C01499,T1452,West,Standard,499,18.46,1
C01500,T1192,East,Basic,299,22.72,0
C01501,T1106,West,Standard,499,29.5,3
C01502,T1215,North,Premium,799,28.15,4
C01503,T1161,Central,Basic,299,29.41,1
C01504,T1115,North,Standard,499,12.74,2
C01505,T1240,East,Unlimited,1199,23.55,1
C01506,T1040,North,Unlimited,1199,17.3,0
C01507,T1308,North,Premium,799,21.36,3
C01508,T1368,East,Basic,299,33.24,0
C01509,T1496,West,Standard,499,30.65,0
C01510,T1138,South,Premium,799,5.89,1
C01511,T1423,West,Premium,799,39.16,1
C01512,T1299,South,Premium,799,25.13,1
C01513,T1057,East,Unlimited,1199,25.4,2
C01514,T1018,East,Standard,499,6.3,1
C01515,T1054,West,Basic,299,39.03,0
C01516,T1163,Central,Basic,299,33.9,0
C01517,T1087,East,Unlimited,1199,26.16,0
C01518,T1276,West,Unlimited,1199,16.96,3
C01519,T1387,East,Premium,799,18.62,0
C01520,T1375,Central,Unlimited,1199,15.1,0
C01521,T1130,South,Unlimited,1199,24.7,2
C01522,T1284,East,Unlimited,1199,15.8,0
C01523,T1405,South,Unlimited,1199,26.79,2
C01524,T1064,Central,Standard,499,19.01,1
C01525,T1237,Central,Unlimited,1199,18.49,0
C01526,T1030,South,Basic,299,34.41,1
C01527,T1256,West,Premium,799,14.63,2
C01528,T1159,North,Unlimited,1199,38.98,1
C01529,T1132,East,Basic,299,38.86,0
C01530,T1261,North,Standard,499,4.36,2
C01531,T1224,East,Basic,299,30.53,0
C01532,T1289,Central,Basic,299,29.36,2
C01533,T1292,South,Basic,299,28.31,2
C01534,T1251,West,Premium,799,8.05,1
C01535,T1317,East,Standard,499,17.59,1
C01536,T1043,West,Unlimited,1199,34.03,0
C01537,T1153,West,Basic,299,31.77,0
C01538,T1025,North,Unlimited,1199,34.16,1
C01539,T1292,South,Standard,499,0.0,0
C01540,T1201,Central,Standard,499,22.0,2
C01541,T1426,North,Standard,499,15.09,0
C01542,T1402,East,Premium,799,16.45,0
C01543,T1117,Central,Premium,799,28.89,2
C01544,T1276,West,Premium,799,0.0,2
C01545,T1261,North,Unlimited,1199,35.93,1
C01546,T1138,South,Unlimited,1199,12.24,0
C01547,T1483,South,Basic,299,33.43,0
C01548,T1258,East,Standard,499,29.2,0
C01549,T1060,South,Standard,499,20.69,2
C01550,T1293,North,Unlimited,1199,25.58,0
C01551,T1163,Central,Premium,799,10.46,2
C01552,T1221,North,Standard,499,20.54,1
C01553,T1075,East,Basic,299,27.81,0
C01554,T1086,South,Basic,299,6.15,0
C01555,T1085,West,Standard,499,34.47,2
C01556,T1380,West,Unlimited,1199,22.7,2
C01557,T1351,East,Standard,499,30.4,2
C01558,T1443,East,Basic,299,14.66,0
C01559,T1183,Central,Premium,799,31.76,2
C01560,T1000,North,Standard,499,18.2,1
C01561,T1389,South,Standard,499,14.61,0
C01562,T1001,North,Basic,299,24.89,1
C01563,T1010,East,Basic,299,43.16,0
C01564,T1280,South,Unlimited,1199,34.0,1
C01565,T1127,Central,Premium,799,50.47,2
C01566,T1380,West,Unlimited,1199,10.82,4
C01567,T1232,South,Standard,499,4.1,3
C01568,T1303,North,Basic,299,32.56,5
C01569,T1313,West,Basic,299,38.78,0
C01570,T1001,North,Basic,299,38.68,3
C01571,T1062,North,Premium,799,20.15,1
C01572,T1060,South,Unlimited,1199,15.48,1
C01573,T1408,South,Basic,299,19.82,1
C01574,T1011,East,Basic,299,28.34,2
C01575,T1196,Central,Standard,499,19.08,2
C01576,T1420,Central,Standard,499,32.96,1
C01577,T1071,West,Unlimited,1199,1.66,0
C01578,T1103,West,Unlimited,1199,15.96,2
C01579,T1379,South,Unlimited,1199,19.62,3
C01580,T1378,Central,Basic,299,16.02,0
C01581,T1198,South,Basic,299,20.69,3
C01582,T1277,North,Premium,799,19.5,1
C01583,T1153,West,Basic,299,36.45,2
C01584,T1482,West,Unlimited,1199,29.43,2
C01585,T1245,Central,Premium,799,19.73,8
C01586,T1125,West,Basic,299,23.03,2
C01587,T1025,North,Basic,299,8.94,1
C01588,T1471,Central,Premium,799,28.88,3
C01589,T1127,Central,Unlimited,1199,28.86,1
C01590,T1060,South,Basic,299,5.86,0
C01591,T1370,West,Standard,499,34.14,1
C01592,T1487,Central,Unlimited,1199,24.66,2
C01593,T1042,South,Basic,299,15.69,0
C01594,T1267,East,Basic,299,25.37,0
C01595,T1162,North,Basic,299,18.82,1
C01596,T1339,West,Premium,799,32.1,1
C01597,T1355,South,Premium,799,29.77,0
C01598,T1168,South,Standard,499,3.67,1
C01599,T1388,East,Premium,799,38.94,0
C01600,T1076,Central,Basic,299,20.33,2
C01601,T1096,West,Premium,799,32.86,0
C01602,T1412,South,Basic,299,15.84,2
C01603,T1035,South,Premium,799,23.49,0
C01604,T1104,South,Premium,799,30.88,2
C01605,T1390,North,Standard,499,14.23,0
C01606,T1142,North,Unlimited,1199,24.93,1
C01607,T1210,East,Basic,299,13.96,2
C01608,T1228,West,Premium,799,31.15,1
C01609,T1192,East,Premium,799,23.84,1
C01610,T1145,North,Premium,799,15.19,1
C01611,T1441,East,Unlimited,1199,4.44,2
C01612,T1221,North,Unlimited,1199,21.52,1
C01613,T1075,East,Basic,299,0.0,1
C01614,T1048,Central,Basic,299,15.93,0
C01615,T1281,South,Standard,499,26.91,0
C01616,T1136,South,Basic,299,42.8,3
C01617,T1414,South,Standard,499,25.09,2
C01618,T1361,West,Basic,299,28.49,0
C01619,T1352,East,Standard,499,18.64,1
C01620,T1471,Central,Standard,499,25.62,3
C01621,T1262,East,Unlimited,1199,18.14,1
C01622,T1305,Central,Premium,799,39.6,2
C01623,T1495,East,Basic,299,26.36,3
C01624,T1492,East,Unlimited,1199,23.57,1
C01625,T1072,East,Basic,299,36.51,2
C01626,T1271,Central,Premium,799,8.9,0
C01627,T1256,West,Basic,299,25.37,0
C01628,T1254,South,Premium,799,25.78,1
C01629,T1352,East,Premium,799,27.78,2
C01630,T1463,South,Standard,499,35.31,2
C01631,T1239,Central,Standard,499,25.46,0
C01632,T1404,West,Premium,799,33.12,3
C01633,T1210,East,Premium,799,31.45,4
C01634,T1081,Central,Standard,499,29.63,0
C01635,T1176,South,Unlimited,1199,28.33,0
C01636,T1008,East,Basic,299,24.21,0
C01637,T1150,South,Basic,299,10.59,0
C01638,T1081,Central,Basic,299,26.75,1
C01639,T1395,Central,Standard,499,38.58,0
C01640,T1282,North,Premium,799,28.62,1
C01641,T1054,West,Basic,299,27.98,2
C01642,T1351,East,Unlimited,1199,43.27,1
C01643,T1480,East,Basic,299,20.84,0
C01644,T1321,East,Standard,499,26.75,1
C01645,T1402,East,Premium,799,8.66,0
C01646,T1177,West,Basic,299,17.84,1
C01647,T1146,South,Unlimited,1199,21.21,1
C01648,T1058,Central,Basic,299,10.61,1
C01649,T1031,East,Unlimited,1199,20.6,2
C01650,T1308,North,Standard,499,21.43,2
C01651,T1112,North,Basic,299,31.92,2
C01652,T1135,Central,Unlimited,1199,41.34,2
C01653,T1209,East,Basic,299,23.31,2
C01654,T1027,North,Basic,299,26.45,1
C01655,T1065,Central,Standard,499,23.7,2
C01656,T1267,East,Standard,499,8.1,0
C01657,T1234,East,Basic,299,14.66,0
C01658,T1015,North,Basic,299,28.22,2
C01659,T1370,West,Standard,499,19.64,3
C01660,T1102,North,Standard,499,8.52,2
C01661,T1290,South,Unlimited,1199,32.11,1
C01662,T1035,South,Premium,799,24.05,2
C01663,T1045,West,Standard,499,19.1,0
C01664,T1015,North,Premium,799,15.74,0
C01665,T1484,North,Premium,799,27.07,1
C01666,T1005,North,Unlimited,1199,44.73,0
C01667,T1376,Central,Unlimited,1199,32.72,1
C01668,T1222,Central,Premium,799,20.07,2
C01669,T1114,West,Premium,799,21.15,1
C01670,T1159,North,Unlimited,1199,15.72,0
C01671,T1371,East,Basic,299,36.03,2
C01672,T1496,West,Premium,799,23.76,1
C01673,T1335,Central,Standard,499,17.02,0
C01674,T1457,Central,Standard,499,29.85,0
C01675,T1225,Central,Unlimited,1199,22.43,0
C01676,T1112,North,Premium,799,45.99,0
C01677,T1196,Central,Basic,299,21.87,1
C01678,T1054,West,Basic,299,21.1,3
C01679,T1170,West,Standard,499,5.07,0
C01680,T1003,Central,Premium,799,29.83,1
C01681,T1255,Central,Standard,499,41.57,4
C01682,T1493,West,Premium,799,13.24,0
C01683,T1251,West,Standard,499,26.3,0
C01684,T1132,East,Standard,499,22.49,0
C01685,T1179,North,Unlimited,1199,25.96,0
C01686,T1042,South,Unlimited,1199,17.81,0
C01687,T1209,East,Standard,499,21.53,1
C01688,T1083,South,Premium,799,20.74,0
C01689,T1387,East,Basic,299,30.19,0
C01690,T1383,Central,Standard,499,29.42,1
C01691,T1422,East,Unlimited,1199,17.21,2
C01692,T1342,Central,Standard,499,9.24,0
C01693,T1201,Central,Unlimited,1199,17.27,1
C01694,T1001,North,Unlimited,1199,18.89,2
C01695,T1433,Central,Unlimited,1199,41.65,3
C01696,T1360,East,Unlimited,1199,26.36,1
C01697,T1478,West,Premium,799,11.6,1
C01698,T1477,West,Unlimited,1199,36.74,1
C01699,T1487,Central,Standard,499,18.06,2
C01700,T1438,West,Standard,499,22.91,0
C01701,T1141,North,Basic,299,12.71,1
C01702,T1489,East,Unlimited,1199,12.18,1
C01703,T1452,West,Unlimited,1199,3.92,2
C01704,T1436,South,Unlimited,1199,36.38,0
C01705,T1261,North,Premium,799,31.39,1
C01706,T1404,West,Premium,799,24.42,4
C01707,T1239,Central,Basic,299,31.19,0
C01708,T1339,West,Standard,499,25.26,0
C01709,T1296,West,Basic,299,16.43,0
C01710,T1327,East,Standard,499,22.14,2
C01711,T1185,West,Basic,299,12.36,0
C01712,T1018,East,Unlimited,1199,28.64,1
C01713,T1412,South,Premium,799,33.14,1
C01714,T1256,West,Unlimited,1199,14.76,1
C01715,T1154,Central,Standard,499,15.15,1
C01716,T1064,Central,Standard,499,36.14,1
C01717,T1160,South,Premium,799,36.08,1
C01718,T1415,North,Standard,499,39.73,0
C01719,T1157,Central,Basic,299,28.18,0
C01720,T1157,Central,Unlimited,1199,16.84,0
C01721,T1449,West,Unlimited,1199,12.22,1
C01722,T1280,South,Standard,499,12.8,0
C01723,T1485,Central,Basic,299,24.18,0
C01724,T1077,East,Basic,299,11.63,0
C01725,T1172,East,Unlimited,1199,33.28,0
C01726,T1431,Central,Premium,799,19.93,1
C01727,T1309,East,Premium,799,23.47,0
C01728,T1083,South,Premium,799,13.76,1
C01729,T1131,East,Standard,499,12.68,1
C01730,T1008,East,Unlimited,1199,37.66,0
C01731,T1337,South,Premium,799,23.01,5
C01732,T1329,South,Basic,299,21.84,1
C01733,T1392,North,Basic,299,14.53,1
C01734,T1051,Central,Unlimited,1199,29.32,3
C01735,T1396,South,Standard,499,16.7,2
C01736,T1279,East,Basic,299,12.09,0
C01737,T1271,Central,Standard,499,26.1,1
C01738,T1237,Central,Standard,499,18.32,1
C01739,T1001,North,Unlimited,1199,23.42,0
C01740,T1119,North,Premium,799,29.61,0
C01741,T1115,North,Premium,799,17.11,1
C01742,T1346,South,Premium,799,15.61,0
C01743,T1256,West,Standard,499,31.84,1
C01744,T1370,West,Basic,299,43.01,3
C01745,T1270,North,Premium,799,20.6,1
C01746,T1300,South,Unlimited,1199,40.31,0
C01747,T1274,North,Basic,299,0.13,2
C01748,T1207,South,Unlimited,1199,38.66,1
C01749,T1132,East,Basic,299,14.96,0
C01750,T1177,West,Basic,299,17.43,1
C01751,T1418,North,Basic,299,38.74,1
C01752,T1022,Central,Standard,499,23.86,0
C01753,T1046,East,Standard,499,9.72,3
C01754,T1417,Central,Premium,799,17.13,3
C01755,T1159,North,Standard,499,29.57,2
C01756,T1336,East,Premium,799,24.31,1
C01757,T1042,South,Standard,499,22.09,0
C01758,T1126,West,Basic,299,31.95,2
C01759,T1060,South,Unlimited,1199,20.28,1
C01760,T1026,South,Premium,799,22.98,1
C01761,T1312,West,Unlimited,1199,28.1,1
C01762,T1002,South,Standard,499,36.69,0
C01763,T1254,South,Standard,499,12.21,0
C01764,T1051,Central,Unlimited,1199,10.14,1
C01765,T1027,North,Basic,299,31.72,2
C01766,T1103,West,Standard,499,36.64,1
C01767,T1031,East,Standard,499,35.72,2
C01768,T1053,South,Unlimited,1199,42.22,0
C01769,T1281,South,Basic,299,20.86,1
C01770,T1041,South,Basic,299,36.47,1
C01771,T1413,North,Premium,799,23.97,2
C01772,T1016,East,Basic,299,31.2,1
C01773,T1107,Central,Premium,799,22.88,0
C01774,T1470,South,Unlimited,1199,21.81,0
C01775,T1416,West,Basic,299,37.68,0
C01776,T1123,East,Basic,299,29.05,5
C01777,T1382,West,Basic,299,13.18,2
C01778,T1301,North,Unlimited,1199,15.47,1
C01779,T1390,North,Unlimited,1199,32.66,0
C01780,T1023,East,Basic,299,30.36,3
C01781,T1452,West,Unlimited,1199,32.21,1
C01782,T1452,West,Standard,499,14.35,0
C01783,T1389,South,Premium,799,14.7,0
C01784,T1350,Central,Basic,299,0.0,0
C01785,T1369,West,Premium,799,9.7,0
C01786,T1050,North,Premium,799,21.73,1
C01787,T1432,South,Unlimited,1199,20.56,0
C01788,T1420,Central,Premium,799,15.98,2
C01789,T1444,South,Premium,799,30.91,0
C01790,T1471,Central,Basic,299,26.1,2
C01791,T1039,West,Standard,499,10.4,0
C01792,T1490,East,Unlimited,1199,15.73,1
C01793,T1174,East,Standard,499,39.77,2
C01794,T1172,East,Standard,499,24.6,0
C01795,T1361,West,Basic,299,16.2,0
C01796,T1011,East,Unlimited,1199,21.27,2
C01797,T1472,South,Standard,499,23.34,5
C01798,T1270,North,Unlimited,1199,19.97,0
C01799,T1267,East,Basic,299,15.98,0
C01800,T1241,West,Standard,499,5.28,0
C01801,T1399,East,Unlimited,1199,16.41,0
C01802,T1306,East,Basic,299,37.99,2
C01803,T1239,Central,Basic,299,29.05,0
C01804,T1484,North,Unlimited,1199,16.98,0
C01805,T1054,West,Unlimited,1199,23.97,1
C01806,T1014,South,Basic,299,16.8,3
C01807,T1398,North,Unlimited,1199,22.36,0
C01808,T1499,North,Standard,499,15.31,2
C01809,T1066,West,Standard,499,19.88,3
C01810,T1346,South,Unlimited,1199,11.99,1
C01811,T1128,North,Unlimited,1199,45.77,0
C01812,T1251,West,Basic,299,32.77,0
C01813,T1274,North,Standard,499,35.72,3
C01814,T1248,North,Premium,799,22.93,1
C01815,T1428,South,Standard,499,30.86,0
C01816,T1020,South,Unlimited,1199,36.2,1
C01817,T1449,West,Unlimited,1199,16.03,1
C01818,T1286,West,Basic,299,39.69,0
C01819,T1460,Central,Basic,299,50.52,0
C01820,T1093,West,Premium,799,37.06,2
C01821,T1280,South,Basic,299,26.35,0
C01822,T1344,East,Premium,799,24.24,4
C01823,T1401,South,Premium,799,34.61,0
C01824,T1238,North,Basic,299,24.47,2
C01825,T1007,North,Standard,499,27.9,1
C01826,T1333,North,Premium,799,25.15,0
C01827,T1342,Central,Premium,799,35.21,0
C01828,T1099,North,Standard,499,28.37,2
C01829,T1109,East,Unlimited,1199,27.89,1
C01830,T1493,West,Standard,499,10.25,3
C01831,T1083,South,Basic,299,43.35,1
C01832,T1200,East,Basic,299,26.8,3
C01833,T1404,West,Unlimited,1199,18.18,6
C01834,T1342,Central,Unlimited,1199,34.05,2
C01835,T1282,North,Premium,799,29.56,0
C01836,T1433,Central,Unlimited,1199,31.17,0
C01837,T1132,East,Unlimited,1199,21.19,1
C01838,T1341,West,Unlimited,1199,22.94,0
C01839,T1010,East,Unlimited,1199,44.56,0
C01840,T1410,West,Unlimited,1199,32.36,1
C01841,T1349,Central,Premium,799,40.69,1
C01842,T1033,Central,Unlimited,1199,13.65,1
C01843,T1317,East,Basic,299,43.48,1
C01844,T1125,West,Premium,799,30.44,2
C01845,T1356,West,Standard,499,27.28,0
C01846,T1045,West,Premium,799,33.91,1
C01847,T1028,East,Basic,299,39.83,1
C01848,T1429,North,Unlimited,1199,31.77,0
C01849,T1458,North,Premium,799,31.07,0
C01850,T1421,North,Standard,499,19.41,1
C01851,T1198,South,Basic,299,13.62,0
C01852,T1002,South,Unlimited,1199,13.1,0
C01853,T1475,Central,Basic,299,8.47,0
C01854,T1111,East,Standard,499,35.31,2
C01855,T1186,East,Basic,299,20.88,0
C01856,T1481,West,Premium,799,7.48,1
C01857,T1457,Central,Standard,499,19.15,3
C01858,T1144,East,Standard,499,12.67,1
C01859,T1359,South,Basic,299,28.26,1
C01860,T1317,East,Standard,499,28.21,0
C01861,T1295,West,Standard,499,35.36,1
C01862,T1147,West,Premium,799,28.53,2
C01863,T1257,Central,Basic,299,25.54,2
C01864,T1112,North,Basic,299,5.17,1
C01865,T1005,North,Premium,799,23.2,1
C01866,T1467,North,Basic,299,20.01,1
C01867,T1378,Central,Unlimited,1199,14.55,0
C01868,T1307,West,Basic,299,27.94,3
C01869,T1416,West,Basic,299,15.88,0
C01870,T1161,Central,Standard,499,33.13,1
C01871,T1023,East,Standard,499,24.52,1
C01872,T1051,Central,Premium,799,26.57,1
C01873,T1466,South,Basic,299,42.23,0
C01874,T1193,South,Unlimited,1199,31.3,5
C01875,T1390,North,Unlimited,1199,21.81,1
C01876,T1357,North,Premium,799,37.21,0
C01877,T1206,Central,Standard,499,16.4,0
C01878,T1118,North,Premium,799,18.47,0
C01879,T1119,North,Premium,799,22.63,2
C01880,T1281,South,Basic,299,6.89,0
C01881,T1047,West,Basic,299,14.54,0
C01882,T1166,North,Basic,299,22.15,1
C01883,T1419,Central,Basic,299,22.89,2
C01884,T1450,South,Premium,799,20.19,1
C01885,T1466,South,Unlimited,1199,25.67,0
C01886,T1215,North,Premium,799,19.14,1
C01887,T1393,West,Standard,499,25.92,1
C01888,T1251,West,Unlimited,1199,23.75,2
C01889,T1438,West,Basic,299,24.38,0
C01890,T1163,Central,Unlimited,1199,23.21,2
C01891,T1126,West,Premium,799,25.21,2
C01892,T1164,Central,Basic,299,27.05,0
C01893,T1070,West,Basic,299,24.25,1
C01894,T1463,South,Unlimited,1199,43.02,1
C01895,T1464,South,Unlimited,1199,20.17,1
C01896,T1168,South,Basic,299,21.88,1
C01897,T1068,Central,Standard,499,21.93,1
C01898,T1303,North,Premium,799,14.9,0
C01899,T1391,South,Unlimited,1199,37.92,0
C01900,T1259,Central,Basic,299,32.71,3
C01901,T1185,West,Premium,799,34.46,0
C01902,T1079,Central,Unlimited,1199,29.92,3
C01903,T1437,West,Basic,299,15.67,1
C01904,T1390,North,Unlimited,1199,16.07,1
C01905,T1082,Central,Standard,499,24.8,1
C01906,T1375,Central,Unlimited,1199,18.59,0
C01907,T1009,East,Standard,499,24.32,0
C01908,T1151,East,Premium,799,12.67,0
C01909,T1222,Central,Premium,799,28.99,2
C01910,T1395,Central,Premium,799,8.86,3
C01911,T1216,North,Unlimited,1199,21.96,5
C01912,T1072,East,Basic,299,33.72,1
C01913,T1183,Central,Basic,299,30.36,1
C01914,T1226,Central,Basic,299,25.19,3
C01915,T1013,West,Unlimited,1199,25.85,2
C01916,T1104,South,Basic,299,1.18,1
C01917,T1423,West,Unlimited,1199,31.72,1
C01918,T1062,North,Premium,799,27.24,0
C01919,T1196,Central,Premium,799,29.83,0
C01920,T1386,East,Unlimited,1199,35.74,1
C01921,T1272,East,Standard,499,21.72,2
C01922,T1246,East,Basic,299,6.78,1
C01923,T1110,East,Basic,299,29.35,1
C01924,T1249,Central,Premium,799,31.43,0
C01925,T1157,Central,Standard,499,26.07,2
C01926,T1271,Central,Basic,299,20.64,0
C01927,T1397,West,Standard,499,18.3,0
C01928,T1454,East,Unlimited,1199,33.16,0
C01929,T1151,East,Basic,299,28.92,0
C01930,T1430,South,Premium,799,15.13,1
C01931,T1257,Central,Premium,799,18.69,1
C01932,T1361,West,Unlimited,1199,39.67,0
C01933,T1343,North,Standard,499,23.62,1
C01934,T1196,Central,Basic,299,25.3,1
C01935,T1082,Central,Standard,499,23.42,1
C01936,T1170,West,Premium,799,29.71,0
C01937,T1394,East,Unlimited,1199,30.57,1
C01938,T1350,Central,Unlimited,1199,21.82,1
C01939,T1075,East,Unlimited,1199,21.72,0
C01940,T1095,Central,Premium,799,30.5,1
C01941,T1023,East,Unlimited,1199,36.07,1
C01942,T1213,Central,Unlimited,1199,14.98,1
C01943,T1128,North,Standard,499,15.89,1
C01944,T1005,North,Unlimited,1199,29.26,1
C01945,T1334,North,Unlimited,1199,9.25,0
C01946,T1349,Central,Standard,499,26.52,1
C01947,T1073,North,Unlimited,1199,26.87,2
C01948,T1484,North,Basic,299,16.03,0
C01949,T1440,West,Standard,499,21.91,2
C01950,T1482,West,Premium,799,33.13,0
C01951,T1106,West,Unlimited,1199,32.44,1
C01952,T1243,East,Unlimited,1199,22.57,1
C01953,T1354,East,Standard,499,13.67,3
C01954,T1309,East,Standard,499,24.35,0
C01955,T1111,East,Unlimited,1199,29.51,1
C01956,T1369,West,Unlimited,1199,17.06,1
C01957,T1310,East,Basic,299,6.44,4
C01958,T1208,East,Basic,299,34.47,0
C01959,T1408,South,Premium,799,29.42,1
C01960,T1264,South,Unlimited,1199,35.73,0
C01961,T1302,Central,Standard,499,34.95,1
C01962,T1090,South,Basic,299,28.67,2
C01963,T1355,South,Premium,799,20.57,0
C01964,T1399,East,Premium,799,33.09,2
C01965,T1398,North,Standard,499,30.15,1
C01966,T1132,East,Basic,299,13.4,2
C01967,T1177,West,Basic,299,28.71,1
C01968,T1351,East,Standard,499,22.41,0
C01969,T1242,North,Standard,499,33.62,2
C01970,T1295,West,Unlimited,1199,12.53,3
C01971,T1380,West,Basic,299,35.33,2
C01972,T1489,East,Premium,799,18.13,1
C01973,T1305,Central,Unlimited,1199,11.26,0
C01974,T1219,South,Premium,799,22.42,0
C01975,T1397,West,Basic,299,7.65,0
C01976,T1160,South,Standard,499,31.37,0
C01977,T1349,Central,Premium,799,3.38,1
C01978,T1210,East,Unlimited,1199,46.71,1
C01979,T1029,North,Unlimited,1199,28.5,2
C01980,T1256,West,Unlimited,1199,32.55,1
C01981,T1255,Central,Premium,799,15.15,2
C01982,T1176,South,Premium,799,27.73,0
C01983,T1081,Central,Unlimited,1199,41.14,0
C01984,T1435,South,Basic,299,11.5,0
C01985,T1300,South,Basic,299,37.9,2
C01986,T1123,East,Premium,799,23.3,4
C01987,T1432,South,Standard,499,28.65,1
C01988,T1244,North,Standard,499,16.66,1
C01989,T1440,West,Unlimited,1199,28.38,1
C01990,T1383,Central,Standard,499,27.07,1
C01991,T1233,West,Standard,499,37.8,2
C01992,T1092,West,Basic,299,14.78,1
C01993,T1361,West,Standard,499,27.49,1
C01994,T1089,Central,Standard,499,9.36,0
C01995,T1246,East,Basic,299,14.81,2
C01996,T1054,West,Basic,299,13.52,0
C01997,T1427,Central,Unlimited,1199,11.94,1
C01998,T1425,Central,Premium,799,35.16,0
C01999,T1333,North,Unlimited,1199,20.29,1
C02000,T1218,North,Basic,299,0.0,1
C02001,T1495,East,Unlimited,1199,22.51,2
C02002,T1216,North,Standard,499,28.52,1
C02003,T1399,East,Premium,799,9.52,1
C02004,T1080,Central,Premium,799,21.07,2
C02005,T1058,Central,Premium,799,12.93,2
C02006,T1137,South,Unlimited,1199,12.38,1
C02007,T1295,West,Standard,499,25.87,0
C02008,T1016,East,Premium,799,31.41,0
C02009,T1089,Central,Basic,299,36.83,2
C02010,T1427,Central,Unlimited,1199,36.74,1
C02011,T1489,East,Basic,299,31.96,0
C02012,T1106,West,Standard,499,20.66,1
C02013,T1095,Central,Basic,299,32.95,2
C02014,T1460,Central,Standard,499,23.13,1
C02015,T1382,West,Unlimited,1199,26.36,2
C02016,T1492,East,Basic,299,7.15,1
C02017,T1048,Central,Premium,799,27.72,0
C02018,T1094,Central,Unlimited,1199,15.6,0
C02019,T1137,South,Unlimited,1199,17.63,0
C02020,T1424,South,Basic,299,16.58,1
C02021,T1031,East,Unlimited,1199,28.47,3
C02022,T1279,East,Basic,299,25.35,1
C02023,T1444,South,Basic,299,17.55,1
C02024,T1230,East,Unlimited,1199,23.93,1
C02025,T1452,West,Basic,299,30.0,1
C02026,T1471,Central,Standard,499,14.41,2
C02027,T1204,West,Standard,499,34.68,1
C02028,T1228,West,Basic,299,18.22,1
C02029,T1454,East,Premium,799,14.83,1
C02030,T1350,Central,Basic,299,42.79,0
C02031,T1481,West,Basic,299,23.78,2
C02032,T1149,North,Standard,499,15.46,0
C02033,T1106,West,Standard,499,26.66,0
C02034,T1211,South,Unlimited,1199,44.63,0
C02035,T1093,West,Premium,799,21.54,1
C02036,T1469,Central,Premium,799,30.68,0
C02037,T1192,East,Standard,499,31.29,1
C02038,T1436,South,Basic,299,26.5,2
C02039,T1441,East,Unlimited,1199,16.13,1
C02040,T1081,Central,Premium,799,22.19,0
C02041,T1400,South,Unlimited,1199,19.47,0
C02042,T1221,North,Standard,499,24.69,1
C02043,T1468,North,Basic,299,20.38,0
C02044,T1276,West,Standard,499,16.39,2
C02045,T1490,East,Basic,299,15.63,0
C02046,T1379,South,Unlimited,1199,38.34,1
C02047,T1387,East,Premium,799,37.39,0
C02048,T1133,South,Basic,299,37.25,2
C02049,T1080,Central,Premium,799,32.62,0
C02050,T1315,West,Premium,799,16.87,1
C02051,T1055,West,Standard,499,30.66,0
C02052,T1377,Central,Standard,499,13.26,1
C02053,T1065,Central,Unlimited,1199,31.04,1
C02054,T1358,South,Standard,499,41.46,0
C02055,T1388,East,Unlimited,1199,25.3,1
C02056,T1092,West,Basic,299,23.73,1
C02057,T1081,Central,Basic,299,11.55,0
C02058,T1420,Central,Unlimited,1199,40.26,0
C02059,T1113,South,Premium,799,13.23,1
C02060,T1333,North,Basic,299,16.5,1
C02061,T1152,Central,Unlimited,1199,30.03,4
C02062,T1030,South,Standard,499,18.41,1
C02063,T1425,Central,Unlimited,1199,34.67,0
C02064,T1367,Central,Unlimited,1199,23.68,1
C02065,T1231,West,Unlimited,1199,39.63,0
C02066,T1330,North,Premium,799,13.82,0
C02067,T1421,North,Standard,499,29.62,0
C02068,T1232,South,Standard,499,24.4,0
C02069,T1283,West,Premium,799,8.83,4
C02070,T1182,West,Standard,499,5.87,0
C02071,T1301,North,Unlimited,1199,2.22,1
C02072,T1135,Central,Premium,799,32.3,3
C02073,T1011,East,Unlimited,1199,26.64,1
C02074,T1370,West,Basic,299,37.23,1
C02075,T1258,East,Unlimited,1199,12.99,0
C02076,T1154,Central,Basic,299,23.66,0
C02077,T1214,South,Unlimited,1199,22.81,5
C02078,T1385,South,Unlimited,1199,15.6,2
C02079,T1433,Central,Basic,299,18.95,3
C02080,T1086,South,Basic,299,24.48,0
C02081,T1279,East,Basic,299,37.0,0
C02082,T1340,North,Basic,299,34.48,0
C02083,T1289,Central,Standard,499,9.77,0
C02084,T1304,West,Basic,299,20.52,1
C02085,T1084,East,Standard,499,21.03,1
C02086,T1395,Central,Basic,299,16.95,1
C02087,T1462,Central,Premium,799,20.02,0
C02088,T1397,West,Premium,799,15.19,0
C02089,T1451,South,Standard,499,32.25,3
C02090,T1317,East,Basic,299,7.06,0
C02091,T1143,Central,Premium,799,37.25,0
C02092,T1277,North,Basic,299,31.7,1
C02093,T1299,South,Standard,499,19.64,0
C02094,T1088,South,Standard,499,21.01,2
C02095,T1178,Central,Standard,499,38.66,1
C02096,T1126,West,Standard,499,27.71,1
C02097,T1088,South,Basic,299,26.54,0
C02098,T1490,East,Standard,499,13.64,1
C02099,T1125,West,Premium,799,30.58,1
C02100,T1034,North,Basic,299,32.44,1
C02101,T1078,Central,Premium,799,16.11,3
C02102,T1176,South,Basic,299,23.1,0
C02103,T1058,Central,Standard,499,31.9,1
C02104,T1172,East,Premium,799,30.24,1
C02105,T1168,South,Basic,299,30.31,0
C02106,T1115,North,Unlimited,1199,14.85,0
C02107,T1297,Central,Premium,799,16.49,0
C02108,T1355,South,Standard,499,37.48,0
C02109,T1319,East,Standard,499,28.18,0
C02110,T1386,East,Standard,499,6.43,0
C02111,T1098,East,Standard,499,38.0,2
C02112,T1150,South,Standard,499,29.91,1
C02113,T1201,Central,Standard,499,41.77,1
C02114,T1303,North,Unlimited,1199,21.72,2
C02115,T1067,East,Basic,299,24.27,1
C02116,T1415,North,Basic,299,27.37,0
C02117,T1177,West,Standard,499,35.05,1
C02118,T1062,North,Standard,499,22.83,0
C02119,T1425,Central,Premium,799,26.54,2
C02120,T1385,South,Premium,799,16.19,1
C02121,T1046,East,Standard,499,12.5,0
C02122,T1450,South,Basic,299,31.74,2
C02123,T1227,North,Premium,799,11.47,1
C02124,T1384,East,Unlimited,1199,17.82,0
C02125,T1160,South,Standard,499,21.95,1
C02126,T1487,Central,Basic,299,18.22,1
C02127,T1060,South,Standard,499,31.15,1
C02128,T1124,East,Unlimited,1199,22.17,1
C02129,T1205,Central,Standard,499,18.8,3
C02130,T1246,East,Unlimited,1199,31.12,2
C02131,T1158,West,Premium,799,17.01,0
C02132,T1142,North,Standard,499,27.75,1
C02133,T1033,Central,Basic,299,33.18,1
C02134,T1196,Central,Standard,499,9.01,0
C02135,T1304,West,Premium,799,27.99,3
C02136,T1328,West,Basic,299,14.41,3
C02137,T1289,Central,Standard,499,22.48,0
C02138,T1461,Central,Unlimited,1199,36.72,1
C02139,T1175,East,Basic,299,22.4,0
C02140,T1300,South,Standard,499,18.82,0
C02141,T1092,West,Unlimited,1199,26.72,2
C02142,T1228,West,Basic,299,31.22,0
C02143,T1359,South,Standard,499,21.76,1
C02144,T1051,Central,Unlimited,1199,14.68,0
C02145,T1190,East,Standard,499,9.7,1
C02146,T1369,West,Unlimited,1199,16.25,0
C02147,T1065,Central,Unlimited,1199,31.73,1
C02148,T1437,West,Premium,799,27.63,1
C02149,T1242,North,Premium,799,25.84,0
C02150,T1077,East,Unlimited,1199,28.86,0
C02151,T1128,North,Unlimited,1199,19.62,2
C02152,T1052,West,Standard,499,27.06,1
C02153,T1359,South,Basic,299,18.11,0
C02154,T1455,West,Unlimited,1199,28.45,0
C02155,T1061,South,Unlimited,1199,40.67,0
C02156,T1414,South,Standard,499,17.18,0
C02157,T1013,West,Basic,299,19.71,0
C02158,T1292,South,Standard,499,33.4,1
C02159,T1337,South,Premium,799,34.74,4
C02160,T1447,South,Standard,499,21.46,1
C02161,T1138,South,Basic,299,23.01,1
C02162,T1097,Central,Standard,499,35.14,1
C02163,T1361,West,Basic,299,26.32,5
C02164,T1032,East,Premium,799,31.8,0
C02165,T1353,West,Standard,499,31.62,0
C02166,T1440,West,Premium,799,39.22,1
C02167,T1181,West,Basic,299,21.54,0
C02168,T1162,North,Basic,299,35.44,1
C02169,T1138,South,Standard,499,32.34,1
C02170,T1368,East,Standard,499,17.35,0
C02171,T1051,Central,Basic,299,18.13,0
C02172,T1153,West,Standard,499,30.14,0
C02173,T1341,West,Basic,299,17.8,2
C02174,T1264,South,Unlimited,1199,28.22,4
C02175,T1248,North,Unlimited,1199,39.41,1
C02176,T1326,North,Standard,499,34.47,2
C02177,T1133,South,Unlimited,1199,6.74,1
C02178,T1309,East,Standard,499,25.64,1
C02179,T1191,Central,Premium,799,23.03,2
C02180,T1440,West,Standard,499,34.38,3
C02181,T1078,Central,Basic,299,20.66,6
C02182,T1279,East,Standard,499,36.93,2
C02183,T1362,East,Premium,799,32.81,1
C02184,T1321,East,Premium,799,13.55,0
C02185,T1358,South,Basic,299,0.0,1
C02186,T1302,Central,Standard,499,8.73,1
C02187,T1376,Central,Basic,299,10.52,2
C02188,T1154,Central,Unlimited,1199,29.41,1
C02189,T1252,North,Basic,299,27.37,1
C02190,T1220,South,Unlimited,1199,25.84,0
C02191,T1324,North,Unlimited,1199,28.29,1
C02192,T1424,South,Standard,499,20.48,1
C02193,T1492,East,Standard,499,25.09,1
C02194,T1450,South,Standard,499,21.89,1
C02195,T1387,East,Standard,499,23.42,2
C02196,T1301,North,Unlimited,1199,35.32,1
C02197,T1181,West,Basic,299,35.79,0
C02198,T1183,Central,Basic,299,20.4,1
C02199,T1084,East,Premium,799,34.19,1
C02200,T1239,Central,Premium,799,15.05,1
C02201,T1491,South,Unlimited,1199,37.0,0
C02202,T1140,East,Basic,299,20.99,2
C02203,T1452,West,Premium,799,26.95,0
C02204,T1325,North,Premium,799,29.11,2
C02205,T1376,Central,Standard,499,28.82,2
C02206,T1424,South,Standard,499,8.76,2
C02207,T1498,North,Premium,799,24.25,1
C02208,T1358,South,Unlimited,1199,28.63,1
C02209,T1363,East,Unlimited,1199,17.53,1
C02210,T1069,South,Unlimited,1199,15.98,1
C02211,T1403,Central,Standard,499,29.46,0
C02212,T1009,East,Premium,799,31.49,3
C02213,T1203,North,Unlimited,1199,11.87,1
C02214,T1064,Central,Standard,499,26.57,2
C02215,T1185,West,Premium,799,17.99,0
C02216,T1473,North,Standard,499,33.71,1
C02217,T1441,East,Premium,799,17.24,1
C02218,T1377,Central,Premium,799,31.42,1
C02219,T1041,South,Unlimited,1199,21.65,2
C02220,T1086,South,Standard,499,24.34,2
C02221,T1088,South,Standard,499,30.59,0
C02222,T1445,East,Premium,799,9.88,3
C02223,T1386,East,Basic,299,19.62,3
C02224,T1273,North,Standard,499,18.73,3
C02225,T1373,Central,Unlimited,1199,15.52,0
C02226,T1086,South,Premium,799,11.55,1
C02227,T1228,West,Standard,499,25.18,0
C02228,T1282,North,Unlimited,1199,21.05,0
C02229,T1096,West,Premium,799,22.65,0
C02230,T1450,South,Standard,499,9.24,1
C02231,T1330,North,Basic,299,25.54,0
C02232,T1046,East,Standard,499,22.5,0
C02233,T1405,South,Standard,499,35.14,2
C02234,T1125,West,Premium,799,21.04,0
C02235,T1044,North,Premium,799,17.11,1
C02236,T1291,West,Standard,499,33.56,2
C02237,T1304,West,Basic,299,51.34,1
C02238,T1403,Central,Basic,299,26.11,0
C02239,T1310,East,Unlimited,1199,17.73,1
C02240,T1201,Central,Standard,499,7.15,2
C02241,T1425,Central,Unlimited,1199,27.06,0
C02242,T1020,South,Standard,499,28.64,1
C02243,T1209,East,Unlimited,1199,43.63,1
C02244,T1000,North,Premium,799,25.72,0
C02245,T1470,South,Premium,799,13.59,1
C02246,T1423,West,Basic,299,28.2,2
C02247,T1492,East,Premium,799,35.05,0
C02248,T1220,South,Standard,499,20.21,4
C02249,T1094,Central,Basic,299,13.05,2
C02250,T1244,North,Premium,799,26.19,1
C02251,T1331,Central,Basic,299,21.66,0
C02252,T1009,East,Standard,499,23.96,0
C02253,T1314,North,Basic,299,33.46,0
C02254,T1025,North,Basic,299,31.12,0
C02255,T1294,Central,Standard,499,9.56,1
C02256,T1125,West,Premium,799,18.43,2
C02257,T1390,North,Standard,499,21.47,2
C02258,T1275,Central,Standard,499,34.65,1
C02259,T1068,Central,Standard,499,26.83,0
C02260,T1152,Central,Unlimited,1199,7.44,2
C02261,T1047,West,Basic,299,28.49,0
C02262,T1486,West,Standard,499,34.99,4
C02263,T1195,North,Basic,299,19.37,2
C02264,T1355,South,Basic,299,22.39,0
C02265,T1214,South,Basic,299,27.65,8
C02266,T1073,North,Unlimited,1199,12.14,1
C02267,T1248,North,Basic,299,32.8,2
C02268,T1164,Central,Unlimited,1199,31.04,0
C02269,T1143,Central,Unlimited,1199,28.2,2
C02270,T1056,South,Unlimited,1199,18.93,1
C02271,T1425,Central,Basic,299,38.29,1
C02272,T1242,North,Unlimited,1199,14.56,1
C02273,T1445,East,Standard,499,3.82,4
C02274,T1144,East,Standard,499,48.65,4
C02275,T1362,East,Premium,799,20.78,1
C02276,T1005,North,Basic,299,4.27,2
C02277,T1293,North,Premium,799,40.13,0
C02278,T1116,East,Unlimited,1199,23.25,1
C02279,T1088,South,Standard,499,15.78,3
C02280,T1138,South,Unlimited,1199,35.22,0
C02281,T1046,East,Unlimited,1199,35.77,1
C02282,T1422,East,Unlimited,1199,33.73,2
C02283,T1337,South,Standard,499,37.19,2
C02284,T1344,East,Basic,299,38.25,1
C02285,T1105,West,Standard,499,17.84,1
C02286,T1402,East,Unlimited,1199,9.03,1
C02287,T1058,Central,Basic,299,20.07,0
C02288,T1329,South,Premium,799,19.58,1
C02289,T1144,East,Basic,299,35.07,1
C02290,T1494,West,Unlimited,1199,23.83,3
C02291,T1153,West,Standard,499,23.79,0
C02292,T1480,East,Standard,499,33.32,2
C02293,T1366,Central,Basic,299,18.72,7
C02294,T1178,Central,Premium,799,13.93,2
C02295,T1460,Central,Premium,799,22.34,0
C02296,T1059,South,Standard,499,37.78,1
C02297,T1235,North,Standard,499,25.99,1
C02298,T1237,Central,Unlimited,1199,32.05,1
C02299,T1337,South,Unlimited,1199,18.18,6
C02300,T1185,West,Unlimited,1199,21.99,1
C02301,T1486,West,Unlimited,1199,16.12,3
C02302,T1457,Central,Basic,299,38.85,1
C02303,T1216,North,Standard,499,34.39,4
C02304,T1309,East,Premium,799,27.87,1
C02305,T1092,West,Basic,299,24.67,1
C02306,T1419,Central,Premium,799,26.59,0
C02307,T1450,South,Unlimited,1199,26.63,0
C02308,T1414,South,Basic,299,0.0,1
C02309,T1242,North,Premium,799,23.93,2
C02310,T1439,East,Premium,799,45.77,0
C02311,T1051,Central,Unlimited,1199,22.87,1
C02312,T1010,East,Basic,299,10.55,2
C02313,T1427,Central,Unlimited,1199,22.51,1
C02314,T1317,East,Standard,499,27.69,1
C02315,T1088,South,Premium,799,14.59,0
C02316,T1357,North,Standard,499,19.52,0
C02317,T1021,West,Standard,499,24.52,2
C02318,T1146,South,Standard,499,17.74,0
C02319,T1227,North,Premium,799,33.42,0
C02320,T1136,South,Premium,799,17.88,2
C02321,T1039,West,Unlimited,1199,33.91,0
C02322,T1086,South,Standard,499,14.95,1
C02323,T1137,South,Premium,799,27.7,0
C02324,T1219,South,Premium,799,24.3,1
C02325,T1407,East,Standard,499,37.67,1
C02326,T1256,West,Unlimited,1199,10.79,2
C02327,T1293,North,Premium,799,30.89,1
C02328,T1229,North,Basic,299,24.81,2
C02329,T1183,Central,Premium,799,18.53,0
C02330,T1395,Central,Premium,799,34.73,1
C02331,T1381,East,Standard,499,32.53,0
C02332,T1193,South,Standard,499,25.47,4
C02333,T1286,West,Basic,299,35.26,1
C02334,T1143,Central,Unlimited,1199,26.34,3
C02335,T1088,South,Standard,499,33.18,2
C02336,T1264,South,Unlimited,1199,30.65,0
C02337,T1375,Central,Premium,799,12.67,1
C02338,T1032,East,Basic,299,9.57,0
C02339,T1490,East,Basic,299,41.59,0
C02340,T1304,West,Premium,799,24.82,1
C02341,T1116,East,Premium,799,14.0,1
C02342,T1320,South,Premium,799,6.76,0
C02343,T1246,East,Premium,799,11.28,0
C02344,T1089,Central,Basic,299,28.72,0
C02345,T1200,East,Premium,799,6.04,1
C02346,T1120,North,Premium,799,41.83,1
C02347,T1399,East,Basic,299,31.19,0
C02348,T1427,Central,Basic,299,0.0,1
C02349,T1297,Central,Standard,499,19.29,0
C02350,T1244,North,Basic,299,23.2,1
C02351,T1134,South,Unlimited,1199,35.57,0
C02352,T1025,North,Premium,799,28.39,1
C02353,T1250,North,Unlimited,1199,12.29,0
C02354,T1377,Central,Basic,299,23.26,1
C02355,T1150,South,Standard,499,24.67,1
C02356,T1233,West,Premium,799,27.79,1
C02357,T1141,North,Standard,499,39.98,0
C02358,T1234,East,Basic,299,18.58,0
C02359,T1202,East,Unlimited,1199,33.43,0
C02360,T1042,South,Unlimited,1199,37.14,0
C02361,T1431,Central,Premium,799,16.7,0
C02362,T1449,West,Unlimited,1199,33.73,0
C02363,T1131,East,Unlimited,1199,20.84,1
C02364,T1434,East,Unlimited,1199,31.12,0
C02365,T1067,East,Unlimited,1199,34.98,2
C02366,T1386,East,Standard,499,15.97,0
C02367,T1206,Central,Basic,299,29.57,1
C02368,T1188,South,Premium,799,22.02,3
C02369,T1451,South,Basic,299,17.15,0
C02370,T1265,South,Premium,799,27.02,1
C02371,T1418,North,Basic,299,14.49,1
C02372,T1480,East,Basic,299,36.77,0
C02373,T1076,Central,Unlimited,1199,28.05,4
C02374,T1243,East,Standard,499,17.67,0
C02375,T1295,West,Basic,299,16.16,0
C02376,T1005,North,Premium,799,17.42,3
C02377,T1171,Central,Basic,299,37.71,0
C02378,T1357,North,Unlimited,1199,11.32,1
C02379,T1332,South,Unlimited,1199,13.45,1
C02380,T1010,East,Premium,799,39.11,1
C02381,T1499,North,Standard,499,9.49,0
C02382,T1186,East,Unlimited,1199,7.97,0
C02383,T1385,South,Unlimited,1199,13.34,2
C02384,T1017,South,Premium,799,45.9,1
C02385,T1460,Central,Basic,299,23.28,1
C02386,T1116,East,Standard,499,26.16,1
C02387,T1227,North,Premium,799,16.56,1
C02388,T1468,North,Unlimited,1199,18.08,0
C02389,T1303,North,Standard,499,34.93,4
C02390,T1108,South,Basic,299,31.52,2
C02391,T1202,East,Unlimited,1199,33.48,2
C02392,T1330,North,Unlimited,1199,0.0,0
C02393,T1340,North,Standard,499,33.04,0
C02394,T1011,East,Unlimited,1199,39.94,3
C02395,T1241,West,Basic,299,16.19,1
C02396,T1280,South,Standard,499,36.32,0
C02397,T1093,West,Standard,499,11.61,1
C02398,T1215,North,Unlimited,1199,21.79,2
C02399,T1454,East,Unlimited,1199,11.68,0
C02400,T1466,South,Premium,799,22.65,0
C02401,T1397,West,Basic,299,1.45,0
C02402,T1314,North,Basic,299,34.0,2
C02403,T1394,East,Unlimited,1199,27.66,0
C02404,T1260,West,Unlimited,1199,19.91,0
C02405,T1168,South,Standard,499,20.65,1
C02406,T1257,Central,Premium,799,30.13,0
C02407,T1346,South,Basic,299,32.51,0
C02408,T1198,South,Unlimited,1199,13.81,0
C02409,T1384,East,Standard,499,39.51,0
C02410,T1293,North,Unlimited,1199,28.23,1
C02411,T1104,South,Premium,799,30.3,0
C02412,T1348,East,Standard,499,17.67,3
C02413,T1356,West,Unlimited,1199,28.34,1
C02414,T1204,West,Basic,299,26.35,1
C02415,T1379,South,Premium,799,21.23,0
C02416,T1408,South,Premium,799,13.85,1
C02417,T1434,East,Basic,299,43.95,1
C02418,T1432,South,Premium,799,35.53,1
C02419,T1292,South,Standard,499,23.19,2
C02420,T1071,West,Basic,299,26.36,1
C02421,T1355,South,Unlimited,1199,11.64,1
C02422,T1030,South,Premium,799,32.37,2
C02423,T1331,Central,Unlimited,1199,23.72,2
C02424,T1391,South,Basic,299,27.99,2
C02425,T1279,East,Unlimited,1199,19.04,1
C02426,T1349,Central,Unlimited,1199,28.56,1
C02427,T1015,North,Unlimited,1199,17.14,0
C02428,T1200,East,Standard,499,24.67,1
C02429,T1095,Central,Basic,299,15.41,0
C02430,T1390,North,Basic,299,16.92,1
C02431,T1205,Central,Standard,499,25.84,6
C02432,T1476,East,Basic,299,28.48,1
C02433,T1242,North,Standard,499,35.44,0
C02434,T1483,South,Standard,499,30.95,0
C02435,T1392,North,Basic,299,24.51,0
C02436,T1344,East,Standard,499,35.61,1
C02437,T1251,West,Basic,299,48.06,2
C02438,T1287,South,Standard,499,26.54,1
C02439,T1214,South,Premium,799,31.66,2
C02440,T1395,Central,Standard,499,37.73,1
C02441,T1237,Central,Basic,299,24.36,4
C02442,T1234,East,Basic,299,22.5,1
C02443,T1273,North,Unlimited,1199,30.91,5
C02444,T1312,West,Premium,799,22.62,0
C02445,T1087,East,Unlimited,1199,22.88,3
C02446,T1300,South,Premium,799,42.46,1
C02447,T1080,Central,Basic,299,47.77,2
C02448,T1105,West,Standard,499,18.38,1
C02449,T1497,Central,Basic,299,32.93,1
C02450,T1345,North,Standard,499,30.43,0
C02451,T1490,East,Premium,799,22.06,2
C02452,T1154,Central,Basic,299,30.9,1
C02453,T1057,East,Premium,799,28.8,2
C02454,T1183,Central,Unlimited,1199,36.45,0
C02455,T1230,East,Basic,299,36.32,1
C02456,T1194,Central,Standard,499,19.23,0
C02457,T1032,East,Premium,799,37.38,0
C02458,T1419,Central,Unlimited,1199,25.19,0
C02459,T1097,Central,Basic,299,29.78,1
C02460,T1188,South,Premium,799,27.69,0
C02461,T1310,East,Standard,499,38.8,0
C02462,T1490,East,Premium,799,25.08,1
C02463,T1118,North,Premium,799,12.57,1
C02464,T1337,South,Standard,499,12.68,4
C02465,T1357,North,Standard,499,19.66,0
C02466,T1400,South,Basic,299,29.49,1
C02467,T1238,North,Basic,299,6.4,1
C02468,T1212,West,Unlimited,1199,20.23,0
C02469,T1257,Central,Basic,299,33.46,1
C02470,T1197,Central,Unlimited,1199,26.14,0
C02471,T1488,East,Premium,799,31.39,4
C02472,T1339,West,Standard,499,39.31,1
C02473,T1347,Central,Basic,299,7.98,0
C02474,T1175,East,Basic,299,20.25,0
C02475,T1052,West,Unlimited,1199,13.95,0
C02476,T1333,North,Premium,799,17.07,1
C02477,T1451,South,Standard,499,14.45,1
C02478,T1461,Central,Basic,299,33.67,1
C02479,T1168,South,Basic,299,14.86,2
C02480,T1102,North,Unlimited,1199,28.4,0
C02481,T1396,South,Basic,299,23.62,2
C02482,T1058,Central,Unlimited,1199,22.25,1
C02483,T1027,North,Standard,499,44.75,1
C02484,T1211,South,Premium,799,9.08,0
C02485,T1021,West,Unlimited,1199,23.67,1
C02486,T1450,South,Basic,299,22.44,1
C02487,T1104,South,Basic,299,14.9,1
C02488,T1262,East,Basic,299,27.82,0
C02489,T1265,South,Basic,299,43.19,2
C02490,T1232,South,Standard,499,42.08,1
C02491,T1205,Central,Standard,499,27.84,7
C02492,T1084,East,Unlimited,1199,45.58,5
C02493,T1281,South,Standard,499,21.62,1
C02494,T1333,North,Premium,799,41.19,2
C02495,T1426,North,Premium,799,18.31,1
C02496,T1431,Central,Premium,799,34.97,0
C02497,T1385,South,Basic,299,40.41,3
C02498,T1338,West,Basic,299,29.13,3
C02499,T1234,East,Standard,499,16.79,1
C02500,T1264,South,Premium,799,8.03,0
C02501,T1487,Central,Standard,499,15.37,2
C02502,T1328,West,Unlimited,1199,31.47,0
C02503,T1323,Central,Premium,799,16.24,1
C02504,T1045,West,Basic,299,18.91,1
C02505,T1214,South,Basic,299,11.67,5
C02506,T1479,Central,Basic,299,30.85,2
C02507,T1368,East,Unlimited,1199,24.0,1
C02508,T1439,East,Basic,299,37.79,1
C02509,T1087,East,Unlimited,1199,39.55,2
C02510,T1207,South,Unlimited,1199,16.2,0
C02511,T1067,East,Basic,299,11.25,2
C02512,T1285,North,Basic,299,29.35,0
C02513,T1271,Central,Standard,499,29.98,2
C02514,T1430,South,Basic,299,21.6,2
C02515,T1122,Central,Basic,299,21.89,1
C02516,T1233,West,Basic,299,34.67,3
C02517,T1325,North,Standard,499,10.23,0
C02518,T1472,South,Unlimited,1199,22.82,4
C02519,T1344,East,Premium,799,35.97,0
C02520,T1143,Central,Premium,799,33.17,1
C02521,T1111,East,Premium,799,32.21,0
C02522,T1411,West,Unlimited,1199,16.61,2
C02523,T1322,East,Standard,499,17.98,0
C02524,T1328,West,Premium,799,22.34,1
C02525,T1171,Central,Unlimited,1199,5.09,0
C02526,T1460,Central,Basic,299,1.99,0
C02527,T1041,South,Standard,499,45.02,0
C02528,T1005,North,Premium,799,1.39,2
C02529,T1414,South,Standard,499,40.15,1
C02530,T1152,Central,Standard,499,10.26,3
C02531,T1336,East,Premium,799,24.58,1
C02532,T1110,East,Unlimited,1199,16.43,1
C02533,T1305,Central,Basic,299,10.4,2
C02534,T1299,South,Basic,299,20.9,1
C02535,T1480,East,Standard,499,15.81,1
C02536,T1489,East,Standard,499,21.92,4
C02537,T1234,East,Premium,799,11.69,1
C02538,T1127,Central,Basic,299,32.73,0
C02539,T1093,West,Premium,799,11.74,0
C02540,T1291,West,Unlimited,1199,29.96,0
C02541,T1207,South,Basic,299,11.36,1
C02542,T1127,Central,Unlimited,1199,30.49,2
C02543,T1332,South,Unlimited,1199,0.91,3
C02544,T1000,North,Standard,499,34.0,0
C02545,T1470,South,Premium,799,28.98,1
C02546,T1124,East,Unlimited,1199,32.58,0
C02547,T1162,North,Standard,499,20.8,1
C02548,T1432,South,Premium,799,36.88,1
C02549,T1021,West,Premium,799,14.79,2
C02550,T1181,West,Standard,499,20.11,2
C02551,T1357,North,Unlimited,1199,22.17,0
C02552,T1130,South,Basic,299,20.21,0
C02553,T1358,South,Unlimited,1199,10.63,2
C02554,T1404,West,Premium,799,33.36,3
C02555,T1347,Central,Basic,299,39.64,1
C02556,T1497,Central,Standard,499,36.93,0
C02557,T1447,South,Unlimited,1199,37.38,1
C02558,T1423,West,Premium,799,28.47,0
C02559,T1430,South,Standard,499,17.77,0
C02560,T1060,South,Premium,799,20.65,0
C02561,T1447,South,Unlimited,1199,10.51,0
C02562,T1255,Central,Standard,499,32.1,0
C02563,T1265,South,Premium,799,24.21,1
C02564,T1141,North,Unlimited,1199,37.65,2
C02565,T1210,East,Standard,499,26.57,1
C02566,T1101,West,Standard,499,22.39,1
C02567,T1118,North,Unlimited,1199,25.68,1
C02568,T1019,South,Unlimited,1199,39.78,1
C02569,T1206,Central,Unlimited,1199,17.19,1
C02570,T1309,East,Unlimited,1199,8.11,2
C02571,T1145,North,Basic,299,13.83,0
C02572,T1066,West,Premium,799,18.26,2
C02573,T1297,Central,Premium,799,0.97,0
C02574,T1290,South,Unlimited,1199,23.44,0
C02575,T1495,East,Standard,499,23.34,3
C02576,T1383,Central,Basic,299,22.27,1
C02577,T1487,Central,Premium,799,24.11,1
C02578,T1095,Central,Unlimited,1199,9.36,3
C02579,T1094,Central,Standard,499,14.74,0
C02580,T1492,East,Unlimited,1199,25.91,0
C02581,T1288,West,Standard,499,22.25,0
C02582,T1005,North,Unlimited,1199,26.01,1
C02583,T1213,Central,Unlimited,1199,10.22,3
C02584,T1037,South,Unlimited,1199,26.36,6
C02585,T1298,South,Unlimited,1199,22.85,3
C02586,T1096,West,Premium,799,29.51,1
C02587,T1193,South,Standard,499,15.81,6
C02588,T1468,North,Standard,499,14.38,0
C02589,T1110,East,Premium,799,54.18,1
C02590,T1384,East,Unlimited,1199,19.48,1
C02591,T1442,East,Unlimited,1199,15.29,0
C02592,T1284,East,Unlimited,1199,37.18,2
C02593,T1363,East,Unlimited,1199,17.91,0
C02594,T1230,East,Standard,499,39.83,2
C02595,T1190,East,Unlimited,1199,24.3,0
C02596,T1006,Central,Premium,799,18.93,1
C02597,T1062,North,Standard,499,22.95,0
C02598,T1130,South,Standard,499,30.92,2
C02599,T1025,North,Premium,799,13.56,2
C02600,T1458,North,Standard,499,12.61,0
C02601,T1048,Central,Premium,799,13.11,0
C02602,T1102,North,Standard,499,22.44,0
C02603,T1499,North,Basic,299,13.72,0
C02604,T1079,Central,Standard,499,37.65,5
C02605,T1206,Central,Basic,299,34.24,2
C02606,T1015,North,Basic,299,50.64,1
C02607,T1459,South,Basic,299,24.09,3
C02608,T1148,South,Premium,799,25.84,0
C02609,T1025,North,Unlimited,1199,32.21,1
C02610,T1476,East,Unlimited,1199,30.26,0
C02611,T1075,East,Basic,299,37.04,1
C02612,T1489,East,Premium,799,33.63,1
C02613,T1379,South,Standard,499,19.82,1
C02614,T1436,South,Basic,299,36.34,1
C02615,T1445,East,Premium,799,17.68,6
C02616,T1036,Central,Standard,499,17.82,0
C02617,T1153,West,Basic,299,20.2,2
C02618,T1008,East,Standard,499,19.88,3
C02619,T1264,South,Unlimited,1199,35.29,2
C02620,T1164,Central,Standard,499,25.34,1
C02621,T1461,Central,Unlimited,1199,29.51,0
C02622,T1067,East,Basic,299,32.84,0
C02623,T1302,Central,Unlimited,1199,14.01,1
C02624,T1329,South,Premium,799,7.88,1
C02625,T1426,North,Unlimited,1199,31.56,1
C02626,T1152,Central,Standard,499,27.28,0
C02627,T1380,West,Standard,499,38.61,0
C02628,T1151,East,Basic,299,0.66,2
C02629,T1168,South,Standard,499,15.13,2
C02630,T1028,East,Standard,499,12.52,1
C02631,T1119,North,Premium,799,22.51,1
C02632,T1425,Central,Standard,499,27.01,1
C02633,T1015,North,Unlimited,1199,28.43,1
C02634,T1218,North,Unlimited,1199,10.92,0
C02635,T1311,East,Basic,299,22.21,1
C02636,T1318,East,Premium,799,15.46,5
C02637,T1286,West,Unlimited,1199,16.51,1
C02638,T1064,Central,Basic,299,16.81,0
C02639,T1332,South,Premium,799,7.6,2
C02640,T1205,Central,Standard,499,37.98,2
C02641,T1043,West,Unlimited,1199,24.92,0
C02642,T1337,South,Premium,799,3.07,5
C02643,T1321,East,Basic,299,32.3,2
C02644,T1229,North,Unlimited,1199,21.45,4
C02645,T1051,Central,Unlimited,1199,23.45,1
C02646,T1292,South,Premium,799,21.48,3
C02647,T1245,Central,Standard,499,37.28,5
C02648,T1434,East,Basic,299,24.07,0
C02649,T1158,West,Standard,499,31.29,3
C02650,T1407,East,Premium,799,22.26,4
C02651,T1251,West,Premium,799,27.3,2
C02652,T1061,South,Standard,499,33.06,2
C02653,T1162,North,Standard,499,37.59,3
C02654,T1493,West,Basic,299,10.95,1
C02655,T1336,East,Standard,499,6.6,1
C02656,T1246,East,Premium,799,25.08,1
C02657,T1435,South,Unlimited,1199,28.47,0
C02658,T1049,West,Basic,299,13.07,1
C02659,T1026,South,Unlimited,1199,22.44,0
C02660,T1250,North,Unlimited,1199,15.35,0
C02661,T1100,South,Standard,499,37.43,0
C02662,T1037,South,Unlimited,1199,11.81,7
C02663,T1031,East,Standard,499,38.45,1
C02664,T1214,South,Basic,299,19.92,7
C02665,T1390,North,Standard,499,28.65,1
C02666,T1494,West,Basic,299,15.49,0
C02667,T1075,East,Premium,799,23.33,1
C02668,T1426,North,Basic,299,22.78,1
C02669,T1302,Central,Standard,499,26.16,0
C02670,T1264,South,Unlimited,1199,14.84,2
C02671,T1099,North,Standard,499,30.42,0
C02672,T1235,North,Basic,299,18.32,1
C02673,T1097,Central,Premium,799,4.73,0
C02674,T1374,North,Standard,499,22.31,0
C02675,T1414,South,Premium,799,23.62,1
C02676,T1436,South,Premium,799,10.67,1
C02677,T1140,East,Unlimited,1199,22.72,1
C02678,T1146,South,Basic,299,32.4,1
C02679,T1399,East,Premium,799,31.83,1
C02680,T1252,North,Unlimited,1199,14.18,1
C02681,T1013,West,Unlimited,1199,29.55,1
C02682,T1383,Central,Unlimited,1199,26.93,0
C02683,T1443,East,Standard,499,17.35,1
C02684,T1396,South,Standard,499,19.42,1
C02685,T1161,Central,Basic,299,24.7,1
C02686,T1472,South,Basic,299,33.75,4
C02687,T1211,South,Premium,799,45.37,0
C02688,T1039,West,Basic,299,30.86,0
C02689,T1402,East,Unlimited,1199,56.57,0
C02690,T1322,East,Basic,299,27.55,0
C02691,T1470,South,Premium,799,30.41,1
C02692,T1045,West,Unlimited,1199,38.81,4
C02693,T1355,South,Standard,499,18.84,2
C02694,T1492,East,Standard,499,17.78,3
C02695,T1442,East,Premium,799,30.95,0
C02696,T1040,North,Premium,799,33.77,1
C02697,T1180,North,Unlimited,1199,29.34,0
C02698,T1098,East,Premium,799,2.99,0
C02699,T1018,East,Basic,299,15.18,6
C02700,T1406,East,Premium,799,27.21,0
C02701,T1260,West,Basic,299,20.92,0
C02702,T1176,South,Premium,799,30.24,0
C02703,T1278,East,Basic,299,15.23,1
C02704,T1164,Central,Unlimited,1199,0.0,2
C02705,T1133,South,Premium,799,24.87,2
C02706,T1367,Central,Unlimited,1199,31.58,2
C02707,T1342,Central,Premium,799,23.34,1
C02708,T1127,Central,Basic,299,10.02,0
C02709,T1471,Central,Unlimited,1199,14.76,1
C02710,T1331,Central,Unlimited,1199,30.48,1
C02711,T1420,Central,Unlimited,1199,36.28,2
C02712,T1001,North,Basic,299,24.16,0
C02713,T1145,North,Basic,299,12.23,1
C02714,T1300,South,Standard,499,28.62,1
C02715,T1456,Central,Basic,299,13.08,1
C02716,T1367,Central,Premium,799,25.12,2
C02717,T1163,Central,Premium,799,18.17,1
C02718,T1060,South,Premium,799,5.78,2
C02719,T1009,East,Standard,499,35.97,1
C02720,T1309,East,Standard,499,21.14,3
C02721,T1091,North,Basic,299,24.14,0
C02722,T1411,West,Basic,299,10.84,1
C02723,T1348,East,Standard,499,29.71,1
C02724,T1301,North,Unlimited,1199,26.59,0
C02725,T1201,Central,Standard,499,8.12,2
C02726,T1392,North,Basic,299,21.72,1
C02727,T1122,Central,Premium,799,32.89,0
C02728,T1468,North,Unlimited,1199,21.27,1
C02729,T1350,Central,Premium,799,30.68,1
C02730,T1321,East,Basic,299,26.25,0
C02731,T1337,South,Unlimited,1199,19.3,6
C02732,T1276,West,Basic,299,23.92,1
C02733,T1077,East,Unlimited,1199,29.39,1
C02734,T1164,Central,Standard,499,31.02,1
C02735,T1311,East,Premium,799,24.16,3
C02736,T1046,East,Unlimited,1199,17.79,1
C02737,T1144,East,Unlimited,1199,20.56,2
C02738,T1363,East,Standard,499,24.85,0
C02739,T1443,East,Standard,499,35.58,0
C02740,T1369,West,Standard,499,27.44,1
C02741,T1175,East,Unlimited,1199,55.96,2
C02742,T1067,East,Standard,499,39.13,2
C02743,T1028,East,Standard,499,17.41,1
C02744,T1309,East,Unlimited,1199,25.02,0
C02745,T1153,West,Premium,799,30.48,2
C02746,T1435,South,Basic,299,22.53,2
C02747,T1257,Central,Basic,299,22.9,1
C02748,T1390,North,Unlimited,1199,35.67,1
C02749,T1249,Central,Basic,299,20.59,0
C02750,T1258,East,Unlimited,1199,43.14,2
C02751,T1496,West,Basic,299,15.67,2
C02752,T1305,Central,Standard,499,21.87,1
C02753,T1021,West,Basic,299,36.28,0
C02754,T1306,East,Basic,299,13.16,5
C02755,T1429,North,Premium,799,11.17,0
C02756,T1443,East,Standard,499,22.69,1
C02757,T1040,North,Basic,299,29.9,2
C02758,T1102,North,Standard,499,21.27,2
C02759,T1415,North,Unlimited,1199,27.56,1
C02760,T1193,South,Basic,299,27.97,1
C02761,T1171,Central,Premium,799,30.14,2
C02762,T1283,West,Premium,799,33.81,0
C02763,T1287,South,Basic,299,29.87,1
C02764,T1175,East,Standard,499,19.95,2
C02765,T1409,North,Unlimited,1199,17.7,6
C02766,T1123,East,Standard,499,12.44,1
C02767,T1057,East,Unlimited,1199,22.28,0
C02768,T1016,East,Premium,799,23.05,0
C02769,T1232,South,Standard,499,31.87,0
C02770,T1075,East,Basic,299,8.24,0
C02771,T1160,South,Standard,499,26.32,0
C02772,T1307,West,Unlimited,1199,21.88,0
C02773,T1347,Central,Basic,299,25.44,1
C02774,T1243,East,Unlimited,1199,35.05,3
C02775,T1487,Central,Premium,799,33.76,1
C02776,T1186,East,Premium,799,22.69,2
C02777,T1151,East,Unlimited,1199,37.03,3
C02778,T1371,East,Basic,299,13.46,0
C02779,T1442,East,Standard,499,23.25,2
C02780,T1470,South,Standard,499,30.78,1
C02781,T1040,North,Unlimited,1199,23.63,0
C02782,T1384,East,Basic,299,23.13,1
C02783,T1148,South,Unlimited,1199,40.54,1
C02784,T1381,East,Basic,299,0.98,0
C02785,T1421,North,Premium,799,36.63,0
C02786,T1373,Central,Standard,499,4.79,1
C02787,T1295,West,Premium,799,27.6,0
C02788,T1215,North,Unlimited,1199,35.08,1
C02789,T1411,West,Unlimited,1199,20.77,0
C02790,T1208,East,Standard,499,22.96,0
C02791,T1446,West,Unlimited,1199,7.53,0
C02792,T1092,West,Standard,499,0.0,1
C02793,T1167,South,Unlimited,1199,12.26,2
C02794,T1472,South,Basic,299,17.43,4
C02795,T1118,North,Basic,299,26.76,1
C02796,T1070,West,Unlimited,1199,16.37,0
C02797,T1037,South,Premium,799,28.3,1
C02798,T1066,West,Premium,799,21.17,2
C02799,T1248,North,Unlimited,1199,37.06,1
C02800,T1003,Central,Standard,499,31.17,0
C02801,T1464,South,Unlimited,1199,44.49,1
C02802,T1264,South,Unlimited,1199,23.24,0
C02803,T1024,North,Premium,799,30.04,1
C02804,T1475,Central,Basic,299,17.69,3
C02805,T1201,Central,Standard,499,19.92,1
C02806,T1021,West,Unlimited,1199,18.61,3
C02807,T1202,East,Standard,499,21.93,1
C02808,T1222,Central,Basic,299,28.06,0
C02809,T1189,West,Basic,299,29.61,0
C02810,T1066,West,Basic,299,12.95,0
C02811,T1331,Central,Unlimited,1199,24.28,0
C02812,T1136,South,Basic,299,44.41,2
C02813,T1319,East,Basic,299,5.19,2
C02814,T1005,North,Standard,499,23.4,0
C02815,T1300,South,Basic,299,45.24,2
C02816,T1303,North,Basic,299,16.97,0
C02817,T1084,East,Basic,299,3.86,2
C02818,T1412,South,Standard,499,26.49,1
C02819,T1327,East,Basic,299,21.06,2
C02820,T1073,North,Premium,799,32.36,0
C02821,T1069,South,Basic,299,9.62,2
C02822,T1311,East,Premium,799,17.45,2
C02823,T1173,Central,Standard,499,42.68,0
C02824,T1352,East,Standard,499,26.69,1
C02825,T1392,North,Unlimited,1199,28.69,1
C02826,T1387,East,Premium,799,40.26,0
C02827,T1291,West,Unlimited,1199,20.34,1
C02828,T1356,West,Premium,799,8.34,0
C02829,T1118,North,Basic,299,38.12,2
C02830,T1294,Central,Standard,499,31.64,0
C02831,T1496,West,Unlimited,1199,34.67,1
C02832,T1021,West,Basic,299,30.28,0
C02833,T1319,East,Unlimited,1199,30.1,1
C02834,T1022,Central,Standard,499,25.53,1
C02835,T1441,East,Unlimited,1199,23.67,0
C02836,T1178,Central,Unlimited,1199,26.29,0
C02837,T1478,West,Premium,799,22.22,2
C02838,T1338,West,Premium,799,34.46,1
C02839,T1131,East,Premium,799,28.58,0
C02840,T1322,East,Standard,499,43.78,1
C02841,T1022,Central,Premium,799,24.02,1
C02842,T1146,South,Premium,799,26.16,1
C02843,T1355,South,Premium,799,16.65,2
C02844,T1473,North,Premium,799,38.67,0
C02845,T1115,North,Basic,299,37.1,0
C02846,T1063,South,Basic,299,22.26,2
C02847,T1322,East,Basic,299,11.05,3
C02848,T1367,Central,Unlimited,1199,0.17,1
C02849,T1178,Central,Premium,799,21.13,0
C02850,T1271,Central,Standard,499,27.76,0
C02851,T1145,North,Premium,799,27.82,0
C02852,T1390,North,Premium,799,32.51,1
C02853,T1203,North,Unlimited,1199,21.66,0
C02854,T1080,Central,Standard,499,42.62,1
C02855,T1305,Central,Premium,799,7.75,1
C02856,T1076,Central,Basic,299,22.65,1
C02857,T1252,North,Unlimited,1199,24.47,1
C02858,T1026,South,Premium,799,31.52,1
C02859,T1358,South,Unlimited,1199,18.09,0
C02860,T1194,Central,Basic,299,30.85,1
C02861,T1120,North,Unlimited,1199,13.87,0
C02862,T1052,West,Unlimited,1199,28.24,1
C02863,T1430,South,Standard,499,24.02,2
C02864,T1158,West,Unlimited,1199,25.77,1
C02865,T1015,North,Unlimited,1199,31.94,0
C02866,T1005,North,Premium,799,23.48,1
C02867,T1229,North,Standard,499,28.25,8
C02868,T1461,Central,Unlimited,1199,27.75,0
C02869,T1008,East,Standard,499,34.53,0
C02870,T1100,South,Premium,799,32.06,2
C02871,T1409,North,Basic,299,19.62,1
C02872,T1187,South,Premium,799,39.86,2
C02873,T1013,West,Basic,299,18.27,1
C02874,T1191,Central,Standard,499,41.83,3
C02875,T1348,East,Basic,299,11.34,0
C02876,T1034,North,Unlimited,1199,31.44,1
C02877,T1117,Central,Basic,299,19.64,1
C02878,T1216,North,Unlimited,1199,10.67,1
C02879,T1161,Central,Unlimited,1199,25.06,0
C02880,T1027,North,Premium,799,39.39,1
C02881,T1269,East,Unlimited,1199,11.24,3
C02882,T1292,South,Basic,299,37.66,1
C02883,T1191,Central,Standard,499,15.42,0
C02884,T1091,North,Premium,799,2.0,3
C02885,T1154,Central,Basic,299,16.56,0
C02886,T1107,Central,Standard,499,17.03,4
C02887,T1302,Central,Premium,799,24.86,0
C02888,T1157,Central,Unlimited,1199,29.82,0
C02889,T1290,South,Premium,799,27.28,0
C02890,T1028,East,Unlimited,1199,25.89,0
C02891,T1495,East,Premium,799,22.5,3
C02892,T1109,East,Basic,299,18.55,2
C02893,T1348,East,Premium,799,37.75,0
C02894,T1355,South,Unlimited,1199,20.87,1
C02895,T1298,South,Basic,299,30.01,4
C02896,T1370,West,Unlimited,1199,27.15,4
C02897,T1063,South,Basic,299,28.2,3
C02898,T1388,East,Unlimited,1199,30.96,4
C02899,T1222,Central,Premium,799,29.44,3
C02900,T1433,Central,Unlimited,1199,33.4,1
C02901,T1297,Central,Standard,499,9.55,2
C02902,T1219,South,Premium,799,41.37,0
C02903,T1198,South,Basic,299,17.12,3
C02904,T1283,West,Standard,499,29.55,2
C02905,T1099,North,Premium,799,15.54,0
C02906,T1365,Central,Unlimited,1199,32.5,4
C02907,T1135,Central,Unlimited,1199,21.4,1
C02908,T1202,East,Basic,299,8.45,0
C02909,T1191,Central,Unlimited,1199,28.25,0
C02910,T1025,North,Standard,499,26.79,3
C02911,T1496,West,Standard,499,17.41,1
C02912,T1381,East,Unlimited,1199,34.25,4
C02913,T1433,Central,Unlimited,1199,20.98,1
C02914,T1410,West,Basic,299,8.58,1
C02915,T1277,North,Premium,799,21.15,1
C02916,T1125,West,Basic,299,21.21,2
C02917,T1412,South,Basic,299,13.98,1
C02918,T1288,West,Standard,499,17.39,0
C02919,T1083,South,Basic,299,34.04,0
C02920,T1308,North,Premium,799,4.84,0
C02921,T1221,North,Unlimited,1199,14.34,0
C02922,T1123,East,Standard,499,13.77,3
C02923,T1435,South,Standard,499,35.36,0
C02924,T1353,West,Unlimited,1199,22.11,1
C02925,T1108,South,Standard,499,36.4,2
C02926,T1107,Central,Unlimited,1199,49.3,2
C02927,T1148,South,Premium,799,10.17,1
C02928,T1020,South,Standard,499,28.39,0
C02929,T1444,South,Standard,499,28.65,0
C02930,T1164,Central,Standard,499,38.35,0
C02931,T1390,North,Standard,499,16.37,1
C02932,T1417,Central,Unlimited,1199,23.39,0
C02933,T1478,West,Unlimited,1199,34.76,0
C02934,T1192,East,Standard,499,16.18,4
C02935,T1132,East,Standard,499,25.01,1
C02936,T1224,East,Unlimited,1199,17.38,1
C02937,T1470,South,Standard,499,13.95,1
C02938,T1318,East,Standard,499,27.49,1
C02939,T1114,West,Premium,799,15.11,2
C02940,T1333,North,Standard,499,20.58,1
C02941,T1023,East,Standard,499,2.06,0
C02942,T1122,Central,Standard,499,33.83,1
C02943,T1011,East,Basic,299,28.11,0
C02944,T1128,North,Basic,299,9.44,2
C02945,T1033,Central,Unlimited,1199,33.26,3
C02946,T1315,West,Standard,499,10.13,1
C02947,T1116,East,Standard,499,21.4,1
C02948,T1264,South,Premium,799,19.61,1
C02949,T1150,South,Standard,499,33.9,0
C02950,T1108,South,Premium,799,15.5,1
C02951,T1253,East,Basic,299,51.02,1
C02952,T1309,East,Standard,499,35.12,1
C02953,T1455,West,Basic,299,25.71,1
C02954,T1409,North,Unlimited,1199,9.45,0
C02955,T1169,West,Premium,799,20.35,1
C02956,T1441,East,Basic,299,20.31,0
C02957,T1168,South,Premium,799,19.5,1
C02958,T1353,West,Premium,799,33.14,1
C02959,T1064,Central,Unlimited,1199,23.98,0
C02960,T1029,North,Unlimited,1199,25.15,1
C02961,T1165,East,Unlimited,1199,17.54,1
C02962,T1291,West,Basic,299,17.01,0
C02963,T1103,West,Standard,499,30.46,2
C02964,T1063,South,Basic,299,31.53,1
C02965,T1001,North,Unlimited,1199,13.85,0
C02966,T1403,Central,Premium,799,29.01,1
C02967,T1125,West,Standard,499,31.37,1
C02968,T1344,East,Standard,499,9.97,0
C02969,T1094,Central,Unlimited,1199,11.43,1
C02970,T1320,South,Standard,499,19.82,2
C02971,T1467,North,Standard,499,24.45,2
C02972,T1252,North,Unlimited,1199,37.2,1
C02973,T1239,Central,Unlimited,1199,19.18,0
C02974,T1111,East,Standard,499,27.36,0
C02975,T1480,East,Basic,299,23.96,0
C02976,T1212,West,Basic,299,20.9,0
C02977,T1488,East,Unlimited,1199,16.11,0
C02978,T1205,Central,Premium,799,29.22,5
C02979,T1014,South,Unlimited,1199,26.35,0
C02980,T1001,North,Standard,499,30.66,0
C02981,T1285,North,Premium,799,19.25,1
C02982,T1026,South,Standard,499,31.39,3
C02983,T1193,South,Basic,299,8.97,5
C02984,T1314,North,Premium,799,14.81,0
C02985,T1086,South,Premium,799,29.09,1
C02986,T1069,South,Premium,799,20.22,1
C02987,T1043,West,Basic,299,38.88,1
C02988,T1327,East,Unlimited,1199,29.81,2
C02989,T1405,South,Premium,799,20.94,1
C02990,T1372,Central,Basic,299,33.67,2
C02991,T1067,East,Unlimited,1199,24.22,1
C02992,T1138,South,Basic,299,25.09,1
C02993,T1345,North,Unlimited,1199,16.07,0
C02994,T1242,North,Premium,799,26.97,0
C02995,T1259,Central,Standard,499,32.15,4
C02996,T1232,South,Unlimited,1199,31.61,3
C02997,T1070,West,Premium,799,25.48,1
C02998,T1291,West,Basic,299,30.17,2
C02999,T1431,Central,Unlimited,1199,36.44,0
C03000,T1425,Central,Standard,499,14.62,2
C03001,T1007,North,Basic,299,29.43,3
C03002,T1125,West,Unlimited,1199,30.62,3
C03003,T1097,Central,Premium,799,22.98,2
C03004,T1324,North,Unlimited,1199,22.32,1
C03005,T1452,West,Premium,799,30.6,0
C03006,T1484,North,Unlimited,1199,37.78,1
C03007,T1373,Central,Basic,299,8.99,1
C03008,T1144,East,Unlimited,1199,17.58,2
C03009,T1136,South,Premium,799,15.3,0
C03010,T1304,West,Unlimited,1199,3.58,2
C03011,T1330,North,Standard,499,26.03,1
C03012,T1053,South,Standard,499,23.63,2
C03013,T1300,South,Unlimited,1199,19.28,0
C03014,T1383,Central,Premium,799,18.84,0
C03015,T1431,Central,Basic,299,19.63,0
C03016,T1131,East,Unlimited,1199,25.4,1
C03017,T1017,South,Premium,799,13.28,1
C03018,T1416,West,Premium,799,12.08,0
C03019,T1007,North,Premium,799,19.2,2
C03020,T1305,Central,Standard,499,21.39,2
C03021,T1073,North,Unlimited,1199,35.36,2
C03022,T1396,South,Unlimited,1199,19.88,1
C03023,T1151,East,Standard,499,18.23,1
C03024,T1065,Central,Standard,499,19.01,1
C03025,T1381,East,Standard,499,33.14,0
C03026,T1499,North,Premium,799,25.73,2
C03027,T1457,Central,Unlimited,1199,19.22,2
C03028,T1051,Central,Standard,499,17.94,0
C03029,T1051,Central,Standard,499,24.83,1
C03030,T1367,Central,Basic,299,24.68,0
C03031,T1338,West,Basic,299,18.31,0
C03032,T1168,South,Premium,799,28.46,0
C03033,T1287,South,Premium,799,32.69,2
C03034,T1116,East,Premium,799,5.37,2
C03035,T1008,East,Basic,299,13.59,1
C03036,T1358,South,Basic,299,38.49,0
C03037,T1093,West,Unlimited,1199,25.41,2
C03038,T1223,South,Standard,499,33.55,2
C03039,T1070,West,Standard,499,8.99,1
C03040,T1418,North,Premium,799,31.3,0
C03041,T1480,East,Unlimited,1199,42.68,1
C03042,T1153,West,Standard,499,33.17,0
C03043,T1423,West,Standard,499,17.64,1
C03044,T1174,East,Unlimited,1199,19.57,2
C03045,T1366,Central,Unlimited,1199,42.05,5
C03046,T1356,West,Unlimited,1199,14.23,1
C03047,T1032,East,Standard,499,38.03,0
C03048,T1465,North,Standard,499,27.63,0
C03049,T1104,South,Unlimited,1199,20.65,3
C03050,T1269,East,Unlimited,1199,18.2,4
C03051,T1029,North,Premium,799,0.0,1
C03052,T1336,East,Premium,799,31.06,2
C03053,T1034,North,Unlimited,1199,30.62,1
C03054,T1267,East,Basic,299,20.3,2
C03055,T1196,Central,Basic,299,20.82,0
C03056,T1374,North,Standard,499,11.96,0
C03057,T1357,North,Premium,799,30.16,1
C03058,T1294,Central,Premium,799,9.57,2
C03059,T1205,Central,Premium,799,26.66,5
C03060,T1382,West,Premium,799,22.95,1
C03061,T1200,East,Basic,299,12.72,1
C03062,T1385,South,Premium,799,20.17,0
C03063,T1263,Central,Unlimited,1199,36.66,0
C03064,T1351,East,Unlimited,1199,19.78,1
C03065,T1319,East,Premium,799,15.88,1
C03066,T1290,South,Unlimited,1199,24.62,0
C03067,T1098,East,Standard,499,28.28,0
C03068,T1497,Central,Basic,299,16.94,2
C03069,T1438,West,Unlimited,1199,34.07,0
C03070,T1078,Central,Standard,499,14.06,6
C03071,T1411,West,Basic,299,17.4,1
C03072,T1025,North,Basic,299,19.49,2
C03073,T1293,North,Standard,499,16.2,1
C03074,T1213,Central,Basic,299,15.99,2
C03075,T1196,Central,Unlimited,1199,23.98,0
C03076,T1067,East,Basic,299,26.58,0
C03077,T1050,North,Unlimited,1199,11.69,2
C03078,T1165,East,Premium,799,15.55,1
C03079,T1461,Central,Premium,799,15.43,1
C03080,T1375,Central,Unlimited,1199,28.21,1
C03081,T1350,Central,Unlimited,1199,19.92,3
C03082,T1486,West,Premium,799,18.71,1
C03083,T1169,West,Unlimited,1199,44.74,2
C03084,T1340,North,Unlimited,1199,33.49,1
C03085,T1165,East,Premium,799,19.15,1
C03086,T1384,East,Premium,799,23.17,0
C03087,T1454,East,Unlimited,1199,5.29,2
C03088,T1180,North,Basic,299,9.86,2
C03089,T1494,West,Standard,499,36.31,1
C03090,T1130,South,Unlimited,1199,5.91,2
C03091,T1220,South,Premium,799,13.64,2
C03092,T1002,South,Basic,299,25.02,0
C03093,T1026,South,Unlimited,1199,15.39,0
C03094,T1268,East,Unlimited,1199,23.36,0
C03095,T1172,East,Unlimited,1199,24.73,2
C03096,T1413,North,Standard,499,23.61,1
C03097,T1149,North,Basic,299,41.22,1
C03098,T1182,West,Basic,299,27.64,0
C03099,T1212,West,Unlimited,1199,36.05,2
C03100,T1180,North,Premium,799,19.4,1
C03101,T1166,North,Basic,299,19.09,4
C03102,T1078,Central,Standard,499,41.59,3
C03103,T1441,East,Premium,799,15.51,1
C03104,T1133,South,Basic,299,9.22,0
C03105,T1394,East,Unlimited,1199,25.19,1
C03106,T1477,West,Premium,799,20.24,1
C03107,T1002,South,Standard,499,27.78,1
C03108,T1410,West,Standard,499,18.69,1
C03109,T1103,West,Unlimited,1199,37.15,1
C03110,T1467,North,Unlimited,1199,36.04,1
C03111,T1008,East,Standard,499,22.09,2
C03112,T1428,South,Premium,799,10.96,0
C03113,T1420,Central,Unlimited,1199,19.1,2
C03114,T1444,South,Basic,299,27.01,2
C03115,T1373,Central,Basic,299,28.01,2
C03116,T1231,West,Basic,299,25.61,0
C03117,T1490,East,Standard,499,9.03,1
C03118,T1209,East,Standard,499,38.44,2
C03119,T1023,East,Premium,799,22.33,1
C03120,T1414,South,Premium,799,14.68,0
C03121,T1078,Central,Standard,499,29.17,7
C03122,T1329,South,Unlimited,1199,21.64,1
C03123,T1031,East,Standard,499,20.97,3
C03124,T1023,East,Premium,799,27.07,2
C03125,T1374,North,Basic,299,27.12,2
C03126,T1276,West,Standard,499,11.92,0
C03127,T1015,North,Premium,799,15.34,1
C03128,T1382,West,Basic,299,28.71,0
C03129,T1108,South,Premium,799,33.02,0
C03130,T1342,Central,Basic,299,26.02,1
C03131,T1298,South,Unlimited,1199,6.54,2
C03132,T1421,North,Unlimited,1199,21.07,0
C03133,T1305,Central,Unlimited,1199,18.39,1
C03134,T1444,South,Unlimited,1199,37.78,1
C03135,T1069,South,Premium,799,30.48,2
C03136,T1172,East,Standard,499,37.2,2
C03137,T1284,East,Premium,799,27.13,0
C03138,T1056,South,Standard,499,32.18,2
C03139,T1185,West,Unlimited,1199,14.16,2
C03140,T1312,West,Premium,799,21.87,2
C03141,T1269,East,Basic,299,21.89,1
C03142,T1152,Central,Premium,799,29.15,3
C03143,T1468,North,Basic,299,19.14,1
C03144,T1237,Central,Standard,499,3.63,1
C03145,T1181,West,Unlimited,1199,33.1,2
C03146,T1384,East,Unlimited,1199,7.62,2
C03147,T1153,West,Basic,299,28.6,2
C03148,T1293,North,Premium,799,23.23,1
C03149,T1255,Central,Standard,499,18.58,2
C03150,T1293,North,Premium,799,17.71,1
C03151,T1346,South,Basic,299,13.29,0
C03152,T1454,East,Premium,799,29.08,0
C03153,T1299,South,Basic,299,26.24,0
C03154,T1071,West,Unlimited,1199,19.73,0
C03155,T1000,North,Standard,499,15.1,1
C03156,T1367,Central,Premium,799,18.06,1
C03157,T1138,South,Standard,499,19.74,0
C03158,T1333,North,Basic,299,35.83,1
C03159,T1410,West,Standard,499,38.8,1
C03160,T1496,West,Basic,299,18.44,1
C03161,T1181,West,Standard,499,7.28,2
C03162,T1170,West,Premium,799,10.3,1
C03163,T1312,West,Basic,299,16.61,2
C03164,T1239,Central,Standard,499,21.55,1
C03165,T1432,South,Premium,799,30.7,1
C03166,T1078,Central,Basic,299,20.83,5
C03167,T1049,West,Unlimited,1199,32.66,1
C03168,T1340,North,Unlimited,1199,27.98,1
C03169,T1241,West,Premium,799,11.5,0
C03170,T1272,East,Unlimited,1199,43.19,0
C03171,T1235,North,Premium,799,18.89,0
C03172,T1312,West,Premium,799,36.69,2
C03173,T1489,East,Basic,299,33.28,3
C03174,T1336,East,Premium,799,33.55,0
C03175,T1034,North,Unlimited,1199,24.8,0
C03176,T1377,Central,Premium,799,24.5,1
C03177,T1465,North,Standard,499,41.28,1
C03178,T1103,West,Basic,299,18.88,0
C03179,T1256,West,Standard,499,32.69,0
C03180,T1429,North,Premium,799,38.39,0
C03181,T1402,East,Unlimited,1199,25.0,2
C03182,T1356,West,Premium,799,11.14,1
C03183,T1054,West,Unlimited,1199,36.05,1
C03184,T1081,Central,Standard,499,24.28,0
C03185,T1331,Central,Standard,499,8.9,0
C03186,T1086,South,Unlimited,1199,16.49,1
C03187,T1015,North,Premium,799,7.42,1
C03188,T1369,West,Unlimited,1199,38.53,0
C03189,T1366,Central,Premium,799,11.92,3
C03190,T1235,North,Unlimited,1199,39.36,2
C03191,T1429,North,Unlimited,1199,40.36,2
C03192,T1149,North,Standard,499,25.32,0
C03193,T1050,North,Unlimited,1199,20.62,2
C03194,T1098,East,Basic,299,9.84,1
C03195,T1196,Central,Unlimited,1199,24.19,2
C03196,T1093,West,Standard,499,15.8,1
C03197,T1336,East,Basic,299,24.14,0
C03198,T1190,East,Basic,299,28.12,1
C03199,T1415,North,Basic,299,37.03,0
C03200,T1239,Central,Standard,499,15.77,2
C03201,T1150,South,Standard,499,17.92,3
C03202,T1453,Central,Unlimited,1199,27.44,1
C03203,T1421,North,Premium,799,23.07,0
C03204,T1420,Central,Premium,799,31.06,1
C03205,T1288,West,Premium,799,40.95,3
C03206,T1212,West,Basic,299,5.25,5
C03207,T1477,West,Unlimited,1199,26.47,1
C03208,T1475,Central,Standard,499,28.85,1
C03209,T1120,North,Standard,499,36.11,1
C03210,T1235,North,Standard,499,29.87,1
C03211,T1112,North,Unlimited,1199,29.13,2
C03212,T1060,South,Unlimited,1199,34.56,0
C03213,T1319,East,Basic,299,38.43,1
C03214,T1077,East,Standard,499,28.15,1
C03215,T1116,East,Unlimited,1199,13.98,1
C03216,T1347,Central,Basic,299,9.75,3
C03217,T1018,East,Unlimited,1199,30.54,3
C03218,T1421,North,Premium,799,8.4,0
C03219,T1446,West,Unlimited,1199,24.93,0
C03220,T1028,East,Premium,799,16.71,0
C03221,T1414,South,Unlimited,1199,6.91,0
C03222,T1228,West,Premium,799,22.78,0
C03223,T1360,East,Premium,799,39.33,1
C03224,T1036,Central,Unlimited,1199,28.58,1
C03225,T1215,North,Unlimited,1199,36.81,0
C03226,T1160,South,Premium,799,27.77,0
C03227,T1103,West,Basic,299,22.73,1
C03228,T1419,Central,Basic,299,25.53,1
C03229,T1431,Central,Unlimited,1199,30.05,2
C03230,T1383,Central,Standard,499,33.14,2
C03231,T1236,East,Basic,299,21.34,0
C03232,T1180,North,Basic,299,36.84,0
C03233,T1164,Central,Unlimited,1199,27.23,0
C03234,T1308,North,Basic,299,28.54,1
C03235,T1285,North,Premium,799,23.03,2
C03236,T1189,West,Unlimited,1199,32.32,3
C03237,T1085,West,Unlimited,1199,24.07,2
C03238,T1423,West,Standard,499,32.8,0
C03239,T1258,East,Premium,799,32.62,1
C03240,T1281,South,Unlimited,1199,24.47,0
C03241,T1210,East,Standard,499,20.6,3
C03242,T1268,East,Basic,299,19.59,1
C03243,T1440,West,Standard,499,23.82,1
C03244,T1491,South,Basic,299,35.57,2
C03245,T1350,Central,Unlimited,1199,37.11,0
C03246,T1204,West,Basic,299,19.89,2
C03247,T1077,East,Standard,499,27.13,2
C03248,T1303,North,Unlimited,1199,27.65,2
C03249,T1348,East,Basic,299,20.72,0
C03250,T1092,West,Basic,299,17.9,0
C03251,T1479,Central,Basic,299,35.3,2
C03252,T1323,Central,Premium,799,18.76,2
C03253,T1377,Central,Basic,299,40.44,1
C03254,T1280,South,Basic,299,36.74,1
C03255,T1079,Central,Unlimited,1199,8.43,1
C03256,T1433,Central,Basic,299,22.69,1
C03257,T1261,North,Standard,499,41.37,1
C03258,T1417,Central,Basic,299,23.24,0
C03259,T1332,South,Unlimited,1199,18.46,2
C03260,T1003,Central,Unlimited,1199,34.86,4
C03261,T1198,South,Basic,299,15.81,0
C03262,T1447,South,Basic,299,0.64,1
C03263,T1024,North,Unlimited,1199,24.67,0
C03264,T1300,South,Standard,499,37.51,2
C03265,T1112,North,Unlimited,1199,29.29,1
C03266,T1399,East,Standard,499,28.8,0
C03267,T1301,North,Standard,499,18.73,0
C03268,T1198,South,Standard,499,22.59,1
C03269,T1114,West,Premium,799,6.87,0
C03270,T1463,South,Unlimited,1199,22.86,4
C03271,T1338,West,Premium,799,41.82,2
C03272,T1311,East,Unlimited,1199,26.46,1
C03273,T1471,Central,Basic,299,29.12,5
C03274,T1365,Central,Premium,799,42.11,2
C03275,T1022,Central,Unlimited,1199,17.3,1
C03276,T1251,West,Premium,799,37.41,2
C03277,T1235,North,Unlimited,1199,18.75,0
C03278,T1441,East,Standard,499,33.8,1
C03279,T1498,North,Standard,499,25.6,2
C03280,T1173,Central,Premium,799,11.15,0
C03281,T1353,West,Unlimited,1199,40.64,0
C03282,T1006,Central,Unlimited,1199,35.69,1
C03283,T1226,Central,Standard,499,5.25,1
C03284,T1378,Central,Basic,299,22.01,1
C03285,T1392,North,Standard,499,15.96,0
C03286,T1430,South,Standard,499,19.72,1
C03287,T1051,Central,Premium,799,51.69,2
C03288,T1168,South,Premium,799,28.94,2
C03289,T1323,Central,Basic,299,35.73,2
C03290,T1348,East,Premium,799,12.62,0
C03291,T1225,Central,Basic,299,52.74,0
C03292,T1183,Central,Standard,499,29.17,1
C03293,T1329,South,Basic,299,8.54,1
C03294,T1268,East,Unlimited,1199,18.0,2
C03295,T1316,East,Standard,499,0.0,1
C03296,T1264,South,Premium,799,30.28,1
C03297,T1363,East,Premium,799,11.02,0
C03298,T1134,South,Basic,299,22.47,1
C03299,T1159,North,Premium,799,13.72,3
C03300,T1260,West,Standard,499,33.72,0
C03301,T1053,South,Basic,299,22.83,0
C03302,T1159,North,Basic,299,20.4,1
C03303,T1157,Central,Unlimited,1199,35.41,0
C03304,T1486,West,Basic,299,17.89,1
C03305,T1333,North,Basic,299,46.13,0
C03306,T1385,South,Standard,499,0.0,3
C03307,T1479,Central,Standard,499,15.39,2
C03308,T1331,Central,Premium,799,25.09,1
C03309,T1435,South,Basic,299,36.96,2
C03310,T1101,West,Unlimited,1199,45.78,1
C03311,T1274,North,Unlimited,1199,35.66,0
C03312,T1058,Central,Premium,799,8.5,0
C03313,T1321,East,Unlimited,1199,30.61,0
C03314,T1419,Central,Basic,299,30.47,0
C03315,T1380,West,Basic,299,27.89,2
C03316,T1298,South,Unlimited,1199,36.77,4
C03317,T1316,East,Unlimited,1199,34.13,2
C03318,T1275,Central,Basic,299,20.68,2
C03319,T1447,South,Standard,499,18.09,0
C03320,T1118,North,Premium,799,21.44,1
C03321,T1411,West,Premium,799,21.83,2
C03322,T1182,West,Unlimited,1199,8.8,0
C03323,T1262,East,Premium,799,2.38,0
C03324,T1134,South,Unlimited,1199,21.16,1
C03325,T1499,North,Unlimited,1199,21.45,1
C03326,T1294,Central,Premium,799,39.57,1
C03327,T1012,Central,Standard,499,24.7,2
C03328,T1419,Central,Unlimited,1199,29.5,4
C03329,T1371,East,Unlimited,1199,19.3,2
C03330,T1488,East,Premium,799,24.08,2
C03331,T1416,West,Basic,299,27.37,1
C03332,T1033,Central,Unlimited,1199,23.92,0
C03333,T1111,East,Standard,499,15.92,0
C03334,T1313,West,Premium,799,23.01,2
C03335,T1245,Central,Standard,499,9.44,6
C03336,T1259,Central,Standard,499,39.61,3
C03337,T1181,West,Unlimited,1199,39.41,2
C03338,T1187,South,Unlimited,1199,9.6,0
C03339,T1361,West,Standard,499,48.6,1
C03340,T1307,West,Standard,499,18.37,2
C03341,T1339,West,Unlimited,1199,24.89,0
C03342,T1119,North,Basic,299,19.06,1
C03343,T1260,West,Unlimited,1199,33.09,0
C03344,T1492,East,Standard,499,28.24,2
C03345,T1363,East,Basic,299,36.93,5
C03346,T1069,South,Basic,299,34.23,1
C03347,T1169,West,Premium,799,50.6,1
C03348,T1471,Central,Premium,799,28.38,2
C03349,T1420,Central,Standard,499,22.03,2
C03350,T1116,East,Standard,499,10.48,1
C03351,T1153,West,Basic,299,10.58,0
C03352,T1192,East,Premium,799,23.93,1
C03353,T1035,South,Premium,799,27.07,2
C03354,T1320,South,Premium,799,20.91,3
C03355,T1275,Central,Standard,499,29.51,1
C03356,T1298,South,Unlimited,1199,20.21,4
C03357,T1012,Central,Unlimited,1199,22.72,1
C03358,T1466,South,Standard,499,45.67,0
C03359,T1153,West,Premium,799,22.09,0
C03360,T1406,East,Unlimited,1199,17.2,2
C03361,T1433,Central,Unlimited,1199,42.45,0
C03362,T1363,East,Premium,799,24.64,0
C03363,T1199,West,Standard,499,23.88,2
C03364,T1372,Central,Basic,299,24.75,1
C03365,T1176,South,Premium,799,22.53,2
C03366,T1278,East,Premium,799,18.67,3
C03367,T1471,Central,Unlimited,1199,34.24,5
C03368,T1379,South,Basic,299,31.35,2
C03369,T1217,North,Basic,299,7.91,1
C03370,T1226,Central,Basic,299,23.36,0
C03371,T1172,East,Basic,299,28.56,0
C03372,T1485,Central,Standard,499,39.54,0
C03373,T1459,South,Standard,499,9.84,1
C03374,T1039,West,Basic,299,27.28,1
C03375,T1207,South,Basic,299,13.49,1
C03376,T1330,North,Premium,799,24.01,1
C03377,T1456,Central,Basic,299,27.74,1
C03378,T1116,East,Premium,799,34.22,2
C03379,T1428,South,Premium,799,6.07,0
C03380,T1341,West,Unlimited,1199,41.46,0
C03381,T1197,Central,Basic,299,24.42,1
C03382,T1361,West,Premium,799,9.76,0
C03383,T1418,North,Standard,499,19.17,0
C03384,T1355,South,Unlimited,1199,10.24,3
C03385,T1415,North,Unlimited,1199,24.17,0
C03386,T1147,West,Basic,299,26.61,0
C03387,T1376,Central,Standard,499,21.16,2
C03388,T1302,Central,Standard,499,18.65,0
C03389,T1274,North,Unlimited,1199,27.27,0
C03390,T1147,West,Standard,499,32.29,2
C03391,T1497,Central,Standard,499,44.45,1
C03392,T1394,East,Basic,299,30.92,2
C03393,T1415,North,Standard,499,19.92,1
C03394,T1217,North,Premium,799,13.04,0
C03395,T1496,West,Basic,299,32.76,1
C03396,T1294,Central,Unlimited,1199,37.24,1
C03397,T1362,East,Standard,499,1.95,3
C03398,T1059,South,Standard,499,18.31,2
C03399,T1212,West,Unlimited,1199,29.21,0
C03400,T1231,West,Unlimited,1199,37.9,0
C03401,T1063,South,Unlimited,1199,26.35,1
C03402,T1212,West,Unlimited,1199,17.28,3
C03403,T1222,Central,Basic,299,34.23,2
C03404,T1000,North,Standard,499,27.28,0
C03405,T1160,South,Unlimited,1199,32.25,3
C03406,T1468,North,Standard,499,10.63,0
C03407,T1142,North,Standard,499,17.29,1
C03408,T1415,North,Basic,299,34.01,2
C03409,T1068,Central,Standard,499,33.68,0
C03410,T1068,Central,Standard,499,29.94,1
C03411,T1137,South,Basic,299,15.33,1
C03412,T1037,South,Standard,499,18.22,5
C03413,T1497,Central,Unlimited,1199,24.79,0
C03414,T1283,West,Standard,499,31.09,2
C03415,T1456,Central,Unlimited,1199,38.39,0
C03416,T1249,Central,Premium,799,15.64,2
C03417,T1316,East,Basic,299,16.13,1
C03418,T1048,Central,Unlimited,1199,27.77,0
C03419,T1442,East,Unlimited,1199,20.09,1
C03420,T1314,North,Basic,299,12.84,0
C03421,T1167,South,Standard,499,27.02,0
C03422,T1325,North,Premium,799,32.08,0
C03423,T1141,North,Unlimited,1199,21.11,2
C03424,T1061,South,Premium,799,20.31,1
C03425,T1150,South,Basic,299,28.48,0
C03426,T1315,West,Standard,499,35.45,0
C03427,T1108,South,Standard,499,22.09,1
C03428,T1397,West,Premium,799,16.32,1
C03429,T1032,East,Unlimited,1199,25.62,0
C03430,T1155,East,Unlimited,1199,48.81,1
C03431,T1464,South,Premium,799,34.29,0
C03432,T1222,Central,Premium,799,26.43,0
C03433,T1071,West,Unlimited,1199,16.46,2
C03434,T1416,West,Basic,299,10.77,0
C03435,T1056,South,Unlimited,1199,16.35,0
C03436,T1126,West,Unlimited,1199,39.84,3
C03437,T1384,East,Standard,499,18.28,0
C03438,T1194,Central,Standard,499,18.69,0
C03439,T1034,North,Premium,799,25.49,2
C03440,T1376,Central,Unlimited,1199,1.68,2
C03441,T1457,Central,Premium,799,30.45,0
C03442,T1182,West,Standard,499,27.81,0
C03443,T1327,East,Standard,499,40.35,1
C03444,T1248,North,Unlimited,1199,18.49,0
C03445,T1192,East,Premium,799,18.66,2
C03446,T1415,North,Basic,299,27.84,2
C03447,T1152,Central,Basic,299,31.72,1
C03448,T1013,West,Standard,499,32.89,1
C03449,T1474,Central,Premium,799,33.34,0
C03450,T1001,North,Standard,499,33.13,0
C03451,T1380,West,Premium,799,36.14,3
C03452,T1175,East,Basic,299,38.04,2
C03453,T1373,Central,Standard,499,21.04,0
C03454,T1425,Central,Premium,799,29.34,0
C03455,T1399,East,Premium,799,32.55,1
C03456,T1473,North,Premium,799,25.55,1
C03457,T1448,East,Unlimited,1199,9.16,1
C03458,T1246,East,Standard,499,30.76,0
C03459,T1092,West,Standard,499,32.13,2
C03460,T1293,North,Basic,299,11.01,1
C03461,T1153,West,Unlimited,1199,27.66,0
C03462,T1386,East,Standard,499,20.2,2
C03463,T1489,East,Standard,499,14.17,1
C03464,T1033,Central,Premium,799,25.17,0
C03465,T1473,North,Premium,799,17.5,1
C03466,T1141,North,Unlimited,1199,28.33,2
C03467,T1374,North,Basic,299,26.66,1
C03468,T1191,Central,Unlimited,1199,25.59,1
C03469,T1149,North,Standard,499,32.19,1
C03470,T1076,Central,Premium,799,32.04,2
C03471,T1047,West,Basic,299,29.02,0
C03472,T1133,South,Unlimited,1199,14.22,0
C03473,T1269,East,Unlimited,1199,20.1,0
C03474,T1301,North,Premium,799,32.17,1
C03475,T1109,East,Basic,299,15.38,1
C03476,T1068,Central,Basic,299,29.14,1
C03477,T1148,South,Basic,299,27.23,1
C03478,T1298,South,Premium,799,21.03,3
C03479,T1124,East,Unlimited,1199,16.45,0
C03480,T1253,East,Unlimited,1199,11.04,0
C03481,T1217,North,Basic,299,38.8,0
C03482,T1263,Central,Standard,499,19.5,0
C03483,T1026,South,Premium,799,7.6,3
C03484,T1257,Central,Basic,299,32.58,1
C03485,T1030,South,Basic,299,26.34,0
C03486,T1370,West,Unlimited,1199,33.2,1
C03487,T1494,West,Standard,499,31.0,1
C03488,T1043,West,Premium,799,25.3,0
C03489,T1105,West,Basic,299,13.35,0
C03490,T1166,North,Basic,299,33.64,1
C03491,T1480,East,Basic,299,40.28,0
C03492,T1128,North,Standard,499,23.34,0
C03493,T1221,North,Unlimited,1199,24.08,0
C03494,T1273,North,Unlimited,1199,11.91,4
C03495,T1323,Central,Basic,299,29.8,0
C03496,T1483,South,Basic,299,30.78,0
C03497,T1248,North,Basic,299,30.76,1
C03498,T1280,South,Unlimited,1199,4.76,1
C03499,T1049,West,Basic,299,24.54,0
C03500,T1314,North,Unlimited,1199,12.92,2
C03501,T1323,Central,Premium,799,21.2,0
C03502,T1216,North,Premium,799,22.69,3
C03503,T1169,West,Unlimited,1199,36.24,2
C03504,T1429,North,Basic,299,32.16,1
C03505,T1208,East,Basic,299,13.25,1
C03506,T1073,North,Unlimited,1199,33.59,0
C03507,T1420,Central,Standard,499,28.35,2
C03508,T1125,West,Basic,299,26.71,3
C03509,T1190,East,Premium,799,33.7,1
C03510,T1091,North,Standard,499,28.9,3
C03511,T1006,Central,Unlimited,1199,10.39,3
C03512,T1017,South,Basic,299,24.89,0
C03513,T1094,Central,Standard,499,31.63,3
C03514,T1027,North,Standard,499,34.74,1
C03515,T1490,East,Unlimited,1199,43.09,2
C03516,T1447,South,Premium,799,29.99,0
C03517,T1331,Central,Premium,799,22.23,0
C03518,T1465,North,Basic,299,34.68,1
C03519,T1345,North,Premium,799,32.67,0
C03520,T1468,North,Standard,499,27.14,0
C03521,T1086,South,Premium,799,34.33,0
C03522,T1379,South,Basic,299,8.48,1
C03523,T1049,West,Premium,799,9.22,1
C03524,T1403,Central,Standard,499,13.76,0
C03525,T1013,West,Unlimited,1199,34.46,0
C03526,T1209,East,Unlimited,1199,39.85,1
C03527,T1018,East,Basic,299,19.22,3
C03528,T1038,South,Premium,799,18.21,2
C03529,T1163,Central,Standard,499,23.06,2
C03530,T1009,East,Basic,299,27.7,1
C03531,T1440,West,Unlimited,1199,45.73,0
C03532,T1217,North,Standard,499,29.58,0
C03533,T1105,West,Standard,499,18.02,4
C03534,T1065,Central,Standard,499,18.31,1
C03535,T1436,South,Standard,499,17.95,2
C03536,T1142,North,Basic,299,20.64,0
C03537,T1016,East,Premium,799,36.23,0
C03538,T1118,North,Standard,499,34.94,0
C03539,T1094,Central,Standard,499,29.3,1
C03540,T1024,North,Premium,799,26.5,1
C03541,T1193,South,Standard,499,33.19,3
C03542,T1048,Central,Basic,299,24.33,0
C03543,T1435,South,Basic,299,19.12,3
C03544,T1058,Central,Standard,499,39.52,1
C03545,T1131,East,Premium,799,25.47,0
C03546,T1107,Central,Standard,499,33.56,2
C03547,T1294,Central,Basic,299,34.48,2
C03548,T1098,East,Standard,499,30.64,0
C03549,T1328,West,Standard,499,16.6,2
C03550,T1186,East,Standard,499,39.17,0
C03551,T1264,South,Unlimited,1199,34.66,1
C03552,T1489,East,Basic,299,15.0,1
C03553,T1407,East,Standard,499,17.38,1
C03554,T1081,Central,Standard,499,24.56,0
C03555,T1375,Central,Premium,799,32.41,1
C03556,T1171,Central,Unlimited,1199,19.38,1
C03557,T1347,Central,Premium,799,18.22,4
C03558,T1170,West,Standard,499,21.59,1
C03559,T1110,East,Premium,799,25.21,0
C03560,T1095,Central,Unlimited,1199,35.0,0
C03561,T1152,Central,Premium,799,27.18,0
C03562,T1312,West,Unlimited,1199,6.98,1
C03563,T1219,South,Basic,299,27.13,1
C03564,T1088,South,Premium,799,21.08,1
C03565,T1298,South,Unlimited,1199,25.76,5
C03566,T1098,East,Premium,799,16.53,1
C03567,T1089,Central,Basic,299,12.85,2
C03568,T1373,Central,Premium,799,14.21,1
C03569,T1126,West,Unlimited,1199,8.32,2
C03570,T1384,East,Unlimited,1199,15.64,2
C03571,T1325,North,Unlimited,1199,27.27,1
C03572,T1320,South,Standard,499,7.85,1
C03573,T1141,North,Premium,799,11.4,1
C03574,T1090,South,Unlimited,1199,11.6,1
C03575,T1425,Central,Standard,499,20.79,0
C03576,T1182,West,Unlimited,1199,33.29,0
C03577,T1427,Central,Basic,299,15.03,0
C03578,T1171,Central,Standard,499,28.44,0
C03579,T1196,Central,Unlimited,1199,13.72,0
C03580,T1189,West,Premium,799,26.3,0
C03581,T1288,West,Basic,299,37.66,0
C03582,T1136,South,Unlimited,1199,22.41,2
C03583,T1391,South,Unlimited,1199,8.88,0
C03584,T1491,South,Standard,499,20.48,1
C03585,T1189,West,Standard,499,19.65,0
C03586,T1446,West,Basic,299,22.47,1
C03587,T1317,East,Unlimited,1199,22.58,1
C03588,T1213,Central,Premium,799,15.84,2
C03589,T1053,South,Premium,799,23.78,0
C03590,T1242,North,Premium,799,34.8,0
C03591,T1112,North,Standard,499,32.51,1
C03592,T1207,South,Premium,799,23.97,1
C03593,T1081,Central,Premium,799,27.59,1
C03594,T1449,West,Unlimited,1199,5.63,0
C03595,T1398,North,Premium,799,18.74,1
C03596,T1472,South,Unlimited,1199,20.16,6
C03597,T1368,East,Premium,799,2.46,1
C03598,T1341,West,Standard,499,26.8,0
C03599,T1173,Central,Standard,499,27.06,3
C03600,T1287,South,Unlimited,1199,21.65,2
C03601,T1065,Central,Premium,799,36.42,2
C03602,T1382,West,Standard,499,26.19,0
C03603,T1078,Central,Premium,799,31.63,2
C03604,T1449,West,Unlimited,1199,23.28,1
C03605,T1252,North,Standard,499,36.71,1
C03606,T1152,Central,Basic,299,37.48,2
C03607,T1173,Central,Unlimited,1199,39.37,3
C03608,T1041,South,Standard,499,31.49,0
C03609,T1328,West,Unlimited,1199,22.9,2
C03610,T1442,East,Unlimited,1199,40.75,1
C03611,T1486,West,Standard,499,22.86,3
C03612,T1381,East,Standard,499,31.78,0
C03613,T1165,East,Premium,799,12.25,0
C03614,T1108,South,Premium,799,37.33,1
C03615,T1210,East,Premium,799,9.12,0
C03616,T1256,West,Unlimited,1199,27.35,1
C03617,T1126,West,Basic,299,15.89,1
C03618,T1211,South,Basic,299,39.02,1
C03619,T1201,Central,Standard,499,15.92,3
C03620,T1151,East,Unlimited,1199,35.43,0
C03621,T1302,Central,Standard,499,24.31,1
C03622,T1315,West,Basic,299,15.06,2
C03623,T1212,West,Basic,299,27.01,2
C03624,T1181,West,Standard,499,20.2,1
C03625,T1344,East,Basic,299,4.7,0
C03626,T1051,Central,Unlimited,1199,19.29,0
C03627,T1459,South,Standard,499,36.05,0
C03628,T1355,South,Unlimited,1199,30.96,1
C03629,T1045,West,Basic,299,18.75,1
C03630,T1125,West,Basic,299,13.87,2
C03631,T1254,South,Standard,499,22.31,3
C03632,T1242,North,Standard,499,18.67,1
C03633,T1194,Central,Basic,299,17.13,1
C03634,T1241,West,Standard,499,15.88,1
C03635,T1396,South,Basic,299,21.65,1
C03636,T1482,West,Basic,299,16.85,1
C03637,T1140,East,Unlimited,1199,31.04,0
C03638,T1417,Central,Unlimited,1199,29.53,2
C03639,T1490,East,Basic,299,24.07,0
C03640,T1284,East,Standard,499,18.28,0
C03641,T1197,Central,Premium,799,35.67,1
C03642,T1293,North,Standard,499,18.94,2
C03643,T1060,South,Standard,499,32.41,0
C03644,T1062,North,Premium,799,34.98,0
C03645,T1203,North,Standard,499,15.15,1
C03646,T1303,North,Premium,799,40.57,1
C03647,T1400,South,Unlimited,1199,7.56,2
C03648,T1203,North,Standard,499,22.65,2
C03649,T1165,East,Premium,799,18.67,0
C03650,T1429,North,Standard,499,18.34,2
C03651,T1383,Central,Standard,499,38.52,1
C03652,T1198,South,Premium,799,23.24,3
C03653,T1176,South,Unlimited,1199,27.92,1
C03654,T1105,West,Standard,499,23.47,1
C03655,T1306,East,Basic,299,35.11,5
C03656,T1071,West,Premium,799,19.66,0
C03657,T1005,North,Standard,499,44.82,1
C03658,T1202,East,Premium,799,24.2,0
C03659,T1258,East,Basic,299,21.61,1
C03660,T1341,West,Basic,299,26.96,4
C03661,T1092,West,Unlimited,1199,29.72,0
C03662,T1359,South,Unlimited,1199,5.74,1
C03663,T1367,Central,Premium,799,19.17,3
C03664,T1290,South,Unlimited,1199,48.03,1
C03665,T1045,West,Unlimited,1199,43.02,0
C03666,T1231,West,Basic,299,33.69,1
C03667,T1210,East,Standard,499,36.91,0
C03668,T1111,East,Premium,799,37.64,0
C03669,T1112,North,Basic,299,17.89,1
C03670,T1016,East,Basic,299,40.84,3
C03671,T1489,East,Unlimited,1199,25.8,2
C03672,T1055,West,Standard,499,23.69,1
C03673,T1179,North,Basic,299,28.13,2
C03674,T1058,Central,Unlimited,1199,22.95,1
C03675,T1397,West,Standard,499,16.61,1
C03676,T1290,South,Premium,799,26.85,1
C03677,T1374,North,Basic,299,26.43,1
C03678,T1389,South,Basic,299,10.3,1
C03679,T1099,North,Standard,499,36.53,1
C03680,T1118,North,Premium,799,31.81,1
C03681,T1497,Central,Premium,799,26.18,1
C03682,T1110,East,Unlimited,1199,15.36,0
C03683,T1469,Central,Unlimited,1199,42.99,2
C03684,T1426,North,Unlimited,1199,29.0,2
C03685,T1336,East,Standard,499,19.2,0
C03686,T1489,East,Premium,799,15.12,0
C03687,T1273,North,Basic,299,35.61,3
C03688,T1023,East,Premium,799,25.05,2
C03689,T1045,West,Basic,299,19.27,1
C03690,T1488,East,Basic,299,14.18,2
C03691,T1442,East,Unlimited,1199,15.81,2
C03692,T1252,North,Standard,499,36.65,0
C03693,T1019,South,Basic,299,38.75,1
C03694,T1128,North,Basic,299,25.44,0
C03695,T1053,South,Unlimited,1199,7.9,1
C03696,T1005,North,Premium,799,27.09,1
C03697,T1296,West,Basic,299,45.62,1
C03698,T1395,Central,Basic,299,36.82,0
C03699,T1024,North,Premium,799,44.37,5
C03700,T1335,Central,Standard,499,29.16,1
C03701,T1457,Central,Basic,299,27.0,1
C03702,T1077,East,Unlimited,1199,27.67,1
C03703,T1436,South,Unlimited,1199,31.17,1
C03704,T1474,Central,Basic,299,14.5,1
C03705,T1206,Central,Basic,299,1.6,1
C03706,T1382,West,Basic,299,27.61,2
C03707,T1448,East,Basic,299,15.07,1
C03708,T1126,West,Premium,799,18.64,3
C03709,T1073,North,Basic,299,20.83,2
C03710,T1488,East,Standard,499,31.37,1
C03711,T1132,East,Premium,799,29.39,0
C03712,T1154,Central,Premium,799,19.09,3
C03713,T1454,East,Standard,499,22.1,1
C03714,T1030,South,Standard,499,23.75,0
C03715,T1163,Central,Standard,499,24.83,2
C03716,T1038,South,Unlimited,1199,38.31,1
C03717,T1031,East,Unlimited,1199,2.23,4
C03718,T1289,Central,Basic,299,22.78,0
C03719,T1248,North,Basic,299,34.71,1
C03720,T1105,West,Unlimited,1199,24.19,1
C03721,T1030,South,Basic,299,18.15,1
C03722,T1165,East,Unlimited,1199,33.76,4
C03723,T1050,North,Basic,299,31.33,0
C03724,T1404,West,Unlimited,1199,30.59,3
C03725,T1104,South,Standard,499,30.75,1
C03726,T1400,South,Basic,299,16.87,2
C03727,T1298,South,Premium,799,29.54,3
C03728,T1069,South,Premium,799,33.86,0
C03729,T1463,South,Unlimited,1199,5.9,0
C03730,T1342,Central,Basic,299,40.23,0
C03731,T1082,Central,Basic,299,0.0,1
C03732,T1148,South,Basic,299,27.59,4
C03733,T1061,South,Standard,499,26.51,1
C03734,T1430,South,Unlimited,1199,39.85,0
C03735,T1435,South,Premium,799,40.47,1
C03736,T1162,North,Standard,499,28.14,5
C03737,T1465,North,Unlimited,1199,17.04,0
C03738,T1478,West,Basic,299,24.01,0
C03739,T1395,Central,Standard,499,33.11,1
C03740,T1496,West,Unlimited,1199,13.49,2
C03741,T1243,East,Premium,799,17.0,2
C03742,T1251,West,Unlimited,1199,25.12,1
C03743,T1150,South,Unlimited,1199,22.45,1
C03744,T1096,West,Basic,299,34.08,2
C03745,T1122,Central,Basic,299,31.08,0
C03746,T1019,South,Unlimited,1199,26.57,0
C03747,T1154,Central,Basic,299,23.14,1
C03748,T1336,East,Unlimited,1199,33.32,2
C03749,T1062,North,Premium,799,13.4,1
C03750,T1086,South,Standard,499,15.21,3
C03751,T1328,West,Standard,499,27.25,2
C03752,T1060,South,Premium,799,11.46,0
C03753,T1145,North,Basic,299,41.3,2
C03754,T1038,South,Standard,499,19.49,2
C03755,T1042,South,Premium,799,28.65,0
C03756,T1111,East,Premium,799,38.93,1
C03757,T1026,South,Unlimited,1199,40.14,1
C03758,T1305,Central,Unlimited,1199,22.96,0
C03759,T1494,West,Standard,499,10.62,0
C03760,T1198,South,Basic,299,37.47,0
C03761,T1208,East,Premium,799,25.38,2
C03762,T1416,West,Premium,799,8.74,0
C03763,T1172,East,Standard,499,10.58,3
C03764,T1165,East,Standard,499,21.37,0
C03765,T1387,East,Unlimited,1199,27.34,0
C03766,T1378,Central,Premium,799,9.34,0
C03767,T1457,Central,Basic,299,10.72,1
C03768,T1001,North,Standard,499,31.57,1
C03769,T1324,North,Premium,799,28.28,3
C03770,T1144,East,Unlimited,1199,29.44,4
C03771,T1368,East,Basic,299,27.51,3
C03772,T1478,West,Unlimited,1199,29.44,0
C03773,T1298,South,Premium,799,19.63,5
C03774,T1269,East,Premium,799,28.0,1
C03775,T1218,North,Unlimited,1199,19.24,1
C03776,T1309,East,Premium,799,26.41,1
C03777,T1259,Central,Standard,499,26.32,1
C03778,T1015,North,Premium,799,18.32,0
C03779,T1054,West,Premium,799,27.67,1
C03780,T1221,North,Unlimited,1199,32.06,0
C03781,T1178,Central,Unlimited,1199,8.9,1
C03782,T1106,West,Premium,799,38.61,0
C03783,T1186,East,Premium,799,24.25,0
C03784,T1453,Central,Standard,499,42.72,1
C03785,T1436,South,Standard,499,21.04,1
C03786,T1229,North,Basic,299,38.68,5
C03787,T1079,Central,Unlimited,1199,33.14,0
C03788,T1206,Central,Standard,499,27.44,3
C03789,T1389,South,Premium,799,31.74,2
C03790,T1207,South,Premium,799,39.22,1
C03791,T1013,West,Premium,799,36.12,2
C03792,T1195,North,Basic,299,20.29,0
C03793,T1243,East,Basic,299,14.28,0
C03794,T1339,West,Basic,299,17.02,1
C03795,T1042,South,Premium,799,31.7,2
C03796,T1439,East,Premium,799,21.6,0
C03797,T1056,South,Standard,499,30.43,1
C03798,T1002,South,Unlimited,1199,22.26,1
C03799,T1260,West,Unlimited,1199,18.36,0
C03800,T1440,West,Standard,499,14.96,1
C03801,T1133,South,Basic,299,30.41,0
C03802,T1403,Central,Unlimited,1199,39.33,0
C03803,T1398,North,Basic,299,24.12,0
C03804,T1448,East,Basic,299,30.37,1
C03805,T1001,North,Unlimited,1199,23.5,1
C03806,T1209,East,Basic,299,23.27,1
C03807,T1344,East,Premium,799,8.32,2
C03808,T1497,Central,Basic,299,23.19,4
C03809,T1248,North,Standard,499,29.49,1
C03810,T1274,North,Standard,499,29.69,1
C03811,T1003,Central,Unlimited,1199,24.97,1
C03812,T1208,East,Standard,499,35.18,3
C03813,T1098,East,Basic,299,30.46,0
C03814,T1062,North,Premium,799,19.66,0
C03815,T1445,East,Standard,499,31.67,4
C03816,T1117,Central,Standard,499,21.13,1
C03817,T1282,North,Standard,499,14.13,2
C03818,T1092,West,Standard,499,19.72,0
C03819,T1284,East,Standard,499,42.01,0
C03820,T1145,North,Basic,299,13.11,0
C03821,T1274,North,Premium,799,55.12,2
C03822,T1241,West,Premium,799,22.63,1
C03823,T1443,East,Standard,499,16.04,0
C03824,T1269,East,Standard,499,32.23,2
C03825,T1183,Central,Premium,799,37.58,0
C03826,T1016,East,Basic,299,32.36,0
C03827,T1139,West,Basic,299,24.02,1
C03828,T1019,South,Premium,799,23.46,0
C03829,T1231,West,Basic,299,18.36,3
C03830,T1116,East,Premium,799,0.0,1
C03831,T1455,West,Basic,299,22.54,2
C03832,T1360,East,Basic,299,16.7,3
C03833,T1479,Central,Standard,499,32.26,0
C03834,T1177,West,Basic,299,38.83,1
C03835,T1422,East,Premium,799,20.21,0
C03836,T1099,North,Premium,799,16.52,0
C03837,T1495,East,Unlimited,1199,20.43,2
C03838,T1084,East,Standard,499,20.48,2
C03839,T1472,South,Basic,299,27.57,5
C03840,T1148,South,Basic,299,26.18,2
C03841,T1327,East,Premium,799,26.06,1
C03842,T1489,East,Unlimited,1199,32.17,2
C03843,T1284,East,Basic,299,36.71,0
C03844,T1306,East,Unlimited,1199,29.33,5
C03845,T1123,East,Basic,299,19.94,2
C03846,T1474,Central,Basic,299,30.51,2
C03847,T1435,South,Basic,299,23.67,1
C03848,T1012,Central,Premium,799,15.38,0
C03849,T1052,West,Premium,799,32.45,1
C03850,T1465,North,Premium,799,35.57,2
C03851,T1124,East,Premium,799,10.48,0
C03852,T1039,West,Premium,799,16.47,1
C03853,T1446,West,Standard,499,12.9,3
C03854,T1402,East,Basic,299,24.21,0
C03855,T1476,East,Premium,799,26.61,2
C03856,T1147,West,Unlimited,1199,21.15,0
C03857,T1284,East,Unlimited,1199,35.82,0
C03858,T1409,North,Unlimited,1199,19.58,0
C03859,T1147,West,Standard,499,26.63,2
C03860,T1281,South,Basic,299,38.32,2
C03861,T1089,Central,Basic,299,9.78,2
C03862,T1328,West,Standard,499,11.42,2
C03863,T1011,East,Unlimited,1199,12.55,0
C03864,T1113,South,Premium,799,41.44,1
C03865,T1254,South,Basic,299,26.12,1
C03866,T1344,East,Standard,499,20.81,2
C03867,T1237,Central,Basic,299,29.65,0
C03868,T1341,West,Standard,499,32.8,0
C03869,T1049,West,Standard,499,35.58,1
C03870,T1421,North,Unlimited,1199,23.8,1
C03871,T1128,North,Standard,499,30.04,1
C03872,T1420,Central,Unlimited,1199,24.04,1
C03873,T1305,Central,Basic,299,4.71,0
C03874,T1163,Central,Premium,799,26.85,1
C03875,T1282,North,Premium,799,20.43,1
C03876,T1490,East,Premium,799,28.85,1
C03877,T1468,North,Unlimited,1199,39.32,0
C03878,T1401,South,Premium,799,30.99,1
C03879,T1303,North,Premium,799,29.76,2
C03880,T1357,North,Basic,299,21.41,1
C03881,T1278,East,Premium,799,23.09,4
C03882,T1294,Central,Basic,299,17.2,0
C03883,T1427,Central,Unlimited,1199,49.13,1
C03884,T1308,North,Unlimited,1199,14.37,0
C03885,T1290,South,Basic,299,35.13,2
C03886,T1353,West,Premium,799,25.0,0
C03887,T1183,Central,Standard,499,34.41,0
C03888,T1266,West,Unlimited,1199,31.61,2
C03889,T1007,North,Unlimited,1199,32.52,0
C03890,T1034,North,Basic,299,19.65,1
C03891,T1198,South,Premium,799,6.85,1
C03892,T1215,North,Unlimited,1199,31.68,1
C03893,T1123,East,Standard,499,7.96,7
C03894,T1387,East,Premium,799,28.72,0
C03895,T1190,East,Unlimited,1199,20.74,0
C03896,T1457,Central,Basic,299,19.68,0
C03897,T1042,South,Unlimited,1199,30.03,1
C03898,T1162,North,Standard,499,25.41,1
C03899,T1227,North,Unlimited,1199,13.21,1
C03900,T1047,West,Standard,499,10.85,3
C03901,T1214,South,Basic,299,15.89,5
C03902,T1300,South,Basic,299,32.56,1
C03903,T1071,West,Premium,799,29.49,0
C03904,T1112,North,Basic,299,30.0,1
C03905,T1262,East,Premium,799,46.56,0
C03906,T1099,North,Unlimited,1199,25.82,0
C03907,T1370,West,Unlimited,1199,29.65,2
C03908,T1315,West,Standard,499,33.17,1
C03909,T1327,East,Unlimited,1199,30.72,0
C03910,T1151,East,Premium,799,17.72,1
C03911,T1154,Central,Unlimited,1199,39.13,0
C03912,T1396,South,Unlimited,1199,31.37,0
C03913,T1440,West,Standard,499,30.42,1
C03914,T1165,East,Basic,299,27.71,0
C03915,T1272,East,Premium,799,27.52,0
C03916,T1345,North,Standard,499,26.04,0
C03917,T1123,East,Standard,499,28.55,5
C03918,T1089,Central,Standard,499,15.98,1
C03919,T1154,Central,Basic,299,36.03,1
C03920,T1392,North,Basic,299,27.55,0
C03921,T1140,East,Basic,299,23.26,0
C03922,T1232,South,Standard,499,23.87,0
C03923,T1157,Central,Basic,299,20.57,0
C03924,T1368,East,Premium,799,29.41,1
C03925,T1175,East,Standard,499,22.5,0
C03926,T1482,West,Unlimited,1199,24.87,2
C03927,T1307,West,Basic,299,24.06,1
C03928,T1167,South,Premium,799,28.66,3
C03929,T1161,Central,Unlimited,1199,14.1,1
C03930,T1144,East,Basic,299,34.35,3
C03931,T1196,Central,Standard,499,7.92,0
C03932,T1427,Central,Unlimited,1199,20.58,3
C03933,T1288,West,Unlimited,1199,30.12,2
C03934,T1007,North,Standard,499,22.47,1
C03935,T1142,North,Standard,499,18.83,0
C03936,T1188,South,Unlimited,1199,33.99,0
C03937,T1031,East,Standard,499,21.31,2
C03938,T1390,North,Standard,499,13.6,1
C03939,T1113,South,Standard,499,21.95,1
C03940,T1317,East,Premium,799,20.94,2
C03941,T1345,North,Premium,799,28.23,0
C03942,T1183,Central,Standard,499,13.24,4
C03943,T1476,East,Standard,499,20.6,3
C03944,T1434,East,Basic,299,29.24,1
C03945,T1164,Central,Standard,499,33.37,0
C03946,T1268,East,Unlimited,1199,22.05,0
C03947,T1115,North,Basic,299,9.99,2
C03948,T1143,Central,Basic,299,29.98,1
C03949,T1466,South,Standard,499,28.06,1
C03950,T1309,East,Unlimited,1199,13.32,0
C03951,T1200,East,Standard,499,17.62,1
C03952,T1463,South,Basic,299,17.97,2
C03953,T1226,Central,Standard,499,19.75,0
C03954,T1050,North,Unlimited,1199,11.57,1
C03955,T1151,East,Standard,499,15.34,1
C03956,T1307,West,Standard,499,10.15,1
C03957,T1424,South,Standard,499,32.05,1
C03958,T1013,West,Premium,799,29.31,2
C03959,T1044,North,Unlimited,1199,10.65,0
C03960,T1237,Central,Standard,499,29.39,1
C03961,T1463,South,Basic,299,26.64,3
C03962,T1183,Central,Standard,499,22.66,1
C03963,T1302,Central,Standard,499,19.92,2
C03964,T1460,Central,Unlimited,1199,40.09,2
C03965,T1195,North,Standard,499,23.2,0
C03966,T1243,East,Basic,299,15.3,0
C03967,T1202,East,Standard,499,36.1,0
C03968,T1064,Central,Premium,799,34.66,0
C03969,T1384,East,Basic,299,17.32,1
C03970,T1497,Central,Standard,499,14.85,2
C03971,T1062,North,Standard,499,34.62,3
C03972,T1300,South,Standard,499,24.47,1
C03973,T1256,West,Basic,299,37.69,2
C03974,T1154,Central,Premium,799,26.99,3
C03975,T1003,Central,Standard,499,16.1,0
C03976,T1077,East,Basic,299,27.19,0
C03977,T1214,South,Basic,299,36.03,5
C03978,T1024,North,Basic,299,21.66,2
C03979,T1295,West,Standard,499,15.78,1
C03980,T1329,South,Standard,499,37.63,0
C03981,T1108,South,Premium,799,16.52,2
C03982,T1316,East,Standard,499,24.85,2
C03983,T1250,North,Unlimited,1199,18.02,3
C03984,T1043,West,Basic,299,26.69,2
C03985,T1001,North,Basic,299,28.52,1
C03986,T1330,North,Basic,299,22.7,1
C03987,T1094,Central,Premium,799,16.03,0
C03988,T1220,South,Basic,299,27.42,1
C03989,T1192,East,Standard,499,20.34,2
C03990,T1094,Central,Premium,799,13.02,1
C03991,T1192,East,Premium,799,16.55,2
C03992,T1358,South,Unlimited,1199,31.76,1
C03993,T1032,East,Premium,799,26.34,3
C03994,T1181,West,Premium,799,27.36,3
C03995,T1001,North,Unlimited,1199,32.16,0
C03996,T1296,West,Standard,499,6.09,0
C03997,T1116,East,Basic,299,24.85,1
C03998,T1146,South,Premium,799,29.14,1
C03999,T1372,Central,Standard,499,39.99,3
C04000,T1069,South,Standard,499,46.41,1
C04001,T1042,South,Unlimited,1199,25.64,2
C04002,T1333,North,Unlimited,1199,27.13,2
C04003,T1238,North,Basic,299,7.2,0
C04004,T1145,North,Premium,799,34.41,1
C04005,T1192,East,Premium,799,27.72,2
C04006,T1225,Central,Premium,799,26.39,0
C04007,T1428,South,Standard,499,22.87,1
C04008,T1227,North,Basic,299,17.57,1
C04009,T1400,South,Basic,299,23.99,4
C04010,T1314,North,Premium,799,19.11,1
C04011,T1483,South,Premium,799,14.95,1
C04012,T1100,South,Basic,299,24.08,1
C04013,T1471,Central,Basic,299,41.79,4
C04014,T1498,North,Unlimited,1199,21.27,1
C04015,T1219,South,Unlimited,1199,26.49,1
C04016,T1364,East,Unlimited,1199,20.26,1
C04017,T1174,East,Basic,299,34.88,1
C04018,T1176,South,Standard,499,19.69,1
C04019,T1337,South,Unlimited,1199,28.23,4
C04020,T1034,North,Standard,499,29.78,0
C04021,T1013,West,Standard,499,22.38,0
C04022,T1283,West,Basic,299,7.36,1
C04023,T1420,Central,Premium,799,6.97,1
C04024,T1244,North,Basic,299,22.87,2
C04025,T1208,East,Basic,299,13.8,2
C04026,T1408,South,Basic,299,29.97,1
C04027,T1079,Central,Standard,499,20.32,0
C04028,T1125,West,Basic,299,36.52,0
C04029,T1345,North,Basic,299,37.22,1
C04030,T1200,East,Unlimited,1199,12.7,0
C04031,T1320,South,Unlimited,1199,47.35,1
C04032,T1012,Central,Unlimited,1199,35.75,1
C04033,T1322,East,Unlimited,1199,36.25,2
C04034,T1323,Central,Unlimited,1199,23.2,0
C04035,T1104,South,Premium,799,11.84,2
C04036,T1125,West,Standard,499,16.78,0
C04037,T1077,East,Standard,499,22.6,0
C04038,T1350,Central,Unlimited,1199,4.74,1
C04039,T1063,South,Premium,799,41.95,1
C04040,T1299,South,Standard,499,9.31,0
C04041,T1036,Central,Standard,499,34.11,2
C04042,T1193,South,Premium,799,15.61,5
C04043,T1188,South,Unlimited,1199,31.88,4
C04044,T1112,North,Unlimited,1199,15.15,3
C04045,T1042,South,Basic,299,29.13,1
C04046,T1146,South,Standard,499,12.24,2
C04047,T1310,East,Premium,799,30.86,1
C04048,T1098,East,Basic,299,28.46,0
C04049,T1020,South,Basic,299,33.75,1
C04050,T1480,East,Standard,499,31.8,1
C04051,T1232,South,Premium,799,24.86,1
C04052,T1395,Central,Standard,499,35.87,1
C04053,T1291,West,Standard,499,36.48,1
C04054,T1447,South,Standard,499,23.55,1
C04055,T1359,South,Basic,299,29.4,1
C04056,T1106,West,Standard,499,24.0,1
C04057,T1132,East,Unlimited,1199,24.28,2
C04058,T1176,South,Unlimited,1199,19.06,2
C04059,T1194,Central,Standard,499,39.01,2
C04060,T1064,Central,Unlimited,1199,26.39,2
C04061,T1386,East,Premium,799,29.6,1
C04062,T1052,West,Unlimited,1199,32.97,1
C04063,T1337,South,Standard,499,28.81,4
C04064,T1211,South,Premium,799,18.27,0
C04065,T1291,West,Basic,299,32.82,3
C04066,T1451,South,Premium,799,27.06,1
C04067,T1458,North,Standard,499,26.02,0
C04068,T1470,South,Standard,499,21.85,0
C04069,T1021,West,Basic,299,16.97,1
C04070,T1050,North,Premium,799,19.63,0
C04071,T1341,West,Basic,299,22.62,3
C04072,T1417,Central,Unlimited,1199,14.64,1
C04073,T1411,West,Premium,799,14.93,0
C04074,T1083,South,Unlimited,1199,20.28,1
C04075,T1201,Central,Premium,799,27.7,0
C04076,T1094,Central,Unlimited,1199,33.11,1
C04077,T1227,North,Standard,499,39.46,3
C04078,T1446,West,Premium,799,23.52,1
C04079,T1032,East,Standard,499,33.04,1
C04080,T1249,Central,Standard,499,51.89,1
C04081,T1143,Central,Premium,799,30.13,2
C04082,T1482,West,Premium,799,13.8,1
C04083,T1112,North,Standard,499,15.62,0
C04084,T1250,North,Premium,799,27.78,0
C04085,T1344,East,Unlimited,1199,44.63,3
C04086,T1160,South,Unlimited,1199,21.04,1
C04087,T1314,North,Unlimited,1199,29.69,1
C04088,T1210,East,Premium,799,28.84,0
C04089,T1270,North,Unlimited,1199,19.33,0
C04090,T1261,North,Premium,799,19.48,1
C04091,T1301,North,Unlimited,1199,24.44,0
C04092,T1081,Central,Standard,499,40.55,2
C04093,T1142,North,Premium,799,15.49,2
C04094,T1362,East,Premium,799,37.63,2
C04095,T1425,Central,Basic,299,15.37,1
C04096,T1011,East,Premium,799,20.33,1
C04097,T1208,East,Standard,499,30.33,1
C04098,T1161,Central,Basic,299,29.89,2
C04099,T1490,East,Unlimited,1199,32.12,2
C04100,T1296,West,Standard,499,28.44,0
C04101,T1496,West,Unlimited,1199,23.39,0
C04102,T1167,South,Unlimited,1199,27.02,2
C04103,T1273,North,Premium,799,31.5,4
C04104,T1073,North,Basic,299,21.45,2
C04105,T1443,East,Unlimited,1199,39.81,1
C04106,T1392,North,Standard,499,21.81,1
C04107,T1384,East,Unlimited,1199,38.59,0
C04108,T1448,East,Unlimited,1199,22.46,1
C04109,T1364,East,Unlimited,1199,51.88,1
C04110,T1091,North,Standard,499,21.37,0
C04111,T1378,Central,Premium,799,40.13,0
C04112,T1359,South,Basic,299,20.79,0
C04113,T1314,North,Unlimited,1199,9.22,1
C04114,T1299,South,Standard,499,35.8,0
C04115,T1131,East,Premium,799,25.79,0
C04116,T1443,East,Standard,499,17.06,2
C04117,T1037,South,Standard,499,19.81,6
C04118,T1056,South,Premium,799,28.86,2
C04119,T1223,South,Premium,799,18.41,2
C04120,T1461,Central,Basic,299,15.92,3
C04121,T1095,Central,Standard,499,21.83,0
C04122,T1403,Central,Standard,499,29.24,0
C04123,T1149,North,Unlimited,1199,12.93,2
C04124,T1236,East,Basic,299,32.06,2
C04125,T1146,South,Premium,799,28.57,1
C04126,T1497,Central,Unlimited,1199,45.23,0
C04127,T1370,West,Unlimited,1199,6.28,0
C04128,T1439,East,Standard,499,12.96,2
C04129,T1191,Central,Basic,299,30.4,1
C04130,T1442,East,Premium,799,22.48,0
C04131,T1357,North,Basic,299,19.35,0
C04132,T1234,East,Basic,299,37.54,1
C04133,T1104,South,Standard,499,21.66,1
C04134,T1332,South,Standard,499,24.07,0
C04135,T1047,West,Premium,799,27.11,2
C04136,T1231,West,Standard,499,34.21,1
C04137,T1396,South,Standard,499,22.93,2
C04138,T1098,East,Unlimited,1199,28.23,0
C04139,T1330,North,Standard,499,29.36,0
C04140,T1355,South,Basic,299,31.97,0
C04141,T1474,Central,Premium,799,36.71,1
C04142,T1162,North,Basic,299,29.34,0
C04143,T1367,Central,Unlimited,1199,26.66,0
C04144,T1249,Central,Unlimited,1199,45.8,2
C04145,T1392,North,Unlimited,1199,19.35,0
C04146,T1006,Central,Unlimited,1199,21.74,2
C04147,T1100,South,Unlimited,1199,25.93,0
C04148,T1322,East,Standard,499,27.07,2
C04149,T1343,North,Standard,499,36.02,0
C04150,T1434,East,Unlimited,1199,41.51,1
C04151,T1102,North,Basic,299,17.3,1
C04152,T1057,East,Basic,299,18.57,0
C04153,T1070,West,Standard,499,27.36,2
C04154,T1013,West,Basic,299,20.23,1
C04155,T1456,Central,Premium,799,24.06,1
C04156,T1257,Central,Premium,799,37.45,2
C04157,T1064,Central,Unlimited,1199,29.71,3
C04158,T1418,North,Premium,799,29.68,0
C04159,T1395,Central,Standard,499,6.75,0
C04160,T1104,South,Standard,499,23.58,0
C04161,T1216,North,Unlimited,1199,0.0,7
C04162,T1195,North,Basic,299,18.02,3
C04163,T1484,North,Standard,499,7.0,0
C04164,T1480,East,Unlimited,1199,25.09,0
C04165,T1255,Central,Basic,299,20.5,0
C04166,T1357,North,Standard,499,20.84,1
C04167,T1195,North,Basic,299,38.65,0
C04168,T1436,South,Premium,799,34.65,2
C04169,T1327,East,Premium,799,46.88,1
C04170,T1310,East,Premium,799,36.16,1
C04171,T1456,Central,Unlimited,1199,29.75,1
C04172,T1448,East,Standard,499,29.18,0
C04173,T1012,Central,Premium,799,25.41,0
C04174,T1469,Central,Unlimited,1199,29.09,0
C04175,T1143,Central,Basic,299,28.67,1
C04176,T1058,Central,Standard,499,15.2,0
C04177,T1074,East,Premium,799,30.79,1
C04178,T1318,East,Premium,799,29.14,0
C04179,T1390,North,Basic,299,3.43,1
C04180,T1464,South,Standard,499,19.35,0
C04181,T1191,Central,Basic,299,31.09,0
C04182,T1422,East,Basic,299,31.39,2
C04183,T1039,West,Basic,299,15.9,0
C04184,T1460,Central,Premium,799,13.26,0
C04185,T1149,North,Unlimited,1199,5.81,0
C04186,T1056,South,Unlimited,1199,42.1,0
C04187,T1176,South,Basic,299,39.86,0
C04188,T1276,West,Basic,299,26.23,2
C04189,T1110,East,Basic,299,22.32,1
C04190,T1146,South,Premium,799,25.99,0
C04191,T1326,North,Basic,299,30.99,1
C04192,T1031,East,Premium,799,25.35,0
C04193,T1031,East,Premium,799,25.17,0
C04194,T1123,East,Basic,299,13.75,3
C04195,T1207,South,Unlimited,1199,16.78,1
C04196,T1457,Central,Premium,799,23.37,1
C04197,T1038,South,Standard,499,4.71,1
C04198,T1426,North,Premium,799,39.91,0
C04199,T1097,Central,Basic,299,43.42,0
C04200,T1140,East,Standard,499,33.72,1
C04201,T1244,North,Premium,799,19.95,2
C04202,T1234,East,Premium,799,28.7,0
C04203,T1180,North,Basic,299,8.78,0
C04204,T1100,South,Basic,299,23.05,0
C04205,T1319,East,Basic,299,41.37,2
C04206,T1052,West,Unlimited,1199,18.25,0
C04207,T1264,South,Premium,799,7.99,3
C04208,T1195,North,Premium,799,21.4,2
C04209,T1229,North,Basic,299,30.1,4
C04210,T1430,South,Unlimited,1199,16.41,1
C04211,T1281,South,Premium,799,16.55,3
C04212,T1018,East,Basic,299,26.56,6
C04213,T1019,South,Standard,499,23.36,1
C04214,T1454,East,Unlimited,1199,8.81,3
C04215,T1404,West,Basic,299,32.0,4
C04216,T1459,South,Standard,499,24.63,1
C04217,T1247,Central,Basic,299,10.84,0
C04218,T1223,South,Basic,299,26.65,1
C04219,T1054,West,Premium,799,27.81,1
C04220,T1264,South,Unlimited,1199,29.21,0
C04221,T1217,North,Unlimited,1199,28.68,1
C04222,T1057,East,Basic,299,44.14,0
C04223,T1291,West,Unlimited,1199,20.17,1
C04224,T1423,West,Unlimited,1199,29.08,0
C04225,T1224,East,Premium,799,25.64,0
C04226,T1296,West,Standard,499,20.59,0
C04227,T1339,West,Standard,499,18.42,1
C04228,T1081,Central,Unlimited,1199,14.77,1
C04229,T1033,Central,Unlimited,1199,28.06,1
C04230,T1445,East,Basic,299,18.15,4
C04231,T1442,East,Basic,299,20.93,1
C04232,T1170,West,Standard,499,31.51,1
C04233,T1191,Central,Standard,499,36.07,2
C04234,T1130,South,Premium,799,21.78,0
C04235,T1329,South,Basic,299,30.56,1
C04236,T1301,North,Premium,799,25.27,0
C04237,T1216,North,Premium,799,15.44,5
C04238,T1361,West,Standard,499,24.05,0
C04239,T1279,East,Premium,799,21.59,2
C04240,T1126,West,Premium,799,23.33,1
C04241,T1487,Central,Standard,499,19.35,5
C04242,T1126,West,Standard,499,29.19,0
C04243,T1144,East,Standard,499,16.16,1
C04244,T1198,South,Unlimited,1199,13.93,3
C04245,T1337,South,Standard,499,12.82,1
C04246,T1239,Central,Unlimited,1199,12.49,1
C04247,T1171,Central,Basic,299,34.35,1
C04248,T1034,North,Premium,799,12.54,1
C04249,T1276,West,Premium,799,35.34,1
C04250,T1475,Central,Unlimited,1199,17.87,2
C04251,T1219,South,Unlimited,1199,36.9,2
C04252,T1309,East,Standard,499,29.99,1
C04253,T1002,South,Standard,499,28.37,1
C04254,T1003,Central,Standard,499,23.84,2
C04255,T1403,Central,Premium,799,23.52,0
C04256,T1104,South,Standard,499,33.49,2
C04257,T1461,Central,Unlimited,1199,30.74,1
C04258,T1091,North,Unlimited,1199,25.09,2
C04259,T1386,East,Unlimited,1199,6.37,2
C04260,T1220,South,Standard,499,34.26,1
C04261,T1130,South,Premium,799,28.28,0
C04262,T1035,South,Premium,799,40.19,0
C04263,T1415,North,Basic,299,16.9,1
C04264,T1084,East,Premium,799,15.1,1
C04265,T1064,Central,Premium,799,44.62,0
C04266,T1483,South,Premium,799,41.26,2
C04267,T1218,North,Basic,299,32.66,0
C04268,T1495,East,Standard,499,24.4,1
C04269,T1411,West,Unlimited,1199,12.82,0
C04270,T1418,North,Standard,499,29.79,1
C04271,T1481,West,Basic,299,8.86,2
C04272,T1274,North,Unlimited,1199,25.78,0
C04273,T1064,Central,Basic,299,24.47,0
C04274,T1327,East,Unlimited,1199,23.0,1
C04275,T1391,South,Standard,499,33.1,3
C04276,T1284,East,Standard,499,2.91,0
C04277,T1486,West,Unlimited,1199,36.65,3
C04278,T1406,East,Unlimited,1199,28.97,2
C04279,T1240,East,Unlimited,1199,20.92,0
C04280,T1470,South,Basic,299,28.14,1
C04281,T1061,South,Premium,799,31.27,3
C04282,T1071,West,Premium,799,25.51,2
C04283,T1065,Central,Unlimited,1199,32.94,1
C04284,T1334,North,Unlimited,1199,41.5,2
C04285,T1101,West,Basic,299,7.59,1
C04286,T1399,East,Basic,299,11.2,0
C04287,T1004,South,Unlimited,1199,38.18,1
C04288,T1464,South,Basic,299,20.93,3
C04289,T1074,East,Basic,299,34.86,2
C04290,T1024,North,Standard,499,15.03,1
C04291,T1366,Central,Premium,799,21.06,4
C04292,T1099,North,Premium,799,16.88,1
C04293,T1345,North,Premium,799,13.57,3
C04294,T1250,North,Standard,499,36.31,1
C04295,T1454,East,Basic,299,28.24,2
C04296,T1178,Central,Unlimited,1199,23.53,1
C04297,T1434,East,Unlimited,1199,21.52,0
C04298,T1240,East,Basic,299,21.47,0
C04299,T1387,East,Unlimited,1199,43.34,0
C04300,T1478,West,Basic,299,35.33,1
C04301,T1347,Central,Unlimited,1199,10.47,1
C04302,T1055,West,Unlimited,1199,22.36,2
C04303,T1186,East,Unlimited,1199,26.25,1
C04304,T1179,North,Unlimited,1199,34.32,1
C04305,T1206,Central,Unlimited,1199,3.97,1
C04306,T1208,East,Premium,799,0.0,0
C04307,T1020,South,Unlimited,1199,20.56,0
C04308,T1268,East,Standard,499,47.33,2
C04309,T1099,North,Premium,799,41.31,0
C04310,T1398,North,Premium,799,29.36,3
C04311,T1008,East,Basic,299,25.41,0
C04312,T1314,North,Premium,799,21.57,1
C04313,T1077,East,Standard,499,14.04,4
C04314,T1479,Central,Premium,799,15.64,0
C04315,T1483,South,Standard,499,20.1,0
C04316,T1345,North,Unlimited,1199,12.39,0
C04317,T1349,Central,Premium,799,13.76,1
C04318,T1100,South,Unlimited,1199,23.87,3
C04319,T1319,East,Standard,499,38.04,2
C04320,T1490,East,Standard,499,27.0,1
C04321,T1065,Central,Basic,299,32.48,0
C04322,T1296,West,Basic,299,8.95,2
C04323,T1389,South,Premium,799,17.05,3
C04324,T1124,East,Basic,299,28.96,0
C04325,T1234,East,Basic,299,26.87,1
C04326,T1185,West,Premium,799,21.85,1
C04327,T1244,North,Standard,499,8.03,1
C04328,T1215,North,Basic,299,30.9,0
C04329,T1390,North,Basic,299,52.79,0
C04330,T1171,Central,Unlimited,1199,18.67,1
C04331,T1403,Central,Basic,299,27.42,0
C04332,T1042,South,Premium,799,29.21,1
C04333,T1019,South,Basic,299,37.31,1
C04334,T1022,Central,Basic,299,36.58,2
C04335,T1203,North,Standard,499,16.78,2
C04336,T1214,South,Basic,299,31.76,2
C04337,T1258,East,Basic,299,15.36,0
C04338,T1068,Central,Unlimited,1199,5.79,0
C04339,T1178,Central,Standard,499,30.06,2
C04340,T1342,Central,Premium,799,38.99,0
C04341,T1432,South,Unlimited,1199,11.97,1
C04342,T1465,North,Premium,799,11.54,0
C04343,T1306,East,Unlimited,1199,23.4,6
C04344,T1470,South,Standard,499,32.46,1
C04345,T1112,North,Premium,799,42.6,2
C04346,T1147,West,Standard,499,41.41,0
C04347,T1183,Central,Unlimited,1199,28.21,3
C04348,T1457,Central,Basic,299,16.4,0
C04349,T1307,West,Standard,499,34.61,0
C04350,T1055,West,Premium,799,6.93,0
C04351,T1292,South,Unlimited,1199,29.95,1
C04352,T1241,West,Basic,299,29.9,0
C04353,T1418,North,Premium,799,29.09,0
C04354,T1196,Central,Standard,499,37.63,3
C04355,T1496,West,Unlimited,1199,41.82,2
C04356,T1324,North,Unlimited,1199,13.72,1
C04357,T1436,South,Premium,799,19.11,4
C04358,T1347,Central,Standard,499,32.33,2
C04359,T1415,North,Standard,499,33.13,1
C04360,T1011,East,Standard,499,32.35,1
C04361,T1046,East,Unlimited,1199,34.12,1
C04362,T1354,East,Standard,499,19.88,4
C04363,T1216,North,Premium,799,32.04,3
C04364,T1398,North,Standard,499,16.02,3
C04365,T1158,West,Unlimited,1199,7.23,1
C04366,T1275,Central,Premium,799,38.49,2
C04367,T1135,Central,Standard,499,20.64,1
C04368,T1368,East,Unlimited,1199,30.86,0
C04369,T1342,Central,Standard,499,12.6,1
C04370,T1148,South,Basic,299,25.76,1
C04371,T1020,South,Basic,299,41.77,2
C04372,T1352,East,Standard,499,14.0,3
C04373,T1010,East,Unlimited,1199,32.75,1
C04374,T1340,North,Basic,299,46.36,0
C04375,T1044,North,Premium,799,38.61,3
C04376,T1341,West,Unlimited,1199,37.19,0
C04377,T1404,West,Basic,299,17.36,5
C04378,T1044,North,Basic,299,8.43,0
C04379,T1286,West,Premium,799,23.54,0
C04380,T1143,Central,Standard,499,45.27,0
C04381,T1421,North,Standard,499,18.1,0
C04382,T1253,East,Basic,299,14.18,0
C04383,T1205,Central,Standard,499,32.46,1
C04384,T1450,South,Standard,499,34.99,2
C04385,T1120,North,Premium,799,49.5,1
C04386,T1460,Central,Unlimited,1199,23.84,3
C04387,T1432,South,Standard,499,4.76,1
C04388,T1195,North,Standard,499,17.69,0
C04389,T1415,North,Basic,299,27.27,0
C04390,T1045,West,Basic,299,23.43,1
C04391,T1029,North,Basic,299,21.73,2
C04392,T1301,North,Basic,299,18.84,3
C04393,T1269,East,Standard,499,41.52,2
C04394,T1033,Central,Unlimited,1199,17.66,1
C04395,T1266,West,Basic,299,19.15,0
C04396,T1372,Central,Basic,299,37.02,3
C04397,T1414,South,Premium,799,17.89,1
C04398,T1437,West,Basic,299,21.84,3
C04399,T1088,South,Standard,499,30.78,1
C04400,T1171,Central,Premium,799,31.94,0
C04401,T1033,Central,Premium,799,21.15,2
C04402,T1278,East,Standard,499,0.0,5
C04403,T1349,Central,Basic,299,27.92,1
C04404,T1318,East,Standard,499,25.16,2
C04405,T1025,North,Premium,799,15.21,0
C04406,T1361,West,Standard,499,38.41,1
C04407,T1324,North,Unlimited,1199,19.9,2
C04408,T1213,Central,Unlimited,1199,39.68,1
C04409,T1045,West,Standard,499,40.18,1
C04410,T1394,East,Unlimited,1199,27.59,1
C04411,T1201,Central,Standard,499,38.16,2
C04412,T1273,North,Basic,299,13.29,6
C04413,T1403,Central,Basic,299,17.02,0
C04414,T1071,West,Standard,499,57.33,2
C04415,T1345,North,Unlimited,1199,12.56,0
C04416,T1266,West,Basic,299,43.26,1
C04417,T1178,Central,Premium,799,25.15,0
C04418,T1399,East,Unlimited,1199,36.32,2
C04419,T1457,Central,Premium,799,25.25,1
C04420,T1393,West,Unlimited,1199,36.6,2
C04421,T1433,Central,Basic,299,18.11,0
C04422,T1446,West,Premium,799,19.04,1
C04423,T1466,South,Standard,499,26.84,0
C04424,T1037,South,Basic,299,24.18,1
C04425,T1178,Central,Standard,499,40.38,1
C04426,T1345,North,Standard,499,6.88,1
C04427,T1004,South,Unlimited,1199,29.37,2
C04428,T1254,South,Standard,499,32.27,1
C04429,T1309,East,Unlimited,1199,42.1,1
C04430,T1316,East,Premium,799,16.95,0
C04431,T1071,West,Basic,299,27.21,0
C04432,T1285,North,Basic,299,1.39,1
C04433,T1382,West,Premium,799,29.43,0
C04434,T1071,West,Unlimited,1199,20.35,0
C04435,T1310,East,Standard,499,24.37,2
C04436,T1242,North,Unlimited,1199,27.74,3
C04437,T1375,Central,Premium,799,11.32,0
C04438,T1331,Central,Basic,299,20.08,2
C04439,T1387,East,Basic,299,31.29,0
C04440,T1207,South,Unlimited,1199,22.27,1
C04441,T1218,North,Unlimited,1199,25.2,1
C04442,T1353,West,Basic,299,39.35,0
C04443,T1260,West,Unlimited,1199,21.21,1
C04444,T1245,Central,Unlimited,1199,27.21,5
C04445,T1336,East,Standard,499,0.0,0
C04446,T1209,East,Standard,499,40.36,0
C04447,T1221,North,Premium,799,24.27,0
C04448,T1012,Central,Basic,299,17.69,1
C04449,T1373,Central,Unlimited,1199,15.08,1
C04450,T1450,South,Standard,499,18.83,0
C04451,T1235,North,Unlimited,1199,14.83,0
C04452,T1088,South,Standard,499,12.07,1
C04453,T1094,Central,Unlimited,1199,21.61,3
C04454,T1221,North,Unlimited,1199,22.72,0
C04455,T1227,North,Basic,299,47.04,0
C04456,T1291,West,Standard,499,33.19,1
C04457,T1229,North,Unlimited,1199,30.47,1
C04458,T1486,West,Unlimited,1199,26.68,0
C04459,T1418,North,Premium,799,32.79,1
C04460,T1086,South,Standard,499,15.0,1
C04461,T1281,South,Basic,299,39.58,2
C04462,T1237,Central,Premium,799,32.77,3
C04463,T1297,Central,Standard,499,34.34,0
C04464,T1413,North,Premium,799,26.19,3
C04465,T1289,Central,Basic,299,19.62,0
C04466,T1069,South,Premium,799,23.69,0
C04467,T1174,East,Unlimited,1199,24.97,2
C04468,T1245,Central,Unlimited,1199,25.51,4
C04469,T1222,Central,Premium,799,23.95,1
C04470,T1498,North,Unlimited,1199,29.39,2
C04471,T1194,Central,Premium,799,37.57,0
C04472,T1012,Central,Standard,499,15.6,1
C04473,T1467,North,Premium,799,20.39,1
C04474,T1491,South,Basic,299,1.27,1
C04475,T1162,North,Basic,299,31.23,3
C04476,T1473,North,Basic,299,32.75,2
C04477,T1470,South,Premium,799,36.19,1
C04478,T1063,South,Unlimited,1199,19.39,0
C04479,T1055,West,Unlimited,1199,28.3,2
C04480,T1168,South,Unlimited,1199,25.57,0
C04481,T1282,North,Standard,499,9.3,0
C04482,T1292,South,Basic,299,27.96,1
C04483,T1488,East,Standard,499,38.74,0
C04484,T1302,Central,Premium,799,25.66,1
C04485,T1444,South,Unlimited,1199,20.89,2
C04486,T1179,North,Basic,299,20.09,0
C04487,T1273,North,Unlimited,1199,34.91,1
C04488,T1331,Central,Basic,299,18.61,2
C04489,T1430,South,Premium,799,27.54,2
C04490,T1269,East,Unlimited,1199,13.83,1
C04491,T1020,South,Basic,299,20.14,3
C04492,T1446,West,Premium,799,24.92,1
C04493,T1396,South,Basic,299,19.3,1
C04494,T1002,South,Standard,499,41.53,1
C04495,T1134,South,Premium,799,21.72,1
C04496,T1304,West,Standard,499,21.84,2
C04497,T1267,East,Unlimited,1199,34.29,1
C04498,T1287,South,Unlimited,1199,23.22,2
C04499,T1178,Central,Unlimited,1199,14.46,0
C04500,T1025,North,Standard,499,40.37,1
C04501,T1328,West,Basic,299,28.44,1
C04502,T1396,South,Standard,499,29.51,2
C04503,T1301,North,Standard,499,35.77,3
C04504,T1009,East,Basic,299,21.39,1
C04505,T1052,West,Standard,499,30.86,0
C04506,T1174,East,Basic,299,15.25,0
C04507,T1032,East,Unlimited,1199,21.17,1
C04508,T1427,Central,Basic,299,24.62,1
C04509,T1252,North,Premium,799,22.15,1
C04510,T1087,East,Basic,299,17.57,1
C04511,T1205,Central,Premium,799,21.34,4
C04512,T1092,West,Standard,499,26.12,2
C04513,T1116,East,Standard,499,19.7,0
C04514,T1208,East,Standard,499,20.12,0
C04515,T1420,Central,Basic,299,25.33,3
C04516,T1324,North,Basic,299,11.22,5
C04517,T1196,Central,Standard,499,25.69,2
C04518,T1453,Central,Basic,299,37.18,0
C04519,T1006,Central,Unlimited,1199,20.64,4
C04520,T1327,East,Standard,499,30.32,1
C04521,T1010,East,Standard,499,25.1,1
C04522,T1415,North,Premium,799,14.94,1
C04523,T1402,East,Standard,499,20.75,1
C04524,T1463,South,Unlimited,1199,44.49,2
C04525,T1333,North,Unlimited,1199,11.67,0
C04526,T1071,West,Premium,799,22.19,0
C04527,T1359,South,Unlimited,1199,31.89,2
C04528,T1186,East,Standard,499,26.64,0
C04529,T1240,East,Premium,799,23.06,1
C04530,T1012,Central,Premium,799,11.99,0
C04531,T1253,East,Basic,299,17.83,1
C04532,T1413,North,Premium,799,25.93,2
C04533,T1156,Central,Unlimited,1199,23.52,1
C04534,T1484,North,Premium,799,21.43,0
C04535,T1461,Central,Unlimited,1199,43.69,2
C04536,T1347,Central,Unlimited,1199,26.69,1
C04537,T1130,South,Basic,299,29.78,1
C04538,T1368,East,Unlimited,1199,17.09,2
C04539,T1277,North,Unlimited,1199,11.79,2
C04540,T1403,Central,Standard,499,14.58,0
C04541,T1185,West,Premium,799,14.06,0
C04542,T1129,West,Premium,799,38.52,3
C04543,T1130,South,Premium,799,18.77,0
C04544,T1370,West,Basic,299,33.64,2
C04545,T1143,Central,Unlimited,1199,27.6,0
C04546,T1335,Central,Unlimited,1199,24.6,0
C04547,T1458,North,Unlimited,1199,26.53,0
C04548,T1181,West,Standard,499,38.0,1
C04549,T1341,West,Premium,799,17.07,0
C04550,T1259,Central,Standard,499,6.78,3
C04551,T1287,South,Standard,499,19.59,2
C04552,T1338,West,Premium,799,15.09,1
C04553,T1335,Central,Unlimited,1199,17.82,1
C04554,T1322,East,Standard,499,26.46,2
C04555,T1437,West,Unlimited,1199,26.86,0
C04556,T1426,North,Unlimited,1199,29.7,1
C04557,T1110,East,Unlimited,1199,8.63,1
C04558,T1200,East,Premium,799,22.04,1
C04559,T1265,South,Premium,799,31.66,1
C04560,T1123,East,Standard,499,30.2,2
C04561,T1440,West,Unlimited,1199,35.17,3
C04562,T1242,North,Premium,799,15.69,1
C04563,T1268,East,Unlimited,1199,15.15,2
C04564,T1002,South,Premium,799,19.61,0
C04565,T1124,East,Standard,499,28.31,2
C04566,T1395,Central,Unlimited,1199,37.06,1
C04567,T1394,East,Standard,499,31.46,3
C04568,T1336,East,Premium,799,39.73,1
C04569,T1153,West,Standard,499,16.83,1
C04570,T1446,West,Unlimited,1199,30.5,1
C04571,T1305,Central,Premium,799,21.17,0
C04572,T1443,East,Basic,299,33.99,0
C04573,T1182,West,Basic,299,12.49,0
C04574,T1390,North,Premium,799,28.43,1
C04575,T1163,Central,Basic,299,10.0,3
C04576,T1184,South,Basic,299,20.47,8
C04577,T1089,Central,Premium,799,7.04,2
C04578,T1205,Central,Unlimited,1199,15.91,3
C04579,T1375,Central,Basic,299,17.63,1
C04580,T1026,South,Unlimited,1199,14.55,1
C04581,T1100,South,Premium,799,16.59,1
C04582,T1088,South,Standard,499,12.74,0
C04583,T1290,South,Basic,299,34.79,1
C04584,T1356,West,Unlimited,1199,13.07,1
C04585,T1228,West,Standard,499,23.55,1
C04586,T1468,North,Unlimited,1199,29.75,0
C04587,T1464,South,Standard,499,15.6,0
C04588,T1432,South,Premium,799,44.65,2
C04589,T1138,South,Premium,799,13.45,0
C04590,T1341,West,Basic,299,40.87,2
C04591,T1123,East,Basic,299,39.22,3
C04592,T1215,North,Standard,499,35.32,0
C04593,T1171,Central,Premium,799,16.73,1
C04594,T1056,South,Premium,799,21.44,4
C04595,T1019,South,Standard,499,28.76,1
C04596,T1352,East,Basic,299,44.13,0
C04597,T1153,West,Premium,799,30.55,1
C04598,T1011,East,Standard,499,26.45,0
C04599,T1491,South,Basic,299,8.76,0
C04600,T1159,North,Standard,499,25.5,0
C04601,T1175,East,Standard,499,27.66,1
C04602,T1452,West,Basic,299,20.35,1
C04603,T1071,West,Unlimited,1199,29.97,3
C04604,T1305,Central,Premium,799,21.07,4
C04605,T1395,Central,Standard,499,33.19,1
C04606,T1422,East,Standard,499,17.8,1
C04607,T1384,East,Unlimited,1199,18.81,1
C04608,T1317,East,Premium,799,26.16,1
C04609,T1096,West,Basic,299,29.51,2
C04610,T1408,South,Basic,299,39.74,1
C04611,T1057,East,Standard,499,20.98,2
C04612,T1122,Central,Premium,799,40.45,0
C04613,T1294,Central,Basic,299,15.39,2
C04614,T1140,East,Standard,499,15.51,3
C04615,T1205,Central,Premium,799,26.49,2
C04616,T1453,Central,Unlimited,1199,17.88,0
C04617,T1418,North,Premium,799,28.11,0
C04618,T1076,Central,Unlimited,1199,13.74,1
C04619,T1430,South,Unlimited,1199,9.45,2
C04620,T1463,South,Standard,499,37.44,1
C04621,T1412,South,Premium,799,22.28,1
C04622,T1056,South,Basic,299,19.07,1
C04623,T1268,East,Premium,799,13.62,2
C04624,T1253,East,Standard,499,19.57,1
C04625,T1270,North,Standard,499,32.87,1
C04626,T1283,West,Premium,799,9.24,1
C04627,T1178,Central,Premium,799,29.17,1
C04628,T1175,East,Basic,299,29.54,2
C04629,T1132,East,Unlimited,1199,17.96,1
C04630,T1020,South,Basic,299,23.6,3
C04631,T1299,South,Standard,499,26.67,0
C04632,T1165,East,Basic,299,15.87,0
C04633,T1040,North,Unlimited,1199,16.62,1
C04634,T1340,North,Premium,799,41.28,3
C04635,T1176,South,Premium,799,31.96,0
C04636,T1160,South,Standard,499,26.9,1
C04637,T1352,East,Unlimited,1199,13.28,2
C04638,T1357,North,Basic,299,20.5,1
C04639,T1472,South,Unlimited,1199,28.45,2
C04640,T1242,North,Standard,499,39.34,1
C04641,T1278,East,Basic,299,18.22,7
C04642,T1233,West,Standard,499,19.72,1
C04643,T1126,West,Unlimited,1199,24.79,1
C04644,T1128,North,Unlimited,1199,17.47,0
C04645,T1048,Central,Standard,499,25.63,2
C04646,T1433,Central,Basic,299,32.8,0
C04647,T1341,West,Premium,799,23.3,0
C04648,T1425,Central,Unlimited,1199,21.98,2
C04649,T1191,Central,Unlimited,1199,27.49,2
C04650,T1368,East,Standard,499,19.95,3
C04651,T1389,South,Unlimited,1199,19.64,0
C04652,T1131,East,Basic,299,24.22,2
C04653,T1088,South,Unlimited,1199,14.4,0
C04654,T1014,South,Premium,799,14.92,1
C04655,T1269,East,Basic,299,25.11,0
C04656,T1261,North,Unlimited,1199,21.86,2
C04657,T1200,East,Standard,499,22.5,0
C04658,T1007,North,Basic,299,25.52,0
C04659,T1217,North,Standard,499,14.89,2
C04660,T1042,South,Unlimited,1199,31.86,1
C04661,T1123,East,Basic,299,19.1,3
C04662,T1472,South,Premium,799,16.18,1
C04663,T1223,South,Unlimited,1199,31.92,1
C04664,T1481,West,Basic,299,18.62,0
C04665,T1159,North,Premium,799,19.98,2
C04666,T1016,East,Premium,799,24.72,3
C04667,T1369,West,Standard,499,20.35,2
C04668,T1469,Central,Standard,499,26.78,2
C04669,T1468,North,Unlimited,1199,36.33,1
C04670,T1225,Central,Standard,499,17.04,1
C04671,T1346,South,Basic,299,26.56,2
C04672,T1485,Central,Standard,499,46.1,0
C04673,T1487,Central,Standard,499,33.2,2
C04674,T1143,Central,Standard,499,9.54,0
C04675,T1423,West,Basic,299,19.69,1
C04676,T1157,Central,Premium,799,13.49,0
C04677,T1435,South,Basic,299,16.58,1
C04678,T1336,East,Premium,799,5.84,1
C04679,T1332,South,Standard,499,20.1,2
C04680,T1029,North,Standard,499,29.54,0
C04681,T1189,West,Standard,499,24.03,2
C04682,T1205,Central,Premium,799,31.24,7
C04683,T1023,East,Standard,499,29.93,1
C04684,T1283,West,Standard,499,43.64,0
C04685,T1402,East,Standard,499,28.74,0
C04686,T1054,West,Standard,499,12.29,2
C04687,T1130,South,Standard,499,0.95,1
C04688,T1241,West,Premium,799,45.78,3
C04689,T1392,North,Premium,799,29.66,1
C04690,T1226,Central,Unlimited,1199,34.08,1
C04691,T1238,North,Standard,499,22.66,1
C04692,T1310,East,Basic,299,41.85,0
C04693,T1056,South,Premium,799,36.04,0
C04694,T1149,North,Basic,299,23.53,1
C04695,T1383,Central,Premium,799,34.15,2
C04696,T1321,East,Premium,799,27.49,1
C04697,T1099,North,Basic,299,31.71,1
C04698,T1266,West,Standard,499,18.49,1
C04699,T1331,Central,Premium,799,17.71,0
C04700,T1127,Central,Unlimited,1199,24.92,3
C04701,T1452,West,Premium,799,16.17,0
C04702,T1115,North,Basic,299,38.33,1
C04703,T1453,Central,Basic,299,34.16,1
C04704,T1351,East,Standard,499,0.0,1
C04705,T1340,North,Unlimited,1199,23.74,0
C04706,T1247,Central,Basic,299,20.46,0
C04707,T1347,Central,Basic,299,20.5,3
C04708,T1164,Central,Basic,299,23.48,1
C04709,T1208,East,Standard,499,21.93,2
C04710,T1349,Central,Basic,299,24.87,1
C04711,T1485,Central,Unlimited,1199,23.97,0
C04712,T1309,East,Standard,499,13.08,0
C04713,T1199,West,Premium,799,28.24,0
C04714,T1414,South,Basic,299,37.3,1
C04715,T1465,North,Unlimited,1199,21.73,3
C04716,T1109,East,Standard,499,40.98,0
C04717,T1260,West,Basic,299,39.59,1
C04718,T1431,Central,Unlimited,1199,19.38,3
C04719,T1072,East,Basic,299,40.55,0
C04720,T1380,West,Basic,299,34.32,3
C04721,T1374,North,Unlimited,1199,30.74,0
C04722,T1117,Central,Standard,499,27.43,1
C04723,T1080,Central,Basic,299,9.46,1
C04724,T1303,North,Standard,499,33.51,2
C04725,T1203,North,Basic,299,20.07,1
C04726,T1402,East,Premium,799,30.79,0
C04727,T1226,Central,Standard,499,8.13,0
C04728,T1347,Central,Unlimited,1199,17.87,0
C04729,T1222,Central,Unlimited,1199,9.13,2
C04730,T1058,Central,Basic,299,6.31,0
C04731,T1183,Central,Standard,499,35.41,2
C04732,T1289,Central,Unlimited,1199,42.36,0
C04733,T1249,Central,Basic,299,18.93,2
C04734,T1226,Central,Premium,799,45.41,1
C04735,T1177,West,Basic,299,32.29,1
C04736,T1191,Central,Standard,499,30.73,1
C04737,T1028,East,Premium,799,27.04,2
C04738,T1140,East,Premium,799,32.11,0
C04739,T1026,South,Basic,299,28.28,1
C04740,T1414,South,Standard,499,16.83,0
C04741,T1003,Central,Standard,499,13.81,0
C04742,T1397,West,Unlimited,1199,5.19,4
C04743,T1380,West,Standard,499,21.62,1
C04744,T1286,West,Unlimited,1199,25.58,0
C04745,T1284,East,Basic,299,9.52,1
C04746,T1454,East,Standard,499,14.45,1
C04747,T1381,East,Premium,799,35.86,1
C04748,T1326,North,Premium,799,16.91,1
C04749,T1450,South,Basic,299,29.77,3
C04750,T1087,East,Premium,799,21.73,0
C04751,T1257,Central,Unlimited,1199,32.07,1
C04752,T1231,West,Unlimited,1199,30.67,1
C04753,T1024,North,Standard,499,27.62,1
C04754,T1332,South,Basic,299,7.4,1
C04755,T1139,West,Basic,299,21.26,3
C04756,T1309,East,Standard,499,27.44,0
C04757,T1139,West,Unlimited,1199,14.88,1
C04758,T1350,Central,Unlimited,1199,37.79,2
C04759,T1347,Central,Premium,799,20.33,2
C04760,T1152,Central,Basic,299,22.86,1
C04761,T1274,North,Standard,499,54.92,2
C04762,T1122,Central,Unlimited,1199,36.73,0
C04763,T1277,North,Basic,299,34.73,1
C04764,T1022,Central,Basic,299,6.98,1
C04765,T1454,East,Standard,499,9.96,2
C04766,T1425,Central,Standard,499,10.81,1
C04767,T1228,West,Standard,499,25.28,0
C04768,T1036,Central,Basic,299,18.43,1
C04769,T1446,West,Premium,799,30.43,0
C04770,T1051,Central,Standard,499,37.04,1
C04771,T1125,West,Premium,799,16.28,0
C04772,T1192,East,Basic,299,32.28,0
C04773,T1051,Central,Premium,799,23.73,1
C04774,T1081,Central,Standard,499,8.38,1
C04775,T1001,North,Basic,299,19.93,2
C04776,T1120,North,Standard,499,32.35,1
C04777,T1185,West,Standard,499,30.06,1
C04778,T1088,South,Basic,299,12.75,0
C04779,T1394,East,Standard,499,16.31,0
C04780,T1350,Central,Basic,299,24.84,0
C04781,T1451,South,Unlimited,1199,19.28,1
C04782,T1267,East,Basic,299,25.54,1
C04783,T1370,West,Unlimited,1199,21.16,1
C04784,T1113,South,Unlimited,1199,21.38,1
C04785,T1430,South,Basic,299,36.37,3
C04786,T1121,South,Basic,299,30.82,2
C04787,T1332,South,Unlimited,1199,16.61,2
C04788,T1125,West,Unlimited,1199,19.73,1
C04789,T1307,West,Basic,299,12.09,1
C04790,T1238,North,Premium,799,26.93,1
C04791,T1331,Central,Unlimited,1199,17.16,1
C04792,T1219,South,Unlimited,1199,10.54,3
C04793,T1094,Central,Basic,299,30.4,0
C04794,T1021,West,Basic,299,27.57,1
C04795,T1181,West,Standard,499,15.27,2
C04796,T1041,South,Premium,799,25.72,2
C04797,T1357,North,Basic,299,36.56,1
C04798,T1399,East,Basic,299,35.13,0
C04799,T1494,West,Unlimited,1199,19.59,0
C04800,T1467,North,Basic,299,32.33,0
C04801,T1233,West,Basic,299,25.83,1
C04802,T1222,Central,Standard,499,27.48,1
C04803,T1137,South,Premium,799,11.38,0
C04804,T1446,West,Basic,299,15.24,0
C04805,T1406,East,Premium,799,7.71,4
C04806,T1053,South,Standard,499,14.89,0
C04807,T1110,East,Unlimited,1199,34.53,0
C04808,T1003,Central,Premium,799,43.71,0
C04809,T1041,South,Basic,299,26.59,0
C04810,T1451,South,Basic,299,40.7,1
C04811,T1318,East,Premium,799,12.72,1
C04812,T1408,South,Premium,799,29.56,2
C04813,T1185,West,Premium,799,27.08,0
C04814,T1478,West,Premium,799,23.92,2
C04815,T1215,North,Unlimited,1199,14.47,3
C04816,T1072,East,Unlimited,1199,13.13,2
C04817,T1176,South,Premium,799,22.66,2
C04818,T1199,West,Basic,299,31.37,0
C04819,T1307,West,Standard,499,44.33,1
C04820,T1232,South,Unlimited,1199,5.92,0
C04821,T1255,Central,Basic,299,24.49,3
C04822,T1120,North,Unlimited,1199,31.76,2
C04823,T1228,West,Basic,299,30.58,0
C04824,T1352,East,Unlimited,1199,30.33,2
C04825,T1384,East,Standard,499,23.94,2
C04826,T1433,Central,Unlimited,1199,42.35,0
C04827,T1123,East,Premium,799,37.55,6
C04828,T1054,West,Standard,499,18.12,0
C04829,T1379,South,Unlimited,1199,32.26,1
C04830,T1391,South,Unlimited,1199,22.58,2
C04831,T1472,South,Unlimited,1199,23.0,7
C04832,T1112,North,Basic,299,14.73,2
C04833,T1190,East,Premium,799,28.02,2
C04834,T1253,East,Standard,499,44.01,0
C04835,T1234,East,Basic,299,9.48,0
C04836,T1100,South,Unlimited,1199,32.65,2
C04837,T1382,West,Premium,799,27.08,1
C04838,T1421,North,Basic,299,32.48,2
C04839,T1084,East,Standard,499,34.09,3
C04840,T1111,East,Premium,799,34.1,1
C04841,T1341,West,Unlimited,1199,40.81,1
C04842,T1492,East,Basic,299,22.89,1
C04843,T1154,Central,Premium,799,1.47,0
C04844,T1403,Central,Unlimited,1199,20.34,1
C04845,T1453,Central,Unlimited,1199,21.17,2
C04846,T1090,South,Unlimited,1199,15.16,0
C04847,T1217,North,Standard,499,32.04,1
C04848,T1372,Central,Standard,499,28.77,2
C04849,T1000,North,Premium,799,24.81,1
C04850,T1487,Central,Basic,299,20.5,2
C04851,T1036,Central,Unlimited,1199,36.82,1
C04852,T1213,Central,Basic,299,19.4,1
C04853,T1350,Central,Premium,799,18.85,2
C04854,T1089,Central,Basic,299,5.31,0
C04855,T1191,Central,Standard,499,33.27,1
C04856,T1151,East,Standard,499,24.29,0
C04857,T1057,East,Unlimited,1199,5.03,1
C04858,T1272,East,Unlimited,1199,22.41,0
C04859,T1106,West,Unlimited,1199,33.62,0
C04860,T1134,South,Unlimited,1199,23.93,0
C04861,T1013,West,Premium,799,4.38,1
C04862,T1198,South,Premium,799,21.81,2
C04863,T1193,South,Unlimited,1199,14.22,5
C04864,T1261,North,Unlimited,1199,32.28,1
C04865,T1474,Central,Basic,299,14.56,1
C04866,T1110,East,Unlimited,1199,21.63,0
C04867,T1282,North,Standard,499,29.37,0
C04868,T1001,North,Basic,299,40.51,0
C04869,T1142,North,Standard,499,24.3,1
C04870,T1249,Central,Standard,499,19.34,0
C04871,T1205,Central,Standard,499,3.61,2
C04872,T1391,South,Premium,799,30.26,0
C04873,T1295,West,Standard,499,23.47,0
C04874,T1382,West,Standard,499,15.11,2
C04875,T1399,East,Basic,299,23.75,1
C04876,T1338,West,Standard,499,29.74,0
C04877,T1247,Central,Basic,299,16.71,0
C04878,T1196,Central,Premium,799,10.01,1
C04879,T1306,East,Standard,499,32.29,3
C04880,T1032,East,Basic,299,36.18,0
C04881,T1464,South,Premium,799,34.31,2
C04882,T1025,North,Unlimited,1199,5.26,1
C04883,T1380,West,Standard,499,26.5,2
C04884,T1296,West,Basic,299,19.76,1
C04885,T1041,South,Unlimited,1199,22.08,1
C04886,T1087,East,Standard,499,13.91,0
C04887,T1262,East,Standard,499,34.35,2
C04888,T1143,Central,Unlimited,1199,18.16,2
C04889,T1063,South,Standard,499,23.13,0
C04890,T1010,East,Basic,299,25.9,1
C04891,T1274,North,Basic,299,25.15,1
C04892,T1228,West,Unlimited,1199,18.79,2
C04893,T1333,North,Basic,299,30.27,1
C04894,T1434,East,Unlimited,1199,22.96,0
C04895,T1171,Central,Unlimited,1199,3.12,0
C04896,T1269,East,Premium,799,23.84,0
C04897,T1426,North,Unlimited,1199,41.93,0
C04898,T1457,Central,Premium,799,26.67,1
C04899,T1297,Central,Unlimited,1199,26.14,1
C04900,T1319,East,Basic,299,15.41,1
C04901,T1161,Central,Standard,499,41.64,1
C04902,T1476,East,Standard,499,40.81,1
C04903,T1054,West,Unlimited,1199,27.68,2
C04904,T1063,South,Basic,299,42.76,0
C04905,T1142,North,Unlimited,1199,12.71,0
C04906,T1404,West,Premium,799,34.14,6
C04907,T1182,West,Basic,299,15.48,0
C04908,T1283,West,Basic,299,24.71,1
C04909,T1481,West,Basic,299,26.13,1
C04910,T1221,North,Basic,299,23.5,1
C04911,T1252,North,Standard,499,22.76,1
C04912,T1323,Central,Premium,799,19.96,0
C04913,T1208,East,Standard,499,10.21,0
C04914,T1048,Central,Unlimited,1199,47.05,1
C04915,T1102,North,Basic,299,2.06,2
C04916,T1086,South,Unlimited,1199,24.31,0
C04917,T1489,East,Premium,799,47.31,2
C04918,T1426,North,Premium,799,19.1,1
C04919,T1229,North,Standard,499,23.52,6
C04920,T1052,West,Unlimited,1199,30.15,4
C04921,T1305,Central,Premium,799,30.18,0
C04922,T1311,East,Unlimited,1199,42.82,1
C04923,T1111,East,Unlimited,1199,23.07,0
C04924,T1467,North,Basic,299,29.35,0
C04925,T1045,West,Standard,499,27.61,0
C04926,T1269,East,Basic,299,8.21,4
C04927,T1200,East,Standard,499,28.09,0
C04928,T1357,North,Basic,299,0.0,1
C04929,T1058,Central,Standard,499,21.73,0
C04930,T1329,South,Basic,299,31.11,1
C04931,T1255,Central,Basic,299,30.4,0
C04932,T1218,North,Unlimited,1199,30.16,1
C04933,T1178,Central,Standard,499,26.49,1
C04934,T1407,East,Standard,499,14.77,0
C04935,T1058,Central,Unlimited,1199,40.84,2
C04936,T1113,South,Standard,499,32.94,0
C04937,T1215,North,Basic,299,26.19,3
C04938,T1410,West,Standard,499,21.91,1
C04939,T1039,West,Unlimited,1199,27.96,1
C04940,T1314,North,Premium,799,34.47,1
C04941,T1137,South,Basic,299,26.39,0
C04942,T1386,East,Basic,299,32.33,0
C04943,T1158,West,Basic,299,17.45,0
C04944,T1124,East,Unlimited,1199,34.22,2
C04945,T1344,East,Standard,499,35.6,1
C04946,T1307,West,Premium,799,28.3,0
C04947,T1383,Central,Premium,799,15.64,1
C04948,T1190,East,Premium,799,47.64,1
C04949,T1257,Central,Standard,499,20.86,0
C04950,T1174,East,Unlimited,1199,25.74,0
C04951,T1462,Central,Standard,499,24.48,0
C04952,T1348,East,Basic,299,31.93,2
C04953,T1078,Central,Unlimited,1199,29.75,4
C04954,T1375,Central,Standard,499,30.16,0
C04955,T1309,East,Standard,499,25.83,1
C04956,T1074,East,Premium,799,22.13,1
C04957,T1397,West,Premium,799,22.15,0
C04958,T1054,West,Unlimited,1199,31.11,0
C04959,T1414,South,Premium,799,10.32,0
C04960,T1035,South,Standard,499,26.54,0
C04961,T1165,East,Basic,299,28.24,0
C04962,T1322,East,Premium,799,21.56,1
C04963,T1426,North,Unlimited,1199,24.83,2
C04964,T1444,South,Unlimited,1199,32.18,0
C04965,T1459,South,Standard,499,28.32,0
C04966,T1463,South,Basic,299,24.74,3
C04967,T1419,Central,Standard,499,18.73,0
C04968,T1361,West,Standard,499,27.87,1
C04969,T1207,South,Basic,299,30.56,0
C04970,T1062,North,Unlimited,1199,21.56,3
C04971,T1119,North,Premium,799,32.35,2
C04972,T1183,Central,Premium,799,8.78,1
C04973,T1050,North,Standard,499,17.47,1
C04974,T1370,West,Premium,799,27.09,3
C04975,T1162,North,Standard,499,25.55,1
C04976,T1048,Central,Premium,799,37.3,2
C04977,T1199,West,Standard,499,26.53,2
C04978,T1397,West,Basic,299,19.46,0
C04979,T1308,North,Standard,499,22.42,1
C04980,T1004,South,Unlimited,1199,26.69,4
C04981,T1306,East,Unlimited,1199,34.49,7
C04982,T1338,West,Premium,799,16.78,1
C04983,T1396,South,Basic,299,20.69,0
C04984,T1333,North,Unlimited,1199,22.78,0
C04985,T1356,West,Premium,799,29.99,0
C04986,T1185,West,Unlimited,1199,30.13,2
C04987,T1069,South,Premium,799,24.81,0
C04988,T1468,North,Basic,299,24.22,0
C04989,T1287,South,Standard,499,14.25,2
C04990,T1359,South,Basic,299,18.86,2
C04991,T1235,North,Unlimited,1199,35.73,1
C04992,T1325,North,Standard,499,22.29,2
C04993,T1168,South,Basic,299,36.99,0
C04994,T1214,South,Unlimited,1199,30.17,9
C04995,T1032,East,Basic,299,29.94,0
C04996,T1449,West,Standard,499,41.34,2
C04997,T1110,East,Unlimited,1199,40.66,1
C04998,T1098,East,Unlimited,1199,5.98,0
C04999,T1231,West,Basic,299,29.3,0
C05000,T1244,North,Standard,499,15.29,1
C05001,T1061,South,Unlimited,1199,17.76,1
C05002,T1336,East,Standard,499,27.82,0
C05003,T1361,West,Premium,799,23.05,1
C05004,T1499,North,Basic,299,10.35,0
C05005,T1361,West,Standard,499,8.05,1
C05006,T1156,Central,Standard,499,29.59,1
C05007,T1333,North,Standard,499,19.41,1
C05008,T1330,North,Standard,499,21.66,1
C05009,T1376,Central,Premium,799,15.28,0
C05010,T1048,Central,Standard,499,36.31,2
C05011,T1415,North,Basic,299,27.66,1
C05012,T1210,East,Standard,499,17.59,1
C05013,T1094,Central,Standard,499,29.56,0
C05014,T1222,Central,Premium,799,39.92,0
C05015,T1157,Central,Basic,299,20.58,0
C05016,T1048,Central,Basic,299,33.4,0
C05017,T1332,South,Premium,799,30.88,1
C05018,T1148,South,Premium,799,36.69,1
C05019,T1086,South,Premium,799,24.85,1
C05020,T1389,South,Premium,799,30.44,4
C05021,T1079,Central,Basic,299,21.23,0
C05022,T1080,Central,Premium,799,30.68,2
C05023,T1125,West,Premium,799,30.1,2
C05024,T1003,Central,Premium,799,26.73,2
C05025,T1224,East,Unlimited,1199,13.48,0
C05026,T1179,North,Basic,299,36.5,1
C05027,T1060,South,Unlimited,1199,49.96,0
C05028,T1336,East,Basic,299,10.01,1
C05029,T1172,East,Unlimited,1199,9.27,0
C05030,T1140,East,Basic,299,26.59,0
C05031,T1313,West,Premium,799,23.64,2
C05032,T1052,West,Premium,799,25.17,0
C05033,T1253,East,Premium,799,5.16,0
C05034,T1098,East,Basic,299,45.62,1
C05035,T1459,South,Standard,499,39.28,2
C05036,T1239,Central,Basic,299,46.46,1
C05037,T1163,Central,Premium,799,37.81,1
C05038,T1425,Central,Standard,499,16.89,1
C05039,T1153,West,Premium,799,26.0,1
C05040,T1047,West,Basic,299,6.9,0
C05041,T1260,West,Standard,499,26.82,0
C05042,T1197,Central,Basic,299,30.76,0
C05043,T1341,West,Basic,299,27.11,3
C05044,T1013,West,Standard,499,30.94,2
C05045,T1162,North,Unlimited,1199,35.46,0
C05046,T1163,Central,Premium,799,21.04,0
C05047,T1092,West,Standard,499,23.34,0
C05048,T1018,East,Standard,499,19.99,2
C05049,T1245,Central,Unlimited,1199,5.55,5
C05050,T1221,North,Unlimited,1199,18.1,2
C05051,T1307,West,Standard,499,21.84,0
C05052,T1396,South,Standard,499,21.52,0
C05053,T1291,West,Premium,799,38.97,1
C05054,T1119,North,Standard,499,8.56,1
C05055,T1275,Central,Unlimited,1199,17.53,1
C05056,T1047,West,Premium,799,13.71,0
C05057,T1047,West,Basic,299,30.08,1
C05058,T1320,South,Standard,499,35.24,0
C05059,T1311,East,Basic,299,3.81,5
C05060,T1427,Central,Standard,499,17.93,0
C05061,T1401,South,Premium,799,27.35,0
C05062,T1064,Central,Premium,799,27.52,1
C05063,T1334,North,Standard,499,36.64,1
C05064,T1150,South,Basic,299,23.71,1
C05065,T1193,South,Unlimited,1199,34.31,2
C05066,T1262,East,Standard,499,32.25,1
C05067,T1138,South,Unlimited,1199,31.0,3
C05068,T1097,Central,Standard,499,13.19,3
C05069,T1412,South,Premium,799,34.41,0
C05070,T1345,North,Standard,499,29.67,2
C05071,T1487,Central,Standard,499,24.85,1
C05072,T1131,East,Standard,499,33.27,0
C05073,T1241,West,Premium,799,32.94,0
C05074,T1052,West,Unlimited,1199,33.59,1
C05075,T1223,South,Premium,799,19.25,0
C05076,T1374,North,Basic,299,30.62,1
C05077,T1259,Central,Unlimited,1199,39.87,5
C05078,T1415,North,Premium,799,29.85,1
C05079,T1089,Central,Premium,799,46.04,0
C05080,T1127,Central,Standard,499,24.4,0
C05081,T1196,Central,Standard,499,19.24,0
C05082,T1283,West,Premium,799,21.94,0
C05083,T1175,East,Basic,299,12.88,4
C05084,T1230,East,Premium,799,19.29,2
C05085,T1104,South,Premium,799,26.49,1
C05086,T1420,Central,Basic,299,30.01,0
C05087,T1295,West,Premium,799,35.4,0
C05088,T1083,South,Premium,799,16.5,0
C05089,T1311,East,Premium,799,25.38,2
C05090,T1450,South,Unlimited,1199,27.91,0
C05091,T1431,Central,Basic,299,38.99,2
C05092,T1127,Central,Unlimited,1199,34.14,2
C05093,T1413,North,Unlimited,1199,34.86,2
C05094,T1145,North,Premium,799,35.5,0
C05095,T1107,Central,Premium,799,41.23,2
C05096,T1307,West,Basic,299,26.1,1
C05097,T1429,North,Unlimited,1199,23.87,1
C05098,T1207,South,Premium,799,26.74,2
C05099,T1022,Central,Premium,799,23.39,1
C05100,T1234,East,Basic,299,24.45,1
C05101,T1410,West,Standard,499,7.75,0
C05102,T1002,South,Basic,299,10.5,1
C05103,T1390,North,Premium,799,23.32,0
C05104,T1140,East,Standard,499,22.07,1
C05105,T1281,South,Unlimited,1199,29.73,0
C05106,T1108,South,Premium,799,26.08,1
C05107,T1145,North,Unlimited,1199,29.49,0
C05108,T1341,West,Unlimited,1199,35.71,0
C05109,T1264,South,Unlimited,1199,22.29,1
C05110,T1220,South,Unlimited,1199,22.76,0
C05111,T1301,North,Premium,799,33.73,0
C05112,T1233,West,Basic,299,23.36,1
C05113,T1209,East,Basic,299,0.0,1
C05114,T1234,East,Basic,299,14.56,2
C05115,T1446,West,Unlimited,1199,43.53,4
C05116,T1299,South,Basic,299,23.79,0
C05117,T1043,West,Premium,799,41.52,1
C05118,T1318,East,Unlimited,1199,23.51,0
C05119,T1464,South,Basic,299,34.37,1
C05120,T1041,South,Basic,299,21.91,0
C05121,T1493,West,Standard,499,27.6,2
C05122,T1408,South,Premium,799,38.32,2
C05123,T1407,East,Unlimited,1199,32.86,0
C05124,T1052,West,Premium,799,27.13,1
C05125,T1200,East,Unlimited,1199,26.37,1
C05126,T1424,South,Premium,799,5.74,0
C05127,T1214,South,Unlimited,1199,11.95,3
C05128,T1000,North,Premium,799,26.42,2
C05129,T1039,West,Unlimited,1199,30.15,1
C05130,T1483,South,Basic,299,29.98,1
C05131,T1351,East,Basic,299,31.73,0
C05132,T1196,Central,Unlimited,1199,24.15,3
C05133,T1339,West,Premium,799,26.34,0
C05134,T1133,South,Standard,499,28.62,2
C05135,T1104,South,Premium,799,30.37,1
C05136,T1355,South,Standard,499,10.97,1
C05137,T1496,West,Premium,799,23.16,0
C05138,T1312,West,Unlimited,1199,11.93,1
C05139,T1294,Central,Premium,799,38.81,1
C05140,T1009,East,Premium,799,3.89,1
C05141,T1165,East,Basic,299,19.98,1
C05142,T1330,North,Premium,799,19.74,1
C05143,T1400,South,Unlimited,1199,33.33,0
C05144,T1209,East,Standard,499,18.51,3
C05145,T1248,North,Premium,799,14.29,1
C05146,T1159,North,Basic,299,29.51,1
C05147,T1069,South,Premium,799,27.44,0
C05148,T1461,Central,Standard,499,2.44,0
C05149,T1407,East,Unlimited,1199,14.95,0
C05150,T1036,Central,Unlimited,1199,25.98,0
C05151,T1425,Central,Standard,499,26.32,0
C05152,T1460,Central,Premium,799,10.44,2
C05153,T1410,West,Unlimited,1199,24.67,0
C05154,T1063,South,Premium,799,31.57,2
C05155,T1490,East,Basic,299,13.01,3
C05156,T1432,South,Standard,499,29.75,0
C05157,T1169,West,Basic,299,33.19,0
C05158,T1441,East,Standard,499,28.64,2
C05159,T1275,Central,Premium,799,19.03,1
C05160,T1446,West,Unlimited,1199,7.31,1
C05161,T1219,South,Standard,499,20.86,0
C05162,T1386,East,Unlimited,1199,33.98,0
C05163,T1447,South,Premium,799,29.65,3
C05164,T1263,Central,Basic,299,22.97,0
C05165,T1322,East,Unlimited,1199,32.45,2
C05166,T1389,South,Standard,499,17.7,0
C05167,T1264,South,Premium,799,34.35,1
C05168,T1293,North,Standard,499,31.18,1
C05169,T1388,East,Unlimited,1199,18.7,0
C05170,T1440,West,Basic,299,23.74,1
C05171,T1343,North,Unlimited,1199,32.6,1
C05172,T1100,South,Premium,799,27.32,2
C05173,T1262,East,Premium,799,36.71,0
C05174,T1113,South,Basic,299,29.45,2
C05175,T1368,East,Basic,299,26.0,0
C05176,T1011,East,Basic,299,24.45,1
C05177,T1435,South,Standard,499,25.73,0
C05178,T1224,East,Unlimited,1199,28.01,1
C05179,T1307,West,Premium,799,40.07,2
C05180,T1043,West,Standard,499,17.11,0
C05181,T1000,North,Premium,799,25.46,1
C05182,T1329,South,Premium,799,23.65,0
C05183,T1075,East,Unlimited,1199,17.85,1
C05184,T1235,North,Premium,799,39.11,1
C05185,T1268,East,Unlimited,1199,14.93,0
C05186,T1388,East,Unlimited,1199,22.36,3
C05187,T1024,North,Standard,499,37.9,0
C05188,T1198,South,Premium,799,9.84,2
C05189,T1212,West,Standard,499,25.31,1
C05190,T1026,South,Standard,499,30.32,0
C05191,T1382,West,Unlimited,1199,28.59,1
C05192,T1110,East,Premium,799,52.74,0
C05193,T1155,East,Premium,799,11.48,2
C05194,T1108,South,Premium,799,22.24,0
C05195,T1206,Central,Unlimited,1199,24.35,0
C05196,T1382,West,Standard,499,35.12,1
C05197,T1119,North,Basic,299,17.56,2
C05198,T1275,Central,Basic,299,23.93,1
C05199,T1345,North,Standard,499,24.53,1
C05200,T1100,South,Standard,499,33.51,2
C05201,T1189,West,Unlimited,1199,20.9,0
C05202,T1347,Central,Unlimited,1199,9.29,2
C05203,T1045,West,Unlimited,1199,25.94,0
C05204,T1365,Central,Basic,299,33.92,1
C05205,T1229,North,Standard,499,15.35,1
C05206,T1453,Central,Unlimited,1199,24.1,0
C05207,T1154,Central,Premium,799,34.37,1
C05208,T1443,East,Premium,799,13.52,2
C05209,T1236,East,Unlimited,1199,39.27,2
C05210,T1453,Central,Unlimited,1199,20.54,0
C05211,T1088,South,Unlimited,1199,43.64,2
C05212,T1455,West,Standard,499,18.85,1
C05213,T1198,South,Standard,499,13.33,0
C05214,T1482,West,Unlimited,1199,19.62,1
C05215,T1227,North,Premium,799,25.61,1
C05216,T1356,West,Basic,299,5.62,2
C05217,T1260,West,Unlimited,1199,10.91,0
C05218,T1416,West,Unlimited,1199,24.74,1
C05219,T1135,Central,Unlimited,1199,15.84,0
C05220,T1494,West,Premium,799,22.46,0
C05221,T1313,West,Premium,799,19.55,2
C05222,T1350,Central,Premium,799,9.5,2
C05223,T1332,South,Standard,499,29.52,0
C05224,T1481,West,Premium,799,28.8,1
C05225,T1429,North,Premium,799,24.27,0
C05226,T1070,West,Premium,799,13.57,2
C05227,T1434,East,Standard,499,19.72,2
C05228,T1228,West,Unlimited,1199,32.4,1
C05229,T1403,Central,Premium,799,37.41,1
C05230,T1449,West,Basic,299,22.22,0
C05231,T1492,East,Standard,499,31.38,0
C05232,T1243,East,Unlimited,1199,23.72,1
C05233,T1238,North,Unlimited,1199,21.76,4
C05234,T1285,North,Unlimited,1199,9.39,0
C05235,T1144,East,Basic,299,21.08,2
C05236,T1135,Central,Standard,499,35.71,1
C05237,T1011,East,Unlimited,1199,28.02,1
C05238,T1215,North,Unlimited,1199,38.62,2
C05239,T1181,West,Basic,299,27.64,2
C05240,T1157,Central,Unlimited,1199,27.46,1
C05241,T1179,North,Standard,499,18.98,0
C05242,T1152,Central,Basic,299,20.43,1
C05243,T1038,South,Premium,799,10.81,1
C05244,T1386,East,Unlimited,1199,33.22,1
C05245,T1392,North,Standard,499,30.39,1
C05246,T1333,North,Standard,499,22.06,0
C05247,T1030,South,Basic,299,48.75,2
C05248,T1403,Central,Basic,299,21.65,0
C05249,T1329,South,Basic,299,34.02,1
C05250,T1292,South,Premium,799,18.1,1
C05251,T1378,Central,Basic,299,32.86,0
C05252,T1407,East,Unlimited,1199,22.16,1
C05253,T1190,East,Unlimited,1199,39.56,2
C05254,T1182,West,Standard,499,39.38,2
C05255,T1123,East,Premium,799,57.82,3
C05256,T1175,East,Standard,499,29.73,2
C05257,T1268,East,Premium,799,3.76,2
C05258,T1335,Central,Unlimited,1199,26.87,0
C05259,T1187,South,Standard,499,28.53,1
C05260,T1175,East,Standard,499,16.71,1
C05261,T1467,North,Standard,499,33.61,0
C05262,T1442,East,Standard,499,13.67,1
C05263,T1482,West,Unlimited,1199,26.55,1
C05264,T1220,South,Basic,299,22.82,0
C05265,T1323,Central,Basic,299,23.26,3
C05266,T1441,East,Basic,299,22.7,0
C05267,T1133,South,Unlimited,1199,32.2,1
C05268,T1014,South,Basic,299,15.59,0
C05269,T1035,South,Basic,299,20.14,0
C05270,T1376,Central,Standard,499,14.49,1
C05271,T1417,Central,Premium,799,23.05,0
C05272,T1299,South,Premium,799,25.38,0
C05273,T1422,East,Unlimited,1199,24.31,0
C05274,T1039,West,Basic,299,17.92,0
C05275,T1307,West,Unlimited,1199,32.09,1
C05276,T1426,North,Premium,799,24.58,2
C05277,T1041,South,Basic,299,7.55,0
C05278,T1280,South,Basic,299,24.75,3
C05279,T1349,Central,Premium,799,24.96,0
C05280,T1257,Central,Standard,499,27.28,1
C05281,T1383,Central,Unlimited,1199,6.73,1
C05282,T1403,Central,Premium,799,32.81,1
C05283,T1205,Central,Unlimited,1199,50.46,3
C05284,T1159,North,Premium,799,36.89,0
C05285,T1240,East,Unlimited,1199,26.85,3
C05286,T1217,North,Basic,299,37.49,0
C05287,T1261,North,Unlimited,1199,9.52,2
C05288,T1261,North,Unlimited,1199,25.85,0
C05289,T1342,Central,Basic,299,57.67,2
C05290,T1143,Central,Unlimited,1199,23.96,0
C05291,T1375,Central,Unlimited,1199,15.34,1
C05292,T1204,West,Unlimited,1199,41.59,0
C05293,T1280,South,Standard,499,46.16,1
C05294,T1362,East,Basic,299,27.12,0
C05295,T1379,South,Premium,799,32.11,0
C05296,T1364,East,Standard,499,33.84,0
C05297,T1188,South,Unlimited,1199,24.12,1
C05298,T1175,East,Premium,799,22.28,3
C05299,T1008,East,Basic,299,21.68,0
C05300,T1141,North,Standard,499,30.47,1
C05301,T1359,South,Standard,499,15.06,2
C05302,T1354,East,Standard,499,15.63,3
C05303,T1373,Central,Standard,499,33.95,0
C05304,T1294,Central,Standard,499,38.57,3
C05305,T1254,South,Unlimited,1199,24.38,1
C05306,T1465,North,Premium,799,17.22,2
C05307,T1437,West,Basic,299,24.21,1
C05308,T1161,Central,Premium,799,30.08,2
C05309,T1429,North,Unlimited,1199,30.01,2
C05310,T1348,East,Standard,499,22.16,0
C05311,T1319,East,Unlimited,1199,29.83,3
C05312,T1089,Central,Standard,499,33.15,0
C05313,T1034,North,Premium,799,21.6,1
C05314,T1028,East,Premium,799,48.91,2
C05315,T1034,North,Standard,499,18.27,0
C05316,T1448,East,Basic,299,13.46,0
C05317,T1272,East,Unlimited,1199,21.61,1
C05318,T1192,East,Basic,299,18.45,1
C05319,T1157,Central,Unlimited,1199,26.2,1
C05320,T1157,Central,Unlimited,1199,20.03,3
C05321,T1444,South,Standard,499,34.18,2
C05322,T1109,East,Basic,299,15.57,4
C05323,T1129,West,Unlimited,1199,24.96,6
C05324,T1173,Central,Standard,499,26.38,0
C05325,T1133,South,Unlimited,1199,24.0,0
C05326,T1153,West,Premium,799,53.46,1
C05327,T1423,West,Standard,499,38.94,1
C05328,T1001,North,Standard,499,36.24,0
C05329,T1167,South,Premium,799,26.9,1
C05330,T1144,East,Basic,299,36.58,0
C05331,T1008,East,Standard,499,22.58,0
C05332,T1469,Central,Standard,499,46.89,1
C05333,T1400,South,Unlimited,1199,20.81,0
C05334,T1330,North,Standard,499,0.76,2
C05335,T1429,North,Premium,799,40.69,0
C05336,T1042,South,Unlimited,1199,14.63,1
C05337,T1211,South,Premium,799,26.01,1
C05338,T1473,North,Unlimited,1199,22.79,3
C05339,T1245,Central,Premium,799,17.37,1
C05340,T1104,South,Basic,299,32.94,1
C05341,T1496,West,Standard,499,39.5,0
C05342,T1470,South,Premium,799,33.25,4
C05343,T1039,West,Standard,499,17.56,1
C05344,T1004,South,Standard,499,22.83,1
C05345,T1181,West,Premium,799,31.97,1
C05346,T1100,South,Premium,799,20.02,1
C05347,T1461,Central,Unlimited,1199,7.67,0
C05348,T1395,Central,Premium,799,13.03,2
C05349,T1273,North,Basic,299,38.19,4
C05350,T1107,Central,Premium,799,25.17,0
C05351,T1326,North,Standard,499,33.31,2
C05352,T1355,South,Basic,299,24.27,1
C05353,T1250,North,Premium,799,20.65,2
C05354,T1175,East,Basic,299,24.54,2
C05355,T1414,South,Premium,799,11.99,1
C05356,T1361,West,Basic,299,28.35,2
C05357,T1469,Central,Standard,499,21.29,1
C05358,T1497,Central,Unlimited,1199,20.2,0
C05359,T1169,West,Premium,799,48.55,2
C05360,T1413,North,Basic,299,23.26,1
C05361,T1192,East,Unlimited,1199,15.85,0
C05362,T1176,South,Standard,499,37.46,0
C05363,T1110,East,Standard,499,28.57,1
C05364,T1482,West,Basic,299,15.66,0
C05365,T1300,South,Standard,499,19.05,1
C05366,T1159,North,Basic,299,18.01,1
C05367,T1280,South,Basic,299,21.09,1
C05368,T1374,North,Basic,299,4.17,1
C05369,T1100,South,Basic,299,27.9,0
C05370,T1419,Central,Premium,799,40.12,1
C05371,T1443,East,Unlimited,1199,7.08,0
C05372,T1096,West,Premium,799,35.89,2
C05373,T1065,Central,Standard,499,21.66,2
C05374,T1159,North,Standard,499,33.97,1
C05375,T1052,West,Premium,799,13.03,0
C05376,T1294,Central,Unlimited,1199,20.61,1
C05377,T1381,East,Standard,499,25.19,2
C05378,T1390,North,Basic,299,26.06,1
C05379,T1430,South,Basic,299,13.52,1
C05380,T1088,South,Basic,299,27.27,1
C05381,T1263,Central,Premium,799,17.36,0
C05382,T1079,Central,Unlimited,1199,51.71,3
C05383,T1463,South,Standard,499,44.93,3
C05384,T1151,East,Basic,299,22.93,2
C05385,T1044,North,Premium,799,22.19,1
C05386,T1370,West,Unlimited,1199,29.97,2
C05387,T1045,West,Standard,499,29.59,1
C05388,T1127,Central,Basic,299,14.93,2
C05389,T1170,West,Premium,799,9.74,2
C05390,T1185,West,Standard,499,32.9,1
C05391,T1434,East,Basic,299,8.5,2
C05392,T1487,Central,Basic,299,34.01,1
C05393,T1164,Central,Standard,499,0.0,1
C05394,T1019,South,Standard,499,32.25,1
C05395,T1030,South,Premium,799,36.72,2
C05396,T1151,East,Basic,299,9.62,0
C05397,T1230,East,Unlimited,1199,27.65,2
C05398,T1272,East,Basic,299,36.14,1
C05399,T1343,North,Basic,299,41.62,0
C05400,T1457,Central,Basic,299,39.73,2
C05401,T1315,West,Unlimited,1199,14.04,0
C05402,T1184,South,Premium,799,33.06,6
C05403,T1163,Central,Unlimited,1199,15.06,1
C05404,T1208,East,Unlimited,1199,39.23,1
C05405,T1121,South,Premium,799,32.16,1
C05406,T1166,North,Premium,799,15.97,1
C05407,T1061,South,Standard,499,14.69,2
C05408,T1305,Central,Basic,299,28.9,2
C05409,T1072,East,Unlimited,1199,20.33,0
C05410,T1480,East,Premium,799,18.31,2
C05411,T1174,East,Standard,499,17.36,0
C05412,T1028,East,Unlimited,1199,12.36,0
C05413,T1157,Central,Basic,299,16.96,1
C05414,T1478,West,Basic,299,37.33,1
C05415,T1011,East,Unlimited,1199,42.92,2
C05416,T1497,Central,Basic,299,5.77,2
C05417,T1469,Central,Unlimited,1199,9.23,1
C05418,T1328,West,Unlimited,1199,44.63,0
C05419,T1353,West,Basic,299,19.33,1
C05420,T1008,East,Basic,299,22.5,2
C05421,T1458,North,Standard,499,32.67,1
C05422,T1081,Central,Premium,799,29.15,0
C05423,T1068,Central,Basic,299,25.71,1
C05424,T1207,South,Standard,499,19.4,0
C05425,T1213,Central,Standard,499,25.06,2
C05426,T1077,East,Basic,299,14.85,1
C05427,T1324,North,Unlimited,1199,18.72,0
C05428,T1182,West,Unlimited,1199,32.11,1
C05429,T1087,East,Unlimited,1199,37.14,3
C05430,T1427,Central,Unlimited,1199,26.22,2
C05431,T1488,East,Standard,499,34.06,0
C05432,T1015,North,Standard,499,41.48,1
C05433,T1323,Central,Premium,799,27.22,1
C05434,T1254,South,Basic,299,20.66,0
C05435,T1381,East,Basic,299,14.08,2
C05436,T1005,North,Premium,799,32.84,2
C05437,T1291,West,Standard,499,18.94,1
C05438,T1071,West,Premium,799,25.25,0
C05439,T1252,North,Standard,499,14.31,1
C05440,T1389,South,Standard,499,32.19,2
C05441,T1282,North,Unlimited,1199,23.24,0
C05442,T1025,North,Standard,499,33.59,0
C05443,T1080,Central,Standard,499,8.6,3
C05444,T1015,North,Basic,299,29.34,3
C05445,T1491,South,Unlimited,1199,43.81,0
C05446,T1467,North,Premium,799,32.18,5
C05447,T1286,West,Premium,799,23.27,0
C05448,T1315,West,Unlimited,1199,26.11,1
C05449,T1376,Central,Standard,499,47.05,1
C05450,T1130,South,Standard,499,18.21,1
C05451,T1284,East,Unlimited,1199,12.75,2
C05452,T1480,East,Basic,299,21.08,2
C05453,T1074,East,Premium,799,32.37,2
C05454,T1045,West,Premium,799,33.7,1
C05455,T1171,Central,Standard,499,42.85,3
C05456,T1461,Central,Basic,299,25.37,0
C05457,T1169,West,Basic,299,25.74,0
C05458,T1361,West,Standard,499,42.23,0
C05459,T1467,North,Unlimited,1199,19.26,1
C05460,T1008,East,Unlimited,1199,13.69,0
C05461,T1022,Central,Premium,799,39.0,1
C05462,T1282,North,Basic,299,29.26,1
C05463,T1088,South,Standard,499,37.42,0
C05464,T1134,South,Basic,299,28.72,0
C05465,T1214,South,Premium,799,16.51,4
C05466,T1453,Central,Unlimited,1199,26.56,2
C05467,T1134,South,Unlimited,1199,19.3,1
C05468,T1488,East,Unlimited,1199,15.29,2
C05469,T1354,East,Premium,799,21.57,1
C05470,T1367,Central,Basic,299,14.98,0
C05471,T1131,East,Basic,299,24.23,3
C05472,T1324,North,Premium,799,29.78,0
C05473,T1223,South,Unlimited,1199,20.86,3
C05474,T1493,West,Premium,799,30.48,1
C05475,T1104,South,Basic,299,23.43,0
C05476,T1048,Central,Unlimited,1199,33.63,1
C05477,T1168,South,Premium,799,29.31,2
C05478,T1220,South,Standard,499,29.65,0
C05479,T1112,North,Unlimited,1199,34.62,1
C05480,T1271,Central,Unlimited,1199,19.89,2
C05481,T1372,Central,Unlimited,1199,29.16,1
C05482,T1177,West,Unlimited,1199,26.31,2
C05483,T1356,West,Standard,499,14.28,0
C05484,T1037,South,Standard,499,16.42,5
C05485,T1337,South,Basic,299,3.78,4
C05486,T1331,Central,Standard,499,33.98,2
C05487,T1453,Central,Standard,499,21.3,0
C05488,T1431,Central,Basic,299,18.7,1
C05489,T1452,West,Basic,299,5.87,1
C05490,T1050,North,Standard,499,31.55,3
C05491,T1284,East,Unlimited,1199,23.94,1
C05492,T1004,South,Premium,799,13.72,0
C05493,T1246,East,Premium,799,31.71,0
C05494,T1340,North,Unlimited,1199,30.16,1
C05495,T1462,Central,Basic,299,5.94,2
C05496,T1385,South,Basic,299,39.26,2
C05497,T1109,East,Basic,299,33.74,4
C05498,T1106,West,Premium,799,22.32,1
C05499,T1062,North,Premium,799,15.85,0
C05500,T1438,West,Premium,799,29.76,2
C05501,T1373,Central,Standard,499,35.5,1
C05502,T1286,West,Standard,499,30.7,1
C05503,T1486,West,Premium,799,24.54,2
C05504,T1157,Central,Basic,299,16.91,0
C05505,T1301,North,Basic,299,23.54,1
C05506,T1132,East,Unlimited,1199,19.58,0
C05507,T1414,South,Basic,299,19.38,0
C05508,T1490,East,Premium,799,33.42,1
C05509,T1119,North,Premium,799,13.01,2
C05510,T1225,Central,Standard,499,14.64,1
C05511,T1287,South,Standard,499,31.75,2
C05512,T1301,North,Premium,799,32.7,2
C05513,T1451,South,Basic,299,33.06,1
C05514,T1490,East,Unlimited,1199,28.2,1
C05515,T1242,North,Standard,499,14.16,1
C05516,T1327,East,Basic,299,20.23,2
C05517,T1419,Central,Premium,799,32.66,1
C05518,T1373,Central,Standard,499,35.84,1
C05519,T1064,Central,Unlimited,1199,38.01,3
C05520,T1252,North,Basic,299,34.34,0
C05521,T1413,North,Premium,799,28.32,0
C05522,T1442,East,Unlimited,1199,26.4,0
C05523,T1417,Central,Unlimited,1199,29.02,1
C05524,T1427,Central,Premium,799,32.12,1
C05525,T1194,Central,Standard,499,24.31,2
C05526,T1303,North,Standard,499,29.44,1
C05527,T1188,South,Standard,499,10.25,3
C05528,T1446,West,Standard,499,29.06,3
C05529,T1269,East,Standard,499,34.64,0
C05530,T1367,Central,Basic,299,21.63,1
C05531,T1389,South,Basic,299,32.17,1
C05532,T1269,East,Standard,499,31.46,1
C05533,T1078,Central,Standard,499,18.82,5
C05534,T1107,Central,Basic,299,24.08,1
C05535,T1223,South,Premium,799,15.84,0
C05536,T1218,North,Premium,799,32.83,0
C05537,T1348,East,Unlimited,1199,23.28,0
C05538,T1248,North,Unlimited,1199,37.85,0
C05539,T1327,East,Unlimited,1199,30.11,0
C05540,T1257,Central,Basic,299,24.73,1
C05541,T1312,West,Unlimited,1199,26.02,1
C05542,T1142,North,Premium,799,27.1,1
C05543,T1410,West,Standard,499,31.37,1
C05544,T1245,Central,Premium,799,19.66,4
C05545,T1294,Central,Premium,799,35.79,0
C05546,T1425,Central,Unlimited,1199,42.77,2
C05547,T1171,Central,Standard,499,24.92,1
C05548,T1040,North,Standard,499,21.97,3
C05549,T1182,West,Standard,499,21.14,0
C05550,T1041,South,Unlimited,1199,39.46,0
C05551,T1165,East,Premium,799,30.03,0
C05552,T1350,Central,Premium,799,25.45,1
C05553,T1307,West,Standard,499,27.85,1
C05554,T1472,South,Unlimited,1199,23.1,6
C05555,T1275,Central,Unlimited,1199,16.14,1
C05556,T1494,West,Premium,799,39.34,2
C05557,T1044,North,Basic,299,16.39,3
C05558,T1361,West,Premium,799,37.12,1
C05559,T1497,Central,Unlimited,1199,34.07,3
C05560,T1350,Central,Standard,499,20.73,1
C05561,T1219,South,Unlimited,1199,6.13,1
C05562,T1165,East,Basic,299,17.86,2
C05563,T1429,North,Basic,299,23.64,4
C05564,T1404,West,Unlimited,1199,36.71,5
C05565,T1131,East,Premium,799,13.15,0
C05566,T1114,West,Premium,799,40.17,0
C05567,T1313,West,Unlimited,1199,23.71,0
C05568,T1182,West,Premium,799,24.32,1
C05569,T1036,Central,Premium,799,25.46,1
C05570,T1398,North,Unlimited,1199,36.37,1
C05571,T1159,North,Basic,299,21.84,1
C05572,T1313,West,Unlimited,1199,6.36,1
C05573,T1225,Central,Unlimited,1199,25.19,0
C05574,T1121,South,Basic,299,15.61,0
C05575,T1467,North,Basic,299,35.25,0
C05576,T1289,Central,Standard,499,9.21,1
C05577,T1179,North,Standard,499,1.5,0
C05578,T1031,East,Basic,299,18.77,1
C05579,T1202,East,Standard,499,21.98,1
C05580,T1428,South,Basic,299,12.18,0
C05581,T1043,West,Premium,799,13.7,0
C05582,T1294,Central,Unlimited,1199,20.6,1
C05583,T1333,North,Standard,499,10.85,0
C05584,T1088,South,Premium,799,28.13,2
C05585,T1074,East,Standard,499,23.61,0
C05586,T1268,East,Premium,799,26.84,0
C05587,T1388,East,Standard,499,26.93,0
C05588,T1156,Central,Standard,499,39.2,1
C05589,T1245,Central,Unlimited,1199,13.33,4
C05590,T1283,West,Basic,299,19.86,0
C05591,T1290,South,Premium,799,43.42,1
C05592,T1223,South,Basic,299,36.91,2
C05593,T1488,East,Basic,299,23.44,0
C05594,T1411,West,Basic,299,22.83,0
C05595,T1140,East,Basic,299,25.27,0
C05596,T1406,East,Standard,499,23.53,1
C05597,T1100,South,Premium,799,21.92,2
C05598,T1283,West,Basic,299,35.78,0
C05599,T1036,Central,Premium,799,17.5,0
C05600,T1445,East,Standard,499,21.27,4
C05601,T1382,West,Standard,499,47.69,0
C05602,T1191,Central,Unlimited,1199,17.68,1
C05603,T1204,West,Unlimited,1199,16.82,1
C05604,T1053,South,Premium,799,18.64,0
C05605,T1167,South,Premium,799,15.22,1
C05606,T1139,West,Unlimited,1199,29.05,1
C05607,T1450,South,Basic,299,31.38,0
C05608,T1176,South,Standard,499,24.99,0
C05609,T1299,South,Standard,499,37.43,1
C05610,T1456,Central,Unlimited,1199,28.54,1
C05611,T1020,South,Unlimited,1199,55.79,0
C05612,T1248,North,Premium,799,44.41,1
C05613,T1476,East,Unlimited,1199,36.55,0
C05614,T1324,North,Standard,499,34.84,1
C05615,T1253,East,Standard,499,18.16,2
C05616,T1024,North,Premium,799,20.01,0
C05617,T1383,Central,Standard,499,40.1,0
C05618,T1202,East,Premium,799,43.42,0
C05619,T1319,East,Basic,299,38.53,5
C05620,T1054,West,Standard,499,26.78,1
C05621,T1363,East,Premium,799,29.77,0
C05622,T1209,East,Unlimited,1199,34.33,1
C05623,T1378,Central,Standard,499,24.82,0
C05624,T1411,West,Premium,799,25.99,0
C05625,T1377,Central,Basic,299,34.31,0
C05626,T1087,East,Basic,299,24.92,1
C05627,T1450,South,Premium,799,33.45,0
C05628,T1496,West,Premium,799,28.85,3
C05629,T1369,West,Standard,499,13.91,1
C05630,T1285,North,Standard,499,23.13,0
C05631,T1440,West,Basic,299,26.23,2
C05632,T1344,East,Unlimited,1199,21.06,2
C05633,T1232,South,Premium,799,11.52,0
C05634,T1447,South,Premium,799,16.03,4
C05635,T1281,South,Standard,499,40.19,0
C05636,T1045,West,Standard,499,35.93,1
C05637,T1197,Central,Standard,499,10.11,0
C05638,T1213,Central,Premium,799,28.03,0
C05639,T1111,East,Premium,799,23.35,0
C05640,T1203,North,Unlimited,1199,52.02,1
C05641,T1328,West,Premium,799,26.04,2
C05642,T1147,West,Unlimited,1199,28.11,0
C05643,T1001,North,Unlimited,1199,30.17,1
C05644,T1287,South,Basic,299,30.57,1
C05645,T1425,Central,Unlimited,1199,40.33,1
C05646,T1425,Central,Premium,799,8.86,1
C05647,T1042,South,Basic,299,24.02,1
C05648,T1310,East,Basic,299,29.09,1
C05649,T1233,West,Unlimited,1199,19.91,2
C05650,T1191,Central,Premium,799,20.74,3
C05651,T1035,South,Standard,499,17.81,1
C05652,T1293,North,Premium,799,6.03,2
C05653,T1153,West,Basic,299,31.41,2
C05654,T1406,East,Premium,799,34.36,1
C05655,T1309,East,Standard,499,25.74,1
C05656,T1173,Central,Standard,499,53.55,2
C05657,T1344,East,Basic,299,40.09,1
C05658,T1219,South,Premium,799,19.8,2
C05659,T1317,East,Standard,499,20.37,1
C05660,T1266,West,Standard,499,32.77,1
C05661,T1264,South,Premium,799,38.55,2
C05662,T1339,West,Unlimited,1199,41.2,2
C05663,T1139,West,Unlimited,1199,21.33,0
C05664,T1227,North,Unlimited,1199,17.46,3
C05665,T1179,North,Unlimited,1199,19.76,3
C05666,T1399,East,Premium,799,9.07,0
C05667,T1298,South,Basic,299,33.94,7
C05668,T1009,East,Premium,799,36.56,1
C05669,T1166,North,Premium,799,0.34,1
C05670,T1371,East,Premium,799,26.87,1
C05671,T1332,South,Standard,499,18.51,0
C05672,T1326,North,Premium,799,23.15,0
C05673,T1113,South,Unlimited,1199,23.14,1
C05674,T1274,North,Unlimited,1199,14.41,0
C05675,T1336,East,Unlimited,1199,23.67,1
C05676,T1052,West,Premium,799,23.03,1
C05677,T1440,West,Unlimited,1199,35.42,0
C05678,T1409,North,Standard,499,47.93,1
C05679,T1486,West,Standard,499,17.56,2
C05680,T1371,East,Basic,299,22.7,1
C05681,T1424,South,Premium,799,25.52,1
C05682,T1393,West,Basic,299,25.68,2
C05683,T1249,Central,Unlimited,1199,42.39,1
C05684,T1484,North,Standard,499,13.72,2
C05685,T1152,Central,Basic,299,39.6,2
C05686,T1177,West,Standard,499,25.86,0
C05687,T1184,South,Unlimited,1199,15.54,5
C05688,T1063,South,Basic,299,19.74,0
C05689,T1339,West,Basic,299,24.1,1
C05690,T1056,South,Basic,299,11.52,0
C05691,T1486,West,Premium,799,12.91,2
C05692,T1329,South,Premium,799,24.22,1
C05693,T1236,East,Unlimited,1199,32.69,0
C05694,T1439,East,Standard,499,35.7,1
C05695,T1392,North,Premium,799,20.06,3
C05696,T1314,North,Premium,799,20.94,1
C05697,T1123,East,Basic,299,20.13,5
C05698,T1355,South,Unlimited,1199,21.2,0
C05699,T1068,Central,Standard,499,10.31,1
C05700,T1180,North,Premium,799,23.65,2
C05701,T1239,Central,Premium,799,25.83,1
C05702,T1205,Central,Premium,799,16.36,3
C05703,T1114,West,Premium,799,32.78,1
C05704,T1138,South,Unlimited,1199,35.18,0
C05705,T1158,West,Basic,299,38.33,0
C05706,T1201,Central,Premium,799,30.73,1
C05707,T1448,East,Premium,799,29.83,1
C05708,T1239,Central,Standard,499,30.7,3
C05709,T1317,East,Premium,799,14.97,1
C05710,T1077,East,Standard,499,22.3,3
C05711,T1440,West,Standard,499,29.48,0
C05712,T1274,North,Premium,799,27.72,0
C05713,T1494,West,Premium,799,51.21,0
C05714,T1178,Central,Basic,299,26.17,3
C05715,T1427,Central,Premium,799,9.32,0
C05716,T1248,North,Premium,799,10.16,2
C05717,T1426,North,Unlimited,1199,17.56,0
C05718,T1185,West,Basic,299,25.02,1
C05719,T1334,North,Unlimited,1199,25.64,1
C05720,T1206,Central,Basic,299,12.57,1
C05721,T1079,Central,Premium,799,19.54,1
C05722,T1321,East,Basic,299,23.41,4
C05723,T1397,West,Standard,499,21.24,2
C05724,T1210,East,Standard,499,32.34,2
C05725,T1122,Central,Standard,499,21.33,1
C05726,T1379,South,Premium,799,23.88,2
C05727,T1227,North,Basic,299,17.34,1
C05728,T1153,West,Basic,299,24.18,0
C05729,T1238,North,Basic,299,35.1,1
C05730,T1128,North,Unlimited,1199,19.76,1
C05731,T1413,North,Unlimited,1199,18.71,1
C05732,T1324,North,Basic,299,46.23,1
C05733,T1130,South,Unlimited,1199,28.57,3
C05734,T1342,Central,Unlimited,1199,15.91,3
C05735,T1368,East,Standard,499,2.05,4
C05736,T1498,North,Premium,799,26.38,1
C05737,T1063,South,Premium,799,16.84,0
C05738,T1365,Central,Premium,799,22.7,0
C05739,T1292,South,Premium,799,31.29,1
C05740,T1021,West,Standard,499,43.65,1
C05741,T1255,Central,Premium,799,30.65,0
C05742,T1190,East,Unlimited,1199,12.89,0
C05743,T1018,East,Basic,299,25.51,7
C05744,T1013,West,Standard,499,17.76,0
C05745,T1311,East,Unlimited,1199,21.16,0
C05746,T1051,Central,Basic,299,29.1,0
C05747,T1039,West,Unlimited,1199,19.73,1
C05748,T1178,Central,Basic,299,38.82,0
C05749,T1337,South,Basic,299,26.19,1
C05750,T1224,East,Basic,299,22.33,0
C05751,T1481,West,Unlimited,1199,19.81,2
C05752,T1235,North,Premium,799,23.55,0
C05753,T1294,Central,Basic,299,11.34,1
C05754,T1250,North,Unlimited,1199,32.27,0
C05755,T1358,South,Standard,499,15.82,2
C05756,T1483,South,Premium,799,19.05,1
C05757,T1160,South,Basic,299,15.46,1
C05758,T1203,North,Standard,499,16.25,2
C05759,T1056,South,Premium,799,26.78,2
C05760,T1296,West,Standard,499,17.34,1
C05761,T1340,North,Unlimited,1199,18.47,0
C05762,T1227,North,Unlimited,1199,17.22,1
C05763,T1346,South,Standard,499,28.07,0
C05764,T1180,North,Standard,499,14.7,0
C05765,T1404,West,Unlimited,1199,44.15,5
C05766,T1122,Central,Premium,799,17.65,0
C05767,T1450,South,Premium,799,14.04,2
C05768,T1360,East,Unlimited,1199,17.65,0
C05769,T1023,East,Unlimited,1199,12.08,1
C05770,T1029,North,Unlimited,1199,15.66,0
C05771,T1065,Central,Standard,499,24.09,2
C05772,T1273,North,Standard,499,21.32,4
C05773,T1398,North,Basic,299,46.71,1
C05774,T1495,East,Standard,499,17.64,2
C05775,T1410,West,Premium,799,18.42,1
C05776,T1419,Central,Basic,299,22.51,0
C05777,T1385,South,Standard,499,19.95,1
C05778,T1313,West,Basic,299,19.92,2
C05779,T1038,South,Premium,799,22.18,1
C05780,T1097,Central,Basic,299,21.28,1
C05781,T1309,East,Unlimited,1199,28.41,0
C05782,T1466,South,Premium,799,9.48,0
C05783,T1084,East,Unlimited,1199,21.87,1
C05784,T1325,North,Premium,799,19.54,4
C05785,T1499,North,Standard,499,31.18,1
C05786,T1221,North,Unlimited,1199,24.16,1
C05787,T1435,South,Standard,499,15.24,0
C05788,T1160,South,Unlimited,1199,5.98,2
C05789,T1364,East,Unlimited,1199,28.2,1
C05790,T1226,Central,Basic,299,0.0,1
C05791,T1486,West,Premium,799,7.8,2
C05792,T1266,West,Basic,299,23.45,1
C05793,T1100,South,Basic,299,19.84,0
C05794,T1340,North,Basic,299,34.01,1
C05795,T1468,North,Unlimited,1199,30.77,1
C05796,T1344,East,Standard,499,30.53,0
C05797,T1411,West,Premium,799,35.86,1
C05798,T1396,South,Unlimited,1199,25.73,0
C05799,T1431,Central,Premium,799,0.0,1
C05800,T1287,South,Standard,499,31.67,0
C05801,T1199,West,Basic,299,43.15,1
C05802,T1262,East,Standard,499,40.74,2
C05803,T1498,North,Premium,799,40.75,0
C05804,T1092,West,Unlimited,1199,45.37,0
C05805,T1121,South,Unlimited,1199,20.98,1
C05806,T1414,South,Premium,799,15.84,0
C05807,T1362,East,Basic,299,19.65,0
C05808,T1072,East,Unlimited,1199,33.07,2
C05809,T1219,South,Basic,299,19.55,0
C05810,T1045,West,Standard,499,29.49,0
C05811,T1344,East,Standard,499,16.91,1
C05812,T1489,East,Standard,499,9.78,2
C05813,T1407,East,Standard,499,12.5,2
C05814,T1038,South,Premium,799,44.4,0
C05815,T1320,South,Standard,499,9.41,0
C05816,T1165,East,Standard,499,48.98,1
C05817,T1412,South,Unlimited,1199,30.52,0
C05818,T1042,South,Basic,299,32.01,1
C05819,T1299,South,Unlimited,1199,39.69,1
C05820,T1404,West,Standard,499,34.45,3
C05821,T1414,South,Premium,799,31.14,0
C05822,T1201,Central,Premium,799,32.75,1
C05823,T1231,West,Premium,799,44.53,1
C05824,T1322,East,Premium,799,19.2,0
C05825,T1193,South,Premium,799,39.64,3
C05826,T1092,West,Premium,799,35.77,2
C05827,T1351,East,Premium,799,42.77,1
C05828,T1143,Central,Premium,799,31.44,1
C05829,T1473,North,Basic,299,32.12,0
C05830,T1056,South,Basic,299,23.61,0
C05831,T1408,South,Premium,799,18.65,0
C05832,T1043,West,Standard,499,29.44,0
C05833,T1195,North,Unlimited,1199,19.32,2
C05834,T1096,West,Basic,299,24.85,1
C05835,T1351,East,Premium,799,38.91,1
C05836,T1073,North,Basic,299,18.64,2
C05837,T1105,West,Basic,299,15.62,0
C05838,T1353,West,Standard,499,34.56,0
C05839,T1227,North,Unlimited,1199,13.35,0
C05840,T1262,East,Premium,799,16.28,3
C05841,T1399,East,Basic,299,21.8,1
C05842,T1274,North,Premium,799,26.21,2
C05843,T1441,East,Unlimited,1199,16.06,0
C05844,T1480,East,Basic,299,23.01,0
C05845,T1133,South,Unlimited,1199,34.09,1
C05846,T1343,North,Standard,499,32.73,3
C05847,T1084,East,Basic,299,16.72,2
C05848,T1484,North,Basic,299,15.34,1
C05849,T1133,South,Standard,499,11.85,0
C05850,T1101,West,Standard,499,32.28,0
C05851,T1165,East,Premium,799,9.39,2
C05852,T1499,North,Basic,299,33.83,0
C05853,T1460,Central,Basic,299,30.61,0
C05854,T1056,South,Standard,499,33.15,0
C05855,T1226,Central,Standard,499,15.29,0
C05856,T1277,North,Standard,499,32.66,2
C05857,T1466,South,Unlimited,1199,7.79,2
C05858,T1005,North,Standard,499,20.91,1
C05859,T1000,North,Unlimited,1199,33.06,2
C05860,T1449,West,Unlimited,1199,29.79,1
C05861,T1471,Central,Premium,799,34.04,5
C05862,T1464,South,Unlimited,1199,28.66,0
C05863,T1023,East,Basic,299,33.94,0
C05864,T1215,North,Unlimited,1199,22.97,0
C05865,T1222,Central,Basic,299,18.97,1
C05866,T1497,Central,Standard,499,37.74,1
C05867,T1397,West,Unlimited,1199,16.86,1
C05868,T1193,South,Standard,499,23.05,6
C05869,T1191,Central,Basic,299,24.68,1
C05870,T1247,Central,Unlimited,1199,29.84,1
C05871,T1334,North,Unlimited,1199,37.2,0
C05872,T1352,East,Basic,299,18.92,0
C05873,T1325,North,Unlimited,1199,11.78,2
C05874,T1094,Central,Basic,299,29.97,0
C05875,T1255,Central,Standard,499,18.66,1
C05876,T1021,West,Premium,799,32.61,1
C05877,T1279,East,Unlimited,1199,14.56,0
C05878,T1287,South,Basic,299,30.29,1
C05879,T1336,East,Premium,799,28.33,1
C05880,T1052,West,Unlimited,1199,10.18,0
C05881,T1416,West,Standard,499,30.04,0
C05882,T1022,Central,Standard,499,34.19,0
C05883,T1453,Central,Standard,499,35.43,2
C05884,T1198,South,Premium,799,12.25,3
C05885,T1335,Central,Premium,799,18.0,1
C05886,T1407,East,Unlimited,1199,34.8,4
C05887,T1131,East,Unlimited,1199,10.94,1
C05888,T1239,Central,Premium,799,24.31,1
C05889,T1055,West,Basic,299,35.88,1
C05890,T1205,Central,Basic,299,33.05,4
C05891,T1367,Central,Standard,499,15.3,1
C05892,T1311,East,Basic,299,29.07,1
C05893,T1198,South,Premium,799,13.22,1
C05894,T1407,East,Basic,299,20.36,2
C05895,T1494,West,Unlimited,1199,37.74,1
C05896,T1330,North,Basic,299,25.19,0
C05897,T1117,Central,Premium,799,30.99,0
C05898,T1066,West,Premium,799,33.07,1
C05899,T1416,West,Basic,299,19.22,0
C05900,T1361,West,Unlimited,1199,26.32,0
C05901,T1349,Central,Basic,299,17.81,1
C05902,T1063,South,Basic,299,39.82,1
C05903,T1377,Central,Premium,799,18.04,0
C05904,T1286,West,Basic,299,0.29,1
C05905,T1096,West,Unlimited,1199,26.44,2
C05906,T1278,East,Standard,499,5.4,6
C05907,T1200,East,Unlimited,1199,8.11,3
C05908,T1488,East,Basic,299,24.19,0
C05909,T1236,East,Premium,799,42.34,0
C05910,T1089,Central,Basic,299,26.66,1
C05911,T1491,South,Premium,799,33.1,0
C05912,T1472,South,Standard,499,22.97,1
C05913,T1306,East,Standard,499,36.97,5
C05914,T1373,Central,Standard,499,17.82,2
C05915,T1399,East,Premium,799,18.38,1
C05916,T1487,Central,Standard,499,10.93,2
C05917,T1205,Central,Basic,299,28.22,2
C05918,T1089,Central,Basic,299,29.57,1
C05919,T1216,North,Basic,299,27.86,7
C05920,T1362,East,Unlimited,1199,28.82,1
C05921,T1187,South,Premium,799,37.7,2
C05922,T1263,Central,Basic,299,18.85,1
C05923,T1072,East,Standard,499,29.88,1
C05924,T1101,West,Premium,799,38.67,2
C05925,T1279,East,Standard,499,24.74,1
C05926,T1387,East,Premium,799,29.31,1
C05927,T1098,East,Basic,299,11.5,1
C05928,T1002,South,Unlimited,1199,18.84,1
C05929,T1185,West,Unlimited,1199,16.01,1
C05930,T1122,Central,Premium,799,23.4,0
C05931,T1435,South,Basic,299,7.18,2
C05932,T1245,Central,Premium,799,20.98,4
C05933,T1470,South,Premium,799,35.77,2
C05934,T1193,South,Standard,499,17.5,4
C05935,T1062,North,Basic,299,11.05,1
C05936,T1448,East,Standard,499,14.03,0
C05937,T1376,Central,Basic,299,17.21,2
C05938,T1155,East,Basic,299,17.23,1
C05939,T1464,South,Basic,299,40.69,0
C05940,T1077,East,Standard,499,39.35,1
C05941,T1096,West,Basic,299,20.99,1
C05942,T1292,South,Premium,799,5.02,0
C05943,T1188,South,Unlimited,1199,23.35,1
C05944,T1289,Central,Basic,299,25.01,3
C05945,T1477,West,Standard,499,21.86,0
C05946,T1173,Central,Unlimited,1199,20.11,1
C05947,T1051,Central,Unlimited,1199,19.88,0
C05948,T1475,Central,Unlimited,1199,37.33,1
C05949,T1041,South,Unlimited,1199,11.41,1
C05950,T1358,South,Basic,299,41.68,0
C05951,T1098,East,Basic,299,31.3,0
C05952,T1176,South,Unlimited,1199,37.92,0
C05953,T1256,West,Unlimited,1199,7.08,2
C05954,T1464,South,Basic,299,26.21,2
C05955,T1457,Central,Premium,799,29.11,0
C05956,T1037,South,Standard,499,33.63,5
C05957,T1465,North,Unlimited,1199,40.52,2
C05958,T1002,South,Premium,799,25.77,0
C05959,T1047,West,Unlimited,1199,26.17,1
C05960,T1129,West,Standard,499,19.6,7
C05961,T1302,Central,Premium,799,24.14,0
C05962,T1106,West,Standard,499,27.97,2
C05963,T1229,North,Unlimited,1199,30.3,6
C05964,T1132,East,Basic,299,25.3,1
C05965,T1387,East,Unlimited,1199,37.53,0
C05966,T1391,South,Unlimited,1199,22.7,0
C05967,T1234,East,Unlimited,1199,24.01,1
C05968,T1443,East,Unlimited,1199,19.54,0
C05969,T1439,East,Basic,299,20.23,5
C05970,T1004,South,Unlimited,1199,21.68,1
C05971,T1143,Central,Standard,499,12.33,2
C05972,T1158,West,Premium,799,19.76,1
C05973,T1482,West,Unlimited,1199,48.74,5
C05974,T1346,South,Standard,499,3.53,1
C05975,T1431,Central,Basic,299,19.67,1
C05976,T1327,East,Unlimited,1199,13.33,0
C05977,T1389,South,Standard,499,36.82,2
C05978,T1022,Central,Standard,499,20.35,2
C05979,T1115,North,Standard,499,15.22,1
C05980,T1135,Central,Unlimited,1199,38.22,1
C05981,T1383,Central,Unlimited,1199,36.23,0
C05982,T1170,West,Unlimited,1199,27.4,0
C05983,T1458,North,Premium,799,28.04,1
C05984,T1444,South,Premium,799,19.24,1
C05985,T1059,South,Basic,299,30.96,0
C05986,T1154,Central,Premium,799,32.03,1
C05987,T1459,South,Basic,299,25.59,1
C05988,T1300,South,Premium,799,28.83,2
C05989,T1358,South,Unlimited,1199,16.2,0
C05990,T1371,East,Standard,499,31.65,2
C05991,T1431,Central,Basic,299,20.13,0
C05992,T1277,North,Basic,299,33.52,3
C05993,T1176,South,Unlimited,1199,29.1,1
C05994,T1010,East,Premium,799,40.8,1
C05995,T1432,South,Premium,799,13.59,2
C05996,T1083,South,Unlimited,1199,3.29,2
C05997,T1026,South,Unlimited,1199,26.52,1
C05998,T1304,West,Premium,799,26.07,0
C05999,T1418,North,Premium,799,44.52,1
C06000,T1411,West,Unlimited,1199,32.57,0
C06001,T1211,South,Basic,299,25.96,0
C06002,T1053,South,Basic,299,30.1,2
C06003,T1026,South,Unlimited,1199,12.48,0
C06004,T1488,East,Unlimited,1199,15.08,0
C06005,T1200,East,Premium,799,35.77,0
C06006,T1451,South,Unlimited,1199,11.81,1
C06007,T1185,West,Premium,799,22.59,0
C06008,T1344,East,Premium,799,21.45,1
C06009,T1214,South,Premium,799,13.0,4
C06010,T1076,Central,Unlimited,1199,13.52,0
C06011,T1077,East,Standard,499,27.94,1
C06012,T1198,South,Standard,499,26.47,2
C06013,T1151,East,Premium,799,28.21,1
C06014,T1137,South,Basic,299,30.86,0
C06015,T1388,East,Standard,499,5.33,0
C06016,T1296,West,Basic,299,28.19,1
C06017,T1311,East,Premium,799,15.28,0
C06018,T1489,East,Unlimited,1199,5.28,0
C06019,T1270,North,Premium,799,39.02,1
C06020,T1379,South,Unlimited,1199,28.75,0
C06021,T1005,North,Unlimited,1199,19.34,1
C06022,T1194,Central,Standard,499,25.04,0
C06023,T1472,South,Unlimited,1199,20.08,1
C06024,T1111,East,Standard,499,19.74,0
C06025,T1476,East,Unlimited,1199,22.75,2
C06026,T1400,South,Unlimited,1199,26.98,1
C06027,T1017,South,Unlimited,1199,17.7,2
C06028,T1452,West,Unlimited,1199,35.66,1
C06029,T1455,West,Unlimited,1199,34.95,0
C06030,T1224,East,Premium,799,28.91,1
C06031,T1239,Central,Basic,299,16.02,2
C06032,T1387,East,Standard,499,29.77,0
C06033,T1291,West,Unlimited,1199,25.07,1
C06034,T1073,North,Unlimited,1199,10.49,2
C06035,T1114,West,Unlimited,1199,42.32,4
C06036,T1239,Central,Standard,499,21.64,1
C06037,T1450,South,Unlimited,1199,39.25,0
C06038,T1035,South,Basic,299,17.38,2
C06039,T1028,East,Unlimited,1199,31.9,1
C06040,T1388,East,Standard,499,18.9,3
C06041,T1183,Central,Basic,299,39.31,0
C06042,T1066,West,Unlimited,1199,27.1,1
C06043,T1088,South,Standard,499,16.76,0
C06044,T1338,West,Basic,299,36.83,0
C06045,T1208,East,Standard,499,25.09,1
C06046,T1147,West,Standard,499,16.84,0
C06047,T1083,South,Standard,499,21.96,0
C06048,T1098,East,Standard,499,43.3,2
C06049,T1026,South,Standard,499,18.37,2
C06050,T1110,East,Standard,499,30.14,0
C06051,T1129,West,Premium,799,8.02,5
C06052,T1011,East,Unlimited,1199,17.93,1
C06053,T1416,West,Basic,299,28.81,1
C06054,T1427,Central,Unlimited,1199,2.03,1
C06055,T1289,Central,Premium,799,29.75,0
C06056,T1362,East,Standard,499,26.36,3
C06057,T1348,East,Basic,299,28.66,1
C06058,T1204,West,Premium,799,31.91,1
C06059,T1335,Central,Standard,499,33.07,1
C06060,T1097,Central,Premium,799,20.52,1
C06061,T1224,East,Unlimited,1199,30.17,1
C06062,T1165,East,Standard,499,8.4,0
C06063,T1306,East,Premium,799,23.08,2
C06064,T1069,South,Premium,799,5.13,0
C06065,T1124,East,Unlimited,1199,24.41,3
C06066,T1366,Central,Basic,299,22.38,2
C06067,T1402,East,Unlimited,1199,21.77,1
C06068,T1441,East,Premium,799,11.2,1
C06069,T1129,West,Premium,799,40.33,6
C06070,T1272,East,Unlimited,1199,21.93,0
C06071,T1399,East,Premium,799,30.59,0
C06072,T1125,West,Basic,299,15.98,1
C06073,T1059,South,Basic,299,21.56,2
C06074,T1131,East,Standard,499,24.52,2
C06075,T1185,West,Premium,799,11.74,2
C06076,T1493,West,Premium,799,23.18,0
C06077,T1463,South,Standard,499,36.67,1
C06078,T1271,Central,Basic,299,13.06,0
C06079,T1165,East,Standard,499,43.2,2
C06080,T1498,North,Unlimited,1199,26.41,2
C06081,T1210,East,Premium,799,32.9,0
C06082,T1496,West,Standard,499,31.31,2
C06083,T1186,East,Premium,799,27.2,4
C06084,T1409,North,Basic,299,26.5,0
C06085,T1245,Central,Unlimited,1199,41.63,6
C06086,T1271,Central,Unlimited,1199,27.59,1
C06087,T1278,East,Unlimited,1199,25.35,5
C06088,T1347,Central,Standard,499,18.31,1
C06089,T1021,West,Standard,499,35.35,1
C06090,T1369,West,Standard,499,26.75,0
C06091,T1086,South,Basic,299,33.46,2
C06092,T1127,Central,Basic,299,33.96,1
C06093,T1469,Central,Unlimited,1199,15.84,1
C06094,T1017,South,Basic,299,43.23,2
C06095,T1318,East,Premium,799,33.85,1
C06096,T1286,West,Unlimited,1199,50.44,0
C06097,T1493,West,Unlimited,1199,20.44,0
C06098,T1472,South,Standard,499,31.18,6
C06099,T1397,West,Standard,499,14.93,2
C06100,T1276,West,Unlimited,1199,7.55,1
C06101,T1289,Central,Unlimited,1199,10.47,0
C06102,T1081,Central,Unlimited,1199,24.35,0
C06103,T1103,West,Basic,299,15.29,1
C06104,T1128,North,Standard,499,17.16,1
C06105,T1412,South,Premium,799,28.81,0
C06106,T1290,South,Premium,799,32.89,2
C06107,T1408,South,Unlimited,1199,2.31,2
C06108,T1088,South,Basic,299,34.19,0
C06109,T1242,North,Unlimited,1199,23.57,1
C06110,T1158,West,Premium,799,25.37,2
C06111,T1058,Central,Unlimited,1199,23.07,1
C06112,T1004,South,Standard,499,31.23,1
C06113,T1099,North,Standard,499,8.73,3
C06114,T1277,North,Basic,299,23.13,1
C06115,T1241,West,Basic,299,26.93,1
C06116,T1009,East,Premium,799,8.98,0
C06117,T1040,North,Basic,299,42.58,0
C06118,T1091,North,Unlimited,1199,10.08,1
C06119,T1159,North,Premium,799,38.48,2
C06120,T1350,Central,Basic,299,47.83,0
C06121,T1076,Central,Basic,299,17.72,0
C06122,T1075,East,Standard,499,32.58,2
C06123,T1374,North,Basic,299,23.96,0
C06124,T1042,South,Unlimited,1199,0.0,0
C06125,T1184,South,Premium,799,25.6,5
C06126,T1484,North,Premium,799,29.99,0
C06127,T1034,North,Unlimited,1199,25.5,2
C06128,T1141,North,Unlimited,1199,36.26,1
C06129,T1317,East,Standard,499,21.44,0
C06130,T1337,South,Basic,299,29.85,2
C06131,T1444,South,Premium,799,31.7,0
C06132,T1207,South,Unlimited,1199,42.01,0
C06133,T1067,East,Unlimited,1199,31.42,1
C06134,T1163,Central,Basic,299,10.46,1
C06135,T1399,East,Basic,299,17.69,2
C06136,T1182,West,Standard,499,40.67,2
C06137,T1207,South,Unlimited,1199,32.91,0
C06138,T1129,West,Premium,799,24.42,6
C06139,T1422,East,Basic,299,41.21,2
C06140,T1117,Central,Unlimited,1199,44.34,1
C06141,T1028,East,Unlimited,1199,8.97,0
C06142,T1273,North,Premium,799,27.96,4
C06143,T1376,Central,Standard,499,16.59,1
C06144,T1103,West,Basic,299,15.8,1
C06145,T1293,North,Premium,799,25.51,2
C06146,T1259,Central,Unlimited,1199,31.18,2
C06147,T1461,Central,Standard,499,24.78,2
C06148,T1352,East,Standard,499,12.19,2
C06149,T1203,North,Basic,299,27.3,1
C06150,T1218,North,Basic,299,14.07,1
C06151,T1407,East,Basic,299,26.86,2
C06152,T1442,East,Premium,799,9.77,1
C06153,T1171,Central,Unlimited,1199,0.0,3
C06154,T1304,West,Standard,499,30.12,0
C06155,T1117,Central,Standard,499,31.2,1
C06156,T1205,Central,Unlimited,1199,34.23,1
C06157,T1137,South,Premium,799,23.01,0
C06158,T1256,West,Basic,299,27.09,1
C06159,T1317,East,Unlimited,1199,31.69,0
C06160,T1003,Central,Basic,299,27.54,0
C06161,T1186,East,Basic,299,33.19,1
C06162,T1369,West,Basic,299,21.67,1
C06163,T1289,Central,Unlimited,1199,30.5,0
C06164,T1254,South,Unlimited,1199,19.56,0
C06165,T1342,Central,Standard,499,33.47,1
C06166,T1014,South,Standard,499,24.22,2
C06167,T1179,North,Basic,299,41.29,1
C06168,T1292,South,Standard,499,18.48,1
C06169,T1023,East,Basic,299,23.08,1
C06170,T1434,East,Standard,499,41.22,0
C06171,T1281,South,Premium,799,14.98,1
C06172,T1064,Central,Standard,499,54.82,2
C06173,T1116,East,Standard,499,20.79,1
C06174,T1496,West,Unlimited,1199,10.31,0
C06175,T1430,South,Basic,299,33.05,0
C06176,T1425,Central,Premium,799,30.45,3
C06177,T1294,Central,Standard,499,15.43,1
C06178,T1386,East,Unlimited,1199,36.58,0
C06179,T1299,South,Premium,799,13.59,1
C06180,T1258,East,Standard,499,29.92,1
C06181,T1303,North,Basic,299,31.13,2
C06182,T1175,East,Premium,799,27.17,3
C06183,T1468,North,Premium,799,16.53,2
C06184,T1415,North,Basic,299,12.18,0
C06185,T1039,West,Unlimited,1199,28.14,0
C06186,T1431,Central,Standard,499,27.6,1
C06187,T1410,West,Unlimited,1199,20.57,0
C06188,T1042,South,Premium,799,23.65,4
C06189,T1307,West,Standard,499,40.12,0
C06190,T1498,North,Basic,299,23.09,2
C06191,T1462,Central,Unlimited,1199,16.33,1
C06192,T1171,Central,Unlimited,1199,31.4,0
C06193,T1154,Central,Basic,299,38.75,2
C06194,T1405,South,Premium,799,27.33,1
C06195,T1468,North,Standard,499,36.06,0
C06196,T1153,West,Unlimited,1199,29.93,0
C06197,T1423,West,Standard,499,35.81,1
C06198,T1298,South,Unlimited,1199,15.32,4
C06199,T1197,Central,Standard,499,14.97,0
C06200,T1177,West,Basic,299,20.98,3
C06201,T1264,South,Standard,499,26.85,0
C06202,T1354,East,Basic,299,19.69,2
C06203,T1153,West,Unlimited,1199,21.64,0
C06204,T1372,Central,Unlimited,1199,12.37,0
C06205,T1120,North,Unlimited,1199,18.57,2
C06206,T1362,East,Unlimited,1199,35.18,1
C06207,T1245,Central,Standard,499,17.63,3
C06208,T1152,Central,Standard,499,14.18,0
C06209,T1325,North,Premium,799,23.73,2
C06210,T1101,West,Premium,799,26.45,1
C06211,T1440,West,Premium,799,30.54,1
C06212,T1318,East,Unlimited,1199,20.43,1
C06213,T1265,South,Unlimited,1199,21.19,3
C06214,T1084,East,Unlimited,1199,44.25,1
C06215,T1185,West,Unlimited,1199,23.47,0
C06216,T1056,South,Premium,799,22.2,2
C06217,T1462,Central,Unlimited,1199,21.81,2
C06218,T1385,South,Premium,799,0.0,0
C06219,T1114,West,Basic,299,17.58,1
C06220,T1427,Central,Standard,499,24.78,0
C06221,T1314,North,Basic,299,31.53,3
C06222,T1390,North,Standard,499,30.25,0
C06223,T1138,South,Basic,299,25.3,1
C06224,T1328,West,Premium,799,29.04,1
C06225,T1064,Central,Premium,799,23.91,0
C06226,T1241,West,Unlimited,1199,31.65,0
C06227,T1492,East,Basic,299,29.65,0
C06228,T1320,South,Basic,299,36.57,0
C06229,T1369,West,Basic,299,18.72,2
C06230,T1290,South,Premium,799,16.78,4
C06231,T1004,South,Basic,299,8.82,4
C06232,T1214,South,Premium,799,43.68,6
C06233,T1116,East,Unlimited,1199,25.96,0
C06234,T1212,West,Standard,499,16.92,2
C06235,T1147,West,Standard,499,25.57,0
C06236,T1207,South,Unlimited,1199,29.17,0
C06237,T1355,South,Standard,499,34.23,0
C06238,T1064,Central,Premium,799,27.84,2
C06239,T1133,South,Standard,499,8.76,1
C06240,T1472,South,Basic,299,40.96,3
C06241,T1211,South,Standard,499,49.6,1
C06242,T1027,North,Basic,299,26.05,1
C06243,T1367,Central,Premium,799,38.55,3
C06244,T1472,South,Basic,299,39.6,4
C06245,T1347,Central,Premium,799,0.0,1
C06246,T1075,East,Unlimited,1199,20.73,1
C06247,T1123,East,Basic,299,17.05,3
C06248,T1385,South,Unlimited,1199,42.04,1
C06249,T1094,Central,Standard,499,25.31,1
C06250,T1202,East,Premium,799,19.43,2
C06251,T1466,South,Basic,299,31.37,2
C06252,T1132,East,Unlimited,1199,7.0,1
C06253,T1491,South,Premium,799,25.74,1
C06254,T1215,North,Basic,299,27.25,1
C06255,T1449,West,Basic,299,25.96,0
C06256,T1324,North,Basic,299,29.8,1
C06257,T1267,East,Premium,799,36.61,1
C06258,T1064,Central,Standard,499,44.89,1
C06259,T1111,East,Premium,799,16.43,0
C06260,T1312,West,Premium,799,8.71,0
C06261,T1229,North,Premium,799,31.4,5
C06262,T1080,Central,Standard,499,17.83,0
C06263,T1427,Central,Premium,799,9.71,0
C06264,T1315,West,Unlimited,1199,17.35,0
C06265,T1350,Central,Unlimited,1199,31.45,2
C06266,T1466,South,Unlimited,1199,25.33,0
C06267,T1403,Central,Unlimited,1199,15.82,0
C06268,T1408,South,Basic,299,27.34,3
C06269,T1180,North,Standard,499,12.67,1
C06270,T1441,East,Basic,299,19.27,1
C06271,T1404,West,Standard,499,21.93,2
C06272,T1220,South,Standard,499,34.08,0
C06273,T1379,South,Premium,799,15.9,1
C06274,T1238,North,Standard,499,25.97,0
C06275,T1206,Central,Premium,799,5.83,0
C06276,T1005,North,Basic,299,25.91,1
C06277,T1368,East,Standard,499,31.75,0
C06278,T1073,North,Basic,299,19.73,3
C06279,T1294,Central,Basic,299,15.64,1
C06280,T1360,East,Basic,299,11.1,2
C06281,T1221,North,Premium,799,40.97,0
C06282,T1431,Central,Unlimited,1199,20.66,0
C06283,T1208,East,Basic,299,23.99,1
C06284,T1442,East,Premium,799,25.56,1
C06285,T1154,Central,Standard,499,30.82,2
C06286,T1231,West,Unlimited,1199,25.7,1
C06287,T1127,Central,Premium,799,22.59,2
C06288,T1162,North,Premium,799,36.01,0
C06289,T1337,South,Basic,299,26.27,5
C06290,T1090,South,Standard,499,19.42,1
C06291,T1063,South,Unlimited,1199,25.75,0
C06292,T1317,East,Unlimited,1199,15.05,2
C06293,T1306,East,Standard,499,29.83,2
C06294,T1376,Central,Unlimited,1199,35.29,2
C06295,T1226,Central,Premium,799,34.74,0
C06296,T1415,North,Premium,799,27.15,3
C06297,T1484,North,Standard,499,20.66,1
C06298,T1318,East,Standard,499,11.74,0
C06299,T1156,Central,Standard,499,22.3,0
C06300,T1350,Central,Unlimited,1199,30.19,2
C06301,T1300,South,Basic,299,34.14,2
C06302,T1141,North,Premium,799,12.9,1
C06303,T1437,West,Standard,499,28.91,1
C06304,T1378,Central,Standard,499,22.09,0
C06305,T1405,South,Premium,799,34.17,2
C06306,T1089,Central,Unlimited,1199,12.16,0
C06307,T1285,North,Standard,499,14.23,2
C06308,T1171,Central,Unlimited,1199,38.7,0
C06309,T1101,West,Standard,499,29.67,2
C06310,T1423,West,Basic,299,33.98,2
C06311,T1456,Central,Standard,499,22.95,1
C06312,T1126,West,Basic,299,28.65,1
C06313,T1478,West,Unlimited,1199,30.59,1
C06314,T1119,North,Premium,799,17.65,0
C06315,T1174,East,Standard,499,40.87,2
C06316,T1322,East,Standard,499,31.71,1
C06317,T1025,North,Standard,499,16.36,0
C06318,T1117,Central,Unlimited,1199,28.7,1
C06319,T1158,West,Basic,299,27.52,2
C06320,T1432,South,Standard,499,12.92,3
C06321,T1078,Central,Premium,799,22.15,4
C06322,T1477,West,Premium,799,14.07,0
C06323,T1011,East,Premium,799,43.09,0
C06324,T1097,Central,Unlimited,1199,34.22,1
C06325,T1080,Central,Basic,299,23.59,0
C06326,T1123,East,Standard,499,33.56,3
C06327,T1022,Central,Premium,799,13.06,1
C06328,T1468,North,Basic,299,22.52,1
C06329,T1204,West,Basic,299,23.75,2
C06330,T1064,Central,Standard,499,25.27,0
C06331,T1420,Central,Standard,499,27.25,0
C06332,T1167,South,Basic,299,17.36,1
C06333,T1419,Central,Basic,299,33.51,1
C06334,T1249,Central,Basic,299,31.72,0
C06335,T1187,South,Premium,799,16.89,1
C06336,T1166,North,Unlimited,1199,34.06,2
C06337,T1027,North,Premium,799,35.77,0
C06338,T1324,North,Basic,299,22.57,1
C06339,T1139,West,Standard,499,17.2,1
C06340,T1077,East,Premium,799,32.0,3
C06341,T1484,North,Premium,799,13.54,0
C06342,T1201,Central,Premium,799,24.89,0
C06343,T1036,Central,Basic,299,18.09,2
C06344,T1303,North,Standard,499,24.72,1
C06345,T1190,East,Premium,799,21.94,1
C06346,T1438,West,Basic,299,23.28,2
C06347,T1067,East,Premium,799,13.79,0
C06348,T1119,North,Basic,299,19.29,1
C06349,T1481,West,Unlimited,1199,19.26,2
C06350,T1394,East,Basic,299,37.11,0
C06351,T1300,South,Basic,299,37.37,0
C06352,T1432,South,Standard,499,23.38,1
C06353,T1421,North,Premium,799,26.39,1
C06354,T1462,Central,Basic,299,40.82,4
C06355,T1178,Central,Standard,499,29.27,0
C06356,T1373,Central,Premium,799,35.11,0
C06357,T1312,West,Premium,799,16.42,1
C06358,T1476,East,Basic,299,14.57,2
C06359,T1315,West,Unlimited,1199,35.75,0
C06360,T1056,South,Premium,799,32.02,0
C06361,T1354,East,Unlimited,1199,30.88,3
C06362,T1183,Central,Unlimited,1199,17.83,1
C06363,T1486,West,Basic,299,34.87,1
C06364,T1457,Central,Unlimited,1199,10.11,1
C06365,T1221,North,Standard,499,16.93,1
C06366,T1088,South,Standard,499,26.82,0
C06367,T1142,North,Unlimited,1199,25.14,1
C06368,T1125,West,Basic,299,17.91,2
C06369,T1430,South,Unlimited,1199,20.11,1
C06370,T1061,South,Unlimited,1199,18.6,1
C06371,T1068,Central,Basic,299,21.73,1
C06372,T1343,North,Premium,799,18.46,2
C06373,T1456,Central,Unlimited,1199,25.81,0
C06374,T1121,South,Premium,799,37.22,0
C06375,T1067,East,Basic,299,29.25,1
C06376,T1447,South,Basic,299,19.52,0
C06377,T1234,East,Unlimited,1199,38.13,0
C06378,T1481,West,Basic,299,23.19,3
C06379,T1160,South,Basic,299,28.13,1
C06380,T1148,South,Standard,499,21.43,0
C06381,T1028,East,Premium,799,21.79,0
C06382,T1310,East,Unlimited,1199,19.95,1
C06383,T1256,West,Premium,799,21.63,3
C06384,T1341,West,Unlimited,1199,36.65,1
C06385,T1304,West,Unlimited,1199,26.43,0
C06386,T1235,North,Basic,299,31.04,1
C06387,T1156,Central,Standard,499,32.93,2
C06388,T1351,East,Standard,499,23.97,1
C06389,T1354,East,Unlimited,1199,44.28,2
C06390,T1467,North,Basic,299,32.92,1
C06391,T1381,East,Basic,299,8.86,3
C06392,T1055,West,Basic,299,13.99,0
C06393,T1040,North,Premium,799,33.81,0
C06394,T1391,South,Unlimited,1199,23.69,3
C06395,T1375,Central,Basic,299,46.25,0
C06396,T1434,East,Basic,299,22.33,1
C06397,T1375,Central,Standard,499,39.1,1
C06398,T1307,West,Standard,499,29.95,1
C06399,T1248,North,Basic,299,14.72,2
C06400,T1275,Central,Standard,499,52.83,0
C06401,T1019,South,Premium,799,6.24,0
C06402,T1409,North,Unlimited,1199,36.69,0
C06403,T1336,East,Basic,299,11.89,0
C06404,T1197,Central,Standard,499,25.12,0
C06405,T1284,East,Basic,299,20.18,2
C06406,T1208,East,Unlimited,1199,45.49,0
C06407,T1362,East,Premium,799,22.69,2
C06408,T1045,West,Premium,799,28.93,0
C06409,T1477,West,Unlimited,1199,24.69,0
C06410,T1476,East,Basic,299,32.5,2
C06411,T1179,North,Basic,299,27.04,1
C06412,T1338,West,Unlimited,1199,17.7,1
C06413,T1171,Central,Unlimited,1199,25.79,1
C06414,T1388,East,Standard,499,11.11,1
C06415,T1194,Central,Unlimited,1199,39.09,2
C06416,T1090,South,Basic,299,35.38,0
C06417,T1006,Central,Unlimited,1199,14.7,3
C06418,T1486,West,Standard,499,16.68,1
C06419,T1365,Central,Unlimited,1199,26.94,2
C06420,T1080,Central,Basic,299,24.64,2
C06421,T1370,West,Basic,299,21.66,2
C06422,T1344,East,Premium,799,12.98,0
C06423,T1229,North,Standard,499,34.81,2
C06424,T1234,East,Standard,499,26.57,4
C06425,T1180,North,Unlimited,1199,44.32,1
C06426,T1144,East,Basic,299,16.7,0
C06427,T1238,North,Standard,499,52.13,0
C06428,T1372,Central,Basic,299,29.26,0
C06429,T1491,South,Standard,499,25.97,2
C06430,T1025,North,Unlimited,1199,22.21,0
C06431,T1309,East,Unlimited,1199,12.73,1
C06432,T1487,Central,Premium,799,14.23,2
C06433,T1052,West,Premium,799,25.48,1
C06434,T1177,West,Premium,799,24.09,0
C06435,T1311,East,Standard,499,27.09,3
C06436,T1210,East,Unlimited,1199,14.79,3
C06437,T1456,Central,Basic,299,6.69,1
C06438,T1133,South,Unlimited,1199,16.12,1
C06439,T1246,East,Premium,799,35.16,2
C06440,T1288,West,Basic,299,28.08,3
C06441,T1483,South,Unlimited,1199,31.21,2
C06442,T1194,Central,Unlimited,1199,46.71,2
C06443,T1230,East,Premium,799,20.9,0
C06444,T1035,South,Premium,799,17.99,1
C06445,T1390,North,Unlimited,1199,21.62,1
C06446,T1457,Central,Basic,299,14.34,0
C06447,T1043,West,Unlimited,1199,29.51,0
C06448,T1155,East,Premium,799,34.25,0
C06449,T1220,South,Basic,299,33.18,0
C06450,T1179,North,Premium,799,29.83,0
C06451,T1420,Central,Unlimited,1199,25.45,3
C06452,T1106,West,Premium,799,19.54,0
C06453,T1127,Central,Basic,299,47.58,2
C06454,T1257,Central,Basic,299,19.35,2
C06455,T1469,Central,Unlimited,1199,18.29,1
C06456,T1107,Central,Standard,499,31.5,1
C06457,T1008,East,Basic,299,21.07,0
C06458,T1068,Central,Premium,799,46.06,2
C06459,T1270,North,Premium,799,8.01,2
C06460,T1219,South,Premium,799,27.1,0
C06461,T1388,East,Standard,499,13.07,3
C06462,T1122,Central,Unlimited,1199,23.98,2
C06463,T1360,East,Unlimited,1199,22.17,1
C06464,T1246,East,Standard,499,35.93,2
C06465,T1009,East,Standard,499,29.59,1
C06466,T1050,North,Unlimited,1199,11.25,2
C06467,T1253,East,Unlimited,1199,34.52,2
C06468,T1055,West,Standard,499,13.95,1
C06469,T1429,North,Unlimited,1199,14.92,3
C06470,T1055,West,Premium,799,28.62,1
C06471,T1144,East,Unlimited,1199,22.03,2
C06472,T1344,East,Standard,499,30.13,1
C06473,T1006,Central,Basic,299,41.69,3
C06474,T1073,North,Premium,799,29.34,2
C06475,T1340,North,Basic,299,23.18,0
C06476,T1070,West,Premium,799,27.53,1
C06477,T1489,East,Premium,799,36.16,2
C06478,T1172,East,Premium,799,28.73,2
C06479,T1012,Central,Basic,299,32.69,0
C06480,T1175,East,Premium,799,40.54,1
C06481,T1302,Central,Basic,299,7.58,0
C06482,T1259,Central,Basic,299,15.34,7
C06483,T1300,South,Standard,499,18.73,1
C06484,T1290,South,Unlimited,1199,35.39,1
C06485,T1205,Central,Unlimited,1199,39.81,3
C06486,T1266,West,Unlimited,1199,17.19,1
C06487,T1069,South,Premium,799,22.03,1
C06488,T1193,South,Basic,299,19.61,7
C06489,T1109,East,Basic,299,19.68,1
C06490,T1103,West,Premium,799,20.05,0
C06491,T1127,Central,Standard,499,8.23,0
C06492,T1395,Central,Basic,299,15.65,1
C06493,T1014,South,Basic,299,22.37,1
C06494,T1297,Central,Basic,299,42.52,2
C06495,T1149,North,Standard,499,5.14,1
C06496,T1160,South,Standard,499,17.73,2
C06497,T1314,North,Premium,799,19.45,0
C06498,T1316,East,Standard,499,21.85,3
C06499,T1009,East,Unlimited,1199,18.26,2
C06500,T1354,East,Premium,799,39.83,2
C06501,T1224,East,Unlimited,1199,35.57,1
C06502,T1160,South,Premium,799,32.15,2
C06503,T1211,South,Unlimited,1199,22.13,0
C06504,T1078,Central,Unlimited,1199,19.72,3
C06505,T1183,Central,Basic,299,15.06,1
C06506,T1267,East,Unlimited,1199,24.89,1
C06507,T1080,Central,Standard,499,37.66,0
C06508,T1172,East,Standard,499,22.24,2
C06509,T1231,West,Premium,799,26.95,1
C06510,T1323,Central,Unlimited,1199,11.42,0
C06511,T1028,East,Basic,299,22.51,0
C06512,T1084,East,Standard,499,44.14,0
C06513,T1127,Central,Basic,299,10.81,1
C06514,T1066,West,Standard,499,22.01,1
C06515,T1459,South,Premium,799,22.4,1
C06516,T1019,South,Premium,799,28.62,2
C06517,T1195,North,Unlimited,1199,17.78,2
C06518,T1231,West,Basic,299,29.86,0
C06519,T1094,Central,Premium,799,29.6,1
C06520,T1040,North,Premium,799,31.35,3
C06521,T1265,South,Basic,299,28.25,2
C06522,T1422,East,Premium,799,28.39,1
C06523,T1052,West,Standard,499,21.79,2
C06524,T1395,Central,Basic,299,17.32,1
C06525,T1172,East,Basic,299,43.36,1
C06526,T1211,South,Unlimited,1199,34.57,1
C06527,T1220,South,Basic,299,37.84,0
C06528,T1363,East,Basic,299,21.46,1
C06529,T1435,South,Standard,499,16.37,1
C06530,T1111,East,Standard,499,5.64,1
C06531,T1249,Central,Premium,799,25.36,2
C06532,T1394,East,Premium,799,10.33,0
C06533,T1248,North,Basic,299,41.24,2
C06534,T1298,South,Unlimited,1199,46.01,3
C06535,T1213,Central,Basic,299,19.42,0
C06536,T1167,South,Standard,499,25.93,1
C06537,T1242,North,Unlimited,1199,46.05,1
C06538,T1313,West,Premium,799,33.68,3
C06539,T1424,South,Premium,799,32.94,3
C06540,T1155,East,Premium,799,24.94,3
C06541,T1079,Central,Basic,299,13.86,2
C06542,T1074,East,Standard,499,25.5,0
C06543,T1409,North,Premium,799,21.13,1
C06544,T1355,South,Standard,499,31.22,1
C06545,T1128,North,Unlimited,1199,21.0,1
C06546,T1097,Central,Basic,299,21.49,0
C06547,T1125,West,Unlimited,1199,17.46,0
C06548,T1120,North,Unlimited,1199,22.64,0
C06549,T1039,West,Premium,799,23.92,0
C06550,T1187,South,Basic,299,16.26,2
C06551,T1115,North,Basic,299,26.1,2
C06552,T1428,South,Basic,299,24.69,0
C06553,T1467,North,Basic,299,40.08,0
C06554,T1356,West,Standard,499,46.03,1
C06555,T1194,Central,Unlimited,1199,22.82,0
C06556,T1323,Central,Basic,299,41.79,3
C06557,T1471,Central,Premium,799,8.96,2
C06558,T1309,East,Standard,499,24.37,1
C06559,T1342,Central,Unlimited,1199,31.3,2
C06560,T1003,Central,Unlimited,1199,53.14,1
C06561,T1043,West,Basic,299,38.56,0
C06562,T1135,Central,Unlimited,1199,15.7,0
C06563,T1476,East,Basic,299,31.78,1
C06564,T1447,South,Basic,299,28.11,1
C06565,T1425,Central,Basic,299,36.24,1
C06566,T1417,Central,Standard,499,25.62,0
C06567,T1375,Central,Premium,799,37.98,2
C06568,T1433,Central,Unlimited,1199,14.2,0
C06569,T1489,East,Standard,499,21.77,0
C06570,T1454,East,Premium,799,31.01,2
C06571,T1371,East,Unlimited,1199,27.06,0
C06572,T1209,East,Standard,499,22.6,4
C06573,T1148,South,Basic,299,9.93,0
C06574,T1496,West,Basic,299,53.77,0
C06575,T1112,North,Premium,799,29.32,1
C06576,T1040,North,Premium,799,17.87,2
C06577,T1047,West,Standard,499,23.44,0
C06578,T1386,East,Basic,299,23.01,1
C06579,T1264,South,Basic,299,24.98,2
C06580,T1056,South,Basic,299,16.84,1
C06581,T1159,North,Basic,299,40.74,1
C06582,T1485,Central,Premium,799,24.52,1
C06583,T1471,Central,Basic,299,26.16,2
C06584,T1080,Central,Premium,799,15.2,1
C06585,T1325,North,Basic,299,24.93,1
C06586,T1227,North,Basic,299,39.06,1
C06587,T1158,West,Premium,799,31.81,1
C06588,T1230,East,Basic,299,30.41,2
C06589,T1257,Central,Premium,799,15.76,1
C06590,T1212,West,Basic,299,2.07,0
C06591,T1293,North,Premium,799,38.43,0
C06592,T1405,South,Basic,299,25.9,1
C06593,T1413,North,Unlimited,1199,14.83,1
C06594,T1232,South,Basic,299,33.14,3
C06595,T1151,East,Unlimited,1199,12.08,2
C06596,T1269,East,Standard,499,28.21,2
C06597,T1035,South,Basic,299,25.56,2
C06598,T1101,West,Basic,299,27.27,2
C06599,T1134,South,Premium,799,33.23,1
C06600,T1390,North,Unlimited,1199,17.01,1
C06601,T1139,West,Premium,799,13.1,2
C06602,T1242,North,Standard,499,7.38,0
C06603,T1484,North,Standard,499,23.38,2
C06604,T1234,East,Premium,799,20.96,0
C06605,T1338,West,Unlimited,1199,12.99,1
C06606,T1307,West,Premium,799,42.57,3
C06607,T1404,West,Basic,299,15.54,5
C06608,T1371,East,Premium,799,18.36,0
C06609,T1013,West,Standard,499,32.28,0
C06610,T1109,East,Unlimited,1199,38.47,3
C06611,T1135,Central,Premium,799,30.05,0
C06612,T1316,East,Unlimited,1199,17.82,1
C06613,T1001,North,Standard,499,31.29,0
C06614,T1126,West,Basic,299,18.17,2
C06615,T1362,East,Standard,499,20.71,0
C06616,T1201,Central,Premium,799,30.72,2
C06617,T1045,West,Standard,499,25.08,1
C06618,T1417,Central,Unlimited,1199,24.01,0
C06619,T1493,West,Premium,799,34.51,1
C06620,T1036,Central,Basic,299,29.66,1
C06621,T1426,North,Unlimited,1199,15.62,0
C06622,T1008,East,Standard,499,40.81,0
C06623,T1085,West,Unlimited,1199,14.78,0
C06624,T1388,East,Unlimited,1199,28.17,0
C06625,T1179,North,Standard,499,18.16,1
C06626,T1481,West,Basic,299,16.41,3
C06627,T1359,South,Basic,299,15.9,0
C06628,T1178,Central,Unlimited,1199,33.68,1
C06629,T1473,North,Unlimited,1199,36.98,1
C06630,T1123,East,Basic,299,17.86,2
C06631,T1041,South,Basic,299,13.71,1
C06632,T1273,North,Unlimited,1199,3.52,5
C06633,T1151,East,Unlimited,1199,29.44,4
C06634,T1402,East,Basic,299,39.75,2
C06635,T1084,East,Premium,799,30.67,2
C06636,T1115,North,Unlimited,1199,33.81,0
C06637,T1019,South,Unlimited,1199,24.57,0
C06638,T1476,East,Premium,799,11.65,1
C06639,T1010,East,Basic,299,8.25,0
C06640,T1143,Central,Unlimited,1199,20.56,0
C06641,T1148,South,Unlimited,1199,26.79,0
C06642,T1237,Central,Premium,799,17.16,1
C06643,T1448,East,Unlimited,1199,15.42,0
C06644,T1396,South,Premium,799,31.65,1
C06645,T1260,West,Premium,799,33.52,0
C06646,T1264,South,Basic,299,18.28,1
C06647,T1239,Central,Basic,299,19.12,1
C06648,T1459,South,Standard,499,48.16,1
C06649,T1207,South,Basic,299,18.95,2
C06650,T1012,Central,Basic,299,25.3,5
C06651,T1471,Central,Unlimited,1199,32.14,5
C06652,T1002,South,Basic,299,30.77,1
C06653,T1227,North,Unlimited,1199,15.2,0
C06654,T1486,West,Standard,499,8.49,0
C06655,T1334,North,Unlimited,1199,15.64,0
C06656,T1160,South,Premium,799,17.16,0
C06657,T1304,West,Standard,499,12.76,2
C06658,T1414,South,Standard,499,35.4,1
C06659,T1417,Central,Basic,299,27.89,1
C06660,T1227,North,Basic,299,23.15,0
C06661,T1056,South,Basic,299,24.09,2
C06662,T1226,Central,Basic,299,9.41,2
C06663,T1293,North,Unlimited,1199,31.62,0
C06664,T1426,North,Basic,299,13.69,2
C06665,T1018,East,Premium,799,22.84,6
C06666,T1012,Central,Standard,499,34.09,0
C06667,T1472,South,Basic,299,18.77,4
C06668,T1146,South,Premium,799,14.04,1
C06669,T1044,North,Premium,799,31.77,1
C06670,T1171,Central,Unlimited,1199,29.24,2
C06671,T1229,North,Premium,799,18.36,2
C06672,T1118,North,Standard,499,18.73,2
C06673,T1340,North,Premium,799,24.55,1
C06674,T1339,West,Unlimited,1199,14.77,1
C06675,T1359,South,Premium,799,32.2,0
C06676,T1191,Central,Standard,499,27.62,0
C06677,T1117,Central,Basic,299,29.18,0
C06678,T1245,Central,Basic,299,15.46,5
C06679,T1372,Central,Standard,499,18.73,1
C06680,T1184,South,Standard,499,12.99,2
C06681,T1448,East,Basic,299,26.31,2
C06682,T1159,North,Standard,499,42.09,1
C06683,T1196,Central,Unlimited,1199,28.83,2
C06684,T1178,Central,Standard,499,15.43,0
C06685,T1368,East,Unlimited,1199,10.62,0
C06686,T1367,Central,Basic,299,24.79,0
C06687,T1490,East,Unlimited,1199,36.76,1
C06688,T1331,Central,Unlimited,1199,13.49,2
C06689,T1120,North,Basic,299,8.37,1
C06690,T1232,South,Standard,499,18.63,4
C06691,T1492,East,Premium,799,34.61,0
C06692,T1390,North,Unlimited,1199,30.13,0
C06693,T1355,South,Standard,499,17.43,2
C06694,T1139,West,Unlimited,1199,18.45,0
C06695,T1367,Central,Standard,499,35.63,0
C06696,T1475,Central,Standard,499,16.26,0
C06697,T1405,South,Premium,799,27.35,1
C06698,T1433,Central,Unlimited,1199,28.34,1
C06699,T1439,East,Premium,799,20.8,0
C06700,T1496,West,Standard,499,9.67,1
C06701,T1427,Central,Standard,499,15.52,2
C06702,T1443,East,Unlimited,1199,22.56,4
C06703,T1337,South,Unlimited,1199,38.79,7
C06704,T1232,South,Basic,299,41.15,0
C06705,T1133,South,Basic,299,48.2,1
C06706,T1473,North,Standard,499,21.56,1
C06707,T1140,East,Standard,499,16.13,1
C06708,T1405,South,Basic,299,10.74,0
C06709,T1458,North,Unlimited,1199,41.84,1
C06710,T1469,Central,Unlimited,1199,33.59,0
C06711,T1225,Central,Basic,299,37.01,2
C06712,T1220,South,Basic,299,23.2,0
C06713,T1187,South,Premium,799,32.96,2
C06714,T1286,West,Basic,299,22.46,2
C06715,T1244,North,Standard,499,8.39,1
C06716,T1422,East,Premium,799,21.01,4
C06717,T1236,East,Standard,499,29.31,2
C06718,T1060,South,Basic,299,41.35,1
C06719,T1198,South,Standard,499,23.95,1
C06720,T1173,Central,Basic,299,26.83,1
C06721,T1201,Central,Standard,499,26.0,0
C06722,T1478,West,Premium,799,41.89,0
C06723,T1384,East,Premium,799,22.7,1
C06724,T1201,Central,Premium,799,26.16,1
C06725,T1205,Central,Standard,499,30.53,6
C06726,T1273,North,Unlimited,1199,10.96,5
C06727,T1052,West,Premium,799,26.17,0
C06728,T1339,West,Premium,799,20.74,1
C06729,T1184,South,Unlimited,1199,33.04,2
C06730,T1433,Central,Standard,499,34.16,0
C06731,T1306,East,Standard,499,2.37,4
C06732,T1338,West,Standard,499,15.63,0
C06733,T1243,East,Basic,299,7.3,0
C06734,T1370,West,Unlimited,1199,22.6,1
C06735,T1203,North,Standard,499,10.82,3
C06736,T1185,West,Premium,799,31.04,0
C06737,T1064,Central,Basic,299,38.34,1
C06738,T1168,South,Basic,299,19.77,2
C06739,T1318,East,Standard,499,37.72,0
C06740,T1199,West,Basic,299,24.02,2
C06741,T1003,Central,Basic,299,30.68,2
C06742,T1341,West,Basic,299,21.92,0
C06743,T1401,South,Basic,299,27.2,3
C06744,T1341,West,Basic,299,39.29,2
C06745,T1042,South,Premium,799,31.72,0
C06746,T1217,North,Basic,299,30.84,0
C06747,T1212,West,Basic,299,17.3,0
C06748,T1433,Central,Unlimited,1199,19.06,1
C06749,T1098,East,Premium,799,29.29,0
C06750,T1403,Central,Premium,799,38.52,1
C06751,T1495,East,Basic,299,28.16,3
C06752,T1485,Central,Basic,299,10.1,0
C06753,T1437,West,Standard,499,30.64,1
C06754,T1000,North,Basic,299,11.24,0
C06755,T1344,East,Standard,499,21.65,1
C06756,T1335,Central,Standard,499,26.78,2
C06757,T1271,Central,Premium,799,22.86,3
C06758,T1340,North,Unlimited,1199,19.66,0
C06759,T1426,North,Basic,299,22.25,1
C06760,T1391,South,Unlimited,1199,38.18,1
C06761,T1244,North,Standard,499,22.04,3
C06762,T1100,South,Standard,499,28.79,1
C06763,T1037,South,Basic,299,39.55,4
C06764,T1340,North,Premium,799,2.32,2
C06765,T1270,North,Basic,299,11.01,0
C06766,T1252,North,Unlimited,1199,17.83,2
C06767,T1485,Central,Standard,499,19.61,2
C06768,T1321,East,Unlimited,1199,39.35,1
C06769,T1438,West,Premium,799,29.61,4
C06770,T1496,West,Premium,799,32.95,1
C06771,T1371,East,Unlimited,1199,36.32,0
C06772,T1035,South,Standard,499,24.2,0
C06773,T1064,Central,Basic,299,25.68,0
C06774,T1395,Central,Standard,499,22.42,1
C06775,T1449,West,Standard,499,34.42,3
C06776,T1010,East,Unlimited,1199,26.66,0
C06777,T1109,East,Basic,299,38.81,1
C06778,T1269,East,Unlimited,1199,20.28,1
C06779,T1420,Central,Premium,799,28.09,3
C06780,T1062,North,Unlimited,1199,26.99,4
C06781,T1196,Central,Basic,299,32.15,2
C06782,T1326,North,Standard,499,30.57,4
C06783,T1424,South,Basic,299,18.05,1
C06784,T1079,Central,Standard,499,26.56,0
C06785,T1211,South,Premium,799,35.08,0
C06786,T1391,South,Basic,299,23.48,2
C06787,T1353,West,Unlimited,1199,31.6,0
C06788,T1311,East,Standard,499,15.13,0
C06789,T1216,North,Standard,499,25.38,5
C06790,T1467,North,Basic,299,11.5,0
C06791,T1211,South,Unlimited,1199,43.58,1
C06792,T1222,Central,Premium,799,19.58,1
C06793,T1007,North,Standard,499,12.38,0
C06794,T1075,East,Standard,499,25.15,0
C06795,T1400,South,Basic,299,33.48,1
C06796,T1365,Central,Standard,499,27.32,0
C06797,T1337,South,Standard,499,28.85,3
C06798,T1071,West,Standard,499,5.72,1
C06799,T1453,Central,Unlimited,1199,19.94,2
C06800,T1412,South,Unlimited,1199,25.42,2
C06801,T1466,South,Basic,299,26.83,0
C06802,T1089,Central,Unlimited,1199,16.88,0
C06803,T1454,East,Standard,499,15.94,1
C06804,T1236,East,Premium,799,10.42,1
C06805,T1309,East,Premium,799,12.66,1
C06806,T1432,South,Standard,499,32.86,0
C06807,T1479,Central,Standard,499,32.43,1
C06808,T1160,South,Standard,499,28.92,2
C06809,T1464,South,Unlimited,1199,19.34,0
C06810,T1389,South,Premium,799,30.52,0
C06811,T1132,East,Premium,799,23.09,4
C06812,T1350,Central,Premium,799,31.39,3
C06813,T1389,South,Standard,499,27.81,1
C06814,T1410,West,Unlimited,1199,19.12,0
C06815,T1392,North,Unlimited,1199,11.05,1
C06816,T1259,Central,Basic,299,26.61,1
C06817,T1038,South,Premium,799,26.56,1
C06818,T1400,South,Standard,499,24.86,1
C06819,T1113,South,Basic,299,31.72,1
C06820,T1218,North,Premium,799,29.89,0
C06821,T1012,Central,Basic,299,34.31,1
C06822,T1164,Central,Unlimited,1199,23.99,1
C06823,T1245,Central,Basic,299,29.01,5
C06824,T1162,North,Premium,799,35.28,2
C06825,T1304,West,Basic,299,27.14,2
C06826,T1394,East,Unlimited,1199,31.42,3
C06827,T1357,North,Standard,499,30.77,0
C06828,T1399,East,Unlimited,1199,26.08,0
C06829,T1271,Central,Unlimited,1199,39.83,0
C06830,T1475,Central,Basic,299,17.37,3
C06831,T1087,East,Premium,799,20.14,1
C06832,T1295,West,Basic,299,30.48,0
C06833,T1352,East,Standard,499,12.02,0
C06834,T1008,East,Premium,799,20.1,0
C06835,T1488,East,Unlimited,1199,28.96,0
C06836,T1488,East,Standard,499,21.52,2
C06837,T1239,Central,Standard,499,2.26,0
C06838,T1059,South,Unlimited,1199,0.0,0
C06839,T1091,North,Unlimited,1199,23.92,0
C06840,T1202,East,Basic,299,37.16,2
C06841,T1110,East,Standard,499,45.99,5
C06842,T1097,Central,Premium,799,26.13,1
C06843,T1260,West,Premium,799,18.25,2
C06844,T1037,South,Basic,299,21.95,2
C06845,T1318,East,Premium,799,12.07,0
C06846,T1176,South,Unlimited,1199,30.58,0
C06847,T1239,Central,Standard,499,35.75,2
C06848,T1369,West,Unlimited,1199,21.27,0
C06849,T1496,West,Standard,499,35.74,2
C06850,T1308,North,Premium,799,18.84,1
C06851,T1250,North,Premium,799,25.33,0
C06852,T1390,North,Premium,799,29.92,0
C06853,T1034,North,Standard,499,42.09,3
C06854,T1130,South,Unlimited,1199,22.16,4
C06855,T1137,South,Basic,299,23.67,4
C06856,T1037,South,Basic,299,32.66,4
C06857,T1345,North,Standard,499,15.38,0
C06858,T1200,East,Unlimited,1199,14.71,1
C06859,T1006,Central,Standard,499,22.79,0
C06860,T1363,East,Unlimited,1199,28.63,1
C06861,T1075,East,Premium,799,17.91,2
C06862,T1201,Central,Unlimited,1199,21.74,1
C06863,T1441,East,Unlimited,1199,29.98,2
C06864,T1053,South,Basic,299,12.19,0
C06865,T1082,Central,Premium,799,47.38,0
C06866,T1485,Central,Premium,799,28.7,0
C06867,T1373,Central,Standard,499,16.76,1
C06868,T1105,West,Standard,499,32.28,0
C06869,T1015,North,Basic,299,34.86,1
C06870,T1278,East,Basic,299,26.46,4
C06871,T1203,North,Standard,499,25.99,1
C06872,T1016,East,Standard,499,32.34,0
C06873,T1295,West,Standard,499,36.26,2
C06874,T1321,East,Premium,799,24.29,0
C06875,T1326,North,Standard,499,21.57,2
C06876,T1261,North,Unlimited,1199,30.67,2
C06877,T1114,West,Standard,499,17.36,0
C06878,T1409,North,Basic,299,25.95,0
C06879,T1020,South,Unlimited,1199,30.9,0
C06880,T1349,Central,Standard,499,35.45,2
C06881,T1042,South,Standard,499,37.35,4
C06882,T1325,North,Unlimited,1199,32.2,1
C06883,T1117,Central,Unlimited,1199,23.94,1
C06884,T1180,North,Premium,799,21.0,1
C06885,T1278,East,Premium,799,32.55,2
C06886,T1094,Central,Basic,299,36.3,1
C06887,T1241,West,Standard,499,16.05,0
C06888,T1003,Central,Basic,299,31.68,0
C06889,T1315,West,Unlimited,1199,28.6,1
C06890,T1432,South,Basic,299,34.22,3
C06891,T1281,South,Premium,799,17.59,0
C06892,T1070,West,Unlimited,1199,5.58,0
C06893,T1129,West,Basic,299,30.36,6
C06894,T1349,Central,Standard,499,37.22,0
C06895,T1250,North,Unlimited,1199,24.07,3
C06896,T1390,North,Standard,499,37.19,0
C06897,T1322,East,Unlimited,1199,23.75,0
C06898,T1167,South,Basic,299,17.56,0
C06899,T1080,Central,Premium,799,20.76,0
C06900,T1180,North,Premium,799,41.66,2
C06901,T1046,East,Basic,299,27.18,0
C06902,T1009,East,Premium,799,22.58,0
C06903,T1453,Central,Basic,299,23.23,0
C06904,T1016,East,Basic,299,18.63,1
C06905,T1316,East,Premium,799,24.14,2
C06906,T1352,East,Premium,799,26.32,1
C06907,T1363,East,Standard,499,12.64,0
C06908,T1065,Central,Unlimited,1199,27.73,2
C06909,T1449,West,Standard,499,24.42,0
C06910,T1106,West,Basic,299,17.38,0
C06911,T1006,Central,Standard,499,27.66,0
C06912,T1214,South,Basic,299,24.25,5
C06913,T1068,Central,Standard,499,26.33,0
C06914,T1123,East,Premium,799,34.11,3
C06915,T1078,Central,Standard,499,38.46,2
C06916,T1361,West,Standard,499,21.83,1
C06917,T1342,Central,Premium,799,27.93,2
C06918,T1349,Central,Standard,499,30.82,0
C06919,T1449,West,Premium,799,20.31,1
C06920,T1101,West,Unlimited,1199,25.88,0
C06921,T1169,West,Standard,499,14.01,0
C06922,T1294,Central,Basic,299,36.89,0
C06923,T1222,Central,Standard,499,15.03,2
C06924,T1434,East,Basic,299,6.15,0
C06925,T1442,East,Basic,299,11.54,0
C06926,T1446,West,Unlimited,1199,29.51,1
C06927,T1363,East,Unlimited,1199,23.08,1
C06928,T1113,South,Basic,299,36.47,2
C06929,T1216,North,Unlimited,1199,34.18,9
C06930,T1197,Central,Unlimited,1199,28.54,0
C06931,T1372,Central,Premium,799,27.08,0
C06932,T1004,South,Standard,499,21.36,2
C06933,T1105,West,Basic,299,34.21,2
C06934,T1130,South,Premium,799,13.16,0
C06935,T1142,North,Premium,799,24.04,0
C06936,T1032,East,Basic,299,34.85,0
C06937,T1199,West,Basic,299,21.36,0
C06938,T1223,South,Unlimited,1199,38.24,2
C06939,T1135,Central,Unlimited,1199,39.15,0
C06940,T1002,South,Basic,299,10.2,0
C06941,T1351,East,Premium,799,39.36,0
C06942,T1148,South,Premium,799,24.21,0
C06943,T1282,North,Basic,299,9.7,0
C06944,T1051,Central,Premium,799,12.04,3
C06945,T1373,Central,Basic,299,27.17,0
C06946,T1250,North,Unlimited,1199,45.56,0
C06947,T1153,West,Standard,499,32.99,2
C06948,T1297,Central,Unlimited,1199,16.16,2
C06949,T1425,Central,Standard,499,31.13,0
C06950,T1264,South,Basic,299,11.3,1
C06951,T1300,South,Standard,499,29.19,0
C06952,T1151,East,Basic,299,33.62,0
C06953,T1060,South,Premium,799,16.96,2
C06954,T1003,Central,Premium,799,50.83,1
C06955,T1418,North,Basic,299,28.18,4
C06956,T1334,North,Unlimited,1199,37.68,1
C06957,T1315,West,Unlimited,1199,53.58,0
C06958,T1050,North,Standard,499,20.2,1
C06959,T1062,North,Premium,799,25.59,2
C06960,T1428,South,Standard,499,36.5,2
C06961,T1362,East,Premium,799,21.51,3
C06962,T1190,East,Standard,499,36.74,3
C06963,T1357,North,Standard,499,38.5,1
C06964,T1356,West,Standard,499,22.18,1
C06965,T1068,Central,Basic,299,24.0,3
C06966,T1166,North,Standard,499,8.05,0
C06967,T1233,West,Unlimited,1199,39.21,3
C06968,T1325,North,Premium,799,19.16,1
C06969,T1120,North,Premium,799,42.01,0
C06970,T1471,Central,Premium,799,40.63,1
C06971,T1488,East,Premium,799,34.48,3
C06972,T1254,South,Unlimited,1199,15.87,1
C06973,T1089,Central,Premium,799,24.06,2
C06974,T1382,West,Standard,499,3.15,2
C06975,T1305,Central,Premium,799,29.06,0
C06976,T1023,East,Basic,299,40.36,1
C06977,T1044,North,Basic,299,20.4,0
C06978,T1468,North,Premium,799,30.67,2
C06979,T1397,West,Standard,499,29.04,0
C06980,T1418,North,Premium,799,3.67,1
C06981,T1163,Central,Unlimited,1199,23.06,1
C06982,T1427,Central,Standard,499,10.63,0
C06983,T1237,Central,Unlimited,1199,18.12,0
C06984,T1360,East,Standard,499,47.4,1
C06985,T1205,Central,Basic,299,5.54,3
C06986,T1042,South,Unlimited,1199,30.93,0
C06987,T1141,North,Basic,299,31.23,1
C06988,T1496,West,Standard,499,22.39,2
C06989,T1010,East,Premium,799,40.76,0
C06990,T1465,North,Premium,799,17.63,1
C06991,T1410,West,Basic,299,21.6,3
C06992,T1361,West,Unlimited,1199,31.33,1
C06993,T1060,South,Unlimited,1199,15.66,1
C06994,T1034,North,Premium,799,33.55,1
C06995,T1423,West,Standard,499,25.28,2
C06996,T1091,North,Standard,499,17.21,0
C06997,T1188,South,Premium,799,19.67,2
C06998,T1491,South,Premium,799,12.21,2
C06999,T1338,West,Premium,799,20.97,1
C07000,T1305,Central,Standard,499,16.32,5
C07001,T1023,East,Premium,799,17.25,0
C07002,T1377,Central,Premium,799,8.99,0
C07003,T1288,West,Unlimited,1199,12.06,1
C07004,T1226,Central,Premium,799,14.59,2
C07005,T1227,North,Unlimited,1199,21.7,1
C07006,T1306,East,Basic,299,33.0,1
C07007,T1348,East,Standard,499,27.57,1
C07008,T1402,East,Unlimited,1199,20.85,1
C07009,T1303,North,Standard,499,27.28,1
C07010,T1009,East,Premium,799,16.96,1
C07011,T1388,East,Premium,799,2.83,1
C07012,T1239,Central,Unlimited,1199,11.22,1
C07013,T1497,Central,Standard,499,15.82,1
C07014,T1226,Central,Premium,799,26.08,4
C07015,T1166,North,Basic,299,31.59,1
C07016,T1044,North,Unlimited,1199,24.18,0
C07017,T1000,North,Premium,799,17.89,0
C07018,T1495,East,Unlimited,1199,38.37,1
C07019,T1408,South,Basic,299,7.3,4
C07020,T1449,West,Premium,799,25.12,0
C07021,T1337,South,Standard,499,24.42,3
C07022,T1059,South,Standard,499,29.35,1
C07023,T1103,West,Unlimited,1199,14.49,0
C07024,T1363,East,Unlimited,1199,25.8,2
C07025,T1031,East,Basic,299,45.45,2
C07026,T1468,North,Standard,499,19.14,1
C07027,T1139,West,Unlimited,1199,31.61,2
C07028,T1221,North,Basic,299,14.71,1
C07029,T1066,West,Standard,499,12.28,0
C07030,T1003,Central,Unlimited,1199,20.44,1
C07031,T1143,Central,Unlimited,1199,30.12,0
C07032,T1462,Central,Basic,299,10.17,3
C07033,T1379,South,Basic,299,7.37,4
C07034,T1382,West,Standard,499,25.85,1
C07035,T1374,North,Unlimited,1199,25.02,2
C07036,T1295,West,Standard,499,19.87,2
C07037,T1238,North,Basic,299,41.22,0
C07038,T1324,North,Premium,799,15.06,0
C07039,T1356,West,Unlimited,1199,16.97,0
C07040,T1478,West,Basic,299,21.18,1
C07041,T1467,North,Standard,499,26.62,1
C07042,T1108,South,Unlimited,1199,29.42,1
C07043,T1383,Central,Premium,799,18.86,1
C07044,T1451,South,Standard,499,47.19,1
C07045,T1262,East,Premium,799,11.72,0
C07046,T1375,Central,Unlimited,1199,3.67,1
C07047,T1262,East,Basic,299,14.69,1
C07048,T1279,East,Premium,799,20.72,0
C07049,T1397,West,Standard,499,25.77,1
C07050,T1496,West,Unlimited,1199,16.44,0
C07051,T1202,East,Standard,499,13.63,1
C07052,T1026,South,Basic,299,17.97,2
C07053,T1330,North,Basic,299,24.8,0
C07054,T1240,East,Standard,499,36.36,1
C07055,T1254,South,Premium,799,2.11,2
C07056,T1315,West,Premium,799,19.17,1
C07057,T1400,South,Premium,799,46.11,2
C07058,T1160,South,Unlimited,1199,20.82,0
C07059,T1350,Central,Premium,799,12.39,2
C07060,T1445,East,Premium,799,25.14,5
C07061,T1056,South,Basic,299,36.05,0
C07062,T1231,West,Unlimited,1199,43.79,1
C07063,T1297,Central,Standard,499,32.85,2
C07064,T1380,West,Unlimited,1199,21.23,1
C07065,T1069,South,Unlimited,1199,15.27,0
C07066,T1327,East,Premium,799,12.07,1
C07067,T1145,North,Standard,499,41.77,1
C07068,T1152,Central,Unlimited,1199,22.44,2
C07069,T1425,Central,Premium,799,24.2,1
C07070,T1290,South,Basic,299,24.89,1
C07071,T1352,East,Unlimited,1199,35.72,1
C07072,T1015,North,Premium,799,33.65,1
C07073,T1127,Central,Premium,799,13.02,1
C07074,T1296,West,Standard,499,24.75,1
C07075,T1471,Central,Premium,799,0.0,7
C07076,T1379,South,Basic,299,12.47,3
C07077,T1236,East,Unlimited,1199,27.59,1
C07078,T1186,East,Premium,799,32.9,1
C07079,T1230,East,Standard,499,18.95,1
C07080,T1472,South,Unlimited,1199,9.5,5
C07081,T1213,Central,Basic,299,44.02,1
C07082,T1193,South,Unlimited,1199,14.38,5
C07083,T1158,West,Standard,499,32.52,1
C07084,T1156,Central,Basic,299,18.4,0
C07085,T1250,North,Standard,499,0.0,0
C07086,T1029,North,Unlimited,1199,20.14,0
C07087,T1333,North,Basic,299,31.25,2
C07088,T1412,South,Unlimited,1199,8.27,2
C07089,T1238,North,Unlimited,1199,25.48,1
C07090,T1048,Central,Standard,499,40.13,2
C07091,T1161,Central,Basic,299,8.08,0
C07092,T1328,West,Basic,299,34.66,0
C07093,T1251,West,Standard,499,15.46,0
C07094,T1198,South,Standard,499,19.71,2
C07095,T1076,Central,Standard,499,27.4,1
C07096,T1101,West,Premium,799,30.55,0
C07097,T1144,East,Basic,299,19.38,2
C07098,T1120,North,Standard,499,10.45,0
C07099,T1209,East,Premium,799,10.41,2
C07100,T1066,West,Premium,799,14.53,1
C07101,T1349,Central,Basic,299,21.4,0
C07102,T1372,Central,Standard,499,37.29,0
C07103,T1114,West,Basic,299,20.89,0
C07104,T1391,South,Standard,499,33.29,0
C07105,T1476,East,Unlimited,1199,15.74,1
C07106,T1161,Central,Standard,499,17.87,1
C07107,T1081,Central,Unlimited,1199,18.95,0
C07108,T1121,South,Premium,799,45.48,0
C07109,T1355,South,Premium,799,24.24,0
C07110,T1414,South,Basic,299,12.38,2
C07111,T1145,North,Unlimited,1199,13.91,1
C07112,T1079,Central,Premium,799,17.66,0
C07113,T1304,West,Basic,299,5.78,0
C07114,T1096,West,Standard,499,14.11,0
C07115,T1495,East,Standard,499,34.88,3
C07116,T1137,South,Unlimited,1199,23.12,0
C07117,T1249,Central,Basic,299,29.37,2
C07118,T1149,North,Unlimited,1199,35.09,4
C07119,T1405,South,Premium,799,25.99,0
C07120,T1453,Central,Basic,299,23.3,0
C07121,T1299,South,Standard,499,44.22,1
C07122,T1363,East,Premium,799,31.94,4
C07123,T1160,South,Premium,799,21.47,2
C07124,T1176,South,Unlimited,1199,26.4,3
C07125,T1021,West,Standard,499,36.13,0
C07126,T1018,East,Basic,299,21.67,6
C07127,T1058,Central,Unlimited,1199,26.28,3
C07128,T1128,North,Basic,299,26.38,0
C07129,T1099,North,Unlimited,1199,24.26,0
C07130,T1498,North,Premium,799,23.57,0
C07131,T1135,Central,Premium,799,22.23,0
C07132,T1288,West,Premium,799,36.58,0
C07133,T1409,North,Unlimited,1199,27.91,1
C07134,T1409,North,Unlimited,1199,34.3,0
C07135,T1056,South,Standard,499,22.08,1
C07136,T1055,West,Standard,499,27.01,2
C07137,T1474,Central,Basic,299,19.67,2
C07138,T1489,East,Standard,499,17.94,0
C07139,T1244,North,Basic,299,23.79,0
C07140,T1431,Central,Unlimited,1199,29.64,0
C07141,T1166,North,Basic,299,30.97,2
C07142,T1224,East,Unlimited,1199,25.73,1
C07143,T1052,West,Standard,499,27.05,0
C07144,T1086,South,Standard,499,12.39,1
C07145,T1464,South,Standard,499,38.25,1
C07146,T1335,Central,Basic,299,27.81,0
C07147,T1186,East,Unlimited,1199,37.1,1
C07148,T1151,East,Premium,799,39.42,1
C07149,T1214,South,Premium,799,38.39,3
C07150,T1343,North,Basic,299,5.66,1
C07151,T1479,Central,Premium,799,28.28,1
C07152,T1189,West,Premium,799,8.7,1
C07153,T1165,East,Premium,799,29.48,0
C07154,T1297,Central,Premium,799,17.95,0
C07155,T1026,South,Standard,499,33.59,1
C07156,T1496,West,Unlimited,1199,29.89,0
C07157,T1108,South,Premium,799,19.72,0
C07158,T1219,South,Basic,299,25.61,1
C07159,T1255,Central,Unlimited,1199,14.36,2
C07160,T1249,Central,Premium,799,32.35,0
C07161,T1472,South,Standard,499,25.51,3
C07162,T1330,North,Standard,499,27.83,0
C07163,T1249,Central,Unlimited,1199,23.94,4
C07164,T1439,East,Standard,499,40.6,0
C07165,T1295,West,Basic,299,22.97,0
C07166,T1134,South,Unlimited,1199,16.18,2
C07167,T1018,East,Basic,299,12.86,5
C07168,T1091,North,Standard,499,29.4,1
C07169,T1204,West,Unlimited,1199,11.61,0
C07170,T1369,West,Standard,499,15.54,1
C07171,T1485,Central,Unlimited,1199,28.01,0
C07172,T1455,West,Basic,299,18.97,1
C07173,T1094,Central,Standard,499,21.14,1
C07174,T1076,Central,Basic,299,24.97,2
C07175,T1288,West,Unlimited,1199,12.54,0
C07176,T1191,Central,Premium,799,35.05,0
C07177,T1346,South,Basic,299,43.08,0
C07178,T1205,Central,Basic,299,15.82,5
C07179,T1395,Central,Basic,299,36.64,0
C07180,T1221,North,Unlimited,1199,17.05,3
C07181,T1012,Central,Basic,299,19.34,1
C07182,T1489,East,Premium,799,28.47,2
C07183,T1347,Central,Basic,299,25.11,0
C07184,T1088,South,Basic,299,30.5,0
C07185,T1028,East,Standard,499,13.99,1
C07186,T1299,South,Standard,499,21.3,0
C07187,T1129,West,Premium,799,25.48,6
C07188,T1016,East,Unlimited,1199,25.92,1
C07189,T1223,South,Unlimited,1199,34.29,0
C07190,T1457,Central,Standard,499,33.17,0
C07191,T1467,North,Basic,299,22.19,1
C07192,T1195,North,Standard,499,28.07,1
C07193,T1372,Central,Basic,299,26.58,0
C07194,T1282,North,Standard,499,16.74,1
C07195,T1351,East,Standard,499,17.85,3
C07196,T1386,East,Standard,499,35.72,2
C07197,T1301,North,Basic,299,4.08,0
C07198,T1379,South,Standard,499,44.14,1
C07199,T1295,West,Unlimited,1199,22.26,1
C07200,T1400,South,Standard,499,21.03,0
C07201,T1057,East,Basic,299,26.22,1
C07202,T1435,South,Premium,799,21.42,0
C07203,T1114,West,Basic,299,17.14,4
C07204,T1245,Central,Basic,299,20.35,2
C07205,T1088,South,Unlimited,1199,36.27,2
C07206,T1021,West,Basic,299,26.75,1
C07207,T1459,South,Standard,499,10.14,3
C07208,T1452,West,Standard,499,18.42,1
C07209,T1261,North,Standard,499,27.89,1
C07210,T1334,North,Unlimited,1199,25.36,0
C07211,T1227,North,Premium,799,27.77,1
C07212,T1093,West,Unlimited,1199,4.81,2
C07213,T1399,East,Basic,299,19.09,1
C07214,T1161,Central,Premium,799,35.59,2
C07215,T1317,East,Premium,799,14.01,1
C07216,T1251,West,Unlimited,1199,25.3,1
C07217,T1404,West,Standard,499,35.03,5
C07218,T1477,West,Standard,499,36.0,1
C07219,T1031,East,Unlimited,1199,25.43,1
C07220,T1099,North,Standard,499,51.04,0
C07221,T1081,Central,Basic,299,10.03,1
C07222,T1491,South,Basic,299,29.28,0
C07223,T1085,West,Unlimited,1199,18.51,0
C07224,T1499,North,Basic,299,23.92,1
C07225,T1461,Central,Premium,799,28.62,0
C07226,T1132,East,Unlimited,1199,24.58,0
C07227,T1360,East,Unlimited,1199,14.9,0
C07228,T1187,South,Premium,799,28.28,1
C07229,T1070,West,Premium,799,7.86,1
C07230,T1251,West,Unlimited,1199,13.21,0
C07231,T1006,Central,Unlimited,1199,35.24,1
C07232,T1419,Central,Basic,299,39.65,4
C07233,T1331,Central,Unlimited,1199,20.43,2
C07234,T1453,Central,Premium,799,21.67,2
C07235,T1225,Central,Standard,499,20.48,1
C07236,T1355,South,Premium,799,15.46,0
C07237,T1469,Central,Premium,799,44.09,1
C07238,T1090,South,Premium,799,24.44,2
C07239,T1236,East,Standard,499,20.75,1
C07240,T1231,West,Unlimited,1199,17.87,0
C07241,T1355,South,Premium,799,26.84,0
C07242,T1240,East,Unlimited,1199,28.14,0
C07243,T1280,South,Premium,799,25.49,1
C07244,T1007,North,Unlimited,1199,19.87,1
C07245,T1001,North,Premium,799,21.55,1
C07246,T1213,Central,Premium,799,23.15,1
C07247,T1245,Central,Unlimited,1199,29.69,6
C07248,T1397,West,Basic,299,22.55,2
C07249,T1222,Central,Basic,299,15.33,1
C07250,T1072,East,Unlimited,1199,22.26,0
C07251,T1488,East,Standard,499,38.05,1
C07252,T1279,East,Premium,799,27.09,1
C07253,T1079,Central,Unlimited,1199,22.7,1
C07254,T1267,East,Basic,299,12.18,0
C07255,T1407,East,Standard,499,26.22,3
C07256,T1262,East,Standard,499,16.73,4
C07257,T1457,Central,Unlimited,1199,38.64,1
C07258,T1351,East,Basic,299,14.95,3
C07259,T1362,East,Unlimited,1199,21.16,1
C07260,T1131,East,Basic,299,0.0,0
C07261,T1224,East,Basic,299,21.54,1
C07262,T1000,North,Premium,799,27.24,1
C07263,T1100,South,Unlimited,1199,19.11,0
C07264,T1038,South,Unlimited,1199,29.47,1
C07265,T1017,South,Premium,799,24.46,0
C07266,T1198,South,Unlimited,1199,36.83,0
C07267,T1277,North,Basic,299,28.39,2
C07268,T1406,East,Standard,499,29.18,0
C07269,T1038,South,Unlimited,1199,27.7,0
C07270,T1193,South,Premium,799,6.0,6
C07271,T1496,West,Premium,799,10.7,1
C07272,T1325,North,Basic,299,30.94,0
C07273,T1073,North,Unlimited,1199,29.07,0
C07274,T1298,South,Standard,499,26.28,1
C07275,T1450,South,Standard,499,15.29,1
C07276,T1389,South,Premium,799,39.28,1
C07277,T1068,Central,Premium,799,26.47,0
C07278,T1121,South,Premium,799,30.82,1
C07279,T1344,East,Premium,799,27.0,0
C07280,T1042,South,Unlimited,1199,30.47,0
C07281,T1405,South,Basic,299,17.03,2
C07282,T1043,West,Basic,299,7.91,1
C07283,T1315,West,Premium,799,44.06,1
C07284,T1284,East,Basic,299,29.82,1
C07285,T1267,East,Unlimited,1199,35.88,0
C07286,T1001,North,Basic,299,38.02,2
C07287,T1241,West,Basic,299,21.77,3
C07288,T1354,East,Unlimited,1199,16.76,5
C07289,T1446,West,Basic,299,40.58,0
C07290,T1187,South,Standard,499,31.54,1
C07291,T1020,South,Unlimited,1199,9.57,1
C07292,T1239,Central,Basic,299,20.52,1
C07293,T1370,West,Basic,299,23.22,0
C07294,T1241,West,Premium,799,28.61,0
C07295,T1029,North,Premium,799,33.66,0
C07296,T1115,North,Standard,499,25.48,0
C07297,T1217,North,Premium,799,26.81,0
C07298,T1374,North,Unlimited,1199,32.31,1
C07299,T1305,Central,Unlimited,1199,24.9,0
C07300,T1231,West,Standard,499,25.88,0
C07301,T1331,Central,Premium,799,21.99,1
C07302,T1211,South,Basic,299,34.92,1
C07303,T1342,Central,Basic,299,26.83,5
C07304,T1167,South,Basic,299,8.71,2
C07305,T1046,East,Basic,299,24.43,1
C07306,T1474,Central,Basic,299,34.06,0
C07307,T1026,South,Unlimited,1199,35.64,0
C07308,T1026,South,Basic,299,28.1,0
C07309,T1254,South,Premium,799,20.76,1
C07310,T1014,South,Standard,499,37.35,2
C07311,T1006,Central,Premium,799,32.54,4
C07312,T1024,North,Standard,499,25.69,1
C07313,T1178,Central,Premium,799,31.64,2
C07314,T1289,Central,Unlimited,1199,33.93,2
C07315,T1083,South,Standard,499,47.07,1
C07316,T1360,East,Standard,499,27.88,1
C07317,T1016,East,Basic,299,42.27,0
C07318,T1006,Central,Standard,499,29.0,0
C07319,T1317,East,Unlimited,1199,12.94,1
C07320,T1186,East,Unlimited,1199,33.5,3
C07321,T1137,South,Unlimited,1199,17.19,1
C07322,T1345,North,Premium,799,17.93,3
C07323,T1327,East,Standard,499,15.88,0
C07324,T1444,South,Unlimited,1199,30.2,0
C07325,T1164,Central,Unlimited,1199,26.55,1
C07326,T1383,Central,Premium,799,27.84,0
C07327,T1130,South,Standard,499,29.11,1
C07328,T1177,West,Standard,499,38.72,1
C07329,T1196,Central,Premium,799,18.86,1
C07330,T1342,Central,Standard,499,0.13,1
C07331,T1028,East,Premium,799,33.93,1
C07332,T1042,South,Unlimited,1199,37.49,2
C07333,T1145,North,Basic,299,31.88,1
C07334,T1178,Central,Standard,499,28.35,1
C07335,T1225,Central,Premium,799,26.75,3
C07336,T1020,South,Premium,799,28.73,0
C07337,T1047,West,Standard,499,8.83,1
C07338,T1122,Central,Unlimited,1199,16.32,2
C07339,T1479,Central,Standard,499,6.76,1
C07340,T1444,South,Unlimited,1199,33.17,1
C07341,T1404,West,Unlimited,1199,32.59,5
C07342,T1379,South,Unlimited,1199,17.82,1
C07343,T1194,Central,Basic,299,6.51,0
C07344,T1380,West,Unlimited,1199,22.96,0
C07345,T1392,North,Basic,299,27.34,2
C07346,T1428,South,Premium,799,25.68,2
C07347,T1175,East,Unlimited,1199,4.74,0
C07348,T1392,North,Basic,299,21.32,1
C07349,T1413,North,Unlimited,1199,30.72,0
C07350,T1154,Central,Basic,299,21.22,1
C07351,T1409,North,Premium,799,29.22,0
C07352,T1266,West,Premium,799,15.51,1
C07353,T1315,West,Unlimited,1199,39.07,0
C07354,T1264,South,Basic,299,22.56,0
C07355,T1140,East,Premium,799,35.75,0
C07356,T1301,North,Basic,299,20.52,1
C07357,T1263,Central,Basic,299,33.02,0
C07358,T1108,South,Premium,799,42.49,0
C07359,T1257,Central,Unlimited,1199,16.19,0
C07360,T1087,East,Premium,799,19.73,3
C07361,T1376,Central,Basic,299,25.0,2
C07362,T1345,North,Premium,799,27.24,1
C07363,T1227,North,Premium,799,32.0,1
C07364,T1135,Central,Premium,799,19.39,0
C07365,T1013,West,Unlimited,1199,38.0,2
C07366,T1107,Central,Standard,499,23.65,0
C07367,T1132,East,Premium,799,31.94,0
C07368,T1391,South,Standard,499,2.69,0
C07369,T1162,North,Standard,499,26.52,0
C07370,T1498,North,Unlimited,1199,27.82,0
C07371,T1377,Central,Basic,299,31.09,1
C07372,T1049,West,Basic,299,13.31,0
C07373,T1046,East,Basic,299,30.87,1
C07374,T1466,South,Premium,799,17.75,1
C07375,T1409,North,Basic,299,36.04,1
C07376,T1492,East,Premium,799,22.56,1
C07377,T1210,East,Unlimited,1199,13.67,1
C07378,T1459,South,Premium,799,0.0,3
C07379,T1305,Central,Standard,499,11.48,3
C07380,T1419,Central,Standard,499,21.29,0
C07381,T1039,West,Standard,499,21.9,1
C07382,T1182,West,Unlimited,1199,10.94,3
C07383,T1060,South,Standard,499,22.63,1
C07384,T1026,South,Unlimited,1199,24.23,0
C07385,T1370,West,Standard,499,10.72,0
C07386,T1333,North,Premium,799,19.07,1
C07387,T1354,East,Basic,299,35.65,3
C07388,T1452,West,Standard,499,33.87,0
C07389,T1075,East,Unlimited,1199,13.34,2
C07390,T1135,Central,Standard,499,22.12,0
C07391,T1177,West,Unlimited,1199,24.73,2
C07392,T1339,West,Standard,499,13.47,0
C07393,T1004,South,Premium,799,34.6,2
C07394,T1435,South,Premium,799,7.11,0
C07395,T1151,East,Standard,499,15.05,0
C07396,T1421,North,Unlimited,1199,10.56,1
C07397,T1471,Central,Basic,299,17.19,5
C07398,T1072,East,Basic,299,32.17,2
C07399,T1437,West,Premium,799,23.94,0
C07400,T1240,East,Premium,799,36.41,2
C07401,T1311,East,Premium,799,11.51,0
C07402,T1228,West,Premium,799,28.76,0
C07403,T1197,Central,Basic,299,32.59,1
C07404,T1150,South,Standard,499,19.8,1
C07405,T1298,South,Standard,499,9.5,7
C07406,T1490,East,Basic,299,19.95,2
C07407,T1246,East,Premium,799,25.67,3
C07408,T1349,Central,Unlimited,1199,10.75,1
C07409,T1406,East,Standard,499,30.39,1
C07410,T1041,South,Premium,799,16.49,0
C07411,T1220,South,Basic,299,11.97,0
C07412,T1234,East,Standard,499,19.3,2
C07413,T1255,Central,Premium,799,34.66,1
C07414,T1274,North,Basic,299,16.89,1
C07415,T1414,South,Premium,799,24.11,3
C07416,T1176,South,Standard,499,21.69,1
C07417,T1318,East,Standard,499,16.55,0
C07418,T1216,North,Unlimited,1199,30.22,4
C07419,T1317,East,Unlimited,1199,14.0,1
C07420,T1301,North,Unlimited,1199,4.72,2
C07421,T1481,West,Unlimited,1199,20.72,1
C07422,T1169,West,Premium,799,14.88,1
C07423,T1142,North,Premium,799,8.96,0
C07424,T1262,East,Premium,799,24.17,1
C07425,T1452,West,Unlimited,1199,19.65,2
C07426,T1388,East,Premium,799,24.94,2
C07427,T1494,West,Basic,299,33.62,4
C07428,T1120,North,Premium,799,21.74,2
C07429,T1002,South,Basic,299,42.11,1
C07430,T1470,South,Standard,499,29.45,0
C07431,T1369,West,Standard,499,32.13,1
C07432,T1212,West,Basic,299,17.77,1
C07433,T1353,West,Premium,799,20.08,3
C07434,T1492,East,Unlimited,1199,30.8,0
C07435,T1093,West,Unlimited,1199,28.6,1
C07436,T1170,West,Basic,299,8.98,1
C07437,T1357,North,Standard,499,25.89,1
C07438,T1128,North,Unlimited,1199,23.81,0
C07439,T1458,North,Standard,499,26.61,0
C07440,T1264,South,Basic,299,43.56,0
C07441,T1056,South,Standard,499,24.49,0
C07442,T1430,South,Premium,799,36.51,2
C07443,T1430,South,Premium,799,16.74,2
C07444,T1403,Central,Premium,799,13.21,0
C07445,T1245,Central,Standard,499,14.64,4
C07446,T1368,East,Premium,799,11.51,1
C07447,T1208,East,Basic,299,29.51,0
C07448,T1471,Central,Basic,299,7.13,3
C07449,T1209,East,Unlimited,1199,27.81,0
C07450,T1069,South,Standard,499,20.4,3
C07451,T1359,South,Standard,499,40.88,3
C07452,T1444,South,Basic,299,14.04,2
C07453,T1494,West,Unlimited,1199,15.2,1
C07454,T1014,South,Unlimited,1199,16.92,0
C07455,T1171,Central,Premium,799,20.17,0
C07456,T1265,South,Basic,299,27.03,1
C07457,T1443,East,Premium,799,45.14,1
C07458,T1495,East,Standard,499,27.48,2
C07459,T1193,South,Basic,299,10.23,2
C07460,T1361,West,Standard,499,37.27,0
C07461,T1230,East,Premium,799,9.06,0
C07462,T1123,East,Standard,499,28.88,3
C07463,T1109,East,Unlimited,1199,32.89,0
C07464,T1491,South,Standard,499,22.77,0
C07465,T1413,North,Unlimited,1199,25.92,0
C07466,T1034,North,Unlimited,1199,23.62,1
C07467,T1325,North,Standard,499,28.41,3
C07468,T1145,North,Premium,799,8.12,0
C07469,T1233,West,Premium,799,21.13,0
C07470,T1214,South,Standard,499,11.36,3
C07471,T1409,North,Basic,299,12.04,0
C07472,T1066,West,Basic,299,3.62,0
C07473,T1107,Central,Basic,299,36.57,1
C07474,T1251,West,Standard,499,22.08,0
C07475,T1285,North,Unlimited,1199,19.77,3
C07476,T1276,West,Basic,299,32.58,0
C07477,T1463,South,Unlimited,1199,30.12,0
C07478,T1213,Central,Basic,299,41.37,2
C07479,T1163,Central,Premium,799,11.07,0
C07480,T1177,West,Premium,799,32.7,0
C07481,T1262,East,Unlimited,1199,36.19,1
C07482,T1192,East,Standard,499,42.0,0
C07483,T1181,West,Unlimited,1199,20.22,0
C07484,T1166,North,Premium,799,11.85,0
C07485,T1040,North,Basic,299,26.32,0
C07486,T1084,East,Standard,499,11.73,2
C07487,T1173,Central,Standard,499,20.85,4
C07488,T1038,South,Standard,499,11.89,2
C07489,T1468,North,Unlimited,1199,22.37,0
C07490,T1221,North,Basic,299,34.53,2
C07491,T1466,South,Premium,799,22.33,1
C07492,T1427,Central,Premium,799,0.0,2
C07493,T1199,West,Premium,799,23.15,1
C07494,T1089,Central,Standard,499,6.78,0
C07495,T1354,East,Premium,799,8.48,4
C07496,T1452,West,Basic,299,32.91,0
C07497,T1168,South,Standard,499,6.47,0
C07498,T1022,Central,Standard,499,18.99,1
C07499,T1040,North,Standard,499,21.31,0
C07500,T1429,North,Standard,499,28.75,0
C07501,T1417,Central,Unlimited,1199,10.83,2
C07502,T1046,East,Standard,499,20.69,0
C07503,T1107,Central,Standard,499,18.96,0
C07504,T1469,Central,Basic,299,22.97,2
C07505,T1106,West,Unlimited,1199,29.31,2
C07506,T1483,South,Unlimited,1199,24.24,1
C07507,T1267,East,Unlimited,1199,31.07,0
C07508,T1150,South,Standard,499,22.33,0
C07509,T1403,Central,Unlimited,1199,39.7,2
C07510,T1475,Central,Unlimited,1199,22.03,0
C07511,T1279,East,Unlimited,1199,13.35,1
C07512,T1069,South,Unlimited,1199,42.77,0
C07513,T1483,South,Premium,799,15.68,1
C07514,T1095,Central,Unlimited,1199,29.4,2
C07515,T1073,North,Unlimited,1199,43.85,3
C07516,T1378,Central,Unlimited,1199,12.67,2
C07517,T1014,South,Standard,499,18.38,1
C07518,T1076,Central,Basic,299,21.39,1
C07519,T1258,East,Unlimited,1199,27.08,1
C07520,T1229,North,Standard,499,18.06,3
C07521,T1224,East,Basic,299,43.8,0
C07522,T1489,East,Basic,299,17.33,0
C07523,T1208,East,Standard,499,38.82,0
C07524,T1340,North,Standard,499,0.0,0
C07525,T1421,North,Standard,499,23.94,0
C07526,T1136,South,Premium,799,17.31,0
C07527,T1416,West,Premium,799,17.09,0
C07528,T1245,Central,Standard,499,42.64,3
C07529,T1456,Central,Unlimited,1199,1.88,1
C07530,T1088,South,Standard,499,38.91,1
C07531,T1488,East,Standard,499,43.5,0
C07532,T1439,East,Unlimited,1199,12.26,0
C07533,T1255,Central,Basic,299,7.93,1
C07534,T1028,East,Premium,799,25.66,1
C07535,T1169,West,Standard,499,8.18,3
C07536,T1173,Central,Premium,799,21.65,2
C07537,T1361,West,Unlimited,1199,12.34,0
C07538,T1111,East,Basic,299,17.58,3
C07539,T1482,West,Standard,499,18.68,0
C07540,T1397,West,Unlimited,1199,39.43,1
C07541,T1112,North,Standard,499,16.98,0
C07542,T1087,East,Premium,799,23.94,0
C07543,T1417,Central,Unlimited,1199,5.48,1
C07544,T1472,South,Basic,299,30.06,3
C07545,T1363,East,Standard,499,25.54,1
C07546,T1403,Central,Premium,799,22.86,0
C07547,T1021,West,Standard,499,13.38,1
C07548,T1169,West,Premium,799,47.85,2
C07549,T1172,East,Premium,799,17.58,1
C07550,T1465,North,Unlimited,1199,17.8,0
C07551,T1266,West,Standard,499,21.1,0
C07552,T1296,West,Unlimited,1199,34.83,0
C07553,T1456,Central,Unlimited,1199,23.9,1
C07554,T1332,South,Basic,299,38.6,0
C07555,T1150,South,Basic,299,11.84,1
C07556,T1053,South,Unlimited,1199,29.02,0
C07557,T1244,North,Basic,299,35.77,1
C07558,T1184,South,Unlimited,1199,49.34,3
C07559,T1204,West,Unlimited,1199,27.06,1
C07560,T1119,North,Unlimited,1199,28.34,0
C07561,T1430,South,Premium,799,33.82,0
C07562,T1194,Central,Basic,299,38.49,3
C07563,T1152,Central,Premium,799,42.87,1
C07564,T1263,Central,Premium,799,39.03,2
C07565,T1382,West,Unlimited,1199,8.03,2
C07566,T1255,Central,Standard,499,22.99,0
C07567,T1106,West,Standard,499,25.24,0
C07568,T1364,East,Standard,499,8.77,1
C07569,T1319,East,Basic,299,18.57,0
C07570,T1493,West,Standard,499,57.67,0
C07571,T1145,North,Premium,799,27.66,0
C07572,T1180,North,Unlimited,1199,17.09,1
C07573,T1470,South,Unlimited,1199,27.78,0
C07574,T1014,South,Basic,299,13.49,1
C07575,T1337,South,Unlimited,1199,15.44,3
C07576,T1122,Central,Premium,799,18.59,1
C07577,T1481,West,Premium,799,33.57,1
C07578,T1298,South,Premium,799,31.77,2
C07579,T1215,North,Premium,799,9.67,2
C07580,T1016,East,Unlimited,1199,37.44,2
C07581,T1211,South,Basic,299,36.2,0
C07582,T1325,North,Premium,799,22.3,2
C07583,T1105,West,Basic,299,33.25,1
C07584,T1043,West,Standard,499,44.6,0
C07585,T1483,South,Basic,299,40.39,1
C07586,T1115,North,Standard,499,13.39,1
C07587,T1294,Central,Basic,299,22.11,0
C07588,T1355,South,Basic,299,30.91,1
C07589,T1123,East,Unlimited,1199,39.32,4
C07590,T1443,East,Unlimited,1199,46.11,1
C07591,T1073,North,Standard,499,25.45,0
C07592,T1126,West,Premium,799,18.65,0
C07593,T1217,North,Basic,299,35.33,1
C07594,T1164,Central,Basic,299,24.26,3
C07595,T1019,South,Basic,299,17.48,1
C07596,T1484,North,Basic,299,26.75,3
C07597,T1187,South,Standard,499,19.75,2
C07598,T1105,West,Unlimited,1199,20.68,1
C07599,T1143,Central,Standard,499,22.21,2
C07600,T1166,North,Unlimited,1199,35.47,1
C07601,T1234,East,Basic,299,26.16,2
C07602,T1066,West,Unlimited,1199,10.83,0
C07603,T1251,West,Standard,499,22.4,1
C07604,T1261,North,Unlimited,1199,4.98,3
C07605,T1036,Central,Premium,799,30.94,1
C07606,T1474,Central,Unlimited,1199,14.43,0
C07607,T1187,South,Unlimited,1199,15.8,2
C07608,T1337,South,Premium,799,34.28,6
C07609,T1356,West,Premium,799,15.27,1
C07610,T1180,North,Unlimited,1199,23.11,1
C07611,T1174,East,Premium,799,24.99,1
C07612,T1313,West,Premium,799,20.99,2
C07613,T1499,North,Premium,799,32.32,1
C07614,T1013,West,Premium,799,10.79,0
C07615,T1165,East,Standard,499,27.92,1
C07616,T1352,East,Unlimited,1199,17.62,2
C07617,T1068,Central,Basic,299,45.86,1
C07618,T1226,Central,Basic,299,26.41,0
C07619,T1153,West,Premium,799,37.85,0
C07620,T1448,East,Premium,799,14.45,0
C07621,T1459,South,Basic,299,8.65,1
C07622,T1286,West,Standard,499,37.18,3
C07623,T1319,East,Premium,799,31.01,0
C07624,T1482,West,Standard,499,23.62,1
C07625,T1353,West,Premium,799,24.86,1
C07626,T1067,East,Premium,799,33.06,0
C07627,T1073,North,Basic,299,17.89,0
C07628,T1482,West,Unlimited,1199,21.28,1
C07629,T1457,Central,Standard,499,35.99,0
C07630,T1396,South,Basic,299,14.34,0
C07631,T1201,Central,Premium,799,20.35,1
C07632,T1049,West,Basic,299,24.57,1
C07633,T1312,West,Standard,499,32.42,0
C07634,T1047,West,Premium,799,30.46,1
C07635,T1426,North,Premium,799,26.81,2
C07636,T1251,West,Premium,799,21.81,0
C07637,T1363,East,Premium,799,26.51,0
C07638,T1163,Central,Standard,499,27.22,3
C07639,T1030,South,Standard,499,36.54,4
C07640,T1020,South,Standard,499,10.32,0
C07641,T1242,North,Unlimited,1199,25.12,1
C07642,T1391,South,Premium,799,29.92,0
C07643,T1237,Central,Standard,499,44.0,0
C07644,T1013,West,Standard,499,23.78,1
C07645,T1153,West,Basic,299,17.59,3
C07646,T1096,West,Premium,799,21.34,0
C07647,T1349,Central,Standard,499,35.0,0
C07648,T1088,South,Basic,299,13.46,1
C07649,T1402,East,Standard,499,20.64,0
C07650,T1377,Central,Premium,799,16.93,1
C07651,T1449,West,Premium,799,35.28,0
C07652,T1004,South,Standard,499,30.89,0
C07653,T1298,South,Standard,499,17.75,4
C07654,T1119,North,Premium,799,27.77,1
C07655,T1329,South,Basic,299,13.16,0
C07656,T1294,Central,Premium,799,16.02,1
C07657,T1046,East,Standard,499,43.52,0
C07658,T1408,South,Basic,299,12.72,1
C07659,T1421,North,Basic,299,27.12,0
C07660,T1185,West,Standard,499,23.48,0
C07661,T1181,West,Unlimited,1199,55.7,0
C07662,T1292,South,Premium,799,37.1,0
C07663,T1298,South,Basic,299,28.86,3
C07664,T1144,East,Unlimited,1199,0.8,0
C07665,T1311,East,Premium,799,16.84,1
C07666,T1045,West,Standard,499,19.79,2
C07667,T1409,North,Standard,499,36.2,1
C07668,T1462,Central,Standard,499,27.86,3
C07669,T1166,North,Premium,799,39.25,2
C07670,T1208,East,Basic,299,40.87,1
C07671,T1044,North,Basic,299,35.38,0
C07672,T1488,East,Basic,299,12.76,0
C07673,T1104,South,Premium,799,6.85,0
C07674,T1379,South,Standard,499,19.0,2
C07675,T1134,South,Premium,799,30.53,1
C07676,T1242,North,Basic,299,32.8,0
C07677,T1103,West,Standard,499,24.13,1
C07678,T1307,West,Unlimited,1199,30.68,1
C07679,T1354,East,Standard,499,31.95,4
C07680,T1218,North,Unlimited,1199,26.33,0
C07681,T1044,North,Standard,499,45.92,1
C07682,T1252,North,Standard,499,13.7,2
C07683,T1148,South,Standard,499,3.44,0
C07684,T1059,South,Basic,299,38.08,0
C07685,T1077,East,Basic,299,16.21,0
C07686,T1395,Central,Standard,499,16.27,1
C07687,T1317,East,Basic,299,21.51,0
C07688,T1452,West,Standard,499,21.25,4
C07689,T1257,Central,Basic,299,23.44,1
C07690,T1114,West,Basic,299,32.71,1
C07691,T1047,West,Premium,799,25.96,2
C07692,T1303,North,Premium,799,13.06,1
C07693,T1286,West,Basic,299,16.0,2
C07694,T1083,South,Basic,299,25.0,1
C07695,T1284,East,Basic,299,38.86,2
C07696,T1296,West,Unlimited,1199,24.6,0
C07697,T1346,South,Unlimited,1199,7.4,1
C07698,T1154,Central,Premium,799,33.48,2
C07699,T1080,Central,Standard,499,26.84,2
C07700,T1059,South,Basic,299,38.16,1
C07701,T1346,South,Basic,299,23.52,0
C07702,T1262,East,Standard,499,0.0,0
C07703,T1035,South,Standard,499,20.08,2
C07704,T1098,East,Premium,799,10.02,1
C07705,T1200,East,Standard,499,29.64,1
C07706,T1048,Central,Unlimited,1199,16.3,0
C07707,T1491,South,Standard,499,19.16,0
C07708,T1119,North,Unlimited,1199,23.24,1
C07709,T1451,South,Unlimited,1199,21.69,1
C07710,T1250,North,Basic,299,16.74,2
C07711,T1153,West,Basic,299,19.26,2
C07712,T1466,South,Unlimited,1199,20.77,2
C07713,T1043,West,Basic,299,27.33,0
C07714,T1439,East,Standard,499,34.05,1
C07715,T1353,West,Basic,299,29.38,3
C07716,T1316,East,Basic,299,23.29,0
C07717,T1454,East,Unlimited,1199,24.91,2
C07718,T1148,South,Basic,299,29.84,4
C07719,T1164,Central,Basic,299,22.45,0
C07720,T1057,East,Standard,499,38.45,0
C07721,T1369,West,Standard,499,18.94,0
C07722,T1400,South,Standard,499,27.0,2
C07723,T1011,East,Standard,499,20.56,2
C07724,T1139,West,Premium,799,0.0,1
C07725,T1303,North,Premium,799,37.11,2
C07726,T1220,South,Basic,299,7.02,3
C07727,T1490,East,Unlimited,1199,36.52,1
C07728,T1039,West,Premium,799,25.12,0
C07729,T1457,Central,Unlimited,1199,23.56,1
C07730,T1394,East,Unlimited,1199,24.89,0
C07731,T1176,South,Basic,299,21.88,1
C07732,T1423,West,Unlimited,1199,24.4,0
C07733,T1232,South,Premium,799,25.76,1
C07734,T1384,East,Standard,499,26.38,2
C07735,T1183,Central,Unlimited,1199,4.02,0
C07736,T1077,East,Standard,499,13.65,1
C07737,T1038,South,Unlimited,1199,7.19,0
C07738,T1387,East,Standard,499,25.52,0
C07739,T1060,South,Unlimited,1199,11.8,2
C07740,T1013,West,Standard,499,21.29,1
C07741,T1339,West,Unlimited,1199,18.46,1
C07742,T1491,South,Basic,299,49.12,1
C07743,T1047,West,Basic,299,30.33,0
C07744,T1161,Central,Unlimited,1199,23.95,2
C07745,T1499,North,Basic,299,31.18,2
C07746,T1488,East,Standard,499,30.87,1
C07747,T1388,East,Unlimited,1199,27.42,3
C07748,T1440,West,Standard,499,3.95,0
C07749,T1030,South,Unlimited,1199,51.52,2
C07750,T1204,West,Unlimited,1199,1.66,1
C07751,T1011,East,Basic,299,27.96,1
C07752,T1176,South,Premium,799,7.07,1
C07753,T1206,Central,Unlimited,1199,16.93,2
C07754,T1203,North,Standard,499,21.84,0
C07755,T1440,West,Standard,499,26.03,0
C07756,T1392,North,Standard,499,15.69,0
C07757,T1111,East,Unlimited,1199,25.21,0
C07758,T1030,South,Basic,299,23.35,0
C07759,T1252,North,Basic,299,18.01,0
C07760,T1380,West,Premium,799,9.53,0
C07761,T1267,East,Basic,299,27.65,3
C07762,T1400,South,Basic,299,24.66,0
C07763,T1296,West,Unlimited,1199,28.97,0
C07764,T1443,East,Basic,299,34.66,2
C07765,T1140,East,Basic,299,21.16,0
C07766,T1286,West,Unlimited,1199,11.28,0
C07767,T1101,West,Standard,499,23.95,0
C07768,T1093,West,Standard,499,20.46,2
C07769,T1152,Central,Standard,499,34.6,1
C07770,T1432,South,Basic,299,0.0,1
C07771,T1409,North,Unlimited,1199,19.99,0
C07772,T1172,East,Unlimited,1199,25.99,2
C07773,T1150,South,Premium,799,15.98,1
C07774,T1451,South,Standard,499,31.86,2
C07775,T1319,East,Standard,499,28.25,0
C07776,T1124,East,Unlimited,1199,56.62,0
C07777,T1171,Central,Basic,299,32.17,2
C07778,T1430,South,Unlimited,1199,22.32,2
C07779,T1095,Central,Standard,499,9.88,2
C07780,T1268,East,Premium,799,27.32,0
C07781,T1467,North,Standard,499,5.5,2
C07782,T1351,East,Premium,799,22.98,0
C07783,T1281,South,Premium,799,12.19,1
C07784,T1380,West,Premium,799,34.42,1
C07785,T1182,West,Premium,799,29.17,2
C07786,T1445,East,Basic,299,26.43,2
C07787,T1317,East,Basic,299,47.59,2
C07788,T1457,Central,Unlimited,1199,24.55,0
C07789,T1400,South,Basic,299,45.76,1
C07790,T1493,West,Standard,499,42.75,0
C07791,T1470,South,Premium,799,19.52,1
C07792,T1265,South,Standard,499,41.23,2
C07793,T1398,North,Standard,499,34.93,0
C07794,T1219,South,Unlimited,1199,16.52,0
C07795,T1277,North,Standard,499,29.39,1
C07796,T1280,South,Unlimited,1199,27.61,2
C07797,T1100,South,Unlimited,1199,27.54,1
C07798,T1449,West,Standard,499,19.44,1
C07799,T1074,East,Standard,499,23.6,0
C07800,T1272,East,Basic,299,35.57,0
C07801,T1016,East,Premium,799,34.43,1
C07802,T1355,South,Standard,499,15.12,1
C07803,T1210,East,Premium,799,18.6,1
C07804,T1224,East,Premium,799,35.37,0
C07805,T1265,South,Premium,799,22.37,0
C07806,T1211,South,Unlimited,1199,43.18,0
C07807,T1460,Central,Premium,799,23.65,1
C07808,T1264,South,Unlimited,1199,16.87,2
C07809,T1377,Central,Unlimited,1199,24.48,0
C07810,T1483,South,Premium,799,11.09,0
C07811,T1050,North,Unlimited,1199,33.84,1
C07812,T1118,North,Unlimited,1199,27.47,3
C07813,T1392,North,Basic,299,34.72,0
C07814,T1066,West,Basic,299,11.32,1
C07815,T1204,West,Standard,499,14.7,1
C07816,T1054,West,Unlimited,1199,19.59,0
C07817,T1170,West,Premium,799,16.33,2
C07818,T1455,West,Standard,499,17.1,3
C07819,T1294,Central,Unlimited,1199,26.58,2
C07820,T1246,East,Unlimited,1199,30.74,0
C07821,T1019,South,Basic,299,36.57,1
C07822,T1133,South,Premium,799,6.88,2
C07823,T1262,East,Premium,799,10.96,2
C07824,T1002,South,Basic,299,11.5,1
C07825,T1056,South,Premium,799,30.67,5
C07826,T1129,West,Basic,299,32.84,4
C07827,T1224,East,Standard,499,34.07,0
C07828,T1278,East,Basic,299,37.93,3
C07829,T1364,East,Standard,499,25.82,3
C07830,T1359,South,Unlimited,1199,1.85,1
C07831,T1456,Central,Basic,299,25.03,0
C07832,T1037,South,Unlimited,1199,29.07,5
C07833,T1195,North,Basic,299,26.0,1
C07834,T1052,West,Premium,799,30.49,0
C07835,T1197,Central,Basic,299,11.59,2
C07836,T1440,West,Standard,499,22.89,0
C07837,T1449,West,Unlimited,1199,19.33,3
C07838,T1038,South,Basic,299,31.75,0
C07839,T1264,South,Standard,499,17.84,1
C07840,T1204,West,Basic,299,34.82,1
C07841,T1400,South,Premium,799,22.61,1
C07842,T1174,East,Premium,799,22.63,2
C07843,T1363,East,Premium,799,22.23,2
C07844,T1194,Central,Premium,799,17.34,0
C07845,T1465,North,Premium,799,31.92,1
C07846,T1089,Central,Unlimited,1199,25.98,1
C07847,T1256,West,Standard,499,16.31,1
C07848,T1194,Central,Premium,799,20.2,1
C07849,T1473,North,Standard,499,29.01,2
C07850,T1255,Central,Unlimited,1199,12.89,0
C07851,T1045,West,Premium,799,13.6,1
C07852,T1413,North,Basic,299,26.02,1
C07853,T1101,West,Premium,799,17.97,1
C07854,T1449,West,Premium,799,45.36,1
C07855,T1323,Central,Premium,799,20.92,0
C07856,T1143,Central,Premium,799,24.93,0
C07857,T1433,Central,Premium,799,22.75,0
C07858,T1345,North,Unlimited,1199,24.76,1
C07859,T1403,Central,Unlimited,1199,37.7,0
C07860,T1014,South,Basic,299,15.5,0
C07861,T1118,North,Basic,299,29.15,1
C07862,T1435,South,Basic,299,15.09,0
C07863,T1047,West,Unlimited,1199,20.4,2
C07864,T1329,South,Standard,499,25.29,2
C07865,T1077,East,Unlimited,1199,27.88,2
C07866,T1397,West,Standard,499,43.05,1
C07867,T1489,East,Standard,499,21.7,2
C07868,T1495,East,Unlimited,1199,18.79,7
C07869,T1241,West,Premium,799,33.49,0
C07870,T1351,East,Standard,499,30.39,1
C07871,T1353,West,Basic,299,25.85,1
C07872,T1333,North,Unlimited,1199,16.46,1
C07873,T1380,West,Standard,499,15.9,0
C07874,T1199,West,Standard,499,23.18,0
C07875,T1273,North,Premium,799,15.37,1
C07876,T1482,West,Premium,799,30.28,0
C07877,T1428,South,Unlimited,1199,28.81,0
C07878,T1010,East,Standard,499,20.48,1
C07879,T1132,East,Basic,299,25.94,1
C07880,T1399,East,Basic,299,34.72,1
C07881,T1208,East,Premium,799,29.28,4
C07882,T1016,East,Basic,299,37.36,1
C07883,T1035,South,Standard,499,18.64,0
C07884,T1210,East,Premium,799,28.36,1
C07885,T1438,West,Basic,299,28.41,1
C07886,T1123,East,Premium,799,35.26,5
C07887,T1321,East,Premium,799,20.52,1
C07888,T1287,South,Premium,799,23.58,4
C07889,T1096,West,Unlimited,1199,41.09,0
C07890,T1416,West,Unlimited,1199,23.5,1
C07891,T1017,South,Basic,299,18.9,0
C07892,T1353,West,Unlimited,1199,2.85,2
C07893,T1088,South,Unlimited,1199,15.67,0
C07894,T1475,Central,Premium,799,23.36,1
C07895,T1364,East,Premium,799,26.59,3
C07896,T1448,East,Basic,299,27.56,2
C07897,T1156,Central,Standard,499,21.15,1
C07898,T1304,West,Premium,799,13.56,0
C07899,T1130,South,Premium,799,3.46,1
C07900,T1313,West,Unlimited,1199,24.85,1
C07901,T1219,South,Premium,799,17.0,1
C07902,T1150,South,Standard,499,13.97,1
C07903,T1427,Central,Basic,299,42.35,1
C07904,T1379,South,Unlimited,1199,29.06,0
C07905,T1431,Central,Premium,799,41.55,1
C07906,T1432,South,Unlimited,1199,32.63,0
C07907,T1066,West,Unlimited,1199,24.53,1
C07908,T1175,East,Standard,499,34.24,2
C07909,T1256,West,Basic,299,22.46,0
C07910,T1495,East,Basic,299,21.32,5
C07911,T1212,West,Basic,299,19.86,0
C07912,T1331,Central,Unlimited,1199,37.29,0
C07913,T1104,South,Premium,799,27.2,1
C07914,T1156,Central,Unlimited,1199,16.98,1
C07915,T1296,West,Premium,799,34.61,3
C07916,T1356,West,Premium,799,0.71,3
C07917,T1299,South,Standard,499,31.18,4
C07918,T1119,North,Premium,799,21.99,1
C07919,T1345,North,Basic,299,44.43,1
C07920,T1417,Central,Unlimited,1199,22.64,2
C07921,T1364,East,Standard,499,21.76,0
C07922,T1282,North,Standard,499,16.62,0
C07923,T1421,North,Standard,499,0.64,0
C07924,T1216,North,Premium,799,26.33,7
C07925,T1310,East,Unlimited,1199,11.43,0
C07926,T1367,Central,Basic,299,15.4,2
C07927,T1351,East,Basic,299,18.05,0
C07928,T1027,North,Basic,299,32.55,1
C07929,T1227,North,Basic,299,20.81,1
C07930,T1238,North,Basic,299,38.0,0
C07931,T1064,Central,Premium,799,26.9,1
C07932,T1325,North,Premium,799,12.33,1
C07933,T1229,North,Unlimited,1199,29.75,3
C07934,T1377,Central,Standard,499,30.48,3
C07935,T1020,South,Premium,799,23.43,1
C07936,T1447,South,Premium,799,16.02,0
C07937,T1286,West,Premium,799,27.76,1
C07938,T1046,East,Premium,799,19.87,2
C07939,T1088,South,Standard,499,35.14,0
C07940,T1160,South,Premium,799,33.71,1
C07941,T1396,South,Standard,499,12.09,1
C07942,T1403,Central,Standard,499,15.48,0
C07943,T1327,East,Standard,499,35.47,0
C07944,T1247,Central,Standard,499,22.81,1
C07945,T1345,North,Unlimited,1199,32.39,0
C07946,T1365,Central,Premium,799,28.8,2
C07947,T1440,West,Unlimited,1199,26.21,0
C07948,T1337,South,Unlimited,1199,27.3,6
C07949,T1284,East,Basic,299,5.65,1
C07950,T1337,South,Standard,499,15.86,5
C07951,T1470,South,Standard,499,27.25,2
C07952,T1212,West,Premium,799,24.94,1
C07953,T1193,South,Premium,799,27.65,4
C07954,T1486,West,Unlimited,1199,35.52,0
C07955,T1049,West,Basic,299,32.41,0
C07956,T1174,East,Standard,499,12.34,0
C07957,T1452,West,Basic,299,17.88,3
C07958,T1427,Central,Unlimited,1199,30.24,3
C07959,T1491,South,Basic,299,17.2,2
C07960,T1345,North,Premium,799,30.97,0
C07961,T1037,South,Basic,299,23.02,4
C07962,T1372,Central,Basic,299,17.45,0
C07963,T1059,South,Unlimited,1199,31.2,3
C07964,T1061,South,Basic,299,28.76,1
C07965,T1153,West,Unlimited,1199,20.49,1
C07966,T1131,East,Premium,799,23.11,0
C07967,T1195,North,Basic,299,17.07,2
C07968,T1495,East,Basic,299,38.93,5
C07969,T1438,West,Standard,499,28.26,0
C07970,T1030,South,Unlimited,1199,23.36,0
C07971,T1185,West,Premium,799,19.85,1
C07972,T1088,South,Premium,799,21.73,0
C07973,T1447,South,Unlimited,1199,3.12,0
C07974,T1108,South,Premium,799,7.29,0
C07975,T1496,West,Standard,499,0.0,0
C07976,T1123,East,Unlimited,1199,23.66,5
C07977,T1496,West,Premium,799,30.1,0
C07978,T1286,West,Unlimited,1199,35.82,3
C07979,T1234,East,Basic,299,30.87,3
C07980,T1028,East,Unlimited,1199,21.12,1
C07981,T1286,West,Basic,299,23.49,1
C07982,T1323,Central,Standard,499,5.6,2
C07983,T1174,East,Standard,499,42.95,1
C07984,T1088,South,Premium,799,18.92,3
C07985,T1476,East,Basic,299,26.73,1
C07986,T1080,Central,Basic,299,29.57,0
C07987,T1384,East,Basic,299,17.87,3
C07988,T1281,South,Standard,499,25.32,1
C07989,T1386,East,Standard,499,21.5,1
C07990,T1207,South,Unlimited,1199,20.2,0
C07991,T1292,South,Basic,299,22.1,2
C07992,T1314,North,Unlimited,1199,16.14,1
C07993,T1340,North,Unlimited,1199,13.02,0
C07994,T1210,East,Basic,299,17.79,1
C07995,T1075,East,Unlimited,1199,21.87,2
C07996,T1184,South,Standard,499,42.54,6
C07997,T1110,East,Premium,799,22.35,1
C07998,T1235,North,Basic,299,41.63,2
C07999,T1209,East,Premium,799,37.54,0
C08000,T1206,Central,Standard,499,12.09,0
C08001,T1499,North,Basic,299,25.75,2
C08002,T1393,West,Basic,299,19.43,3
C08003,T1424,South,Basic,299,31.63,2
C08004,T1096,West,Unlimited,1199,14.25,1
C08005,T1004,South,Basic,299,37.73,3
C08006,T1228,West,Basic,299,14.39,1
C08007,T1415,North,Standard,499,34.2,1
C08008,T1249,Central,Basic,299,38.29,0
C08009,T1270,North,Unlimited,1199,25.3,0
C08010,T1470,South,Unlimited,1199,35.69,0
C08011,T1384,East,Standard,499,27.34,1
C08012,T1084,East,Basic,299,57.39,0
C08013,T1255,Central,Basic,299,3.02,0
C08014,T1292,South,Standard,499,38.54,1
C08015,T1139,West,Premium,799,26.86,2
C08016,T1304,West,Standard,499,17.21,1
C08017,T1344,East,Unlimited,1199,29.52,0
C08018,T1251,West,Premium,799,31.31,1
C08019,T1276,West,Unlimited,1199,31.07,0
C08020,T1442,East,Unlimited,1199,23.15,1
C08021,T1478,West,Standard,499,27.81,2
C08022,T1315,West,Unlimited,1199,26.65,1
C08023,T1177,West,Basic,299,19.68,2
C08024,T1436,South,Unlimited,1199,30.44,2
C08025,T1408,South,Premium,799,25.29,0
C08026,T1344,East,Premium,799,28.08,3
C08027,T1415,North,Premium,799,22.09,2
C08028,T1202,East,Premium,799,25.01,2
C08029,T1226,Central,Standard,499,33.85,1
C08030,T1218,North,Unlimited,1199,47.34,1
C08031,T1202,East,Premium,799,24.03,2
C08032,T1346,South,Premium,799,14.35,1
C08033,T1045,West,Standard,499,27.41,2
C08034,T1257,Central,Basic,299,7.58,2
C08035,T1228,West,Premium,799,26.32,0
C08036,T1255,Central,Unlimited,1199,12.09,1
C08037,T1295,West,Premium,799,28.45,0
C08038,T1001,North,Basic,299,34.13,3
C08039,T1099,North,Premium,799,28.91,1
C08040,T1170,West,Standard,499,8.35,0
C08041,T1386,East,Standard,499,7.89,1
C08042,T1031,East,Standard,499,43.99,2
C08043,T1223,South,Standard,499,22.93,2
C08044,T1203,North,Standard,499,26.99,1
C08045,T1029,North,Standard,499,27.82,2
C08046,T1064,Central,Unlimited,1199,18.16,0
C08047,T1339,West,Premium,799,36.16,0
C08048,T1176,South,Standard,499,15.86,0
C08049,T1487,Central,Premium,799,29.72,0
C08050,T1487,Central,Unlimited,1199,14.0,3
C08051,T1114,West,Standard,499,33.55,2
C08052,T1005,North,Basic,299,17.51,0
C08053,T1236,East,Premium,799,34.31,0
C08054,T1397,West,Basic,299,15.7,1
C08055,T1375,Central,Unlimited,1199,36.81,1
C08056,T1116,East,Premium,799,34.61,0
C08057,T1044,North,Unlimited,1199,34.87,1
C08058,T1263,Central,Premium,799,20.98,0
C08059,T1075,East,Standard,499,18.25,1
C08060,T1139,West,Unlimited,1199,12.68,0
C08061,T1204,West,Unlimited,1199,12.17,2
C08062,T1188,South,Basic,299,20.98,0
C08063,T1064,Central,Premium,799,9.59,2
C08064,T1362,East,Standard,499,33.88,0
C08065,T1246,East,Basic,299,25.63,3
C08066,T1031,East,Premium,799,7.56,2
C08067,T1430,South,Standard,499,8.28,1
C08068,T1204,West,Unlimited,1199,28.79,0
C08069,T1307,West,Standard,499,35.42,0
C08070,T1099,North,Standard,499,35.64,1
C08071,T1252,North,Unlimited,1199,24.25,1
C08072,T1118,North,Standard,499,17.42,1
C08073,T1132,East,Standard,499,18.9,1
C08074,T1076,Central,Premium,799,19.49,0
C08075,T1356,West,Unlimited,1199,21.72,3
C08076,T1081,Central,Standard,499,22.63,1
C08077,T1238,North,Standard,499,23.86,3
C08078,T1458,North,Standard,499,28.61,2
C08079,T1254,South,Standard,499,24.41,2
C08080,T1095,Central,Premium,799,17.11,0
C08081,T1384,East,Standard,499,4.77,1
C08082,T1052,West,Basic,299,20.31,3
C08083,T1119,North,Standard,499,22.9,0
C08084,T1367,Central,Unlimited,1199,22.68,0
C08085,T1422,East,Basic,299,38.28,0
C08086,T1003,Central,Premium,799,33.91,1
C08087,T1072,East,Standard,499,27.34,0
C08088,T1128,North,Basic,299,33.92,2
C08089,T1104,South,Unlimited,1199,24.48,1
C08090,T1005,North,Premium,799,29.01,1
C08091,T1101,West,Standard,499,6.68,2
C08092,T1119,North,Standard,499,21.56,1
C08093,T1349,Central,Basic,299,21.22,2
C08094,T1323,Central,Standard,499,16.38,2
C08095,T1273,North,Premium,799,37.84,6
C08096,T1204,West,Basic,299,17.67,1
C08097,T1065,Central,Premium,799,7.06,0
C08098,T1330,North,Unlimited,1199,20.99,1
C08099,T1456,Central,Basic,299,30.07,0
C08100,T1137,South,Unlimited,1199,36.17,2
C08101,T1112,North,Unlimited,1199,22.8,1
C08102,T1051,Central,Premium,799,47.26,0
C08103,T1385,South,Basic,299,24.88,2
C08104,T1244,North,Unlimited,1199,11.25,1
C08105,T1292,South,Unlimited,1199,36.43,0
C08106,T1276,West,Basic,299,27.77,1
C08107,T1457,Central,Unlimited,1199,42.06,3
C08108,T1151,East,Premium,799,7.63,0
C08109,T1432,South,Premium,799,25.27,1
C08110,T1157,Central,Premium,799,23.22,0
C08111,T1372,Central,Standard,499,21.37,0
C08112,T1049,West,Premium,799,24.43,2
C08113,T1250,North,Standard,499,20.0,2
C08114,T1237,Central,Standard,499,14.7,2
C08115,T1222,Central,Premium,799,26.2,1
C08116,T1015,North,Premium,799,36.83,0
C08117,T1105,West,Standard,499,42.11,0
C08118,T1322,East,Unlimited,1199,35.04,0
C08119,T1101,West,Unlimited,1199,20.17,1
C08120,T1267,East,Premium,799,21.43,0
C08121,T1315,West,Standard,499,32.56,0
C08122,T1134,South,Standard,499,21.6,1
C08123,T1269,East,Standard,499,27.45,1
C08124,T1325,North,Basic,299,33.21,0
C08125,T1113,South,Unlimited,1199,16.88,0
C08126,T1314,North,Unlimited,1199,31.05,1
C08127,T1467,North,Standard,499,23.73,0
C08128,T1346,South,Standard,499,11.94,1
C08129,T1041,South,Premium,799,24.39,1
C08130,T1011,East,Standard,499,23.99,0
C08131,T1084,East,Basic,299,7.13,0
C08132,T1304,West,Premium,799,6.96,1
C08133,T1387,East,Unlimited,1199,36.88,3
C08134,T1493,West,Premium,799,34.38,0
C08135,T1408,South,Premium,799,29.65,1
C08136,T1399,East,Basic,299,21.5,0
C08137,T1348,East,Basic,299,17.91,2
C08138,T1065,Central,Premium,799,25.16,1
C08139,T1005,North,Unlimited,1199,16.65,0
C08140,T1223,South,Unlimited,1199,6.76,0
C08141,T1448,East,Unlimited,1199,38.09,0
C08142,T1326,North,Basic,299,30.95,1
C08143,T1206,Central,Unlimited,1199,28.57,1
C08144,T1114,West,Premium,799,19.71,3
C08145,T1253,East,Unlimited,1199,15.98,0
C08146,T1241,West,Basic,299,27.07,1
C08147,T1445,East,Premium,799,37.11,5
C08148,T1295,West,Unlimited,1199,34.03,1
C08149,T1126,West,Standard,499,31.77,0
C08150,T1286,West,Premium,799,34.3,0
C08151,T1370,West,Basic,299,37.79,0
C08152,T1455,West,Basic,299,22.36,3
C08153,T1118,North,Premium,799,40.65,2
C08154,T1094,Central,Premium,799,34.15,0
C08155,T1075,East,Unlimited,1199,37.87,1
C08156,T1195,North,Standard,499,25.97,0
C08157,T1078,Central,Basic,299,12.26,3
C08158,T1180,North,Unlimited,1199,36.87,0
C08159,T1123,East,Unlimited,1199,9.88,4
C08160,T1105,West,Unlimited,1199,12.02,2
C08161,T1116,East,Premium,799,40.32,0
C08162,T1314,North,Premium,799,41.76,0
C08163,T1469,Central,Premium,799,29.79,0
C08164,T1003,Central,Standard,499,44.96,2
C08165,T1284,East,Premium,799,10.13,0
C08166,T1164,Central,Premium,799,39.02,1
C08167,T1212,West,Premium,799,15.32,0
C08168,T1222,Central,Premium,799,25.7,0
C08169,T1101,West,Basic,299,26.7,1
C08170,T1240,East,Basic,299,14.03,0
C08171,T1262,East,Unlimited,1199,36.17,2
C08172,T1111,East,Basic,299,15.89,1
C08173,T1027,North,Standard,499,23.36,1
C08174,T1378,Central,Basic,299,25.78,1
C08175,T1008,East,Standard,499,34.64,4
C08176,T1376,Central,Unlimited,1199,16.2,0
C08177,T1481,West,Standard,499,15.42,0
C08178,T1194,Central,Unlimited,1199,34.2,3
C08179,T1113,South,Standard,499,20.21,0
C08180,T1179,North,Unlimited,1199,19.85,1
C08181,T1336,East,Unlimited,1199,24.33,0
C08182,T1104,South,Standard,499,18.03,1
C08183,T1087,East,Standard,499,28.25,1
C08184,T1145,North,Unlimited,1199,25.31,1
C08185,T1137,South,Standard,499,16.57,1
C08186,T1306,East,Basic,299,27.77,4
C08187,T1341,West,Unlimited,1199,49.49,0
C08188,T1002,South,Basic,299,10.42,2
C08189,T1297,Central,Basic,299,21.53,1
C08190,T1017,South,Basic,299,39.75,1
C08191,T1154,Central,Unlimited,1199,27.87,2
C08192,T1202,East,Basic,299,13.37,1
C08193,T1382,West,Unlimited,1199,25.15,1
C08194,T1106,West,Standard,499,25.99,1
C08195,T1211,South,Premium,799,28.64,2
C08196,T1155,East,Unlimited,1199,26.56,1
C08197,T1396,South,Standard,499,13.84,0
C08198,T1340,North,Unlimited,1199,21.14,2
C08199,T1263,Central,Premium,799,19.11,0
C08200,T1314,North,Premium,799,11.61,1
C08201,T1322,East,Premium,799,32.15,1
C08202,T1046,East,Unlimited,1199,24.96,0
C08203,T1220,South,Basic,299,16.13,2
C08204,T1402,East,Basic,299,31.41,1
C08205,T1306,East,Standard,499,27.93,5
C08206,T1049,West,Unlimited,1199,24.6,1
C08207,T1149,North,Premium,799,25.77,0
C08208,T1326,North,Basic,299,38.05,0
C08209,T1007,North,Premium,799,22.44,2
C08210,T1179,North,Unlimited,1199,27.35,1
C08211,T1417,Central,Standard,499,34.28,2
C08212,T1366,Central,Premium,799,30.35,6
C08213,T1222,Central,Premium,799,20.94,2
C08214,T1130,South,Unlimited,1199,22.79,0
C08215,T1405,South,Standard,499,22.2,1
C08216,T1352,East,Standard,499,26.86,0
C08217,T1276,West,Unlimited,1199,10.83,1
C08218,T1393,West,Basic,299,33.37,0
C08219,T1381,East,Premium,799,35.05,2
C08220,T1066,West,Basic,299,16.64,2
C08221,T1337,South,Premium,799,42.78,5
C08222,T1223,South,Premium,799,23.22,0
C08223,T1470,South,Basic,299,16.3,0
C08224,T1283,West,Standard,499,39.46,1
C08225,T1226,Central,Premium,799,30.21,0
C08226,T1378,Central,Unlimited,1199,29.07,1
C08227,T1226,Central,Basic,299,14.3,1
C08228,T1303,North,Standard,499,34.76,2
C08229,T1227,North,Premium,799,24.8,1
C08230,T1125,West,Premium,799,25.19,0
C08231,T1181,West,Basic,299,28.46,1
C08232,T1310,East,Unlimited,1199,32.65,0
C08233,T1260,West,Premium,799,11.29,0
C08234,T1316,East,Standard,499,35.09,0
C08235,T1257,Central,Basic,299,28.47,0
C08236,T1202,East,Standard,499,2.55,3
C08237,T1382,West,Premium,799,23.51,2
C08238,T1029,North,Standard,499,40.84,1
C08239,T1122,Central,Basic,299,29.77,1
C08240,T1261,North,Unlimited,1199,23.41,1
C08241,T1143,Central,Unlimited,1199,14.16,0
C08242,T1410,West,Standard,499,25.56,1
C08243,T1135,Central,Standard,499,39.85,0
C08244,T1152,Central,Standard,499,37.71,2
C08245,T1183,Central,Premium,799,25.3,0
C08246,T1270,North,Unlimited,1199,41.31,0
C08247,T1304,West,Premium,799,36.39,1
C08248,T1090,South,Basic,299,23.83,1
C08249,T1095,Central,Basic,299,18.15,1
C08250,T1351,East,Premium,799,28.77,0
C08251,T1199,West,Basic,299,46.4,3
C08252,T1421,North,Standard,499,15.26,0
C08253,T1258,East,Unlimited,1199,23.1,1
C08254,T1032,East,Basic,299,40.69,4
C08255,T1266,West,Basic,299,33.65,2
C08256,T1107,Central,Premium,799,28.2,1
C08257,T1444,South,Premium,799,7.67,2
C08258,T1214,South,Premium,799,12.22,6
C08259,T1218,North,Basic,299,21.54,0
C08260,T1463,South,Premium,799,19.89,1
C08261,T1300,South,Basic,299,29.84,2
C08262,T1108,South,Unlimited,1199,4.57,0
C08263,T1206,Central,Premium,799,31.12,2
C08264,T1225,Central,Premium,799,31.92,2
C08265,T1235,North,Unlimited,1199,25.88,1
C08266,T1376,Central,Basic,299,17.84,0
C08267,T1336,East,Basic,299,20.37,1
C08268,T1218,North,Basic,299,31.04,1
C08269,T1095,Central,Standard,499,20.65,0
C08270,T1059,South,Premium,799,17.07,2
C08271,T1022,Central,Standard,499,28.4,0
C08272,T1372,Central,Unlimited,1199,34.51,1
C08273,T1357,North,Premium,799,30.05,2
C08274,T1179,North,Unlimited,1199,29.06,0
C08275,T1363,East,Basic,299,29.66,3
C08276,T1326,North,Basic,299,24.89,1
C08277,T1021,West,Premium,799,19.11,1
C08278,T1062,North,Premium,799,19.08,1
C08279,T1266,West,Standard,499,25.0,3
C08280,T1110,East,Standard,499,25.05,1
C08281,T1190,East,Standard,499,15.3,0
C08282,T1432,South,Unlimited,1199,15.4,0
C08283,T1365,Central,Unlimited,1199,35.49,2
C08284,T1000,North,Basic,299,30.2,0
C08285,T1417,Central,Standard,499,16.18,1
C08286,T1263,Central,Premium,799,29.21,0
C08287,T1161,Central,Basic,299,5.44,3
C08288,T1392,North,Basic,299,23.15,1
C08289,T1085,West,Premium,799,36.93,0
C08290,T1402,East,Unlimited,1199,33.78,1
C08291,T1098,East,Basic,299,29.39,0
C08292,T1054,West,Basic,299,19.53,3
C08293,T1035,South,Standard,499,3.49,1
C08294,T1438,West,Premium,799,18.92,1
C08295,T1415,North,Premium,799,11.75,1
C08296,T1438,West,Unlimited,1199,24.73,1
C08297,T1048,Central,Basic,299,28.04,0
C08298,T1466,South,Premium,799,24.55,1
C08299,T1286,West,Basic,299,13.47,0
C08300,T1197,Central,Basic,299,12.08,0
C08301,T1306,East,Premium,799,16.46,8
C08302,T1290,South,Basic,299,20.82,0
C08303,T1097,Central,Unlimited,1199,5.1,1
C08304,T1320,South,Premium,799,29.16,1
C08305,T1018,East,Premium,799,21.61,5
C08306,T1061,South,Basic,299,26.29,2
C08307,T1343,North,Standard,499,17.27,1
C08308,T1426,North,Unlimited,1199,31.94,0
C08309,T1272,East,Unlimited,1199,22.86,1
C08310,T1041,South,Unlimited,1199,28.63,0
C08311,T1407,East,Unlimited,1199,34.42,1
C08312,T1039,West,Unlimited,1199,29.08,0
C08313,T1003,Central,Basic,299,32.71,1
C08314,T1328,West,Premium,799,17.29,2
C08315,T1312,West,Standard,499,7.14,1
C08316,T1305,Central,Standard,499,37.52,1
C08317,T1362,East,Standard,499,26.23,0
C08318,T1384,East,Premium,799,19.26,1
C08319,T1008,East,Unlimited,1199,17.82,0
C08320,T1470,South,Basic,299,18.22,1
C08321,T1307,West,Unlimited,1199,28.8,1
C08322,T1042,South,Standard,499,16.72,0
C08323,T1492,East,Standard,499,0.0,1
C08324,T1106,West,Standard,499,29.64,1
C08325,T1038,South,Standard,499,45.49,1
C08326,T1143,Central,Premium,799,29.0,2
C08327,T1083,South,Standard,499,24.36,0
C08328,T1021,West,Premium,799,14.16,0
C08329,T1021,West,Basic,299,16.49,2
C08330,T1483,South,Standard,499,29.04,2
C08331,T1244,North,Basic,299,17.62,1
C08332,T1479,Central,Unlimited,1199,29.9,2
C08333,T1253,East,Premium,799,44.0,2
C08334,T1267,East,Premium,799,25.64,0
C08335,T1197,Central,Standard,499,23.73,1
C08336,T1366,Central,Unlimited,1199,0.56,3
C08337,T1276,West,Basic,299,38.4,2
C08338,T1198,South,Unlimited,1199,44.02,0
C08339,T1054,West,Basic,299,10.42,0
C08340,T1353,West,Standard,499,30.54,1
C08341,T1463,South,Unlimited,1199,18.85,2
C08342,T1403,Central,Standard,499,36.2,0
C08343,T1369,West,Basic,299,33.57,0
C08344,T1332,South,Standard,499,27.43,2
C08345,T1469,Central,Basic,299,8.84,1
C08346,T1198,South,Premium,799,40.69,0
C08347,T1482,West,Basic,299,26.69,2
C08348,T1219,South,Premium,799,38.82,3
C08349,T1251,West,Basic,299,49.08,0
C08350,T1086,South,Basic,299,47.47,1
C08351,T1060,South,Unlimited,1199,26.93,0
C08352,T1024,North,Basic,299,21.79,1
C08353,T1277,North,Basic,299,20.19,1
C08354,T1460,Central,Basic,299,29.43,1
C08355,T1341,West,Standard,499,17.13,2
C08356,T1442,East,Standard,499,23.68,1
C08357,T1447,South,Standard,499,26.66,1
C08358,T1100,South,Basic,299,39.95,2
C08359,T1093,West,Premium,799,19.02,0
C08360,T1182,West,Unlimited,1199,19.74,1
C08361,T1297,Central,Standard,499,20.05,1
C08362,T1030,South,Unlimited,1199,20.53,0
C08363,T1403,Central,Standard,499,21.94,0
C08364,T1113,South,Basic,299,40.29,4
C08365,T1404,West,Premium,799,15.8,4
C08366,T1307,West,Unlimited,1199,38.49,1
C08367,T1284,East,Basic,299,35.47,3
C08368,T1433,Central,Basic,299,39.2,0
C08369,T1451,South,Unlimited,1199,15.01,0
C08370,T1324,North,Basic,299,27.01,0
C08371,T1292,South,Unlimited,1199,26.31,0
C08372,T1440,West,Basic,299,19.84,1
C08373,T1495,East,Premium,799,26.25,4
C08374,T1015,North,Premium,799,41.22,1
C08375,T1083,South,Basic,299,42.9,1
C08376,T1033,Central,Standard,499,11.38,5
C08377,T1386,East,Basic,299,14.2,0
C08378,T1431,Central,Standard,499,26.21,0
C08379,T1405,South,Unlimited,1199,38.63,1
C08380,T1003,Central,Basic,299,16.37,1
C08381,T1207,South,Premium,799,24.87,1
C08382,T1397,West,Basic,299,44.93,1
C08383,T1482,West,Basic,299,17.52,3
C08384,T1129,West,Premium,799,25.84,7
C08385,T1429,North,Basic,299,22.9,0
C08386,T1448,East,Basic,299,35.69,0
C08387,T1354,East,Unlimited,1199,26.62,1
C08388,T1131,East,Basic,299,24.78,2
C08389,T1411,West,Standard,499,15.42,2
C08390,T1139,West,Unlimited,1199,18.57,3
C08391,T1288,West,Premium,799,18.59,2
C08392,T1134,South,Premium,799,16.74,1
C08393,T1289,Central,Premium,799,24.35,1
C08394,T1015,North,Unlimited,1199,16.71,1
C08395,T1005,North,Premium,799,11.37,1
C08396,T1424,South,Basic,299,34.87,1
C08397,T1211,South,Standard,499,29.48,2
C08398,T1354,East,Unlimited,1199,20.69,5
C08399,T1174,East,Unlimited,1199,26.45,0
C08400,T1221,North,Standard,499,34.86,0
C08401,T1350,Central,Premium,799,35.9,0
C08402,T1292,South,Basic,299,21.62,0
C08403,T1249,Central,Premium,799,42.14,0
C08404,T1072,East,Premium,799,22.59,2
C08405,T1040,North,Premium,799,17.99,1
C08406,T1073,North,Basic,299,18.79,1
C08407,T1148,South,Premium,799,8.98,0
C08408,T1232,South,Unlimited,1199,39.41,1
C08409,T1464,South,Unlimited,1199,11.41,0
C08410,T1091,North,Premium,799,25.43,0
C08411,T1434,East,Standard,499,23.53,2
C08412,T1345,North,Premium,799,21.63,2
C08413,T1232,South,Unlimited,1199,25.54,2
C08414,T1385,South,Unlimited,1199,23.71,0
C08415,T1309,East,Basic,299,47.98,0
C08416,T1449,West,Premium,799,24.0,4
C08417,T1099,North,Basic,299,29.97,4
C08418,T1049,West,Unlimited,1199,25.06,1
C08419,T1480,East,Premium,799,25.78,0
C08420,T1253,East,Standard,499,49.2,0
C08421,T1268,East,Unlimited,1199,10.63,1
C08422,T1063,South,Unlimited,1199,25.09,0
C08423,T1150,South,Unlimited,1199,36.71,3
C08424,T1455,West,Premium,799,7.97,0
C08425,T1298,South,Basic,299,22.24,2
C08426,T1494,West,Unlimited,1199,27.44,2
C08427,T1066,West,Unlimited,1199,16.92,1
C08428,T1490,East,Unlimited,1199,45.88,2
C08429,T1043,West,Basic,299,28.74,1
C08430,T1388,East,Unlimited,1199,17.58,0
C08431,T1198,South,Standard,499,28.6,1
C08432,T1393,West,Unlimited,1199,20.55,0
C08433,T1222,Central,Basic,299,15.61,3
C08434,T1393,West,Standard,499,34.45,2
C08435,T1157,Central,Standard,499,28.97,0
C08436,T1138,South,Unlimited,1199,25.39,2
C08437,T1448,East,Unlimited,1199,28.1,0
C08438,T1247,Central,Basic,299,11.32,3
C08439,T1063,South,Unlimited,1199,31.28,1
C08440,T1189,West,Unlimited,1199,12.94,0
C08441,T1080,Central,Unlimited,1199,21.58,3
C08442,T1381,East,Unlimited,1199,13.45,1
C08443,T1420,Central,Premium,799,26.82,3
C08444,T1022,Central,Standard,499,6.65,0
C08445,T1032,East,Premium,799,7.48,1
C08446,T1420,Central,Unlimited,1199,25.19,3
C08447,T1487,Central,Standard,499,28.63,0
C08448,T1105,West,Basic,299,41.41,0
C08449,T1367,Central,Standard,499,33.8,1
C08450,T1165,East,Standard,499,40.77,2
C08451,T1140,East,Standard,499,35.21,1
C08452,T1492,East,Standard,499,32.15,2
C08453,T1174,East,Standard,499,30.81,2
C08454,T1174,East,Unlimited,1199,38.65,0
C08455,T1425,Central,Basic,299,28.4,0
C08456,T1000,North,Premium,799,49.9,5
C08457,T1381,East,Premium,799,20.16,0
C08458,T1307,West,Unlimited,1199,23.62,3
C08459,T1449,West,Basic,299,27.73,0
C08460,T1231,West,Standard,499,11.66,2
C08461,T1055,West,Premium,799,36.43,0
C08462,T1489,East,Basic,299,24.45,0
C08463,T1173,Central,Standard,499,36.78,2
C08464,T1004,South,Premium,799,0.0,1
C08465,T1464,South,Standard,499,33.82,2
C08466,T1169,West,Standard,499,17.78,3
C08467,T1392,North,Basic,299,9.46,1
C08468,T1096,West,Basic,299,30.33,1
C08469,T1263,Central,Premium,799,15.55,1
C08470,T1190,East,Unlimited,1199,24.47,1
C08471,T1008,East,Premium,799,11.97,0
C08472,T1313,West,Standard,499,25.61,1
C08473,T1147,West,Standard,499,31.46,0
C08474,T1124,East,Standard,499,27.63,2
C08475,T1064,Central,Basic,299,25.39,1
C08476,T1003,Central,Basic,299,38.71,2
C08477,T1452,West,Standard,499,45.34,1
C08478,T1471,Central,Premium,799,22.55,3
C08479,T1455,West,Standard,499,26.17,3
C08480,T1371,East,Basic,299,43.48,0
C08481,T1405,South,Premium,799,26.46,2
C08482,T1465,North,Basic,299,33.52,1
C08483,T1143,Central,Basic,299,33.37,0
C08484,T1413,North,Unlimited,1199,15.79,1
C08485,T1262,East,Standard,499,6.5,1
C08486,T1135,Central,Standard,499,35.22,0
C08487,T1348,East,Unlimited,1199,29.67,0
C08488,T1448,East,Unlimited,1199,26.54,0
C08489,T1302,Central,Standard,499,27.92,2
C08490,T1352,East,Premium,799,2.4,1
C08491,T1023,East,Standard,499,29.58,2
C08492,T1049,West,Basic,299,29.88,0
C08493,T1218,North,Standard,499,23.18,0
C08494,T1116,East,Basic,299,12.05,1
C08495,T1111,East,Unlimited,1199,20.36,0
C08496,T1318,East,Basic,299,36.13,1
C08497,T1257,Central,Basic,299,18.17,0
C08498,T1334,North,Basic,299,23.67,0
C08499,T1491,South,Basic,299,0.0,1
C08500,T1411,West,Unlimited,1199,28.91,1
C08501,T1077,East,Premium,799,22.22,2
C08502,T1083,South,Unlimited,1199,27.51,2
C08503,T1176,South,Unlimited,1199,25.28,2
C08504,T1265,South,Unlimited,1199,11.79,0
C08505,T1415,North,Standard,499,34.66,0
C08506,T1347,Central,Premium,799,22.61,1
C08507,T1185,West,Unlimited,1199,2.01,2
C08508,T1231,West,Premium,799,27.91,2
C08509,T1397,West,Premium,799,27.41,1
C08510,T1443,East,Standard,499,18.71,2
C08511,T1213,Central,Standard,499,29.09,1
C08512,T1392,North,Premium,799,17.56,0
C08513,T1257,Central,Standard,499,38.07,2
C08514,T1100,South,Unlimited,1199,25.22,3
C08515,T1421,North,Standard,499,5.79,3
C08516,T1161,Central,Premium,799,9.41,0
C08517,T1151,East,Standard,499,22.26,3
C08518,T1065,Central,Premium,799,29.47,2
C08519,T1103,West,Premium,799,40.05,1
C08520,T1059,South,Basic,299,28.29,0
C08521,T1460,Central,Unlimited,1199,3.64,4
C08522,T1496,West,Standard,499,3.62,1
C08523,T1283,West,Basic,299,9.86,0
C08524,T1169,West,Basic,299,40.82,2
C08525,T1127,Central,Premium,799,31.02,3
C08526,T1172,East,Premium,799,9.42,0
C08527,T1117,Central,Standard,499,17.6,0
C08528,T1261,North,Unlimited,1199,33.33,4
C08529,T1081,Central,Basic,299,26.25,1
C08530,T1134,South,Unlimited,1199,0.0,0
C08531,T1203,North,Unlimited,1199,18.01,0
C08532,T1222,Central,Unlimited,1199,29.66,1
C08533,T1468,North,Unlimited,1199,19.14,2
C08534,T1362,East,Basic,299,13.21,1
C08535,T1272,East,Standard,499,14.67,1
C08536,T1276,West,Unlimited,1199,26.93,0
C08537,T1153,West,Premium,799,24.78,2
C08538,T1361,West,Unlimited,1199,16.25,2
C08539,T1040,North,Standard,499,30.77,2
C08540,T1028,East,Unlimited,1199,38.02,1
C08541,T1160,South,Standard,499,0.21,0
C08542,T1036,Central,Standard,499,46.94,1
C08543,T1366,Central,Unlimited,1199,30.22,6
C08544,T1184,South,Standard,499,33.45,3
C08545,T1190,East,Standard,499,16.07,3
C08546,T1202,East,Standard,499,44.25,1
C08547,T1048,Central,Basic,299,23.02,0
C08548,T1246,East,Premium,799,35.72,3
C08549,T1364,East,Basic,299,14.22,0
C08550,T1131,East,Premium,799,20.02,0
C08551,T1112,North,Basic,299,24.8,2
C08552,T1325,North,Basic,299,25.63,1
C08553,T1007,North,Unlimited,1199,35.33,0
C08554,T1041,South,Premium,799,3.11,0
C08555,T1472,South,Premium,799,16.16,3
C08556,T1072,East,Unlimited,1199,34.66,1
C08557,T1476,East,Premium,799,13.19,0
C08558,T1180,North,Unlimited,1199,28.55,2
C08559,T1159,North,Premium,799,17.03,0
C08560,T1476,East,Standard,499,14.94,0
C08561,T1109,East,Basic,299,38.76,1
C08562,T1304,West,Unlimited,1199,17.18,1
C08563,T1049,West,Basic,299,15.63,2
C08564,T1349,Central,Premium,799,21.05,0
C08565,T1116,East,Standard,499,34.45,1
C08566,T1419,Central,Standard,499,27.58,0
C08567,T1454,East,Premium,799,26.49,0
C08568,T1402,East,Unlimited,1199,30.31,0
C08569,T1084,East,Unlimited,1199,33.67,1
C08570,T1431,Central,Unlimited,1199,33.08,0
C08571,T1014,South,Basic,299,26.07,3
C08572,T1012,Central,Basic,299,30.18,0
C08573,T1382,West,Standard,499,35.84,1
C08574,T1405,South,Premium,799,33.32,1
C08575,T1115,North,Premium,799,24.35,1
C08576,T1154,Central,Unlimited,1199,24.03,0
C08577,T1186,East,Premium,799,34.16,0
C08578,T1416,West,Unlimited,1199,32.27,0
C08579,T1320,South,Basic,299,14.58,0
C08580,T1375,Central,Basic,299,10.19,1
C08581,T1428,South,Unlimited,1199,32.64,1
C08582,T1262,East,Unlimited,1199,39.37,2
C08583,T1027,North,Standard,499,31.7,2
C08584,T1059,South,Premium,799,32.28,1
C08585,T1293,North,Standard,499,10.96,3
C08586,T1255,Central,Premium,799,36.84,0
C08587,T1111,East,Unlimited,1199,47.53,0
C08588,T1223,South,Standard,499,6.21,1
C08589,T1263,Central,Standard,499,28.03,0
C08590,T1251,West,Premium,799,28.92,0
C08591,T1298,South,Basic,299,21.45,4
C08592,T1109,East,Basic,299,31.58,3
C08593,T1082,Central,Standard,499,27.65,0
C08594,T1095,Central,Standard,499,14.58,0
C08595,T1445,East,Premium,799,36.03,4
C08596,T1285,North,Basic,299,30.05,6
C08597,T1475,Central,Unlimited,1199,40.93,2
C08598,T1007,North,Premium,799,20.88,2
C08599,T1230,East,Standard,499,12.2,0
C08600,T1351,East,Basic,299,26.68,0
C08601,T1159,North,Standard,499,31.02,1
C08602,T1408,South,Unlimited,1199,25.37,1
C08603,T1284,East,Unlimited,1199,29.24,0
C08604,T1158,West,Unlimited,1199,22.64,0
C08605,T1241,West,Unlimited,1199,14.59,0
C08606,T1130,South,Basic,299,30.11,0
C08607,T1235,North,Basic,299,10.91,1
C08608,T1113,South,Unlimited,1199,20.3,1
C08609,T1197,Central,Unlimited,1199,15.18,0
C08610,T1440,West,Premium,799,44.56,2
C08611,T1205,Central,Basic,299,20.95,3
C08612,T1344,East,Unlimited,1199,27.58,1
C08613,T1193,South,Standard,499,18.21,3
C08614,T1437,West,Standard,499,28.07,0
C08615,T1061,South,Standard,499,10.3,1
C08616,T1403,Central,Standard,499,39.92,1
C08617,T1061,South,Standard,499,21.43,0
C08618,T1439,East,Unlimited,1199,11.28,1
C08619,T1442,East,Standard,499,27.38,0
C08620,T1246,East,Premium,799,12.59,1
C08621,T1390,North,Unlimited,1199,15.93,1
C08622,T1068,Central,Unlimited,1199,30.92,3
C08623,T1133,South,Standard,499,39.77,1
C08624,T1306,East,Standard,499,30.98,3
C08625,T1435,South,Basic,299,25.96,2
C08626,T1464,South,Premium,799,24.25,1
C08627,T1369,West,Premium,799,25.77,2
C08628,T1329,South,Unlimited,1199,35.97,0
C08629,T1291,West,Standard,499,12.17,0
C08630,T1339,West,Basic,299,15.29,3
C08631,T1460,Central,Unlimited,1199,23.15,1
C08632,T1205,Central,Unlimited,1199,9.6,2
C08633,T1454,East,Premium,799,29.85,1
C08634,T1278,East,Premium,799,19.31,3
C08635,T1048,Central,Standard,499,25.99,0
C08636,T1103,West,Premium,799,42.84,1
C08637,T1334,North,Premium,799,25.16,0
C08638,T1105,West,Premium,799,35.18,2
C08639,T1266,West,Premium,799,14.54,2
C08640,T1296,West,Basic,299,21.98,2
C08641,T1057,East,Premium,799,30.31,0
C08642,T1440,West,Unlimited,1199,12.47,1
C08643,T1179,North,Basic,299,32.2,2
C08644,T1078,Central,Premium,799,15.45,2
C08645,T1060,South,Basic,299,13.7,1
C08646,T1446,West,Unlimited,1199,11.23,2
C08647,T1383,Central,Standard,499,33.79,2
C08648,T1239,Central,Basic,299,35.79,1
C08649,T1242,North,Basic,299,12.87,0
C08650,T1157,Central,Standard,499,31.34,2
C08651,T1404,West,Unlimited,1199,23.52,3
C08652,T1320,South,Basic,299,32.18,2
C08653,T1042,South,Unlimited,1199,20.0,4
C08654,T1372,Central,Premium,799,12.66,0
C08655,T1296,West,Premium,799,41.27,2
C08656,T1473,North,Premium,799,28.05,2
C08657,T1377,Central,Premium,799,30.64,2
C08658,T1293,North,Premium,799,33.42,2
C08659,T1085,West,Basic,299,30.63,1
C08660,T1318,East,Standard,499,40.23,0
C08661,T1255,Central,Standard,499,28.41,0
C08662,T1471,Central,Basic,299,22.08,4
C08663,T1390,North,Unlimited,1199,4.2,1
C08664,T1099,North,Unlimited,1199,25.26,0
C08665,T1172,East,Unlimited,1199,26.99,0
C08666,T1090,South,Unlimited,1199,25.15,0
C08667,T1204,West,Unlimited,1199,19.47,1
C08668,T1218,North,Unlimited,1199,10.91,1
C08669,T1243,East,Unlimited,1199,19.66,0
C08670,T1187,South,Standard,499,27.14,0
C08671,T1184,South,Unlimited,1199,26.75,1
C08672,T1106,West,Premium,799,15.99,0
C08673,T1045,West,Unlimited,1199,28.6,1
C08674,T1131,East,Basic,299,35.9,2
C08675,T1299,South,Premium,799,17.42,2
C08676,T1112,North,Basic,299,15.73,1
C08677,T1491,South,Premium,799,17.42,1
C08678,T1091,North,Unlimited,1199,34.75,0
C08679,T1402,East,Unlimited,1199,27.9,1
C08680,T1437,West,Standard,499,19.97,1
C08681,T1098,East,Standard,499,33.74,1
C08682,T1311,East,Basic,299,17.73,0
C08683,T1347,Central,Unlimited,1199,27.37,0
C08684,T1434,East,Unlimited,1199,27.36,1
C08685,T1058,Central,Premium,799,24.16,1
C08686,T1443,East,Basic,299,38.82,1
C08687,T1016,East,Basic,299,33.05,0
C08688,T1038,South,Basic,299,9.39,2
C08689,T1114,West,Basic,299,23.64,1
C08690,T1171,Central,Premium,799,26.42,2
C08691,T1269,East,Basic,299,33.98,1
C08692,T1157,Central,Premium,799,15.31,1
C08693,T1093,West,Standard,499,24.8,0
C08694,T1211,South,Premium,799,40.72,3
C08695,T1255,Central,Standard,499,0.0,1
C08696,T1388,East,Basic,299,28.3,1
C08697,T1133,South,Basic,299,30.42,0
C08698,T1044,North,Basic,299,16.64,3
C08699,T1442,East,Unlimited,1199,26.71,0
C08700,T1049,West,Unlimited,1199,13.96,1
C08701,T1397,West,Premium,799,16.95,2
C08702,T1422,East,Unlimited,1199,41.6,0
C08703,T1360,East,Basic,299,28.96,1
C08704,T1159,North,Basic,299,10.11,0
C08705,T1175,East,Unlimited,1199,28.62,1
C08706,T1114,West,Basic,299,19.17,2
C08707,T1195,North,Unlimited,1199,12.7,3
C08708,T1313,West,Unlimited,1199,0.6,2
C08709,T1236,East,Standard,499,30.45,2
C08710,T1198,South,Unlimited,1199,38.28,2
C08711,T1092,West,Basic,299,23.74,0
C08712,T1299,South,Unlimited,1199,24.83,0
C08713,T1060,South,Basic,299,19.48,1
C08714,T1410,West,Standard,499,18.59,1
C08715,T1389,South,Standard,499,21.25,1
C08716,T1234,East,Standard,499,33.34,1
C08717,T1221,North,Premium,799,25.77,1
C08718,T1114,West,Standard,499,24.91,1
C08719,T1029,North,Premium,799,22.31,0
C08720,T1260,West,Unlimited,1199,6.86,0
C08721,T1290,South,Unlimited,1199,24.88,1
C08722,T1081,Central,Premium,799,21.11,2
C08723,T1466,South,Premium,799,13.88,1
C08724,T1317,East,Unlimited,1199,36.1,3
C08725,T1053,South,Premium,799,22.75,4
C08726,T1185,West,Unlimited,1199,40.67,3
C08727,T1316,East,Standard,499,22.87,1
C08728,T1080,Central,Unlimited,1199,19.58,1
C08729,T1239,Central,Basic,299,26.84,3
C08730,T1060,South,Basic,299,38.05,1
C08731,T1348,East,Premium,799,19.42,0
C08732,T1157,Central,Basic,299,44.11,0
C08733,T1426,North,Unlimited,1199,24.54,0
C08734,T1346,South,Unlimited,1199,40.76,1
C08735,T1105,West,Standard,499,44.12,1
C08736,T1373,Central,Unlimited,1199,33.57,2
C08737,T1002,South,Unlimited,1199,23.14,3
C08738,T1260,West,Premium,799,38.86,2
C08739,T1208,East,Unlimited,1199,35.34,1
C08740,T1386,East,Basic,299,17.26,1
C08741,T1017,South,Premium,799,37.09,1
C08742,T1344,East,Unlimited,1199,23.35,2
C08743,T1102,North,Premium,799,27.0,0
C08744,T1256,West,Unlimited,1199,18.97,0
C08745,T1495,East,Unlimited,1199,20.34,5
C08746,T1150,South,Standard,499,29.98,1
C08747,T1485,Central,Standard,499,25.46,1
C08748,T1437,West,Unlimited,1199,31.36,0
C08749,T1140,East,Premium,799,21.18,0
C08750,T1452,West,Unlimited,1199,33.73,1
C08751,T1026,South,Standard,499,21.14,0
C08752,T1195,North,Standard,499,33.62,1
C08753,T1076,Central,Unlimited,1199,33.09,2
C08754,T1202,East,Unlimited,1199,32.27,1
C08755,T1336,East,Unlimited,1199,20.5,1
C08756,T1453,Central,Premium,799,21.12,0
C08757,T1304,West,Unlimited,1199,9.81,0
C08758,T1413,North,Premium,799,43.67,1
C08759,T1376,Central,Premium,799,24.78,2
C08760,T1265,South,Unlimited,1199,22.95,0
C08761,T1335,Central,Unlimited,1199,28.27,1
C08762,T1197,Central,Premium,799,30.57,2
C08763,T1419,Central,Premium,799,28.14,2
C08764,T1497,Central,Unlimited,1199,18.23,0
C08765,T1381,East,Basic,299,25.06,1
C08766,T1178,Central,Premium,799,22.47,0
C08767,T1431,Central,Standard,499,9.09,1
C08768,T1140,East,Unlimited,1199,31.69,0
C08769,T1464,South,Premium,799,13.6,0
C08770,T1442,East,Premium,799,30.34,1
C08771,T1331,Central,Basic,299,30.22,2
C08772,T1367,Central,Standard,499,22.94,0
C08773,T1129,West,Basic,299,8.41,3
C08774,T1123,East,Unlimited,1199,32.82,4
C08775,T1086,South,Basic,299,29.75,3
C08776,T1286,West,Premium,799,25.7,1
C08777,T1347,Central,Unlimited,1199,17.76,0
C08778,T1161,Central,Standard,499,17.35,1
C08779,T1328,West,Premium,799,27.59,3
C08780,T1170,West,Basic,299,20.83,1
C08781,T1121,South,Unlimited,1199,17.92,1
C08782,T1412,South,Premium,799,12.01,0
C08783,T1143,Central,Basic,299,14.0,4
C08784,T1395,Central,Unlimited,1199,19.46,1
C08785,T1268,East,Basic,299,8.24,2
C08786,T1191,Central,Standard,499,32.25,2
C08787,T1272,East,Standard,499,16.84,0
C08788,T1101,West,Premium,799,23.84,3
C08789,T1473,North,Unlimited,1199,15.55,0
C08790,T1297,Central,Standard,499,17.57,2
C08791,T1095,Central,Basic,299,27.07,0
C08792,T1126,West,Unlimited,1199,15.66,0
C08793,T1307,West,Unlimited,1199,27.98,0
C08794,T1155,East,Basic,299,47.12,0
C08795,T1356,West,Premium,799,20.45,1
C08796,T1415,North,Basic,299,5.9,0
C08797,T1243,East,Standard,499,38.7,1
C08798,T1234,East,Standard,499,17.28,0
C08799,T1028,East,Premium,799,44.23,0
C08800,T1044,North,Premium,799,31.45,1
C08801,T1000,North,Unlimited,1199,26.04,2
C08802,T1111,East,Standard,499,25.14,1
C08803,T1415,North,Premium,799,10.53,2
C08804,T1429,North,Basic,299,14.92,0
C08805,T1160,South,Basic,299,37.99,2
C08806,T1023,East,Standard,499,31.96,0
C08807,T1208,East,Premium,799,34.93,2
C08808,T1264,South,Standard,499,6.22,1
C08809,T1445,East,Unlimited,1199,12.27,7
C08810,T1221,North,Standard,499,22.54,1
C08811,T1103,West,Premium,799,19.38,2
C08812,T1473,North,Unlimited,1199,4.3,2
C08813,T1239,Central,Premium,799,33.47,0
C08814,T1331,Central,Unlimited,1199,9.64,2
C08815,T1136,South,Unlimited,1199,20.36,1
C08816,T1442,East,Unlimited,1199,33.31,1
C08817,T1381,East,Basic,299,32.42,3
C08818,T1126,West,Standard,499,21.11,2
C08819,T1435,South,Standard,499,51.6,0
C08820,T1462,Central,Unlimited,1199,4.71,0
C08821,T1100,South,Unlimited,1199,29.09,0
C08822,T1135,Central,Basic,299,23.2,0
C08823,T1171,Central,Standard,499,21.7,4
C08824,T1400,South,Basic,299,21.82,0
C08825,T1362,East,Premium,799,31.19,1
C08826,T1418,North,Basic,299,12.95,3
C08827,T1027,North,Basic,299,37.56,0
C08828,T1010,East,Standard,499,19.41,0
C08829,T1321,East,Unlimited,1199,3.44,1
C08830,T1223,South,Basic,299,40.69,0
C08831,T1247,Central,Basic,299,21.28,0
C08832,T1349,Central,Premium,799,30.04,0
C08833,T1058,Central,Unlimited,1199,17.35,3
C08834,T1153,West,Premium,799,42.74,0
C08835,T1303,North,Unlimited,1199,15.89,2
C08836,T1243,East,Unlimited,1199,19.33,1
C08837,T1103,West,Standard,499,30.43,1
C08838,T1120,North,Basic,299,16.87,1
C08839,T1218,North,Basic,299,27.29,2
C08840,T1134,South,Premium,799,26.93,0
C08841,T1110,East,Premium,799,35.68,1
C08842,T1228,West,Premium,799,12.36,0
C08843,T1138,South,Unlimited,1199,13.45,0
C08844,T1270,North,Standard,499,35.22,2
C08845,T1437,West,Premium,799,17.34,1
C08846,T1011,East,Premium,799,13.96,1
C08847,T1342,Central,Standard,499,18.86,1
C08848,T1209,East,Basic,299,34.71,0
C08849,T1095,Central,Unlimited,1199,28.02,4
C08850,T1014,South,Unlimited,1199,10.92,0
C08851,T1440,West,Unlimited,1199,31.42,1
C08852,T1171,Central,Unlimited,1199,25.18,0
C08853,T1387,East,Unlimited,1199,37.83,1
C08854,T1030,South,Unlimited,1199,33.65,2
C08855,T1043,West,Basic,299,7.71,1
C08856,T1482,West,Standard,499,38.16,0
C08857,T1307,West,Standard,499,32.15,0
C08858,T1122,Central,Unlimited,1199,10.7,2
C08859,T1472,South,Basic,299,34.56,3
C08860,T1291,West,Basic,299,15.64,1
C08861,T1065,Central,Standard,499,21.67,2
C08862,T1251,West,Unlimited,1199,16.46,1
C08863,T1129,West,Premium,799,21.83,5
C08864,T1330,North,Premium,799,25.11,2
C08865,T1491,South,Basic,299,21.86,1
C08866,T1358,South,Standard,499,28.56,0
C08867,T1465,North,Standard,499,28.56,1
C08868,T1255,Central,Unlimited,1199,18.43,3
C08869,T1478,West,Unlimited,1199,20.04,2
C08870,T1004,South,Premium,799,21.66,0
C08871,T1469,Central,Basic,299,10.56,0
C08872,T1250,North,Basic,299,31.79,1
C08873,T1388,East,Basic,299,14.3,2
C08874,T1321,East,Unlimited,1199,4.8,3
C08875,T1432,South,Premium,799,29.72,0
C08876,T1060,South,Basic,299,20.74,0
C08877,T1419,Central,Unlimited,1199,9.9,0
C08878,T1136,South,Basic,299,22.41,3
C08879,T1253,East,Basic,299,31.62,2
C08880,T1494,West,Unlimited,1199,42.58,0
C08881,T1270,North,Standard,499,39.74,1
C08882,T1389,South,Premium,799,34.15,0
C08883,T1225,Central,Premium,799,28.49,0
C08884,T1262,East,Standard,499,9.33,1
C08885,T1412,South,Basic,299,30.73,3
C08886,T1116,East,Premium,799,34.42,2
C08887,T1264,South,Premium,799,17.05,0
C08888,T1236,East,Standard,499,28.17,4
C08889,T1221,North,Premium,799,24.18,0
C08890,T1337,South,Premium,799,28.04,1
C08891,T1444,South,Premium,799,40.25,2
C08892,T1449,West,Premium,799,36.09,3
C08893,T1317,East,Standard,499,25.26,1
C08894,T1245,Central,Standard,499,34.12,6
C08895,T1029,North,Basic,299,30.6,1
C08896,T1096,West,Basic,299,35.64,0
C08897,T1443,East,Unlimited,1199,20.5,1
C08898,T1283,West,Standard,499,15.61,0
C08899,T1405,South,Unlimited,1199,46.19,0
C08900,T1411,West,Premium,799,23.66,5
C08901,T1125,West,Basic,299,29.87,0
C08902,T1219,South,Unlimited,1199,28.03,1
C08903,T1381,East,Premium,799,23.92,2
C08904,T1382,West,Premium,799,14.89,1
C08905,T1485,Central,Premium,799,14.81,0
C08906,T1136,South,Basic,299,42.93,0
C08907,T1282,North,Premium,799,26.65,0
C08908,T1380,West,Standard,499,27.79,0
C08909,T1012,Central,Standard,499,10.9,1
C08910,T1095,Central,Basic,299,21.06,0
C08911,T1236,East,Premium,799,28.59,0
C08912,T1223,South,Basic,299,27.29,0
C08913,T1432,South,Premium,799,28.25,0
C08914,T1079,Central,Unlimited,1199,26.1,0
C08915,T1317,East,Basic,299,40.03,1
C08916,T1063,South,Premium,799,22.1,1
C08917,T1081,Central,Standard,499,27.81,0
C08918,T1426,North,Basic,299,11.72,2
C08919,T1460,Central,Standard,499,27.71,0
C08920,T1310,East,Unlimited,1199,4.06,0
C08921,T1195,North,Standard,499,6.21,0
C08922,T1112,North,Basic,299,40.54,0
C08923,T1491,South,Standard,499,21.48,0
C08924,T1466,South,Standard,499,23.76,0
C08925,T1183,Central,Unlimited,1199,37.33,1
C08926,T1180,North,Premium,799,18.9,0
C08927,T1496,West,Basic,299,23.97,1
C08928,T1125,West,Basic,299,16.55,0
C08929,T1225,Central,Basic,299,26.8,1
C08930,T1411,West,Premium,799,42.72,1
C08931,T1140,East,Basic,299,0.0,0
C08932,T1411,West,Standard,499,16.79,0
C08933,T1349,Central,Unlimited,1199,23.37,1
C08934,T1106,West,Standard,499,17.93,1
C08935,T1013,West,Basic,299,19.7,0
C08936,T1074,East,Premium,799,37.26,0
C08937,T1110,East,Basic,299,5.46,0
C08938,T1285,North,Premium,799,37.56,0
C08939,T1002,South,Basic,299,11.44,3
C08940,T1149,North,Standard,499,19.17,2
C08941,T1102,North,Basic,299,35.89,2
C08942,T1340,North,Standard,499,4.46,1
C08943,T1358,South,Basic,299,19.6,0
C08944,T1388,East,Unlimited,1199,17.28,2
C08945,T1477,West,Standard,499,45.13,0
C08946,T1413,North,Basic,299,34.72,1
C08947,T1154,Central,Basic,299,33.77,1
C08948,T1400,South,Basic,299,13.21,1
C08949,T1290,South,Standard,499,19.32,2
C08950,T1465,North,Basic,299,18.28,0
C08951,T1465,North,Premium,799,20.62,0
C08952,T1152,Central,Premium,799,20.12,1
C08953,T1362,East,Unlimited,1199,12.41,0
C08954,T1111,East,Premium,799,23.45,0
C08955,T1227,North,Unlimited,1199,17.31,2
C08956,T1307,West,Unlimited,1199,8.09,1
C08957,T1453,Central,Standard,499,20.6,1
C08958,T1300,South,Standard,499,25.59,3
C08959,T1138,South,Premium,799,21.73,1
C08960,T1326,North,Premium,799,15.98,0
C08961,T1121,South,Basic,299,38.62,1
C08962,T1191,Central,Basic,299,32.67,0
C08963,T1274,North,Standard,499,25.04,1
C08964,T1248,North,Standard,499,37.13,1
C08965,T1440,West,Standard,499,28.79,0
C08966,T1391,South,Standard,499,26.13,4
C08967,T1223,South,Premium,799,13.15,0
C08968,T1436,South,Standard,499,41.03,0
C08969,T1300,South,Premium,799,23.67,2
C08970,T1444,South,Basic,299,20.24,1
C08971,T1258,East,Premium,799,12.15,0
C08972,T1094,Central,Premium,799,28.96,1
C08973,T1186,East,Unlimited,1199,34.41,0
C08974,T1351,East,Unlimited,1199,35.82,0
C08975,T1396,South,Basic,299,13.03,1
C08976,T1172,East,Premium,799,27.39,1
C08977,T1302,Central,Basic,299,37.05,1
C08978,T1124,East,Basic,299,27.94,0
C08979,T1479,Central,Basic,299,37.73,0
C08980,T1294,Central,Unlimited,1199,34.36,0
C08981,T1372,Central,Premium,799,39.3,2
C08982,T1432,South,Premium,799,27.15,1
C08983,T1134,South,Unlimited,1199,35.57,0
C08984,T1198,South,Basic,299,32.27,1
C08985,T1345,North,Premium,799,25.65,0
C08986,T1007,North,Premium,799,32.08,2
C08987,T1262,East,Premium,799,24.31,2
C08988,T1299,South,Basic,299,15.03,1
C08989,T1453,Central,Premium,799,17.97,0
C08990,T1377,Central,Basic,299,26.58,0
C08991,T1261,North,Standard,499,30.99,1
C08992,T1335,Central,Premium,799,7.17,0
C08993,T1147,West,Unlimited,1199,29.74,0
C08994,T1364,East,Premium,799,19.01,1
C08995,T1021,West,Standard,499,28.14,0
C08996,T1469,Central,Premium,799,14.48,1
C08997,T1013,West,Unlimited,1199,17.23,0
C08998,T1477,West,Unlimited,1199,32.51,0
C08999,T1304,West,Premium,799,17.28,0
C09000,T1177,West,Premium,799,19.6,2
C09001,T1307,West,Standard,499,31.51,0
C09002,T1188,South,Premium,799,7.19,1
C09003,T1260,West,Basic,299,23.79,2
C09004,T1439,East,Basic,299,21.92,0
C09005,T1259,Central,Standard,499,22.2,3
C09006,T1228,West,Unlimited,1199,24.94,2
C09007,T1397,West,Premium,799,29.61,1
C09008,T1153,West,Unlimited,1199,26.98,0
C09009,T1393,West,Unlimited,1199,12.5,1
C09010,T1321,East,Unlimited,1199,30.37,0
C09011,T1478,West,Unlimited,1199,15.38,1
C09012,T1139,West,Premium,799,29.83,0
C09013,T1294,Central,Standard,499,28.25,0
C09014,T1189,West,Premium,799,19.84,1
C09015,T1450,South,Basic,299,27.8,0
C09016,T1064,Central,Standard,499,20.71,1
C09017,T1263,Central,Unlimited,1199,16.24,1
C09018,T1075,East,Premium,799,39.96,1
C09019,T1377,Central,Standard,499,11.03,0
C09020,T1247,Central,Unlimited,1199,15.84,1
C09021,T1315,West,Basic,299,27.29,1
C09022,T1008,East,Unlimited,1199,24.79,1
C09023,T1031,East,Premium,799,23.34,0
C09024,T1447,South,Premium,799,35.3,0
C09025,T1457,Central,Premium,799,42.15,1
C09026,T1307,West,Premium,799,16.36,2
C09027,T1280,South,Premium,799,24.54,1
C09028,T1291,West,Unlimited,1199,19.07,3
C09029,T1236,East,Premium,799,22.52,0
C09030,T1472,South,Basic,299,21.9,5
C09031,T1218,North,Standard,499,35.01,3
C09032,T1101,West,Premium,799,34.46,0
C09033,T1403,Central,Unlimited,1199,20.72,2
C09034,T1337,South,Unlimited,1199,36.16,2
C09035,T1078,Central,Premium,799,30.45,3
C09036,T1300,South,Standard,499,38.43,0
C09037,T1175,East,Basic,299,29.8,1
C09038,T1476,East,Standard,499,24.95,0
C09039,T1397,West,Unlimited,1199,31.35,0
C09040,T1220,South,Unlimited,1199,28.75,2
C09041,T1134,South,Basic,299,41.98,3
C09042,T1192,East,Premium,799,22.68,0
C09043,T1063,South,Standard,499,9.43,0
C09044,T1466,South,Standard,499,37.01,0
C09045,T1251,West,Standard,499,8.88,1
C09046,T1347,Central,Unlimited,1199,18.45,2
C09047,T1203,North,Premium,799,28.43,1
C09048,T1101,West,Basic,299,26.51,1
C09049,T1482,West,Premium,799,30.6,1
C09050,T1418,North,Premium,799,27.16,0
C09051,T1485,Central,Basic,299,22.37,4
C09052,T1355,South,Standard,499,48.86,3
C09053,T1141,North,Basic,299,27.41,1
C09054,T1254,South,Basic,299,48.35,2
C09055,T1028,East,Premium,799,5.59,2
C09056,T1144,East,Premium,799,21.07,1
C09057,T1172,East,Standard,499,37.46,1
C09058,T1404,West,Premium,799,10.25,4
C09059,T1182,West,Premium,799,26.27,2
C09060,T1454,East,Premium,799,20.31,0
C09061,T1472,South,Unlimited,1199,11.96,3
C09062,T1490,East,Basic,299,30.17,0
C09063,T1217,North,Standard,499,14.43,0
C09064,T1104,South,Premium,799,28.49,1
C09065,T1406,East,Unlimited,1199,11.73,2
C09066,T1358,South,Unlimited,1199,29.36,0
C09067,T1212,West,Basic,299,31.61,1
C09068,T1286,West,Premium,799,23.11,0
C09069,T1388,East,Basic,299,21.24,2
C09070,T1154,Central,Basic,299,13.6,4
C09071,T1015,North,Unlimited,1199,1.13,2
C09072,T1388,East,Basic,299,29.28,1
C09073,T1150,South,Standard,499,33.46,0
C09074,T1040,North,Unlimited,1199,1.35,0
C09075,T1045,West,Premium,799,36.64,2
C09076,T1466,South,Premium,799,27.54,1
C09077,T1348,East,Unlimited,1199,30.47,0
C09078,T1286,West,Premium,799,21.36,1
C09079,T1392,North,Standard,499,21.31,2
C09080,T1047,West,Unlimited,1199,13.17,3
C09081,T1298,South,Standard,499,14.47,3
C09082,T1200,East,Unlimited,1199,25.92,0
C09083,T1454,East,Basic,299,22.13,1
C09084,T1398,North,Standard,499,24.95,1
C09085,T1445,East,Basic,299,27.4,5
C09086,T1018,East,Premium,799,35.35,2
C09087,T1045,West,Basic,299,14.98,0
C09088,T1188,South,Premium,799,36.02,0
C09089,T1404,West,Standard,499,35.06,7
C09090,T1040,North,Basic,299,17.57,2
C09091,T1055,West,Premium,799,5.79,2
C09092,T1430,South,Standard,499,24.32,1
C09093,T1088,South,Basic,299,8.05,1
C09094,T1082,Central,Unlimited,1199,28.47,1
C09095,T1145,North,Basic,299,23.7,0
C09096,T1016,East,Standard,499,36.65,0
C09097,T1351,East,Standard,499,4.33,0
C09098,T1362,East,Standard,499,9.9,0
C09099,T1481,West,Unlimited,1199,24.25,3
C09100,T1124,East,Unlimited,1199,22.89,2
C09101,T1300,South,Basic,299,38.36,1
C09102,T1094,Central,Basic,299,21.13,0
C09103,T1340,North,Standard,499,11.54,1
C09104,T1278,East,Unlimited,1199,19.97,5
C09105,T1086,South,Basic,299,36.93,2
C09106,T1286,West,Standard,499,16.08,1
C09107,T1270,North,Premium,799,32.79,3
C09108,T1145,North,Unlimited,1199,14.89,1
C09109,T1266,West,Basic,299,27.5,0
C09110,T1385,South,Unlimited,1199,28.11,3
C09111,T1395,Central,Unlimited,1199,33.73,0
C09112,T1221,North,Unlimited,1199,22.85,0
C09113,T1127,Central,Premium,799,29.41,1
C09114,T1450,South,Standard,499,22.16,0
C09115,T1378,Central,Basic,299,0.0,3
C09116,T1278,East,Standard,499,22.02,4
C09117,T1262,East,Basic,299,36.59,1
C09118,T1095,Central,Premium,799,14.15,1
C09119,T1095,Central,Unlimited,1199,26.06,0
C09120,T1222,Central,Premium,799,24.8,0
C09121,T1246,East,Premium,799,21.62,0
C09122,T1076,Central,Unlimited,1199,22.87,1
C09123,T1157,Central,Premium,799,39.45,0
C09124,T1434,East,Basic,299,22.88,0
C09125,T1131,East,Unlimited,1199,34.83,3
C09126,T1331,Central,Standard,499,46.97,0
C09127,T1392,North,Standard,499,1.19,1
C09128,T1389,South,Unlimited,1199,26.74,2
C09129,T1306,East,Unlimited,1199,37.1,9
C09130,T1122,Central,Unlimited,1199,25.12,1
C09131,T1304,West,Premium,799,4.68,1
C09132,T1265,South,Basic,299,22.08,0
C09133,T1349,Central,Unlimited,1199,43.17,1
C09134,T1227,North,Premium,799,32.89,2
C09135,T1139,West,Standard,499,24.04,2
C09136,T1159,North,Unlimited,1199,37.36,3
C09137,T1269,East,Unlimited,1199,32.62,3
C09138,T1339,West,Basic,299,41.64,0
C09139,T1156,Central,Premium,799,9.49,2
C09140,T1196,Central,Standard,499,8.75,1
C09141,T1406,East,Premium,799,34.93,1
C09142,T1127,Central,Basic,299,28.1,1
C09143,T1414,South,Premium,799,26.78,0
C09144,T1169,West,Unlimited,1199,25.98,1
C09145,T1206,Central,Premium,799,26.82,2
C09146,T1334,North,Standard,499,36.88,1
C09147,T1100,South,Premium,799,19.89,0
C09148,T1005,North,Standard,499,17.61,2
C09149,T1320,South,Unlimited,1199,33.31,3
C09150,T1405,South,Basic,299,33.35,1
C09151,T1433,Central,Unlimited,1199,36.65,1
C09152,T1137,South,Unlimited,1199,42.33,2
C09153,T1199,West,Unlimited,1199,21.81,2
C09154,T1341,West,Basic,299,26.13,0
C09155,T1490,East,Basic,299,10.87,1
C09156,T1338,West,Standard,499,20.67,1
C09157,T1429,North,Standard,499,48.74,0
C09158,T1295,West,Standard,499,20.15,2
C09159,T1124,East,Standard,499,8.27,1
C09160,T1136,South,Unlimited,1199,27.99,2
C09161,T1286,West,Unlimited,1199,28.58,0
C09162,T1070,West,Standard,499,33.4,1
C09163,T1462,Central,Basic,299,7.69,0
C09164,T1115,North,Unlimited,1199,21.71,1
C09165,T1106,West,Standard,499,23.91,0
C09166,T1248,North,Premium,799,26.36,0
C09167,T1027,North,Unlimited,1199,27.31,0
C09168,T1345,North,Basic,299,38.1,0
C09169,T1104,South,Unlimited,1199,23.83,1
C09170,T1251,West,Premium,799,27.27,1
C09171,T1361,West,Premium,799,22.46,2
C09172,T1253,East,Standard,499,23.91,2
C09173,T1026,South,Premium,799,38.13,1
C09174,T1403,Central,Premium,799,0.0,1
C09175,T1167,South,Unlimited,1199,30.22,1
C09176,T1351,East,Premium,799,14.57,1
C09177,T1345,North,Unlimited,1199,14.17,0
C09178,T1339,West,Unlimited,1199,21.24,3
C09179,T1333,North,Premium,799,29.79,1
C09180,T1422,East,Unlimited,1199,51.95,1
C09181,T1257,Central,Unlimited,1199,26.99,1
C09182,T1287,South,Basic,299,42.0,0
C09183,T1027,North,Premium,799,32.92,1
C09184,T1172,East,Basic,299,23.82,2
C09185,T1435,South,Standard,499,20.45,1
C09186,T1469,Central,Unlimited,1199,29.0,1
C09187,T1326,North,Unlimited,1199,27.96,3
C09188,T1333,North,Unlimited,1199,31.55,0
C09189,T1133,South,Premium,799,11.58,0
C09190,T1481,West,Premium,799,14.85,1
C09191,T1109,East,Unlimited,1199,27.22,0
C09192,T1468,North,Standard,499,29.56,0
C09193,T1084,East,Unlimited,1199,21.7,0
C09194,T1018,East,Premium,799,35.4,5
C09195,T1054,West,Premium,799,25.29,1
C09196,T1492,East,Unlimited,1199,25.58,1
C09197,T1181,West,Standard,499,13.71,0
C09198,T1451,South,Premium,799,18.98,1
C09199,T1409,North,Premium,799,5.51,2
C09200,T1090,South,Basic,299,24.44,2
C09201,T1031,East,Premium,799,21.03,1
C09202,T1077,East,Basic,299,38.56,2
C09203,T1350,Central,Unlimited,1199,25.35,1
C09204,T1226,Central,Premium,799,15.81,0
C09205,T1233,West,Basic,299,25.91,0
C09206,T1443,East,Premium,799,12.28,2
C09207,T1070,West,Basic,299,24.05,0
C09208,T1127,Central,Premium,799,21.94,0
C09209,T1042,South,Basic,299,23.94,1
C09210,T1292,South,Premium,799,25.89,1
C09211,T1343,North,Basic,299,29.67,0
C09212,T1411,West,Premium,799,27.15,1
C09213,T1209,East,Premium,799,16.15,0
C09214,T1321,East,Basic,299,38.98,2
C09215,T1120,North,Standard,499,30.99,1
C09216,T1162,North,Premium,799,14.59,0
C09217,T1025,North,Basic,299,24.7,1
C09218,T1320,South,Premium,799,36.43,1
C09219,T1096,West,Standard,499,20.58,0
C09220,T1426,North,Standard,499,16.89,1
C09221,T1363,East,Unlimited,1199,27.38,2
C09222,T1460,Central,Unlimited,1199,26.47,0
C09223,T1210,East,Standard,499,33.07,1
C09224,T1095,Central,Unlimited,1199,33.13,0
C09225,T1343,North,Basic,299,28.47,0
C09226,T1399,East,Premium,799,6.04,0
C09227,T1065,Central,Standard,499,23.66,2
C09228,T1104,South,Basic,299,36.01,1
C09229,T1000,North,Unlimited,1199,26.64,0
C09230,T1020,South,Basic,299,23.24,0
C09231,T1377,Central,Unlimited,1199,15.92,0
C09232,T1022,Central,Basic,299,9.94,0
C09233,T1186,East,Standard,499,14.24,2
C09234,T1064,Central,Basic,299,16.3,0
C09235,T1270,North,Premium,799,19.5,0
C09236,T1178,Central,Unlimited,1199,15.37,1
C09237,T1460,Central,Premium,799,7.61,0
C09238,T1297,Central,Unlimited,1199,8.99,0
C09239,T1185,West,Basic,299,23.29,1
C09240,T1170,West,Standard,499,39.45,1
C09241,T1242,North,Basic,299,25.07,0
C09242,T1360,East,Standard,499,17.22,0
C09243,T1179,North,Unlimited,1199,18.32,2
C09244,T1048,Central,Basic,299,18.24,2
C09245,T1410,West,Premium,799,20.04,3
C09246,T1110,East,Premium,799,18.32,1
C09247,T1462,Central,Standard,499,28.21,0
C09248,T1022,Central,Premium,799,22.31,1
C09249,T1482,West,Basic,299,33.41,2
C09250,T1321,East,Unlimited,1199,23.44,1
C09251,T1245,Central,Premium,799,31.14,2
C09252,T1113,South,Basic,299,15.08,2
C09253,T1219,South,Basic,299,37.02,2
C09254,T1005,North,Standard,499,40.94,2
C09255,T1459,South,Standard,499,30.65,0
C09256,T1055,West,Unlimited,1199,14.57,0
C09257,T1281,South,Unlimited,1199,24.07,0
C09258,T1147,West,Premium,799,0.0,2
C09259,T1411,West,Standard,499,31.34,3
C09260,T1421,North,Unlimited,1199,16.48,1
C09261,T1056,South,Premium,799,26.13,0
C09262,T1228,West,Standard,499,7.85,2
C09263,T1494,West,Standard,499,4.15,1
C09264,T1022,Central,Premium,799,23.66,1
C09265,T1125,West,Basic,299,24.14,0
C09266,T1312,West,Standard,499,34.04,3
C09267,T1227,North,Premium,799,28.22,1
C09268,T1127,Central,Basic,299,31.76,4
C09269,T1091,North,Unlimited,1199,14.37,3
C09270,T1217,North,Unlimited,1199,16.76,1
C09271,T1179,North,Unlimited,1199,30.07,0
C09272,T1438,West,Basic,299,13.84,0
C09273,T1089,Central,Standard,499,11.02,3
C09274,T1103,West,Unlimited,1199,19.54,1
C09275,T1044,North,Unlimited,1199,33.6,1
C09276,T1495,East,Premium,799,26.39,3
C09277,T1261,North,Basic,299,35.81,2
C09278,T1214,South,Standard,499,18.36,4
C09279,T1232,South,Premium,799,21.5,1
C09280,T1169,West,Premium,799,9.93,4
C09281,T1076,Central,Unlimited,1199,18.04,1
C09282,T1233,West,Standard,499,27.86,2
C09283,T1457,Central,Basic,299,33.1,1
C09284,T1345,North,Standard,499,17.73,0
C09285,T1207,South,Unlimited,1199,24.03,1
C09286,T1382,West,Basic,299,37.95,0
C09287,T1073,North,Unlimited,1199,14.37,0
C09288,T1370,West,Premium,799,37.53,0
C09289,T1057,East,Basic,299,22.06,2
C09290,T1003,Central,Premium,799,40.97,0
C09291,T1462,Central,Unlimited,1199,30.96,3
C09292,T1281,South,Unlimited,1199,12.26,1
C09293,T1021,West,Unlimited,1199,28.74,1
C09294,T1296,West,Basic,299,31.87,0
C09295,T1163,Central,Unlimited,1199,22.49,2
C09296,T1489,East,Basic,299,23.25,3
C09297,T1395,Central,Basic,299,27.29,2
C09298,T1497,Central,Standard,499,36.86,1
C09299,T1042,South,Basic,299,24.26,2
C09300,T1434,East,Unlimited,1199,31.73,1
C09301,T1232,South,Standard,499,8.82,1
C09302,T1414,South,Standard,499,32.85,1
C09303,T1497,Central,Standard,499,22.18,2
C09304,T1186,East,Standard,499,24.74,1
C09305,T1294,Central,Standard,499,31.76,2
C09306,T1389,South,Standard,499,26.74,1
C09307,T1008,East,Premium,799,8.54,3
C09308,T1139,West,Premium,799,22.97,2
C09309,T1375,Central,Premium,799,29.03,0
C09310,T1495,East,Basic,299,23.46,5
C09311,T1169,West,Unlimited,1199,32.68,1
C09312,T1418,North,Basic,299,15.57,1
C09313,T1458,North,Unlimited,1199,25.87,2
C09314,T1297,Central,Premium,799,25.22,2
C09315,T1096,West,Standard,499,21.81,1
C09316,T1440,West,Basic,299,32.26,0
C09317,T1361,West,Standard,499,11.91,1
C09318,T1016,East,Standard,499,1.14,0
C09319,T1138,South,Standard,499,25.68,1
C09320,T1202,East,Premium,799,29.8,0
C09321,T1211,South,Premium,799,27.64,2
C09322,T1321,East,Premium,799,19.88,3
C09323,T1378,Central,Basic,299,29.44,3
C09324,T1293,North,Basic,299,8.79,3
C09325,T1073,North,Basic,299,20.96,1
C09326,T1155,East,Basic,299,15.44,1
C09327,T1438,West,Basic,299,18.99,2
C09328,T1165,East,Premium,799,19.92,2
C09329,T1278,East,Basic,299,26.78,4
C09330,T1050,North,Basic,299,26.32,1
C09331,T1310,East,Standard,499,17.75,1
C09332,T1097,Central,Premium,799,13.4,2
C09333,T1200,East,Premium,799,2.31,0
C09334,T1370,West,Standard,499,36.84,0
C09335,T1114,West,Unlimited,1199,27.31,2
C09336,T1103,West,Standard,499,33.0,2
C09337,T1003,Central,Premium,799,14.73,0
C09338,T1246,East,Premium,799,24.27,0
C09339,T1358,South,Premium,799,27.9,0
C09340,T1099,North,Unlimited,1199,26.49,1
C09341,T1358,South,Basic,299,34.98,0
C09342,T1001,North,Premium,799,40.19,1
C09343,T1061,South,Unlimited,1199,18.35,2
C09344,T1394,East,Premium,799,33.42,1
C09345,T1119,North,Unlimited,1199,32.23,0
C09346,T1475,Central,Unlimited,1199,13.61,1
C09347,T1016,East,Standard,499,26.09,1
C09348,T1049,West,Unlimited,1199,36.71,3
C09349,T1005,North,Premium,799,34.22,3
C09350,T1225,Central,Basic,299,26.83,0
C09351,T1056,South,Standard,499,19.94,1
C09352,T1174,East,Standard,499,22.99,0
C09353,T1282,North,Standard,499,14.64,0
C09354,T1441,East,Standard,499,14.15,0
C09355,T1471,Central,Unlimited,1199,32.69,2
C09356,T1229,North,Premium,799,17.6,5
C09357,T1270,North,Basic,299,27.87,1
C09358,T1232,South,Unlimited,1199,14.25,0
C09359,T1309,East,Unlimited,1199,20.58,0
C09360,T1191,Central,Basic,299,28.32,2
C09361,T1181,West,Basic,299,26.1,0
C09362,T1252,North,Standard,499,36.1,3
C09363,T1495,East,Standard,499,47.7,2
C09364,T1390,North,Basic,299,7.38,0
C09365,T1029,North,Premium,799,11.1,0
C09366,T1369,West,Premium,799,7.44,1
C09367,T1456,Central,Basic,299,30.29,2
C09368,T1396,South,Unlimited,1199,28.77,0
C09369,T1310,East,Standard,499,21.12,1
C09370,T1126,West,Basic,299,13.35,0
C09371,T1249,Central,Standard,499,18.83,1
C09372,T1455,West,Unlimited,1199,14.84,0
C09373,T1147,West,Unlimited,1199,34.07,2
C09374,T1014,South,Premium,799,9.97,1
C09375,T1370,West,Premium,799,16.07,1
C09376,T1022,Central,Unlimited,1199,42.6,1
C09377,T1179,North,Premium,799,26.8,0
C09378,T1475,Central,Premium,799,20.91,0
C09379,T1423,West,Standard,499,19.14,3
C09380,T1378,Central,Premium,799,26.59,0
C09381,T1292,South,Standard,499,37.1,1
C09382,T1476,East,Premium,799,25.23,2
C09383,T1239,Central,Basic,299,9.5,1
C09384,T1339,West,Unlimited,1199,5.08,0
C09385,T1436,South,Unlimited,1199,14.4,0
C09386,T1442,East,Premium,799,23.22,0
C09387,T1003,Central,Premium,799,31.26,1
C09388,T1200,East,Standard,499,39.32,1
C09389,T1445,East,Basic,299,24.97,6
C09390,T1275,Central,Premium,799,27.03,1
C09391,T1217,North,Standard,499,20.95,1
C09392,T1334,North,Standard,499,15.26,1
C09393,T1230,East,Basic,299,5.05,3
C09394,T1297,Central,Standard,499,0.0,0
C09395,T1210,East,Basic,299,39.11,1
C09396,T1389,South,Standard,499,6.65,0
C09397,T1477,West,Unlimited,1199,24.81,2
C09398,T1403,Central,Basic,299,40.74,1
C09399,T1062,North,Unlimited,1199,37.22,2
C09400,T1262,East,Basic,299,22.89,0
C09401,T1378,Central,Basic,299,23.0,2
C09402,T1013,West,Standard,499,27.63,0
C09403,T1223,South,Basic,299,22.09,1
C09404,T1300,South,Basic,299,38.67,2
C09405,T1301,North,Premium,799,31.66,2
C09406,T1432,South,Basic,299,3.92,0
C09407,T1417,Central,Basic,299,12.38,0
C09408,T1334,North,Unlimited,1199,23.21,1
C09409,T1025,North,Basic,299,7.32,1
C09410,T1446,West,Standard,499,22.4,2
C09411,T1069,South,Unlimited,1199,16.57,2
C09412,T1353,West,Unlimited,1199,25.68,2
C09413,T1341,West,Standard,499,24.16,1
C09414,T1270,North,Basic,299,32.82,1
C09415,T1176,South,Unlimited,1199,40.87,0
C09416,T1238,North,Unlimited,1199,25.57,1
C09417,T1435,South,Unlimited,1199,13.08,1
C09418,T1401,South,Basic,299,27.02,0
C09419,T1043,West,Premium,799,42.47,0
C09420,T1343,North,Unlimited,1199,19.55,0
C09421,T1068,Central,Unlimited,1199,39.81,0
C09422,T1259,Central,Standard,499,12.39,1
C09423,T1053,South,Premium,799,24.99,0
C09424,T1218,North,Unlimited,1199,25.18,1
C09425,T1156,Central,Unlimited,1199,12.74,0
C09426,T1014,South,Unlimited,1199,39.12,2
C09427,T1230,East,Standard,499,38.98,1
C09428,T1325,North,Premium,799,33.77,2
C09429,T1492,East,Premium,799,33.83,0
C09430,T1199,West,Basic,299,29.17,1
C09431,T1303,North,Standard,499,24.7,1
C09432,T1076,Central,Basic,299,30.44,1
C09433,T1181,West,Basic,299,17.1,0
C09434,T1497,Central,Standard,499,16.47,1
C09435,T1188,South,Unlimited,1199,21.8,2
C09436,T1122,Central,Unlimited,1199,32.48,0
C09437,T1408,South,Premium,799,8.79,0
C09438,T1374,North,Standard,499,17.04,0
C09439,T1180,North,Basic,299,19.0,0
C09440,T1024,North,Unlimited,1199,12.79,0
C09441,T1182,West,Basic,299,12.04,0
C09442,T1217,North,Unlimited,1199,16.89,1
C09443,T1382,West,Premium,799,28.21,1
C09444,T1450,South,Unlimited,1199,18.65,0
C09445,T1327,East,Unlimited,1199,16.77,0
C09446,T1096,West,Premium,799,31.93,2
C09447,T1277,North,Basic,299,24.91,1
C09448,T1282,North,Standard,499,24.19,0
C09449,T1374,North,Basic,299,12.52,0
C09450,T1250,North,Unlimited,1199,19.33,0
C09451,T1134,South,Unlimited,1199,7.97,0
C09452,T1483,South,Premium,799,28.56,0
C09453,T1255,Central,Unlimited,1199,16.38,1
C09454,T1310,East,Standard,499,16.29,3
C09455,T1191,Central,Premium,799,18.59,0
C09456,T1335,Central,Premium,799,10.68,2
C09457,T1110,East,Standard,499,28.86,3
C09458,T1190,East,Unlimited,1199,26.9,0
C09459,T1309,East,Unlimited,1199,33.34,0
C09460,T1384,East,Basic,299,10.72,2
C09461,T1090,South,Premium,799,16.32,0
C09462,T1074,East,Basic,299,26.81,2
C09463,T1431,Central,Basic,299,19.47,1
C09464,T1313,West,Standard,499,13.42,0
C09465,T1031,East,Unlimited,1199,8.04,2
C09466,T1456,Central,Premium,799,29.47,0
C09467,T1218,North,Basic,299,28.7,0
C09468,T1076,Central,Unlimited,1199,34.79,0
C09469,T1414,South,Unlimited,1199,1.33,2
C09470,T1057,East,Basic,299,32.06,0
C09471,T1291,West,Unlimited,1199,15.38,3
C09472,T1492,East,Standard,499,31.46,0
C09473,T1107,Central,Premium,799,43.09,0
C09474,T1122,Central,Basic,299,39.36,0
C09475,T1108,South,Basic,299,16.06,1
C09476,T1125,West,Unlimited,1199,14.42,1
C09477,T1285,North,Standard,499,7.56,0
C09478,T1020,South,Premium,799,16.04,1
C09479,T1328,West,Unlimited,1199,31.89,1
C09480,T1271,Central,Standard,499,15.96,2
C09481,T1263,Central,Unlimited,1199,22.85,3
C09482,T1191,Central,Standard,499,14.0,1
C09483,T1120,North,Premium,799,24.89,0
C09484,T1431,Central,Premium,799,21.93,2
C09485,T1091,North,Unlimited,1199,36.04,1
C09486,T1353,West,Standard,499,12.48,2
C09487,T1027,North,Standard,499,25.18,0
C09488,T1306,East,Premium,799,14.87,8
C09489,T1489,East,Unlimited,1199,10.62,1
C09490,T1129,West,Unlimited,1199,21.05,6
C09491,T1063,South,Basic,299,31.66,3
C09492,T1095,Central,Standard,499,10.62,1
C09493,T1206,Central,Standard,499,24.95,0
C09494,T1148,South,Premium,799,15.9,1
C09495,T1062,North,Unlimited,1199,31.59,2
C09496,T1118,North,Standard,499,21.45,1
C09497,T1409,North,Standard,499,33.19,2
C09498,T1070,West,Standard,499,32.04,2
C09499,T1042,South,Unlimited,1199,22.69,1
C09500,T1330,North,Unlimited,1199,22.53,0
C09501,T1261,North,Unlimited,1199,20.91,0
C09502,T1171,Central,Basic,299,27.4,0
C09503,T1406,East,Standard,499,16.93,0
C09504,T1290,South,Premium,799,18.56,1
C09505,T1351,East,Unlimited,1199,38.99,0
C09506,T1191,Central,Basic,299,22.25,2
C09507,T1161,Central,Premium,799,7.08,2
C09508,T1494,West,Unlimited,1199,23.68,1
C09509,T1354,East,Unlimited,1199,16.84,7
C09510,T1399,East,Basic,299,23.54,1
C09511,T1234,East,Premium,799,19.04,2
C09512,T1104,South,Basic,299,11.84,0
C09513,T1468,North,Standard,499,40.53,1
C09514,T1342,Central,Premium,799,34.76,1
C09515,T1108,South,Premium,799,36.86,2
C09516,T1328,West,Premium,799,42.62,0
C09517,T1105,West,Premium,799,10.37,1
C09518,T1126,West,Basic,299,30.8,1
C09519,T1035,South,Premium,799,38.85,1
C09520,T1253,East,Premium,799,30.48,2
C09521,T1016,East,Standard,499,5.34,1
C09522,T1460,Central,Unlimited,1199,5.66,1
C09523,T1080,Central,Basic,299,38.35,2
C09524,T1316,East,Premium,799,24.47,0
C09525,T1263,Central,Basic,299,27.68,0
C09526,T1375,Central,Standard,499,21.11,0
C09527,T1194,Central,Premium,799,30.26,2
C09528,T1230,East,Premium,799,9.67,1
C09529,T1213,Central,Standard,499,27.76,3
C09530,T1451,South,Premium,799,36.44,1
C09531,T1100,South,Standard,499,37.33,3
C09532,T1295,West,Basic,299,30.89,3
C09533,T1208,East,Unlimited,1199,24.65,0
C09534,T1455,West,Unlimited,1199,7.08,0
C09535,T1499,North,Basic,299,25.0,1
C09536,T1412,South,Premium,799,31.94,0
C09537,T1166,North,Basic,299,3.52,0
C09538,T1204,West,Premium,799,30.76,0
C09539,T1116,East,Premium,799,30.69,0
C09540,T1136,South,Basic,299,11.89,1
C09541,T1030,South,Basic,299,15.33,2
C09542,T1008,East,Premium,799,31.4,2
C09543,T1074,East,Unlimited,1199,27.65,0
C09544,T1399,East,Unlimited,1199,33.18,1
C09545,T1133,South,Standard,499,19.75,3
C09546,T1178,Central,Premium,799,34.27,0
C09547,T1430,South,Standard,499,23.58,2
C09548,T1058,Central,Basic,299,48.57,1
C09549,T1054,West,Basic,299,34.52,0
C09550,T1258,East,Unlimited,1199,29.55,1
C09551,T1312,West,Basic,299,31.98,0
C09552,T1109,East,Standard,499,16.78,1
C09553,T1390,North,Standard,499,51.54,2
C09554,T1189,West,Unlimited,1199,25.97,0
C09555,T1497,Central,Premium,799,12.99,1
C09556,T1107,Central,Premium,799,27.61,1
C09557,T1407,East,Basic,299,23.76,0
C09558,T1051,Central,Basic,299,16.66,0
C09559,T1166,North,Unlimited,1199,37.79,1
C09560,T1019,South,Standard,499,13.89,2
C09561,T1153,West,Unlimited,1199,19.8,1
C09562,T1189,West,Unlimited,1199,14.8,1
C09563,T1027,North,Basic,299,18.42,1
C09564,T1445,East,Unlimited,1199,22.44,5
C09565,T1430,South,Standard,499,29.03,0
C09566,T1196,Central,Standard,499,21.13,1
C09567,T1154,Central,Premium,799,23.49,1
C09568,T1465,North,Premium,799,36.72,0
C09569,T1145,North,Unlimited,1199,27.48,2
C09570,T1083,South,Basic,299,11.61,2
C09571,T1466,South,Standard,499,25.76,1
C09572,T1492,East,Basic,299,40.18,1
C09573,T1425,Central,Standard,499,20.1,0
C09574,T1174,East,Premium,799,29.34,3
C09575,T1406,East,Unlimited,1199,9.14,2
C09576,T1318,East,Standard,499,15.12,1
C09577,T1073,North,Standard,499,35.07,2
C09578,T1291,West,Premium,799,24.19,0
C09579,T1002,South,Unlimited,1199,27.34,0
C09580,T1428,South,Basic,299,28.0,0
C09581,T1384,East,Unlimited,1199,28.04,1
C09582,T1126,West,Premium,799,25.84,0
C09583,T1117,Central,Premium,799,0.0,0
C09584,T1197,Central,Unlimited,1199,21.8,2
C09585,T1467,North,Basic,299,17.27,1
C09586,T1470,South,Premium,799,9.15,0
C09587,T1426,North,Premium,799,32.18,0
C09588,T1241,West,Basic,299,29.29,0
C09589,T1369,West,Basic,299,35.4,0
C09590,T1213,Central,Basic,299,22.35,2
C09591,T1407,East,Standard,499,26.02,1
C09592,T1474,Central,Basic,299,27.85,0
C09593,T1026,South,Unlimited,1199,23.41,1
C09594,T1295,West,Premium,799,22.05,1
C09595,T1055,West,Unlimited,1199,44.15,3
C09596,T1097,Central,Premium,799,15.01,0
C09597,T1068,Central,Basic,299,5.76,1
C09598,T1132,East,Basic,299,31.04,1
C09599,T1378,Central,Standard,499,24.1,1
C09600,T1000,North,Standard,499,20.81,1
C09601,T1084,East,Premium,799,23.58,2
C09602,T1324,North,Basic,299,11.87,1
C09603,T1249,Central,Premium,799,14.64,1
C09604,T1204,West,Basic,299,20.47,1
C09605,T1196,Central,Basic,299,28.77,0
C09606,T1463,South,Premium,799,14.9,1
C09607,T1223,South,Premium,799,36.88,1
C09608,T1340,North,Basic,299,26.1,0
C09609,T1270,North,Premium,799,19.03,1
C09610,T1138,South,Basic,299,44.77,0
C09611,T1098,East,Standard,499,46.4,3
C09612,T1345,North,Standard,499,38.65,2
C09613,T1222,Central,Unlimited,1199,21.88,2
C09614,T1184,South,Basic,299,15.61,2
C09615,T1265,South,Premium,799,40.91,1
C09616,T1481,West,Basic,299,15.57,1
C09617,T1168,South,Unlimited,1199,30.97,1
C09618,T1356,West,Premium,799,15.4,0
C09619,T1282,North,Basic,299,8.06,0
C09620,T1224,East,Basic,299,22.07,1
C09621,T1341,West,Premium,799,17.33,2
C09622,T1372,Central,Unlimited,1199,19.67,4
C09623,T1280,South,Standard,499,40.08,0
C09624,T1289,Central,Basic,299,40.92,0
C09625,T1360,East,Premium,799,18.02,0
C09626,T1090,South,Premium,799,42.56,2
C09627,T1303,North,Standard,499,32.67,2
C09628,T1087,East,Basic,299,10.23,1
C09629,T1416,West,Basic,299,49.71,1
C09630,T1329,South,Basic,299,22.09,3
C09631,T1333,North,Premium,799,20.69,0
C09632,T1081,Central,Premium,799,15.82,1
C09633,T1257,Central,Basic,299,30.88,1
C09634,T1148,South,Basic,299,31.05,2
C09635,T1145,North,Basic,299,37.75,2
C09636,T1384,East,Basic,299,21.74,1
C09637,T1110,East,Premium,799,30.86,1
C09638,T1355,South,Unlimited,1199,21.35,0
C09639,T1461,Central,Standard,499,21.2,1
C09640,T1297,Central,Basic,299,31.15,0
C09641,T1145,North,Standard,499,32.12,2
C09642,T1211,South,Premium,799,24.32,1
C09643,T1078,Central,Basic,299,7.96,2
C09644,T1424,South,Standard,499,0.0,0
C09645,T1420,Central,Basic,299,24.37,0
C09646,T1055,West,Unlimited,1199,20.98,0
C09647,T1154,Central,Basic,299,22.72,1
C09648,T1077,East,Basic,299,12.47,2
C09649,T1317,East,Premium,799,0.0,1
C09650,T1359,South,Premium,799,20.26,1
C09651,T1223,South,Unlimited,1199,37.57,1
C09652,T1206,Central,Premium,799,20.68,2
C09653,T1319,East,Premium,799,19.41,0
C09654,T1278,East,Basic,299,16.22,6
C09655,T1075,East,Unlimited,1199,38.47,1
C09656,T1095,Central,Basic,299,46.22,1
C09657,T1126,West,Unlimited,1199,8.77,1
C09658,T1234,East,Premium,799,33.89,0
C09659,T1486,West,Basic,299,12.25,1
C09660,T1467,North,Unlimited,1199,11.97,1
C09661,T1159,North,Premium,799,28.54,2
C09662,T1355,South,Basic,299,1.99,1
C09663,T1465,North,Premium,799,18.79,0
C09664,T1097,Central,Standard,499,8.54,0
C09665,T1368,East,Basic,299,30.15,1
C09666,T1286,West,Basic,299,23.25,2
C09667,T1456,Central,Basic,299,16.66,1
C09668,T1050,North,Standard,499,21.71,1
C09669,T1031,East,Premium,799,32.91,1
C09670,T1451,South,Standard,499,12.38,3
C09671,T1111,East,Basic,299,28.87,2
C09672,T1183,Central,Unlimited,1199,23.4,3
C09673,T1424,South,Standard,499,23.9,2
C09674,T1454,East,Standard,499,16.69,1
C09675,T1148,South,Standard,499,28.1,1
C09676,T1278,East,Premium,799,18.46,3
C09677,T1372,Central,Standard,499,14.38,2
C09678,T1075,East,Premium,799,15.06,5
C09679,T1202,East,Standard,499,33.62,1
C09680,T1482,West,Unlimited,1199,24.46,1
C09681,T1244,North,Basic,299,23.24,3
C09682,T1322,East,Standard,499,43.19,0
C09683,T1399,East,Standard,499,46.85,0
C09684,T1005,North,Standard,499,35.94,0
C09685,T1160,South,Standard,499,16.12,0
C09686,T1479,Central,Premium,799,14.81,2
C09687,T1081,Central,Standard,499,30.04,2
C09688,T1274,North,Unlimited,1199,38.98,1
C09689,T1225,Central,Basic,299,36.12,1
C09690,T1416,West,Unlimited,1199,34.92,2
C09691,T1242,North,Unlimited,1199,16.73,1
C09692,T1015,North,Premium,799,25.31,0
C09693,T1395,Central,Standard,499,33.05,1
C09694,T1316,East,Standard,499,12.83,1
C09695,T1333,North,Unlimited,1199,16.32,1
C09696,T1327,East,Unlimited,1199,29.76,0
C09697,T1362,East,Unlimited,1199,13.64,0
C09698,T1465,North,Unlimited,1199,36.33,0
C09699,T1154,Central,Basic,299,27.06,1
C09700,T1497,Central,Unlimited,1199,25.61,2
C09701,T1249,Central,Standard,499,26.36,1
C09702,T1038,South,Basic,299,10.0,3
C09703,T1229,North,Premium,799,14.49,3
C09704,T1406,East,Premium,799,35.66,2
C09705,T1431,Central,Basic,299,32.21,0
C09706,T1010,East,Standard,499,24.69,6
C09707,T1426,North,Standard,499,23.48,0
C09708,T1357,North,Basic,299,7.63,2
C09709,T1451,South,Premium,799,25.0,1
C09710,T1437,West,Basic,299,43.99,3
C09711,T1009,East,Unlimited,1199,43.49,3
C09712,T1494,West,Standard,499,19.72,0
C09713,T1145,North,Unlimited,1199,17.4,1
C09714,T1411,West,Standard,499,19.8,1
C09715,T1176,South,Premium,799,22.14,0
C09716,T1093,West,Unlimited,1199,21.84,0
C09717,T1177,West,Premium,799,23.39,1
C09718,T1453,Central,Basic,299,26.68,2
C09719,T1223,South,Standard,499,26.04,1
C09720,T1303,North,Standard,499,16.9,0
C09721,T1248,North,Unlimited,1199,20.91,3
C09722,T1385,South,Standard,499,28.03,0
C09723,T1297,Central,Premium,799,42.18,3
C09724,T1358,South,Standard,499,10.55,1
C09725,T1112,North,Basic,299,16.12,2
C09726,T1412,South,Standard,499,43.27,1
C09727,T1407,East,Standard,499,28.44,0
C09728,T1464,South,Unlimited,1199,22.83,0
C09729,T1331,Central,Standard,499,3.01,1
C09730,T1496,West,Standard,499,31.3,0
C09731,T1397,West,Unlimited,1199,24.89,4
C09732,T1281,South,Unlimited,1199,30.05,0
C09733,T1264,South,Basic,299,17.32,0
C09734,T1244,North,Basic,299,26.39,0
C09735,T1140,East,Standard,499,15.83,0
C09736,T1333,North,Standard,499,23.09,1
C09737,T1180,North,Unlimited,1199,15.24,2
C09738,T1395,Central,Standard,499,19.36,1
C09739,T1040,North,Premium,799,14.81,1
C09740,T1296,West,Standard,499,21.42,1
C09741,T1036,Central,Basic,299,22.79,1
C09742,T1371,East,Unlimited,1199,15.01,1
C09743,T1349,Central,Standard,499,30.36,0
C09744,T1345,North,Basic,299,23.74,1
C09745,T1333,North,Standard,499,20.94,1
C09746,T1163,Central,Standard,499,20.67,3
C09747,T1159,North,Unlimited,1199,25.08,1
C09748,T1368,East,Basic,299,31.95,0
C09749,T1177,West,Basic,299,31.53,1
C09750,T1417,Central,Unlimited,1199,32.07,1
C09751,T1437,West,Basic,299,25.36,1
C09752,T1253,East,Unlimited,1199,6.79,2
C09753,T1191,Central,Basic,299,32.34,2
C09754,T1370,West,Premium,799,26.99,0
C09755,T1289,Central,Premium,799,26.72,1
C09756,T1337,South,Unlimited,1199,18.32,2
C09757,T1400,South,Premium,799,37.47,1
C09758,T1233,West,Unlimited,1199,30.91,1
C09759,T1258,East,Unlimited,1199,32.03,2
C09760,T1360,East,Unlimited,1199,34.51,1
C09761,T1064,Central,Basic,299,14.52,1
C09762,T1121,South,Basic,299,8.35,1
C09763,T1415,North,Premium,799,41.94,3
C09764,T1466,South,Premium,799,10.86,0
C09765,T1037,South,Premium,799,30.9,6
C09766,T1143,Central,Premium,799,18.43,3
C09767,T1142,North,Standard,499,14.97,0
C09768,T1083,South,Premium,799,43.68,0
C09769,T1298,South,Premium,799,22.78,6
C09770,T1051,Central,Standard,499,20.88,0
C09771,T1418,North,Standard,499,50.26,0
C09772,T1362,East,Basic,299,21.45,3
C09773,T1380,West,Premium,799,30.73,0
C09774,T1313,West,Basic,299,25.51,1
C09775,T1179,North,Premium,799,44.16,0
C09776,T1049,West,Unlimited,1199,35.07,1
C09777,T1106,West,Premium,799,27.87,0
C09778,T1056,South,Basic,299,7.75,0
C09779,T1013,West,Unlimited,1199,20.84,0
C09780,T1254,South,Premium,799,40.11,0
C09781,T1175,East,Basic,299,40.04,0
C09782,T1344,East,Standard,499,42.56,1
C09783,T1440,West,Unlimited,1199,22.35,2
C09784,T1117,Central,Unlimited,1199,19.09,0
C09785,T1387,East,Premium,799,26.14,2
C09786,T1375,Central,Basic,299,24.68,1
C09787,T1482,West,Premium,799,34.51,0
C09788,T1375,Central,Basic,299,17.22,0
C09789,T1128,North,Basic,299,17.55,1
C09790,T1251,West,Standard,499,3.29,2
C09791,T1254,South,Standard,499,0.92,1
C09792,T1072,East,Standard,499,20.27,0
C09793,T1133,South,Standard,499,17.96,2
C09794,T1214,South,Unlimited,1199,16.29,5
C09795,T1402,East,Unlimited,1199,38.52,1
C09796,T1444,South,Basic,299,35.03,1
C09797,T1363,East,Standard,499,23.13,0
C09798,T1452,West,Standard,499,35.59,0
C09799,T1110,East,Basic,299,35.95,1
C09800,T1071,West,Basic,299,36.61,1
C09801,T1225,Central,Basic,299,18.7,1
C09802,T1454,East,Standard,499,29.79,2
C09803,T1180,North,Premium,799,24.39,2
C09804,T1345,North,Unlimited,1199,13.6,0
C09805,T1379,South,Premium,799,20.35,1
C09806,T1449,West,Standard,499,13.89,0
C09807,T1488,East,Basic,299,14.3,1
C09808,T1036,Central,Standard,499,20.55,0
C09809,T1225,Central,Premium,799,32.85,3
C09810,T1485,Central,Unlimited,1199,26.5,2
C09811,T1125,West,Unlimited,1199,37.11,2
C09812,T1456,Central,Standard,499,22.95,0
C09813,T1036,Central,Basic,299,19.83,0
C09814,T1156,Central,Standard,499,21.4,0
C09815,T1122,Central,Basic,299,27.58,1
C09816,T1459,South,Basic,299,28.14,1
C09817,T1273,North,Unlimited,1199,36.14,4
C09818,T1498,North,Standard,499,14.05,0
C09819,T1027,North,Unlimited,1199,41.81,1
C09820,T1374,North,Premium,799,17.1,1
C09821,T1400,South,Premium,799,24.8,3
C09822,T1344,East,Basic,299,13.54,1
C09823,T1013,West,Standard,499,24.18,1
C09824,T1416,West,Basic,299,41.46,3
C09825,T1260,West,Basic,299,8.87,1
C09826,T1124,East,Unlimited,1199,32.69,1
C09827,T1152,Central,Premium,799,44.28,1
C09828,T1366,Central,Basic,299,20.22,3
C09829,T1469,Central,Basic,299,7.13,0
C09830,T1066,West,Basic,299,36.04,4
C09831,T1256,West,Standard,499,21.41,2
C09832,T1155,East,Basic,299,23.33,0
C09833,T1361,West,Premium,799,24.74,2
C09834,T1012,Central,Basic,299,39.41,0
C09835,T1229,North,Basic,299,27.6,3
C09836,T1265,South,Premium,799,26.93,0
C09837,T1497,Central,Unlimited,1199,22.1,1
C09838,T1032,East,Unlimited,1199,36.73,2
C09839,T1324,North,Unlimited,1199,23.8,1
C09840,T1272,East,Unlimited,1199,32.37,1
C09841,T1328,West,Standard,499,37.16,0
C09842,T1094,Central,Basic,299,25.62,0
C09843,T1144,East,Unlimited,1199,19.47,0
C09844,T1441,East,Basic,299,34.94,1
C09845,T1107,Central,Standard,499,28.35,2
C09846,T1492,East,Basic,299,21.35,2
C09847,T1143,Central,Standard,499,25.85,0
C09848,T1329,South,Premium,799,33.64,1
C09849,T1340,North,Unlimited,1199,14.68,1
C09850,T1130,South,Standard,499,29.82,0
C09851,T1370,West,Standard,499,11.29,0
C09852,T1157,Central,Premium,799,34.06,1
C09853,T1066,West,Basic,299,8.71,1
C09854,T1022,Central,Unlimited,1199,34.72,0
C09855,T1184,South,Basic,299,32.55,1
C09856,T1412,South,Basic,299,21.09,0
C09857,T1150,South,Unlimited,1199,21.19,0
C09858,T1000,North,Basic,299,22.05,0
C09859,T1006,Central,Premium,799,28.02,1
C09860,T1056,South,Standard,499,17.57,2
C09861,T1062,North,Standard,499,20.7,1
C09862,T1172,East,Premium,799,35.02,1
C09863,T1170,West,Unlimited,1199,29.44,0
C09864,T1292,South,Premium,799,30.39,1
C09865,T1068,Central,Basic,299,28.37,0
C09866,T1369,West,Unlimited,1199,25.66,2
C09867,T1389,South,Standard,499,21.35,2
C09868,T1350,Central,Standard,499,22.6,2
C09869,T1347,Central,Standard,499,18.49,0
C09870,T1305,Central,Premium,799,15.04,0
C09871,T1216,North,Unlimited,1199,41.24,4
C09872,T1336,East,Basic,299,38.65,1
C09873,T1250,North,Unlimited,1199,23.26,0
C09874,T1406,East,Basic,299,36.96,0
C09875,T1363,East,Unlimited,1199,37.28,3
C09876,T1366,Central,Unlimited,1199,24.72,5
C09877,T1216,North,Unlimited,1199,29.91,6
C09878,T1469,Central,Premium,799,20.61,2
C09879,T1442,East,Basic,299,24.95,2
C09880,T1111,East,Unlimited,1199,21.54,0
C09881,T1237,Central,Basic,299,18.47,2
C09882,T1065,Central,Standard,499,23.98,4
C09883,T1310,East,Basic,299,22.8,2
C09884,T1272,East,Standard,499,16.67,0
C09885,T1314,North,Unlimited,1199,16.81,2
C09886,T1329,South,Standard,499,41.74,2
C09887,T1021,West,Premium,799,26.9,0
C09888,T1259,Central,Unlimited,1199,16.84,4
C09889,T1019,South,Premium,799,27.03,0
C09890,T1184,South,Basic,299,25.71,5
C09891,T1129,West,Premium,799,17.29,5
C09892,T1378,Central,Unlimited,1199,41.64,0
C09893,T1475,Central,Basic,299,13.88,2
C09894,T1330,North,Unlimited,1199,21.52,2
C09895,T1424,South,Standard,499,37.49,1
C09896,T1143,Central,Basic,299,40.77,1
C09897,T1275,Central,Basic,299,17.35,0
C09898,T1255,Central,Unlimited,1199,10.79,1
C09899,T1398,North,Premium,799,29.26,0
C09900,T1372,Central,Basic,299,21.04,2
C09901,T1126,West,Basic,299,10.67,1
C09902,T1178,Central,Unlimited,1199,37.94,0
C09903,T1412,South,Premium,799,38.82,1
C09904,T1261,North,Premium,799,41.88,2
C09905,T1317,East,Standard,499,28.12,1
C09906,T1464,South,Basic,299,30.49,1
C09907,T1392,North,Premium,799,11.03,1
C09908,T1122,Central,Unlimited,1199,33.06,0
C09909,T1368,East,Standard,499,22.51,1
C09910,T1016,East,Premium,799,20.49,0
C09911,T1461,Central,Premium,799,31.06,1
C09912,T1423,West,Premium,799,27.79,0
C09913,T1307,West,Standard,499,23.65,3
C09914,T1392,North,Standard,499,0.22,0
C09915,T1298,South,Standard,499,21.35,5
C09916,T1041,South,Premium,799,39.36,0
C09917,T1128,North,Basic,299,36.46,1
C09918,T1482,West,Unlimited,1199,11.56,1
C09919,T1116,East,Premium,799,26.65,2
C09920,T1433,Central,Unlimited,1199,17.06,1
C09921,T1458,North,Unlimited,1199,22.1,1
C09922,T1004,South,Standard,499,39.74,1
C09923,T1027,North,Unlimited,1199,27.47,2
C09924,T1493,West,Basic,299,48.47,0
C09925,T1393,West,Premium,799,22.46,1
C09926,T1100,South,Unlimited,1199,35.56,1
C09927,T1286,West,Premium,799,6.16,1
C09928,T1095,Central,Basic,299,9.4,0
C09929,T1351,East,Premium,799,12.59,0
C09930,T1183,Central,Premium,799,40.17,1
C09931,T1368,East,Premium,799,20.59,2
C09932,T1386,East,Standard,499,39.02,1
C09933,T1344,East,Premium,799,32.8,0
C09934,T1136,South,Premium,799,15.34,1
C09935,T1479,Central,Basic,299,39.48,2
C09936,T1230,East,Unlimited,1199,24.15,0
C09937,T1233,West,Unlimited,1199,12.32,0
C09938,T1357,North,Standard,499,31.71,2
C09939,T1329,South,Standard,499,0.0,0
C09940,T1499,North,Basic,299,10.85,1
C09941,T1390,North,Basic,299,32.41,3
C09942,T1379,South,Basic,299,0.0,2
C09943,T1233,West,Standard,499,35.49,1
C09944,T1347,Central,Basic,299,41.53,3
C09945,T1473,North,Premium,799,26.19,0
C09946,T1011,East,Premium,799,0.56,0
C09947,T1253,East,Basic,299,23.57,0
C09948,T1063,South,Standard,499,20.0,0
C09949,T1151,East,Unlimited,1199,8.24,0
C09950,T1054,West,Unlimited,1199,20.89,1
C09951,T1187,South,Unlimited,1199,36.83,2
C09952,T1275,Central,Basic,299,42.85,2
C09953,T1456,Central,Premium,799,23.99,2
C09954,T1048,Central,Basic,299,12.66,0
C09955,T1487,Central,Premium,799,26.03,1
C09956,T1282,North,Unlimited,1199,26.14,3
C09957,T1209,East,Unlimited,1199,18.33,0
C09958,T1041,South,Unlimited,1199,24.98,0
C09959,T1131,East,Premium,799,5.23,0
C09960,T1076,Central,Unlimited,1199,28.38,0
C09961,T1064,Central,Premium,799,27.17,3
C09962,T1153,West,Unlimited,1199,14.0,1
C09963,T1030,South,Premium,799,25.66,1
C09964,T1288,West,Unlimited,1199,31.06,1
C09965,T1240,East,Basic,299,20.09,1
C09966,T1058,Central,Basic,299,24.77,0
C09967,T1060,South,Unlimited,1199,21.95,1
C09968,T1238,North,Basic,299,33.97,0
C09969,T1118,North,Standard,499,32.83,2
C09970,T1080,Central,Premium,799,1.58,1
C09971,T1237,Central,Basic,299,20.57,1
C09972,T1354,East,Premium,799,21.46,3
C09973,T1114,West,Basic,299,33.23,1
C09974,T1237,Central,Standard,499,44.48,0
C09975,T1068,Central,Premium,799,32.76,1
C09976,T1430,South,Unlimited,1199,35.95,1
C09977,T1337,South,Unlimited,1199,16.39,8
C09978,T1289,Central,Unlimited,1199,6.25,1
C09979,T1336,East,Premium,799,5.93,1
C09980,T1307,West,Basic,299,27.12,0
C09981,T1386,East,Standard,499,20.35,1
C09982,T1327,East,Basic,299,34.92,1
C09983,T1133,South,Standard,499,30.23,0
C09984,T1262,East,Basic,299,23.79,1
C09985,T1411,West,Unlimited,1199,24.4,0
C09986,T1226,Central,Standard,499,19.84,0
C09987,T1133,South,Unlimited,1199,15.89,0
C09988,T1430,South,Standard,499,20.54,2
C09989,T1145,North,Unlimited,1199,31.16,0
C09990,T1011,East,Premium,799,31.89,2
C09991,T1437,West,Basic,299,34.22,1
C09992,T1053,South,Standard,499,23.64,3
C09993,T1030,South,Basic,299,19.09,1
C09994,T1261,North,Unlimited,1199,17.83,2
C09995,T1393,West,Premium,799,31.82,2
C09996,T1125,West,Standard,499,37.47,1
C09997,T1126,West,Basic,299,21.4,0
C09998,T1416,West,Premium,799,39.35,1
C09999,T1472,South,Premium,799,22.87,5
C10000,T1417,Central,Premium,799,22.86,0
