event_id,timestamp,tower_id,event_type,severity
E00001,2026-01-17 00:00:00,T1049,Packet Loss,Low
E00002,2026-01-03 18:00:00,T1304,High Latency,Low
E00003,2026-01-08 18:00:00,T1138,Call Drop,Low
E00004,2026-01-05 12:00:00,T1431,Connection Failure,High
E00005,2026-01-10 00:00:00,T1240,Traffic Spike,Medium
E00006,2026-01-23 12:00:00,T1400,Packet Loss,Low
E00007,2026-01-03 06:00:00,T1161,Packet Loss,Low
E00008,2026-01-11 12:00:00,T1420,High Latency,Medium
E00009,2026-01-19 00:00:00,T1058,Low Signal,Low
E00010,2026-01-01 18:00:00,T1194,High Latency,Low
E00011,2026-01-21 06:00:00,T1205,High Latency,Medium
E00012,2026-01-28 06:00:00,T1184,Packet Loss,Low
E00013,2026-01-10 12:00:00,T1345,Packet Loss,Medium
E00014,2026-01-26 18:00:00,T1217,Low Signal,Critical
E00015,2026-01-24 12:00:00,T1125,Traffic Spike,Low
E00016,2026-01-22 06:00:00,T1135,Call Drop,Medium
E00017,2026-01-04 18:00:00,T1061,High Latency,Critical
E00018,2026-01-22 12:00:00,T1160,Call Drop,Medium
E00019,2026-01-26 00:00:00,T1211,High CPU,Low
E00020,2026-01-11 12:00:00,T1423,Packet Loss,Low
E00021,2026-01-29 12:00:00,T1396,High CPU,Critical
E00022,2026-01-17 06:00:00,T1205,Low Signal,Medium
E00023,2026-01-02 00:00:00,T1188,Call Drop,High
E00024,2026-01-27 12:00:00,T1297,High Latency,Low
E00025,2026-01-05 06:00:00,T1098,Call Drop,Medium
E00026,2026-01-08 12:00:00,T1303,High CPU,Low
E00027,2026-01-22 12:00:00,T1105,Low Signal,Low
E00028,2026-01-01 12:00:00,T1265,High Latency,High
E00029,2026-01-11 00:00:00,T1253,Traffic Spike,Low
E00030,2026-01-17 00:00:00,T1340,High CPU,Medium
E00031,2026-01-21 18:00:00,T1456,Traffic Spike,Low
E00032,2026-01-26 12:00:00,T1132,Packet Loss,Low
E00033,2026-01-23 18:00:00,T1143,Connection Failure,Low
E00034,2026-01-10 12:00:00,T1129,High CPU,Low
E00035,2026-01-19 06:00:00,T1406,High Latency,Low
E00036,2026-01-26 00:00:00,T1144,High Latency,Low
E00037,2026-01-19 06:00:00,T1197,Connection Failure,Low
E00038,2026-01-05 18:00:00,T1222,Call Drop,High
E00039,2026-01-07 18:00:00,T1410,Connection Failure,Medium
E00040,2026-01-29 12:00:00,T1402,Low Signal,High
E00041,2026-01-26 18:00:00,T1334,High Latency,Medium
E00042,2026-01-04 00:00:00,T1071,Traffic Spike,Low
E00043,2026-01-06 12:00:00,T1239,Call Drop,High
E00044,2026-01-24 06:00:00,T1181,High CPU,Low
E00045,2026-01-25 18:00:00,T1047,High Latency,Medium
E00046,2026-01-28 06:00:00,T1314,Packet Loss,High
E00047,2026-01-09 18:00:00,T1380,High Latency,Low
E00048,2026-01-13 06:00:00,T1073,Call Drop,Medium
E00049,2026-01-26 00:00:00,T1457,Low Signal,Low
E00050,2026-01-04 18:00:00,T1103,Traffic Spike,Low
E00051,2026-01-12 00:00:00,T1067,Low Signal,High
E00052,2026-01-22 12:00:00,T1383,Packet Loss,Medium
E00053,2026-01-17 12:00:00,T1305,Call Drop,High
E00054,2026-01-18 12:00:00,T1235,Packet Loss,Medium
E00055,2026-01-14 00:00:00,T1124,Traffic Spike,High
E00056,2026-01-30 12:00:00,T1302,High CPU,Low
E00057,2026-01-11 12:00:00,T1134,High CPU,Medium
E00058,2026-01-12 12:00:00,T1458,Traffic Spike,Low
E00059,2026-01-29 00:00:00,T1259,Packet Loss,Low
E00060,2026-01-24 00:00:00,T1098,Connection Failure,Medium
E00061,2026-01-22 06:00:00,T1147,Connection Failure,Medium
E00062,2026-01-08 06:00:00,T1270,Traffic Spike,Low
E00063,2026-01-09 00:00:00,T1349,Packet Loss,Low
E00064,2026-01-07 18:00:00,T1494,Traffic Spike,Medium
E00065,2026-01-16 18:00:00,T1066,High Latency,Low
E00066,2026-01-27 12:00:00,T1470,Low Signal,Low
E00067,2026-01-09 00:00:00,T1341,Call Drop,Medium
E00068,2026-01-11 12:00:00,T1199,High Latency,Low
E00069,2026-01-13 06:00:00,T1282,High CPU,Low
E00070,2026-01-01 12:00:00,T1062,High Latency,High
E00071,2026-01-28 06:00:00,T1362,High CPU,Medium
E00072,2026-01-02 18:00:00,T1082,Traffic Spike,Medium
E00073,2026-01-21 12:00:00,T1347,High CPU,Low
E00074,2026-01-30 06:00:00,T1406,Connection Failure,Medium
E00075,2026-01-14 18:00:00,T1460,Connection Failure,Medium
E00076,2026-01-07 06:00:00,T1093,Call Drop,Medium
E00077,2026-01-30 06:00:00,T1111,Traffic Spike,Medium
E00078,2026-01-15 06:00:00,T1450,Low Signal,Medium
E00079,2026-01-15 06:00:00,T1366,High CPU,Low
E00080,2026-01-19 06:00:00,T1382,High Latency,High
E00081,2026-01-04 00:00:00,T1176,High Latency,Low
E00082,2026-01-16 18:00:00,T1000,Traffic Spike,Low
E00083,2026-01-07 12:00:00,T1131,Low Signal,Medium
E00084,2026-01-29 18:00:00,T1489,Traffic Spike,High
E00085,2026-01-07 18:00:00,T1175,High Latency,Low
E00086,2026-01-16 06:00:00,T1182,High Latency,Critical
E00087,2026-01-06 00:00:00,T1182,High CPU,Medium
E00088,2026-01-03 18:00:00,T1099,Packet Loss,Low
E00089,2026-01-19 12:00:00,T1414,High Latency,Low
E00090,2026-01-27 06:00:00,T1107,Connection Failure,Low
E00091,2026-01-29 06:00:00,T1424,High Latency,Critical
E00092,2026-01-16 06:00:00,T1313,Call Drop,High
E00093,2026-01-10 12:00:00,T1379,High Latency,High
E00094,2026-01-06 18:00:00,T1392,Low Signal,High
E00095,2026-01-20 00:00:00,T1191,High CPU,Low
E00096,2026-01-23 00:00:00,T1278,High Latency,Medium
E00097,2026-01-05 06:00:00,T1241,High Latency,Medium
E00098,2026-01-16 00:00:00,T1321,Traffic Spike,Low
E00099,2026-01-04 12:00:00,T1385,Call Drop,Low
E00100,2026-01-21 12:00:00,T1305,High CPU,Low
E00101,2026-01-05 06:00:00,T1019,Packet Loss,Low
E00102,2026-01-26 18:00:00,T1167,Call Drop,Low
E00103,2026-01-15 00:00:00,T1184,Packet Loss,Low
E00104,2026-01-27 00:00:00,T1007,Traffic Spike,Low
E00105,2026-01-29 12:00:00,T1001,High Latency,Low
E00106,2026-01-06 12:00:00,T1006,High Latency,High
E00107,2026-01-01 00:00:00,T1477,Connection Failure,Medium
E00108,2026-01-14 18:00:00,T1279,Low Signal,Low
E00109,2026-01-26 18:00:00,T1358,Call Drop,Low
E00110,2026-01-11 00:00:00,T1277,High CPU,Low
E00111,2026-01-04 12:00:00,T1385,Call Drop,Low
E00112,2026-01-27 18:00:00,T1316,Packet Loss,High
E00113,2026-01-14 12:00:00,T1200,Low Signal,Low
E00114,2026-01-06 18:00:00,T1228,Call Drop,Low
E00115,2026-01-04 12:00:00,T1466,Traffic Spike,Medium
E00116,2026-01-10 06:00:00,T1020,Low Signal,Medium
E00117,2026-01-22 12:00:00,T1391,High Latency,Medium
E00118,2026-01-09 18:00:00,T1352,Packet Loss,Low
E00119,2026-01-13 12:00:00,T1448,Low Signal,Low
E00120,2026-01-20 06:00:00,T1151,Traffic Spike,Medium
E00121,2026-01-04 18:00:00,T1146,Traffic Spike,High
E00122,2026-01-23 18:00:00,T1485,Connection Failure,Low
E00123,2026-01-15 18:00:00,T1017,High CPU,Medium
E00124,2026-01-28 12:00:00,T1426,High CPU,Low
E00125,2026-01-20 00:00:00,T1138,Traffic Spike,Low
E00126,2026-01-21 18:00:00,T1202,Connection Failure,Medium
E00127,2026-01-10 00:00:00,T1219,High CPU,Low
E00128,2026-01-21 18:00:00,T1120,High CPU,Medium
E00129,2026-01-07 18:00:00,T1162,Connection Failure,Low
E00130,2026-01-06 12:00:00,T1495,High CPU,Low
E00131,2026-01-04 18:00:00,T1431,Low Signal,Low
E00132,2026-01-22 06:00:00,T1346,Call Drop,Critical
E00133,2026-01-15 00:00:00,T1479,Call Drop,Low
E00134,2026-01-02 18:00:00,T1149,Low Signal,Medium
E00135,2026-01-12 00:00:00,T1199,Traffic Spike,Medium
E00136,2026-01-12 18:00:00,T1228,Traffic Spike,Medium
E00137,2026-01-29 06:00:00,T1221,Traffic Spike,Low
E00138,2026-01-25 06:00:00,T1497,Low Signal,Critical
E00139,2026-01-06 18:00:00,T1371,Packet Loss,Critical
E00140,2026-01-16 00:00:00,T1397,Packet Loss,Low
E00141,2026-01-16 06:00:00,T1456,High Latency,Low
E00142,2026-01-01 00:00:00,T1127,High CPU,Medium
E00143,2026-01-22 12:00:00,T1234,Traffic Spike,Medium
E00144,2026-01-08 06:00:00,T1188,Low Signal,Low
E00145,2026-01-25 18:00:00,T1174,Connection Failure,Low
E00146,2026-01-18 00:00:00,T1297,Traffic Spike,Low
E00147,2026-01-26 06:00:00,T1251,Connection Failure,Medium
E00148,2026-01-23 06:00:00,T1023,High Latency,Low
E00149,2026-01-09 00:00:00,T1465,Traffic Spike,High
E00150,2026-01-27 18:00:00,T1125,Call Drop,Medium
E00151,2026-01-19 12:00:00,T1064,Connection Failure,Medium
E00152,2026-01-09 18:00:00,T1274,Traffic Spike,Medium
E00153,2026-01-27 00:00:00,T1225,Low Signal,Low
E00154,2026-01-14 00:00:00,T1022,High Latency,Low
E00155,2026-01-13 00:00:00,T1480,Traffic Spike,Low
E00156,2026-01-08 18:00:00,T1122,High Latency,Critical
E00157,2026-01-09 00:00:00,T1401,Low Signal,High
E00158,2026-01-10 12:00:00,T1249,Packet Loss,Low
E00159,2026-01-03 18:00:00,T1224,Packet Loss,Medium
E00160,2026-01-15 18:00:00,T1359,Packet Loss,High
E00161,2026-01-12 18:00:00,T1464,Low Signal,Low
E00162,2026-01-27 00:00:00,T1154,Low Signal,Low
E00163,2026-01-12 18:00:00,T1497,Connection Failure,Low
E00164,2026-01-10 18:00:00,T1076,Call Drop,Low
E00165,2026-01-16 12:00:00,T1087,Packet Loss,Medium
E00166,2026-01-04 18:00:00,T1128,Packet Loss,Low
E00167,2026-01-09 06:00:00,T1362,High Latency,Medium
E00168,2026-01-07 06:00:00,T1069,High CPU,High
E00169,2026-01-26 06:00:00,T1427,High Latency,Low
E00170,2026-01-01 00:00:00,T1402,Connection Failure,Medium
E00171,2026-01-07 06:00:00,T1062,Low Signal,Medium
E00172,2026-01-23 12:00:00,T1148,High CPU,Low
E00173,2026-01-12 18:00:00,T1399,Connection Failure,High
E00174,2026-01-03 12:00:00,T1247,Traffic Spike,High
E00175,2026-01-04 18:00:00,T1136,Low Signal,Medium
E00176,2026-01-01 12:00:00,T1199,Call Drop,Low
E00177,2026-01-27 06:00:00,T1301,High CPU,Low
E00178,2026-01-13 12:00:00,T1050,Call Drop,Low
E00179,2026-01-16 18:00:00,T1205,Traffic Spike,High
E00180,2026-01-12 18:00:00,T1477,Low Signal,Low
E00181,2026-01-28 12:00:00,T1205,Connection Failure,Critical
E00182,2026-01-18 12:00:00,T1023,Packet Loss,Low
E00183,2026-01-24 12:00:00,T1343,Traffic Spike,Medium
E00184,2026-01-14 12:00:00,T1300,Call Drop,High
E00185,2026-01-06 00:00:00,T1474,Connection Failure,Low
E00186,2026-01-19 18:00:00,T1147,High CPU,Low
E00187,2026-01-17 18:00:00,T1285,Packet Loss,Low
E00188,2026-01-24 12:00:00,T1153,Packet Loss,Low
E00189,2026-01-03 12:00:00,T1220,Low Signal,Low
E00190,2026-01-20 06:00:00,T1455,High CPU,High
E00191,2026-01-26 06:00:00,T1239,Low Signal,Medium
E00192,2026-01-22 12:00:00,T1401,High Latency,Low
E00193,2026-01-16 06:00:00,T1409,Call Drop,Low
E00194,2026-01-14 06:00:00,T1491,High CPU,Low
E00195,2026-01-26 00:00:00,T1083,Call Drop,Low
E00196,2026-01-03 06:00:00,T1099,High CPU,High
E00197,2026-01-08 00:00:00,T1122,High Latency,Low
E00198,2026-01-26 12:00:00,T1057,Low Signal,Low
E00199,2026-01-09 12:00:00,T1181,Call Drop,Medium
E00200,2026-01-12 06:00:00,T1163,Low Signal,Low
E00201,2026-01-19 18:00:00,T1078,High Latency,Low
E00202,2026-01-07 18:00:00,T1141,High CPU,Low
E00203,2026-01-12 18:00:00,T1129,Low Signal,Critical
E00204,2026-01-11 00:00:00,T1108,Connection Failure,Critical
E00205,2026-01-18 06:00:00,T1450,Low Signal,Medium
E00206,2026-01-30 00:00:00,T1364,Low Signal,Low
E00207,2026-01-13 18:00:00,T1178,High CPU,Low
E00208,2026-01-08 06:00:00,T1448,Traffic Spike,High
E00209,2026-01-26 12:00:00,T1364,Low Signal,High
E00210,2026-01-14 12:00:00,T1275,High Latency,Low
E00211,2026-01-30 06:00:00,T1273,Call Drop,High
E00212,2026-01-29 00:00:00,T1198,Low Signal,Low
E00213,2026-01-24 00:00:00,T1314,Traffic Spike,High
E00214,2026-01-14 06:00:00,T1376,Call Drop,High
E00215,2026-01-20 12:00:00,T1478,Low Signal,Low
E00216,2026-01-06 06:00:00,T1360,Connection Failure,High
E00217,2026-01-30 12:00:00,T1350,Packet Loss,Low
E00218,2026-01-12 00:00:00,T1440,Connection Failure,Critical
E00219,2026-01-07 18:00:00,T1234,Connection Failure,Medium
E00220,2026-01-20 00:00:00,T1429,High Latency,High
E00221,2026-01-05 18:00:00,T1002,Traffic Spike,Low
E00222,2026-01-02 12:00:00,T1388,Traffic Spike,Medium
E00223,2026-01-28 06:00:00,T1346,Traffic Spike,Low
E00224,2026-01-22 18:00:00,T1276,Packet Loss,Low
E00225,2026-01-04 12:00:00,T1065,Low Signal,Low
E00226,2026-01-21 12:00:00,T1021,Call Drop,Medium
E00227,2026-01-06 12:00:00,T1195,Traffic Spike,Critical
E00228,2026-01-14 06:00:00,T1138,Packet Loss,Low
E00229,2026-01-11 18:00:00,T1200,Connection Failure,Low
E00230,2026-01-08 06:00:00,T1405,Low Signal,Low
E00231,2026-01-05 12:00:00,T1267,Packet Loss,Medium
E00232,2026-01-05 12:00:00,T1196,Packet Loss,Medium
E00233,2026-01-09 00:00:00,T1046,Packet Loss,Low
E00234,2026-01-11 12:00:00,T1253,Traffic Spike,Medium
E00235,2026-01-27 12:00:00,T1269,High Latency,Medium
E00236,2026-01-06 00:00:00,T1457,Packet Loss,High
E00237,2026-01-10 06:00:00,T1270,Traffic Spike,High
E00238,2026-01-16 12:00:00,T1025,Call Drop,Low
E00239,2026-01-24 06:00:00,T1488,Low Signal,High
E00240,2026-01-06 00:00:00,T1482,Traffic Spike,Medium
E00241,2026-01-29 18:00:00,T1481,High Latency,Low
E00242,2026-01-01 12:00:00,T1138,Traffic Spike,Low
E00243,2026-01-30 00:00:00,T1012,Connection Failure,Low
E00244,2026-01-18 06:00:00,T1342,Packet Loss,Medium
E00245,2026-01-23 06:00:00,T1359,Packet Loss,Medium
E00246,2026-01-16 06:00:00,T1250,Connection Failure,Low
E00247,2026-01-09 18:00:00,T1175,Connection Failure,Low
E00248,2026-01-15 12:00:00,T1065,Connection Failure,High
E00249,2026-01-11 12:00:00,T1172,High CPU,High
E00250,2026-01-15 00:00:00,T1147,Packet Loss,High
E00251,2026-01-14 00:00:00,T1208,Call Drop,High
E00252,2026-01-19 06:00:00,T1126,Traffic Spike,Medium
E00253,2026-01-28 06:00:00,T1381,High CPU,Low
E00254,2026-01-23 00:00:00,T1236,Traffic Spike,Low
E00255,2026-01-12 00:00:00,T1035,Low Signal,Low
E00256,2026-01-09 06:00:00,T1452,Low Signal,Low
E00257,2026-01-14 06:00:00,T1025,Connection Failure,Medium
E00258,2026-01-18 12:00:00,T1379,High CPU,Low
E00259,2026-01-26 18:00:00,T1147,Connection Failure,Low
E00260,2026-01-29 00:00:00,T1360,Traffic Spike,Low
E00261,2026-01-20 00:00:00,T1442,Packet Loss,Low
E00262,2026-01-23 00:00:00,T1057,Packet Loss,Critical
E00263,2026-01-20 06:00:00,T1177,High CPU,Medium
E00264,2026-01-11 18:00:00,T1185,Low Signal,High
E00265,2026-01-10 06:00:00,T1485,High Latency,Medium
E00266,2026-01-14 06:00:00,T1045,Packet Loss,Low
E00267,2026-01-23 18:00:00,T1474,Traffic Spike,Medium
E00268,2026-01-11 00:00:00,T1344,High Latency,Low
E00269,2026-01-27 12:00:00,T1141,Packet Loss,Low
E00270,2026-01-07 18:00:00,T1448,Call Drop,Low
E00271,2026-01-27 06:00:00,T1107,Low Signal,Medium
E00272,2026-01-26 18:00:00,T1413,High CPU,Low
E00273,2026-01-06 00:00:00,T1075,Low Signal,Low
E00274,2026-01-05 06:00:00,T1322,Connection Failure,Low
E00275,2026-01-08 12:00:00,T1256,Packet Loss,Low
E00276,2026-01-28 18:00:00,T1024,High CPU,Low
E00277,2026-01-04 00:00:00,T1246,High CPU,High
E00278,2026-01-18 12:00:00,T1096,Packet Loss,Low
E00279,2026-01-19 00:00:00,T1022,High Latency,Medium
E00280,2026-01-21 06:00:00,T1108,Call Drop,Medium
E00281,2026-01-14 18:00:00,T1440,Connection Failure,High
E00282,2026-01-13 12:00:00,T1145,High CPU,Low
E00283,2026-01-06 12:00:00,T1245,Connection Failure,Medium
E00284,2026-01-10 12:00:00,T1123,Traffic Spike,Low
E00285,2026-01-08 06:00:00,T1110,Low Signal,Low
E00286,2026-01-12 18:00:00,T1193,Traffic Spike,High
E00287,2026-01-27 00:00:00,T1145,Call Drop,Low
E00288,2026-01-24 06:00:00,T1210,Call Drop,Low
E00289,2026-01-16 06:00:00,T1160,Call Drop,Critical
E00290,2026-01-03 12:00:00,T1387,High Latency,Medium
E00291,2026-01-16 18:00:00,T1431,High CPU,Medium
E00292,2026-01-23 12:00:00,T1183,High CPU,Low
E00293,2026-01-14 00:00:00,T1404,High Latency,Medium
E00294,2026-01-30 06:00:00,T1327,Low Signal,Low
E00295,2026-01-11 06:00:00,T1380,Packet Loss,Medium
E00296,2026-01-24 12:00:00,T1202,High CPU,Low
E00297,2026-01-03 00:00:00,T1071,High CPU,Low
E00298,2026-01-29 06:00:00,T1497,Call Drop,Low
E00299,2026-01-11 12:00:00,T1135,Connection Failure,High
E00300,2026-01-12 06:00:00,T1324,Connection Failure,Medium
E00301,2026-01-16 18:00:00,T1117,Connection Failure,Low
E00302,2026-01-10 06:00:00,T1035,Connection Failure,Low
E00303,2026-01-06 18:00:00,T1029,High Latency,Medium
E00304,2026-01-26 18:00:00,T1112,Packet Loss,Low
E00305,2026-01-05 00:00:00,T1286,High Latency,Medium
E00306,2026-01-12 06:00:00,T1102,Call Drop,High
E00307,2026-01-07 06:00:00,T1343,Packet Loss,Medium
E00308,2026-01-02 00:00:00,T1189,Low Signal,Critical
E00309,2026-01-30 12:00:00,T1341,High CPU,Low
E00310,2026-01-18 12:00:00,T1068,High Latency,Low
E00311,2026-01-22 12:00:00,T1221,Packet Loss,Medium
E00312,2026-01-18 18:00:00,T1471,High CPU,High
E00313,2026-01-22 12:00:00,T1337,Traffic Spike,Low
E00314,2026-01-22 00:00:00,T1234,High Latency,Critical
E00315,2026-01-17 06:00:00,T1224,Call Drop,Low
E00316,2026-01-13 18:00:00,T1220,High CPU,Low
E00317,2026-01-08 18:00:00,T1287,Low Signal,High
E00318,2026-01-19 12:00:00,T1348,Packet Loss,Medium
E00319,2026-01-06 12:00:00,T1258,Low Signal,Low
E00320,2026-01-11 06:00:00,T1167,Call Drop,Medium
E00321,2026-01-06 18:00:00,T1218,Traffic Spike,Low
E00322,2026-01-19 06:00:00,T1194,Packet Loss,High
E00323,2026-01-05 12:00:00,T1398,Connection Failure,Medium
E00324,2026-01-16 06:00:00,T1081,Low Signal,High
E00325,2026-01-27 18:00:00,T1367,High CPU,High
E00326,2026-01-23 06:00:00,T1310,Connection Failure,Critical
E00327,2026-01-22 12:00:00,T1372,Connection Failure,Low
E00328,2026-01-22 06:00:00,T1399,Call Drop,Medium
E00329,2026-01-29 18:00:00,T1448,Connection Failure,Low
E00330,2026-01-12 00:00:00,T1023,Call Drop,Medium
E00331,2026-01-13 00:00:00,T1380,High CPU,Low
E00332,2026-01-28 18:00:00,T1193,Packet Loss,Medium
E00333,2026-01-13 18:00:00,T1281,High CPU,Critical
E00334,2026-01-09 12:00:00,T1139,High Latency,Medium
E00335,2026-01-30 12:00:00,T1348,High Latency,Medium
E00336,2026-01-20 12:00:00,T1218,Connection Failure,High
E00337,2026-01-22 12:00:00,T1117,Call Drop,Low
E00338,2026-01-18 06:00:00,T1287,Low Signal,Medium
E00339,2026-01-04 06:00:00,T1444,High CPU,Low
E00340,2026-01-19 06:00:00,T1202,Call Drop,Low
E00341,2026-01-03 06:00:00,T1299,Low Signal,High
E00342,2026-01-07 18:00:00,T1470,Connection Failure,Medium
E00343,2026-01-08 00:00:00,T1401,High Latency,Medium
E00344,2026-01-06 06:00:00,T1448,Traffic Spike,Low
E00345,2026-01-07 00:00:00,T1197,High CPU,Medium
E00346,2026-01-01 00:00:00,T1092,Low Signal,Low
E00347,2026-01-04 12:00:00,T1296,Packet Loss,Low
E00348,2026-01-07 06:00:00,T1475,Traffic Spike,High
E00349,2026-01-25 06:00:00,T1326,Low Signal,Low
E00350,2026-01-01 06:00:00,T1393,High Latency,Low
E00351,2026-01-06 06:00:00,T1023,High Latency,Medium
E00352,2026-01-14 18:00:00,T1468,Packet Loss,Low
E00353,2026-01-06 12:00:00,T1057,High CPU,Low
E00354,2026-01-08 00:00:00,T1434,Low Signal,Medium
E00355,2026-01-21 12:00:00,T1248,Connection Failure,High
E00356,2026-01-23 00:00:00,T1357,High Latency,Medium
E00357,2026-01-04 00:00:00,T1353,Connection Failure,Low
E00358,2026-01-27 06:00:00,T1175,Traffic Spike,Medium
E00359,2026-01-10 12:00:00,T1480,High CPU,Low
E00360,2026-01-26 18:00:00,T1111,High Latency,Low
E00361,2026-01-11 12:00:00,T1037,Low Signal,Low
E00362,2026-01-20 00:00:00,T1222,High Latency,Low
E00363,2026-01-02 18:00:00,T1320,High Latency,Low
E00364,2026-01-18 06:00:00,T1072,High Latency,High
E00365,2026-01-02 06:00:00,T1027,Low Signal,Critical
E00366,2026-01-17 00:00:00,T1368,Traffic Spike,High
E00367,2026-01-24 06:00:00,T1477,Call Drop,Medium
E00368,2026-01-21 00:00:00,T1290,Packet Loss,High
E00369,2026-01-04 18:00:00,T1085,Low Signal,Medium
E00370,2026-01-12 06:00:00,T1012,Packet Loss,Low
E00371,2026-01-18 06:00:00,T1038,Packet Loss,Medium
E00372,2026-01-12 06:00:00,T1386,Low Signal,Low
E00373,2026-01-12 06:00:00,T1082,Low Signal,High
E00374,2026-01-06 00:00:00,T1452,Packet Loss,Low
E00375,2026-01-15 12:00:00,T1223,Low Signal,Low
E00376,2026-01-29 06:00:00,T1270,Packet Loss,High
E00377,2026-01-22 00:00:00,T1252,High Latency,Medium
E00378,2026-01-13 18:00:00,T1042,High CPU,Low
E00379,2026-01-14 18:00:00,T1411,Traffic Spike,High
E00380,2026-01-14 06:00:00,T1274,High CPU,Low
E00381,2026-01-04 12:00:00,T1163,Packet Loss,Medium
E00382,2026-01-09 06:00:00,T1447,Connection Failure,Low
E00383,2026-01-01 06:00:00,T1399,Packet Loss,Low
E00384,2026-01-10 00:00:00,T1293,Connection Failure,Medium
E00385,2026-01-11 06:00:00,T1476,Low Signal,High
E00386,2026-01-22 00:00:00,T1144,Call Drop,Medium
E00387,2026-01-20 12:00:00,T1039,Traffic Spike,Low
E00388,2026-01-11 00:00:00,T1340,Connection Failure,Low
E00389,2026-01-01 12:00:00,T1163,High CPU,Low
E00390,2026-01-10 18:00:00,T1280,Connection Failure,Low
E00391,2026-01-26 18:00:00,T1119,High CPU,Low
E00392,2026-01-20 18:00:00,T1231,High Latency,Medium
E00393,2026-01-21 06:00:00,T1286,High Latency,Medium
E00394,2026-01-09 12:00:00,T1201,Traffic Spike,Low
E00395,2026-01-17 06:00:00,T1478,Call Drop,Low
E00396,2026-01-01 00:00:00,T1458,Connection Failure,High
E00397,2026-01-06 18:00:00,T1226,Low Signal,Medium
E00398,2026-01-08 06:00:00,T1226,High CPU,Low
E00399,2026-01-04 06:00:00,T1013,Packet Loss,Low
E00400,2026-01-03 06:00:00,T1055,High Latency,High
E00401,2026-01-01 18:00:00,T1130,Packet Loss,High
E00402,2026-01-01 00:00:00,T1273,High CPU,Medium
E00403,2026-01-01 06:00:00,T1186,Call Drop,Low
E00404,2026-01-03 00:00:00,T1161,Low Signal,Low
E00405,2026-01-27 12:00:00,T1365,Traffic Spike,Critical
E00406,2026-01-03 00:00:00,T1410,Connection Failure,Low
E00407,2026-01-09 12:00:00,T1201,Traffic Spike,High
E00408,2026-01-14 18:00:00,T1290,Packet Loss,Medium
E00409,2026-01-06 12:00:00,T1045,Traffic Spike,Low
E00410,2026-01-22 00:00:00,T1377,Call Drop,Medium
E00411,2026-01-22 00:00:00,T1278,Packet Loss,Medium
E00412,2026-01-17 00:00:00,T1336,High CPU,Low
E00413,2026-01-04 12:00:00,T1063,Traffic Spike,High
E00414,2026-01-14 18:00:00,T1357,Traffic Spike,Medium
E00415,2026-01-15 18:00:00,T1237,High Latency,Medium
E00416,2026-01-05 12:00:00,T1173,High CPU,Low
E00417,2026-01-04 18:00:00,T1014,High Latency,Medium
E00418,2026-01-04 18:00:00,T1404,Connection Failure,Low
E00419,2026-01-30 18:00:00,T1038,Traffic Spike,High
E00420,2026-01-26 00:00:00,T1388,Packet Loss,High
E00421,2026-01-07 00:00:00,T1340,Call Drop,Medium
E00422,2026-01-08 12:00:00,T1179,Connection Failure,Medium
E00423,2026-01-15 18:00:00,T1083,Low Signal,Low
E00424,2026-01-07 06:00:00,T1441,High Latency,Medium
E00425,2026-01-21 06:00:00,T1180,High CPU,Low
E00426,2026-01-18 18:00:00,T1288,Traffic Spike,Low
E00427,2026-01-17 18:00:00,T1362,Packet Loss,Critical
E00428,2026-01-06 06:00:00,T1490,Packet Loss,Medium
E00429,2026-01-23 18:00:00,T1173,Low Signal,Medium
E00430,2026-01-23 12:00:00,T1083,High Latency,High
E00431,2026-01-08 18:00:00,T1313,Low Signal,Low
E00432,2026-01-20 12:00:00,T1365,Traffic Spike,Low
E00433,2026-01-10 12:00:00,T1273,Packet Loss,Medium
E00434,2026-01-19 06:00:00,T1127,Call Drop,Medium
E00435,2026-01-26 12:00:00,T1201,Packet Loss,Medium
E00436,2026-01-03 18:00:00,T1308,Low Signal,Low
E00437,2026-01-26 06:00:00,T1085,Connection Failure,Low
E00438,2026-01-28 06:00:00,T1498,Traffic Spike,Low
E00439,2026-01-29 00:00:00,T1159,Connection Failure,Medium
E00440,2026-01-28 00:00:00,T1028,Connection Failure,Low
E00441,2026-01-09 00:00:00,T1125,High Latency,Low
E00442,2026-01-05 00:00:00,T1449,Call Drop,Low
E00443,2026-01-09 12:00:00,T1100,Packet Loss,Critical
E00444,2026-01-07 18:00:00,T1212,Packet Loss,Medium
E00445,2026-01-18 18:00:00,T1270,Packet Loss,High
E00446,2026-01-12 18:00:00,T1099,High Latency,Low
E00447,2026-01-12 12:00:00,T1136,Traffic Spike,Medium
E00448,2026-01-30 12:00:00,T1378,Packet Loss,Low
E00449,2026-01-30 06:00:00,T1148,High Latency,Low
E00450,2026-01-11 12:00:00,T1239,High CPU,Low
E00451,2026-01-11 18:00:00,T1290,Low Signal,Low
E00452,2026-01-27 00:00:00,T1391,Low Signal,Medium
E00453,2026-01-10 06:00:00,T1367,Traffic Spike,Medium
E00454,2026-01-13 06:00:00,T1153,High CPU,Low
E00455,2026-01-03 06:00:00,T1187,High CPU,Low
E00456,2026-01-14 12:00:00,T1465,Traffic Spike,Low
E00457,2026-01-06 12:00:00,T1312,Low Signal,Low
E00458,2026-01-19 18:00:00,T1091,Packet Loss,Low
E00459,2026-01-07 12:00:00,T1372,Packet Loss,Medium
E00460,2026-01-20 18:00:00,T1318,Call Drop,Medium
E00461,2026-01-26 00:00:00,T1291,Call Drop,Low
E00462,2026-01-02 18:00:00,T1001,Call Drop,High
E00463,2026-01-12 00:00:00,T1133,Traffic Spike,Medium
E00464,2026-01-09 18:00:00,T1438,High CPU,Low
E00465,2026-01-29 06:00:00,T1351,High Latency,Low
E00466,2026-01-27 06:00:00,T1238,Call Drop,Low
E00467,2026-01-03 00:00:00,T1100,Low Signal,Medium
E00468,2026-01-09 18:00:00,T1071,Call Drop,High
E00469,2026-01-24 18:00:00,T1122,High CPU,Medium
E00470,2026-01-13 06:00:00,T1422,Call Drop,Low
E00471,2026-01-27 00:00:00,T1024,Call Drop,Medium
E00472,2026-01-14 18:00:00,T1006,Low Signal,Medium
E00473,2026-01-04 00:00:00,T1199,Connection Failure,High
E00474,2026-01-21 18:00:00,T1304,Packet Loss,Medium
E00475,2026-01-10 00:00:00,T1467,Traffic Spike,Low
E00476,2026-01-26 00:00:00,T1439,High CPU,High
E00477,2026-01-23 00:00:00,T1306,Connection Failure,Low
E00478,2026-01-03 12:00:00,T1217,Connection Failure,Low
E00479,2026-01-01 00:00:00,T1297,High Latency,High
E00480,2026-01-01 06:00:00,T1163,Low Signal,Critical
E00481,2026-01-14 00:00:00,T1041,High Latency,High
E00482,2026-01-02 06:00:00,T1389,Connection Failure,Low
E00483,2026-01-26 18:00:00,T1475,Traffic Spike,Critical
E00484,2026-01-17 06:00:00,T1440,Low Signal,Low
E00485,2026-01-06 00:00:00,T1473,High CPU,Low
E00486,2026-01-09 12:00:00,T1040,Packet Loss,Low
E00487,2026-01-15 18:00:00,T1435,Traffic Spike,Low
E00488,2026-01-27 18:00:00,T1309,High CPU,High
E00489,2026-01-02 00:00:00,T1083,Low Signal,Low
E00490,2026-01-09 12:00:00,T1043,Packet Loss,Low
E00491,2026-01-21 18:00:00,T1007,Packet Loss,High
E00492,2026-01-08 18:00:00,T1086,High Latency,Medium
E00493,2026-01-19 12:00:00,T1181,Packet Loss,Medium
E00494,2026-01-27 12:00:00,T1474,Low Signal,Medium
E00495,2026-01-20 12:00:00,T1443,Connection Failure,Critical
E00496,2026-01-16 18:00:00,T1337,Packet Loss,High
E00497,2026-01-16 06:00:00,T1459,High CPU,Low
E00498,2026-01-11 18:00:00,T1174,Connection Failure,Medium
E00499,2026-01-27 06:00:00,T1337,Connection Failure,Low
E00500,2026-01-16 12:00:00,T1008,Low Signal,Medium
E00501,2026-01-12 06:00:00,T1020,High CPU,Low
E00502,2026-01-18 00:00:00,T1344,Call Drop,Low
E00503,2026-01-27 06:00:00,T1143,High CPU,Low
E00504,2026-01-11 18:00:00,T1121,Low Signal,Low
E00505,2026-01-17 12:00:00,T1068,Traffic Spike,Medium
E00506,2026-01-20 18:00:00,T1209,Connection Failure,Medium
E00507,2026-01-20 18:00:00,T1437,Packet Loss,Low
E00508,2026-01-15 18:00:00,T1346,High Latency,High
E00509,2026-01-28 00:00:00,T1167,Traffic Spike,Low
E00510,2026-01-03 12:00:00,T1029,Packet Loss,Low
E00511,2026-01-05 18:00:00,T1339,Call Drop,High
E00512,2026-01-30 00:00:00,T1146,High CPU,Low
E00513,2026-01-05 12:00:00,T1401,Call Drop,Medium
E00514,2026-01-17 12:00:00,T1031,Traffic Spike,Medium
E00515,2026-01-11 18:00:00,T1119,Call Drop,Low
E00516,2026-01-26 12:00:00,T1080,Low Signal,Low
E00517,2026-01-15 12:00:00,T1395,High Latency,High
E00518,2026-01-29 18:00:00,T1370,Low Signal,High
E00519,2026-01-25 12:00:00,T1396,Connection Failure,High
E00520,2026-01-29 12:00:00,T1248,High CPU,High
E00521,2026-01-24 12:00:00,T1409,Low Signal,High
E00522,2026-01-11 00:00:00,T1079,Packet Loss,Low
E00523,2026-01-27 12:00:00,T1169,Connection Failure,Low
E00524,2026-01-28 00:00:00,T1303,High Latency,Medium
E00525,2026-01-11 06:00:00,T1412,Traffic Spike,Low
E00526,2026-01-19 06:00:00,T1245,High CPU,Low
E00527,2026-01-25 18:00:00,T1351,Call Drop,High
E00528,2026-01-26 18:00:00,T1107,Connection Failure,Low
E00529,2026-01-19 00:00:00,T1447,Packet Loss,Low
E00530,2026-01-22 12:00:00,T1114,Call Drop,Low
E00531,2026-01-02 12:00:00,T1000,Traffic Spike,Low
E00532,2026-01-23 00:00:00,T1292,Packet Loss,Low
E00533,2026-01-19 12:00:00,T1212,Connection Failure,High
E00534,2026-01-27 12:00:00,T1113,High Latency,Medium
E00535,2026-01-22 18:00:00,T1103,Connection Failure,Medium
E00536,2026-01-06 12:00:00,T1170,Connection Failure,Low
E00537,2026-01-24 18:00:00,T1066,Low Signal,Low
E00538,2026-01-02 12:00:00,T1138,Packet Loss,Low
E00539,2026-01-08 06:00:00,T1404,Call Drop,High
E00540,2026-01-03 18:00:00,T1039,High CPU,Low
E00541,2026-01-05 06:00:00,T1229,Low Signal,Low
E00542,2026-01-20 06:00:00,T1178,Low Signal,Low
E00543,2026-01-02 12:00:00,T1259,High Latency,Medium
E00544,2026-01-03 18:00:00,T1313,High Latency,High
E00545,2026-01-13 00:00:00,T1412,Packet Loss,Low
E00546,2026-01-24 06:00:00,T1424,High Latency,Medium
E00547,2026-01-10 12:00:00,T1191,High Latency,Medium
E00548,2026-01-08 18:00:00,T1154,Low Signal,High
E00549,2026-01-02 06:00:00,T1220,Low Signal,Low
E00550,2026-01-30 06:00:00,T1309,High Latency,Low
E00551,2026-01-18 00:00:00,T1466,Low Signal,Low
E00552,2026-01-03 00:00:00,T1465,High CPU,Low
E00553,2026-01-16 18:00:00,T1212,Connection Failure,High
E00554,2026-01-15 18:00:00,T1400,Packet Loss,High
E00555,2026-01-25 18:00:00,T1175,Connection Failure,Low
E00556,2026-01-10 12:00:00,T1178,High CPU,High
E00557,2026-01-09 00:00:00,T1106,High CPU,Low
E00558,2026-01-23 12:00:00,T1440,Packet Loss,Low
E00559,2026-01-24 00:00:00,T1378,High Latency,High
E00560,2026-01-13 06:00:00,T1071,High CPU,Low
E00561,2026-01-08 00:00:00,T1105,High CPU,Medium
E00562,2026-01-05 06:00:00,T1384,Low Signal,Low
E00563,2026-01-29 00:00:00,T1334,Packet Loss,Low
E00564,2026-01-03 12:00:00,T1381,Low Signal,Medium
E00565,2026-01-24 00:00:00,T1172,Connection Failure,Low
E00566,2026-01-09 00:00:00,T1192,Connection Failure,Low
E00567,2026-01-14 00:00:00,T1407,Connection Failure,Low
E00568,2026-01-04 12:00:00,T1367,Low Signal,Critical
E00569,2026-01-27 12:00:00,T1382,Call Drop,High
E00570,2026-01-14 06:00:00,T1244,High Latency,High
E00571,2026-01-14 12:00:00,T1463,High CPU,Critical
E00572,2026-01-09 06:00:00,T1376,Connection Failure,Medium
E00573,2026-01-29 18:00:00,T1427,Packet Loss,Low
E00574,2026-01-10 00:00:00,T1298,Connection Failure,Medium
E00575,2026-01-16 06:00:00,T1422,Call Drop,Low
E00576,2026-01-06 06:00:00,T1017,Low Signal,Medium
E00577,2026-01-12 06:00:00,T1490,Connection Failure,Low
E00578,2026-01-06 12:00:00,T1057,High CPU,Low
E00579,2026-01-17 00:00:00,T1135,High CPU,Medium
E00580,2026-01-23 12:00:00,T1423,Traffic Spike,Medium
E00581,2026-01-03 18:00:00,T1487,Low Signal,Medium
E00582,2026-01-19 00:00:00,T1319,Low Signal,Medium
E00583,2026-01-09 12:00:00,T1298,Traffic Spike,High
E00584,2026-01-10 12:00:00,T1336,Connection Failure,Low
E00585,2026-01-05 06:00:00,T1164,Traffic Spike,Medium
E00586,2026-01-09 00:00:00,T1015,Call Drop,Low
E00587,2026-01-05 18:00:00,T1446,Connection Failure,Medium
E00588,2026-01-09 18:00:00,T1169,High Latency,Medium
E00589,2026-01-19 18:00:00,T1257,Traffic Spike,Low
E00590,2026-01-12 00:00:00,T1351,High Latency,High
E00591,2026-01-13 18:00:00,T1154,High Latency,Medium
E00592,2026-01-22 06:00:00,T1315,Connection Failure,Low
E00593,2026-01-21 12:00:00,T1388,High Latency,Medium
E00594,2026-01-17 00:00:00,T1464,High Latency,Medium
E00595,2026-01-22 00:00:00,T1158,Connection Failure,Low
E00596,2026-01-02 18:00:00,T1364,Packet Loss,Low
E00597,2026-01-14 00:00:00,T1435,Low Signal,Low
E00598,2026-01-04 06:00:00,T1211,Low Signal,Low
E00599,2026-01-16 06:00:00,T1382,Traffic Spike,Medium
E00600,2026-01-13 12:00:00,T1044,Call Drop,Low
E00601,2026-01-06 18:00:00,T1431,Call Drop,Low
E00602,2026-01-23 06:00:00,T1091,Traffic Spike,Low
E00603,2026-01-25 18:00:00,T1287,Connection Failure,Medium
E00604,2026-01-11 00:00:00,T1257,Call Drop,Medium
E00605,2026-01-30 18:00:00,T1216,High CPU,High
E00606,2026-01-12 12:00:00,T1035,Low Signal,Low
E00607,2026-01-11 12:00:00,T1354,Traffic Spike,Low
E00608,2026-01-03 18:00:00,T1213,Connection Failure,Medium
E00609,2026-01-29 12:00:00,T1298,High Latency,Medium
E00610,2026-01-30 06:00:00,T1215,Connection Failure,Low
E00611,2026-01-01 12:00:00,T1327,High CPU,High
E00612,2026-01-04 18:00:00,T1160,High Latency,High
E00613,2026-01-08 06:00:00,T1036,High CPU,Low
E00614,2026-01-06 06:00:00,T1096,Call Drop,High
E00615,2026-01-03 06:00:00,T1476,Call Drop,Low
E00616,2026-01-03 06:00:00,T1206,High Latency,High
E00617,2026-01-23 18:00:00,T1328,High CPU,Low
E00618,2026-01-29 12:00:00,T1378,High CPU,High
E00619,2026-01-29 18:00:00,T1358,High CPU,Low
E00620,2026-01-17 18:00:00,T1155,High CPU,Medium
E00621,2026-01-21 18:00:00,T1259,Low Signal,Low
E00622,2026-01-14 06:00:00,T1292,High Latency,Low
E00623,2026-01-21 00:00:00,T1253,Call Drop,Medium
E00624,2026-01-19 06:00:00,T1199,Packet Loss,Medium
E00625,2026-01-19 00:00:00,T1416,Connection Failure,Low
E00626,2026-01-01 00:00:00,T1120,Packet Loss,Low
E00627,2026-01-19 00:00:00,T1207,High Latency,Low
E00628,2026-01-04 00:00:00,T1104,High CPU,High
E00629,2026-01-14 06:00:00,T1441,Connection Failure,Critical
E00630,2026-01-01 12:00:00,T1333,Low Signal,Low
E00631,2026-01-13 00:00:00,T1415,Connection Failure,Medium
E00632,2026-01-07 00:00:00,T1088,Connection Failure,Low
E00633,2026-01-16 06:00:00,T1213,Low Signal,Medium
E00634,2026-01-15 12:00:00,T1251,Connection Failure,Medium
E00635,2026-01-06 12:00:00,T1148,Traffic Spike,Low
E00636,2026-01-10 00:00:00,T1409,Traffic Spike,Critical
E00637,2026-01-07 06:00:00,T1018,Connection Failure,Low
E00638,2026-01-25 06:00:00,T1111,Call Drop,Medium
E00639,2026-01-23 18:00:00,T1089,Call Drop,High
E00640,2026-01-07 12:00:00,T1195,Packet Loss,Medium
E00641,2026-01-26 12:00:00,T1117,Traffic Spike,Low
E00642,2026-01-18 06:00:00,T1059,High Latency,Critical
E00643,2026-01-18 00:00:00,T1427,Low Signal,High
E00644,2026-01-27 12:00:00,T1438,High CPU,Medium
E00645,2026-01-05 00:00:00,T1211,High CPU,Low
E00646,2026-01-21 00:00:00,T1470,Low Signal,Low
E00647,2026-01-30 06:00:00,T1335,High CPU,Medium
E00648,2026-01-16 00:00:00,T1238,Traffic Spike,High
E00649,2026-01-13 18:00:00,T1326,Connection Failure,Low
E00650,2026-01-21 12:00:00,T1200,Connection Failure,Low
E00651,2026-01-21 06:00:00,T1037,Packet Loss,Low
E00652,2026-01-11 12:00:00,T1434,Call Drop,Low
E00653,2026-01-22 18:00:00,T1102,High CPU,Low
E00654,2026-01-22 12:00:00,T1088,High Latency,High
E00655,2026-01-12 06:00:00,T1251,Call Drop,Medium
E00656,2026-01-22 00:00:00,T1101,Low Signal,Low
E00657,2026-01-09 12:00:00,T1363,Packet Loss,High
E00658,2026-01-23 12:00:00,T1229,Connection Failure,Low
E00659,2026-01-19 12:00:00,T1050,High Latency,High
E00660,2026-01-26 06:00:00,T1424,High Latency,Low
E00661,2026-01-15 00:00:00,T1256,Connection Failure,Medium
E00662,2026-01-23 18:00:00,T1064,Call Drop,Low
E00663,2026-01-28 12:00:00,T1434,Traffic Spike,Medium
E00664,2026-01-17 12:00:00,T1036,Packet Loss,Medium
E00665,2026-01-17 06:00:00,T1306,High CPU,Medium
E00666,2026-01-30 00:00:00,T1086,Low Signal,Low
E00667,2026-01-09 18:00:00,T1061,Connection Failure,Low
E00668,2026-01-19 00:00:00,T1137,Packet Loss,Low
E00669,2026-01-14 12:00:00,T1043,Connection Failure,Low
E00670,2026-01-05 06:00:00,T1177,Packet Loss,Medium
E00671,2026-01-25 18:00:00,T1412,High Latency,High
E00672,2026-01-11 12:00:00,T1335,Low Signal,High
E00673,2026-01-27 00:00:00,T1341,Traffic Spike,Critical
E00674,2026-01-10 12:00:00,T1288,High CPU,Medium
E00675,2026-01-22 12:00:00,T1097,Low Signal,High
E00676,2026-01-16 18:00:00,T1234,Traffic Spike,Low
E00677,2026-01-29 06:00:00,T1369,High CPU,Medium
E00678,2026-01-11 12:00:00,T1223,High Latency,Medium
E00679,2026-01-29 00:00:00,T1489,Low Signal,High
E00680,2026-01-03 12:00:00,T1435,High CPU,Low
E00681,2026-01-24 18:00:00,T1204,High CPU,Low
E00682,2026-01-07 12:00:00,T1484,Traffic Spike,Medium
E00683,2026-01-13 00:00:00,T1096,High Latency,Medium
E00684,2026-01-03 06:00:00,T1145,Low Signal,Low
E00685,2026-01-13 00:00:00,T1212,High CPU,Medium
E00686,2026-01-08 18:00:00,T1343,High Latency,Medium
E00687,2026-01-18 00:00:00,T1252,Connection Failure,Low
E00688,2026-01-05 00:00:00,T1342,Traffic Spike,High
E00689,2026-01-21 06:00:00,T1474,High CPU,High
E00690,2026-01-03 06:00:00,T1051,High Latency,Medium
E00691,2026-01-20 18:00:00,T1295,Connection Failure,High
E00692,2026-01-08 18:00:00,T1219,Packet Loss,High
E00693,2026-01-21 18:00:00,T1102,Packet Loss,Low
E00694,2026-01-17 06:00:00,T1128,Connection Failure,Low
E00695,2026-01-01 18:00:00,T1247,Low Signal,Low
E00696,2026-01-23 00:00:00,T1322,Call Drop,Low
E00697,2026-01-11 18:00:00,T1438,Traffic Spike,Low
E00698,2026-01-28 06:00:00,T1441,High CPU,Low
E00699,2026-01-02 12:00:00,T1244,Call Drop,Low
E00700,2026-01-07 06:00:00,T1230,High Latency,Low
E00701,2026-01-20 00:00:00,T1371,High CPU,High
E00702,2026-01-09 18:00:00,T1174,High CPU,Medium
E00703,2026-01-24 06:00:00,T1253,Low Signal,Medium
E00704,2026-01-12 18:00:00,T1386,High CPU,Low
E00705,2026-01-06 12:00:00,T1435,Packet Loss,Critical
E00706,2026-01-19 06:00:00,T1069,Connection Failure,High
E00707,2026-01-05 12:00:00,T1214,Call Drop,Critical
E00708,2026-01-17 00:00:00,T1398,Low Signal,Low
E00709,2026-01-17 00:00:00,T1167,Call Drop,Low
E00710,2026-01-25 12:00:00,T1046,Connection Failure,Low
E00711,2026-01-20 18:00:00,T1161,Traffic Spike,Medium
E00712,2026-01-01 00:00:00,T1020,High CPU,Medium
E00713,2026-01-29 00:00:00,T1494,Connection Failure,Low
E00714,2026-01-11 12:00:00,T1259,Connection Failure,Low
E00715,2026-01-23 06:00:00,T1388,Low Signal,Low
E00716,2026-01-10 06:00:00,T1254,Traffic Spike,Low
E00717,2026-01-08 00:00:00,T1293,High CPU,Medium
E00718,2026-01-07 00:00:00,T1053,High CPU,Medium
E00719,2026-01-19 18:00:00,T1484,Connection Failure,Low
E00720,2026-01-05 00:00:00,T1112,Packet Loss,Critical
E00721,2026-01-10 06:00:00,T1179,Low Signal,Medium
E00722,2026-01-21 06:00:00,T1129,Call Drop,Medium
E00723,2026-01-03 00:00:00,T1053,Packet Loss,Medium
E00724,2026-01-10 00:00:00,T1307,High CPU,Low
E00725,2026-01-19 12:00:00,T1338,High Latency,High
E00726,2026-01-19 18:00:00,T1160,High CPU,Medium
E00727,2026-01-19 00:00:00,T1420,Low Signal,Medium
E00728,2026-01-25 06:00:00,T1389,Packet Loss,Medium
E00729,2026-01-15 18:00:00,T1363,Connection Failure,Low
E00730,2026-01-02 18:00:00,T1220,Traffic Spike,Low
E00731,2026-01-17 12:00:00,T1372,Traffic Spike,Low
E00732,2026-01-25 12:00:00,T1103,High Latency,Medium
E00733,2026-01-20 18:00:00,T1288,High CPU,Low
E00734,2026-01-10 12:00:00,T1236,Low Signal,Medium
E00735,2026-01-01 00:00:00,T1099,High CPU,Low
E00736,2026-01-06 06:00:00,T1122,Low Signal,Medium
E00737,2026-01-27 18:00:00,T1350,Low Signal,Low
E00738,2026-01-25 18:00:00,T1197,Packet Loss,Medium
E00739,2026-01-01 18:00:00,T1449,High Latency,Low
E00740,2026-01-18 00:00:00,T1158,High CPU,Low
E00741,2026-01-08 00:00:00,T1113,High Latency,High
E00742,2026-01-14 00:00:00,T1260,Call Drop,Low
E00743,2026-01-13 18:00:00,T1229,Connection Failure,Low
E00744,2026-01-23 06:00:00,T1069,Traffic Spike,Low
E00745,2026-01-02 06:00:00,T1116,High CPU,Critical
E00746,2026-01-11 18:00:00,T1227,Call Drop,Low
E00747,2026-01-20 06:00:00,T1257,Packet Loss,Medium
E00748,2026-01-07 18:00:00,T1006,High Latency,Low
E00749,2026-01-17 18:00:00,T1250,High Latency,Medium
E00750,2026-01-06 12:00:00,T1329,Traffic Spike,Medium
E00751,2026-01-30 06:00:00,T1339,Connection Failure,Low
E00752,2026-01-29 18:00:00,T1384,High Latency,Low
E00753,2026-01-10 18:00:00,T1207,Connection Failure,High
E00754,2026-01-12 00:00:00,T1357,Low Signal,Medium
E00755,2026-01-08 18:00:00,T1161,Call Drop,Medium
E00756,2026-01-15 12:00:00,T1181,Traffic Spike,Low
E00757,2026-01-27 06:00:00,T1415,Traffic Spike,Low
E00758,2026-01-14 00:00:00,T1368,Low Signal,Low
E00759,2026-01-12 00:00:00,T1266,Traffic Spike,High
E00760,2026-01-04 12:00:00,T1419,Low Signal,Low
E00761,2026-01-08 06:00:00,T1457,High CPU,High
E00762,2026-01-11 18:00:00,T1038,Connection Failure,Low
E00763,2026-01-16 00:00:00,T1215,Low Signal,Low
E00764,2026-01-14 00:00:00,T1338,High CPU,Medium
E00765,2026-01-24 06:00:00,T1258,High Latency,High
E00766,2026-01-09 18:00:00,T1114,Call Drop,Medium
E00767,2026-01-25 18:00:00,T1090,Call Drop,Medium
E00768,2026-01-02 06:00:00,T1219,Low Signal,Low
E00769,2026-01-29 12:00:00,T1381,Connection Failure,Low
E00770,2026-01-28 06:00:00,T1123,Traffic Spike,Medium
E00771,2026-01-08 12:00:00,T1077,High CPU,Critical
E00772,2026-01-05 12:00:00,T1184,Traffic Spike,Low
E00773,2026-01-11 00:00:00,T1027,Call Drop,High
E00774,2026-01-11 18:00:00,T1447,Traffic Spike,Medium
E00775,2026-01-21 06:00:00,T1487,Connection Failure,Low
E00776,2026-01-01 06:00:00,T1278,Traffic Spike,Low
E00777,2026-01-22 06:00:00,T1137,Connection Failure,Low
E00778,2026-01-22 18:00:00,T1056,Traffic Spike,Low
E00779,2026-01-23 18:00:00,T1475,High CPU,High
E00780,2026-01-24 12:00:00,T1490,Connection Failure,Low
E00781,2026-01-06 06:00:00,T1412,Low Signal,Low
E00782,2026-01-22 12:00:00,T1107,Low Signal,Critical
E00783,2026-01-18 18:00:00,T1240,Traffic Spike,High
E00784,2026-01-14 00:00:00,T1094,High CPU,Critical
E00785,2026-01-30 00:00:00,T1096,Traffic Spike,Medium
E00786,2026-01-24 12:00:00,T1091,High Latency,Medium
E00787,2026-01-06 06:00:00,T1364,Packet Loss,Medium
E00788,2026-01-01 18:00:00,T1356,Packet Loss,Low
E00789,2026-01-19 12:00:00,T1350,Traffic Spike,Medium
E00790,2026-01-17 12:00:00,T1466,Call Drop,Low
E00791,2026-01-03 06:00:00,T1142,Call Drop,Medium
E00792,2026-01-29 06:00:00,T1271,High Latency,Low
E00793,2026-01-02 06:00:00,T1001,Call Drop,Low
E00794,2026-01-07 06:00:00,T1014,High CPU,Low
E00795,2026-01-07 12:00:00,T1243,Low Signal,Low
E00796,2026-01-01 12:00:00,T1313,Connection Failure,Medium
E00797,2026-01-18 18:00:00,T1386,Call Drop,Low
E00798,2026-01-27 18:00:00,T1218,Low Signal,Low
E00799,2026-01-05 12:00:00,T1099,High Latency,Medium
E00800,2026-01-28 18:00:00,T1088,High CPU,Low
E00801,2026-01-21 06:00:00,T1149,Call Drop,Low
E00802,2026-01-22 06:00:00,T1025,Packet Loss,Low
E00803,2026-01-28 12:00:00,T1087,High CPU,Low
E00804,2026-01-20 12:00:00,T1266,Connection Failure,Low
E00805,2026-01-22 06:00:00,T1448,Connection Failure,Low
E00806,2026-01-07 06:00:00,T1203,High Latency,High
E00807,2026-01-13 00:00:00,T1150,High Latency,Low
E00808,2026-01-13 06:00:00,T1381,High CPU,Medium
E00809,2026-01-07 18:00:00,T1120,Call Drop,Medium
E00810,2026-01-27 12:00:00,T1263,Traffic Spike,High
E00811,2026-01-10 00:00:00,T1255,Low Signal,Low
E00812,2026-01-08 12:00:00,T1413,Traffic Spike,Medium
E00813,2026-01-28 00:00:00,T1113,Packet Loss,High
E00814,2026-01-23 00:00:00,T1031,Connection Failure,Low
E00815,2026-01-13 18:00:00,T1393,Packet Loss,Critical
E00816,2026-01-05 12:00:00,T1497,Call Drop,High
E00817,2026-01-03 12:00:00,T1156,Traffic Spike,Low
E00818,2026-01-11 18:00:00,T1325,High CPU,High
E00819,2026-01-13 06:00:00,T1437,Packet Loss,High
E00820,2026-01-03 00:00:00,T1180,Low Signal,Low
E00821,2026-01-17 18:00:00,T1159,High Latency,Low
E00822,2026-01-25 18:00:00,T1374,Low Signal,Low
E00823,2026-01-26 00:00:00,T1337,Packet Loss,High
E00824,2026-01-01 12:00:00,T1456,Connection Failure,Medium
E00825,2026-01-04 18:00:00,T1326,Call Drop,Medium
E00826,2026-01-07 00:00:00,T1171,Traffic Spike,Medium
E00827,2026-01-27 06:00:00,T1456,Call Drop,Low
E00828,2026-01-01 18:00:00,T1493,Connection Failure,Medium
E00829,2026-01-18 12:00:00,T1279,Call Drop,Critical
E00830,2026-01-30 06:00:00,T1447,Traffic Spike,High
E00831,2026-01-03 18:00:00,T1465,Call Drop,Low
E00832,2026-01-30 12:00:00,T1090,Packet Loss,High
E00833,2026-01-17 06:00:00,T1396,Call Drop,Low
E00834,2026-01-28 00:00:00,T1130,Connection Failure,Low
E00835,2026-01-21 00:00:00,T1034,Low Signal,Low
E00836,2026-01-20 12:00:00,T1087,High Latency,Low
E00837,2026-01-22 00:00:00,T1338,Call Drop,Medium
E00838,2026-01-01 18:00:00,T1383,Connection Failure,Low
E00839,2026-01-18 12:00:00,T1129,Packet Loss,High
E00840,2026-01-07 00:00:00,T1336,Connection Failure,Medium
E00841,2026-01-15 12:00:00,T1130,Call Drop,Low
E00842,2026-01-03 06:00:00,T1414,High CPU,High
E00843,2026-01-18 06:00:00,T1443,Call Drop,Medium
E00844,2026-01-06 06:00:00,T1296,High Latency,High
E00845,2026-01-17 00:00:00,T1092,Call Drop,Medium
E00846,2026-01-02 12:00:00,T1092,Packet Loss,Low
E00847,2026-01-28 18:00:00,T1225,High CPU,Low
E00848,2026-01-27 06:00:00,T1497,Connection Failure,Medium
E00849,2026-01-11 00:00:00,T1085,Traffic Spike,Low
E00850,2026-01-16 06:00:00,T1029,Low Signal,Low
E00851,2026-01-30 00:00:00,T1383,Packet Loss,High
E00852,2026-01-08 00:00:00,T1151,Packet Loss,High
E00853,2026-01-25 06:00:00,T1352,Call Drop,Low
E00854,2026-01-06 18:00:00,T1386,Call Drop,Medium
E00855,2026-01-05 06:00:00,T1416,High CPU,Low
E00856,2026-01-10 12:00:00,T1491,High Latency,Medium
E00857,2026-01-22 06:00:00,T1476,Connection Failure,Medium
E00858,2026-01-09 06:00:00,T1181,High CPU,Medium
E00859,2026-01-05 12:00:00,T1136,Low Signal,Medium
E00860,2026-01-08 00:00:00,T1097,High CPU,Low
E00861,2026-01-27 00:00:00,T1130,Call Drop,Medium
E00862,2026-01-08 06:00:00,T1335,High CPU,Medium
E00863,2026-01-11 00:00:00,T1263,Call Drop,Critical
E00864,2026-01-27 12:00:00,T1386,Low Signal,Medium
E00865,2026-01-22 00:00:00,T1253,Call Drop,Medium
E00866,2026-01-11 00:00:00,T1428,High CPU,Low
E00867,2026-01-15 18:00:00,T1108,Packet Loss,Low
E00868,2026-01-02 18:00:00,T1314,Call Drop,Low
E00869,2026-01-19 06:00:00,T1240,High CPU,Low
E00870,2026-01-16 00:00:00,T1036,Connection Failure,High
E00871,2026-01-23 00:00:00,T1437,High Latency,Low
E00872,2026-01-12 18:00:00,T1131,High CPU,Medium
E00873,2026-01-23 12:00:00,T1258,High CPU,Low
E00874,2026-01-30 18:00:00,T1345,Traffic Spike,Low
E00875,2026-01-25 12:00:00,T1150,High CPU,Low
E00876,2026-01-01 18:00:00,T1193,Packet Loss,Low
E00877,2026-01-24 00:00:00,T1193,Traffic Spike,Low
E00878,2026-01-26 18:00:00,T1451,Call Drop,Low
E00879,2026-01-18 00:00:00,T1003,High CPU,Low
E00880,2026-01-17 06:00:00,T1223,High CPU,Medium
E00881,2026-01-27 06:00:00,T1182,Traffic Spike,Medium
E00882,2026-01-19 12:00:00,T1483,High Latency,Low
E00883,2026-01-08 12:00:00,T1297,High Latency,Low
E00884,2026-01-13 12:00:00,T1070,Connection Failure,Critical
E00885,2026-01-05 18:00:00,T1191,Connection Failure,Medium
E00886,2026-01-18 00:00:00,T1484,Packet Loss,Medium
E00887,2026-01-14 06:00:00,T1050,Connection Failure,Low
E00888,2026-01-15 12:00:00,T1035,Packet Loss,Low
E00889,2026-01-18 00:00:00,T1331,Packet Loss,Low
E00890,2026-01-13 12:00:00,T1249,Packet Loss,Medium
E00891,2026-01-17 06:00:00,T1450,Traffic Spike,Medium
E00892,2026-01-07 12:00:00,T1005,Packet Loss,Medium
E00893,2026-01-24 18:00:00,T1069,High Latency,Medium
E00894,2026-01-12 06:00:00,T1275,Packet Loss,Medium
E00895,2026-01-27 18:00:00,T1286,Packet Loss,Low
E00896,2026-01-01 00:00:00,T1442,High Latency,Low
E00897,2026-01-20 18:00:00,T1414,Traffic Spike,Medium
E00898,2026-01-11 12:00:00,T1233,Low Signal,Low
E00899,2026-01-28 18:00:00,T1344,Traffic Spike,Low
E00900,2026-01-25 00:00:00,T1141,High CPU,Critical
E00901,2026-01-18 00:00:00,T1234,High CPU,Low
E00902,2026-01-26 18:00:00,T1421,Traffic Spike,Low
E00903,2026-01-15 06:00:00,T1245,High CPU,Low
E00904,2026-01-30 00:00:00,T1399,Low Signal,Low
E00905,2026-01-09 00:00:00,T1351,Call Drop,Low
E00906,2026-01-29 18:00:00,T1465,High CPU,High
E00907,2026-01-19 00:00:00,T1373,High Latency,Medium
E00908,2026-01-01 12:00:00,T1381,Traffic Spike,Low
E00909,2026-01-16 12:00:00,T1345,Connection Failure,Medium
E00910,2026-01-29 06:00:00,T1142,High Latency,Low
E00911,2026-01-30 06:00:00,T1365,Traffic Spike,Low
E00912,2026-01-17 18:00:00,T1350,Low Signal,Low
E00913,2026-01-22 18:00:00,T1034,High CPU,Medium
E00914,2026-01-11 18:00:00,T1198,Packet Loss,Low
E00915,2026-01-10 00:00:00,T1126,High Latency,Low
E00916,2026-01-28 12:00:00,T1275,Connection Failure,Critical
E00917,2026-01-23 18:00:00,T1469,Connection Failure,High
E00918,2026-01-05 18:00:00,T1056,Call Drop,High
E00919,2026-01-06 00:00:00,T1355,High CPU,Critical
E00920,2026-01-25 00:00:00,T1430,Packet Loss,High
E00921,2026-01-18 12:00:00,T1388,Low Signal,Low
E00922,2026-01-22 00:00:00,T1295,High CPU,High
E00923,2026-01-21 12:00:00,T1013,High Latency,Medium
E00924,2026-01-22 12:00:00,T1178,Call Drop,Low
E00925,2026-01-08 00:00:00,T1365,Low Signal,Medium
E00926,2026-01-15 18:00:00,T1109,Packet Loss,Low
E00927,2026-01-12 18:00:00,T1164,Connection Failure,Low
E00928,2026-01-04 18:00:00,T1420,Traffic Spike,Medium
E00929,2026-01-09 00:00:00,T1130,Call Drop,Medium
E00930,2026-01-01 00:00:00,T1001,Low Signal,Medium
E00931,2026-01-26 18:00:00,T1018,Call Drop,Low
E00932,2026-01-08 00:00:00,T1076,High Latency,Medium
E00933,2026-01-25 00:00:00,T1159,Connection Failure,Medium
E00934,2026-01-16 06:00:00,T1310,High CPU,Low
E00935,2026-01-06 06:00:00,T1379,Low Signal,Medium
E00936,2026-01-29 12:00:00,T1338,Low Signal,Medium
E00937,2026-01-15 06:00:00,T1078,Low Signal,Low
E00938,2026-01-23 18:00:00,T1301,High CPU,High
E00939,2026-01-05 12:00:00,T1306,High Latency,Medium
E00940,2026-01-30 18:00:00,T1328,Low Signal,Low
E00941,2026-01-14 12:00:00,T1210,Call Drop,Low
E00942,2026-01-12 18:00:00,T1481,Traffic Spike,Medium
E00943,2026-01-22 06:00:00,T1481,Low Signal,Low
E00944,2026-01-30 00:00:00,T1034,Traffic Spike,Medium
E00945,2026-01-19 06:00:00,T1096,Call Drop,Medium
E00946,2026-01-02 18:00:00,T1302,Low Signal,High
E00947,2026-01-04 12:00:00,T1235,Packet Loss,Medium
E00948,2026-01-25 00:00:00,T1001,Connection Failure,Low
E00949,2026-01-23 00:00:00,T1114,Call Drop,Low
E00950,2026-01-06 12:00:00,T1473,Connection Failure,Critical
E00951,2026-01-02 12:00:00,T1030,High Latency,Low
E00952,2026-01-14 18:00:00,T1050,Traffic Spike,Low
E00953,2026-01-05 18:00:00,T1180,Traffic Spike,Critical
E00954,2026-01-04 06:00:00,T1224,Connection Failure,Medium
E00955,2026-01-24 18:00:00,T1361,High Latency,Low
E00956,2026-01-24 12:00:00,T1109,High Latency,Low
E00957,2026-01-25 12:00:00,T1407,Packet Loss,Critical
E00958,2026-01-06 00:00:00,T1234,Low Signal,Low
E00959,2026-01-18 00:00:00,T1262,Connection Failure,High
E00960,2026-01-15 18:00:00,T1208,Packet Loss,High
E00961,2026-01-28 18:00:00,T1085,High Latency,Low
E00962,2026-01-10 06:00:00,T1178,High Latency,Low
E00963,2026-01-19 00:00:00,T1118,Call Drop,Medium
E00964,2026-01-09 18:00:00,T1215,Packet Loss,Low
E00965,2026-01-27 12:00:00,T1027,Connection Failure,High
E00966,2026-01-17 06:00:00,T1456,Low Signal,Low
E00967,2026-01-14 00:00:00,T1104,Connection Failure,Medium
E00968,2026-01-11 12:00:00,T1055,High Latency,Medium
E00969,2026-01-13 00:00:00,T1094,Packet Loss,Low
E00970,2026-01-20 18:00:00,T1359,Packet Loss,Low
E00971,2026-01-05 00:00:00,T1069,Traffic Spike,High
E00972,2026-01-13 18:00:00,T1221,Connection Failure,Low
E00973,2026-01-10 00:00:00,T1165,Call Drop,Low
E00974,2026-01-06 12:00:00,T1325,Packet Loss,Medium
E00975,2026-01-04 18:00:00,T1333,High CPU,Low
E00976,2026-01-08 06:00:00,T1171,High CPU,Medium
E00977,2026-01-03 18:00:00,T1467,High CPU,Medium
E00978,2026-01-18 00:00:00,T1187,Packet Loss,Critical
E00979,2026-01-02 12:00:00,T1265,Connection Failure,Low
E00980,2026-01-08 18:00:00,T1059,Traffic Spike,High
E00981,2026-01-18 18:00:00,T1438,Call Drop,Low
E00982,2026-01-12 06:00:00,T1426,Connection Failure,Low
E00983,2026-01-01 18:00:00,T1061,High Latency,Critical
E00984,2026-01-22 12:00:00,T1178,Connection Failure,Low
E00985,2026-01-06 12:00:00,T1493,High Latency,Medium
E00986,2026-01-16 12:00:00,T1272,Call Drop,Low
E00987,2026-01-07 12:00:00,T1395,Low Signal,Medium
E00988,2026-01-28 18:00:00,T1428,Low Signal,Low
E00989,2026-01-11 18:00:00,T1478,High CPU,Low
E00990,2026-01-08 12:00:00,T1204,Connection Failure,Low
E00991,2026-01-21 06:00:00,T1196,Call Drop,Medium
E00992,2026-01-12 00:00:00,T1032,Connection Failure,High
E00993,2026-01-19 18:00:00,T1487,Low Signal,Critical
E00994,2026-01-28 06:00:00,T1038,Connection Failure,High
E00995,2026-01-19 12:00:00,T1128,Packet Loss,Low
E00996,2026-01-15 06:00:00,T1088,Call Drop,Medium
E00997,2026-01-26 12:00:00,T1128,High CPU,Medium
E00998,2026-01-03 18:00:00,T1342,Connection Failure,Medium
E00999,2026-01-07 12:00:00,T1057,Connection Failure,Medium
E01000,2026-01-09 18:00:00,T1203,High Latency,Low
E01001,2026-01-23 18:00:00,T1480,Traffic Spike,Low
E01002,2026-01-26 06:00:00,T1077,Packet Loss,High
E01003,2026-01-09 18:00:00,T1404,High Latency,Medium
E01004,2026-01-04 00:00:00,T1261,High Latency,Low
E01005,2026-01-04 06:00:00,T1353,High CPU,Medium
E01006,2026-01-20 12:00:00,T1037,High Latency,Medium
E01007,2026-01-20 12:00:00,T1284,Packet Loss,Low
E01008,2026-01-10 00:00:00,T1404,Traffic Spike,Low
E01009,2026-01-17 00:00:00,T1205,Connection Failure,Medium
E01010,2026-01-08 00:00:00,T1307,Low Signal,Low
E01011,2026-01-01 12:00:00,T1436,High CPU,Medium
E01012,2026-01-20 00:00:00,T1303,Call Drop,High
E01013,2026-01-17 00:00:00,T1465,High CPU,Low
E01014,2026-01-07 06:00:00,T1008,Call Drop,Medium
E01015,2026-01-11 00:00:00,T1012,High CPU,High
E01016,2026-01-23 00:00:00,T1057,Call Drop,Low
E01017,2026-01-23 06:00:00,T1485,Call Drop,Critical
E01018,2026-01-24 18:00:00,T1265,Traffic Spike,High
E01019,2026-01-02 06:00:00,T1302,High Latency,Medium
E01020,2026-01-04 18:00:00,T1035,Low Signal,Low
E01021,2026-01-14 00:00:00,T1155,Packet Loss,Critical
E01022,2026-01-06 12:00:00,T1038,Connection Failure,Critical
E01023,2026-01-14 12:00:00,T1424,Packet Loss,Medium
E01024,2026-01-23 12:00:00,T1076,High CPU,Medium
E01025,2026-01-13 06:00:00,T1097,High Latency,Low
E01026,2026-01-09 12:00:00,T1414,High CPU,High
E01027,2026-01-11 00:00:00,T1370,Traffic Spike,Low
E01028,2026-01-28 06:00:00,T1002,High Latency,Low
E01029,2026-01-24 12:00:00,T1040,Low Signal,Low
E01030,2026-01-22 12:00:00,T1213,Connection Failure,Medium
E01031,2026-01-04 18:00:00,T1446,Connection Failure,Low
E01032,2026-01-28 00:00:00,T1435,Packet Loss,Low
E01033,2026-01-20 12:00:00,T1294,Traffic Spike,Low
E01034,2026-01-30 18:00:00,T1120,Call Drop,Medium
E01035,2026-01-09 12:00:00,T1203,High Latency,Medium
E01036,2026-01-29 12:00:00,T1073,Packet Loss,Medium
E01037,2026-01-25 06:00:00,T1066,Traffic Spike,Low
E01038,2026-01-05 12:00:00,T1241,Low Signal,Critical
E01039,2026-01-30 18:00:00,T1282,Connection Failure,Low
E01040,2026-01-06 18:00:00,T1469,High Latency,High
E01041,2026-01-28 12:00:00,T1342,Traffic Spike,High
E01042,2026-01-12 18:00:00,T1398,Call Drop,Low
E01043,2026-01-04 00:00:00,T1203,Low Signal,Low
E01044,2026-01-07 06:00:00,T1258,Call Drop,High
E01045,2026-01-17 06:00:00,T1018,Call Drop,Low
E01046,2026-01-30 12:00:00,T1417,Traffic Spike,Low
E01047,2026-01-16 12:00:00,T1327,High CPU,Medium
E01048,2026-01-04 06:00:00,T1261,High Latency,Low
E01049,2026-01-12 18:00:00,T1196,High CPU,Low
E01050,2026-01-22 18:00:00,T1189,Traffic Spike,Low
E01051,2026-01-14 06:00:00,T1234,Packet Loss,Low
E01052,2026-01-08 00:00:00,T1275,Traffic Spike,Low
E01053,2026-01-08 12:00:00,T1174,High Latency,Medium
E01054,2026-01-24 12:00:00,T1313,Call Drop,Medium
E01055,2026-01-27 00:00:00,T1240,Packet Loss,High
E01056,2026-01-30 06:00:00,T1401,High CPU,Low
E01057,2026-01-15 18:00:00,T1440,High Latency,Medium
E01058,2026-01-14 06:00:00,T1013,High CPU,Low
E01059,2026-01-30 00:00:00,T1444,Packet Loss,Medium
E01060,2026-01-25 12:00:00,T1338,Call Drop,Low
E01061,2026-01-12 06:00:00,T1397,Call Drop,Low
E01062,2026-01-27 12:00:00,T1450,Low Signal,Low
E01063,2026-01-01 06:00:00,T1037,Packet Loss,High
E01064,2026-01-23 00:00:00,T1376,Traffic Spike,Medium
E01065,2026-01-22 18:00:00,T1429,Connection Failure,High
E01066,2026-01-02 18:00:00,T1326,Connection Failure,Medium
E01067,2026-01-24 12:00:00,T1491,Connection Failure,Low
E01068,2026-01-05 00:00:00,T1324,Low Signal,High
E01069,2026-01-22 00:00:00,T1040,Call Drop,Low
E01070,2026-01-17 12:00:00,T1117,Packet Loss,Medium
E01071,2026-01-18 06:00:00,T1433,Connection Failure,Low
E01072,2026-01-21 18:00:00,T1043,Connection Failure,Medium
E01073,2026-01-20 12:00:00,T1402,Low Signal,Low
E01074,2026-01-30 12:00:00,T1443,Packet Loss,Low
E01075,2026-01-19 06:00:00,T1108,High CPU,Low
E01076,2026-01-05 12:00:00,T1135,Traffic Spike,Low
E01077,2026-01-25 06:00:00,T1230,Connection Failure,Low
E01078,2026-01-15 12:00:00,T1185,High Latency,Low
E01079,2026-01-22 12:00:00,T1054,Packet Loss,Low
E01080,2026-01-30 12:00:00,T1479,High CPU,Low
E01081,2026-01-08 18:00:00,T1017,Packet Loss,Medium
E01082,2026-01-27 18:00:00,T1298,Low Signal,Medium
E01083,2026-01-18 12:00:00,T1250,Packet Loss,High
E01084,2026-01-25 12:00:00,T1008,Connection Failure,Low
E01085,2026-01-21 06:00:00,T1352,Call Drop,Medium
E01086,2026-01-20 12:00:00,T1405,Connection Failure,Medium
E01087,2026-01-29 18:00:00,T1028,High CPU,Medium
E01088,2026-01-27 06:00:00,T1369,Low Signal,Medium
E01089,2026-01-11 06:00:00,T1269,Packet Loss,Medium
E01090,2026-01-05 12:00:00,T1027,Call Drop,Low
E01091,2026-01-14 18:00:00,T1436,High CPU,Critical
E01092,2026-01-24 18:00:00,T1210,Low Signal,Low
E01093,2026-01-26 00:00:00,T1340,High CPU,Critical
E01094,2026-01-17 18:00:00,T1291,Packet Loss,Medium
E01095,2026-01-30 00:00:00,T1382,Traffic Spike,Low
E01096,2026-01-11 12:00:00,T1293,Traffic Spike,Medium
E01097,2026-01-19 06:00:00,T1402,Low Signal,Critical
E01098,2026-01-23 12:00:00,T1058,Low Signal,Low
E01099,2026-01-21 12:00:00,T1117,Low Signal,Low
E01100,2026-01-09 18:00:00,T1316,Packet Loss,Low
E01101,2026-01-14 06:00:00,T1292,Connection Failure,Medium
E01102,2026-01-30 18:00:00,T1258,Traffic Spike,Low
E01103,2026-01-19 18:00:00,T1392,Low Signal,Low
E01104,2026-01-23 18:00:00,T1043,High CPU,Medium
E01105,2026-01-26 06:00:00,T1078,High Latency,Low
E01106,2026-01-21 00:00:00,T1367,High Latency,Medium
E01107,2026-01-24 12:00:00,T1049,Packet Loss,Medium
E01108,2026-01-22 18:00:00,T1208,High CPU,Low
E01109,2026-01-11 00:00:00,T1093,Call Drop,Low
E01110,2026-01-11 00:00:00,T1300,Call Drop,High
E01111,2026-01-25 00:00:00,T1392,High CPU,Medium
E01112,2026-01-04 00:00:00,T1227,Low Signal,Medium
E01113,2026-01-23 12:00:00,T1000,Low Signal,High
E01114,2026-01-23 18:00:00,T1263,Packet Loss,Low
E01115,2026-01-06 18:00:00,T1337,Traffic Spike,Medium
E01116,2026-01-10 18:00:00,T1328,Connection Failure,Low
E01117,2026-01-05 12:00:00,T1337,Traffic Spike,Medium
E01118,2026-01-02 12:00:00,T1436,High Latency,Low
E01119,2026-01-15 06:00:00,T1300,Low Signal,Low
E01120,2026-01-21 06:00:00,T1092,Traffic Spike,High
E01121,2026-01-25 06:00:00,T1105,Call Drop,Low
E01122,2026-01-15 12:00:00,T1221,Low Signal,Low
E01123,2026-01-16 18:00:00,T1247,Packet Loss,Low
E01124,2026-01-26 06:00:00,T1369,Connection Failure,Medium
E01125,2026-01-11 18:00:00,T1393,Call Drop,Low
E01126,2026-01-03 00:00:00,T1340,Call Drop,Medium
E01127,2026-01-15 00:00:00,T1302,Call Drop,Low
E01128,2026-01-16 00:00:00,T1467,Low Signal,High
E01129,2026-01-06 00:00:00,T1321,Traffic Spike,Low
E01130,2026-01-22 00:00:00,T1481,Connection Failure,High
E01131,2026-01-13 18:00:00,T1201,High CPU,Medium
E01132,2026-01-22 12:00:00,T1426,Connection Failure,Low
E01133,2026-01-29 00:00:00,T1432,Connection Failure,Low
E01134,2026-01-06 12:00:00,T1479,Traffic Spike,Low
E01135,2026-01-14 06:00:00,T1199,Traffic Spike,Critical
E01136,2026-01-07 06:00:00,T1025,Call Drop,Medium
E01137,2026-01-30 12:00:00,T1198,Low Signal,Low
E01138,2026-01-11 18:00:00,T1185,Low Signal,Medium
E01139,2026-01-16 06:00:00,T1194,Call Drop,Medium
E01140,2026-01-18 00:00:00,T1242,Low Signal,Low
E01141,2026-01-06 06:00:00,T1255,Low Signal,Medium
E01142,2026-01-15 18:00:00,T1415,Call Drop,High
E01143,2026-01-24 00:00:00,T1212,Packet Loss,Medium
E01144,2026-01-09 06:00:00,T1045,Low Signal,Low
E01145,2026-01-08 00:00:00,T1477,Traffic Spike,Medium
E01146,2026-01-28 18:00:00,T1090,Call Drop,Low
E01147,2026-01-09 06:00:00,T1152,High CPU,High
E01148,2026-01-19 12:00:00,T1019,High Latency,Medium
E01149,2026-01-11 18:00:00,T1428,Connection Failure,Low
E01150,2026-01-02 18:00:00,T1008,Packet Loss,Low
E01151,2026-01-30 00:00:00,T1364,Traffic Spike,Critical
E01152,2026-01-22 00:00:00,T1183,Connection Failure,Low
E01153,2026-01-17 18:00:00,T1228,Traffic Spike,Medium
E01154,2026-01-26 00:00:00,T1491,Traffic Spike,Low
E01155,2026-01-17 00:00:00,T1465,High Latency,Low
E01156,2026-01-12 06:00:00,T1334,Traffic Spike,High
E01157,2026-01-16 06:00:00,T1373,High CPU,Low
E01158,2026-01-06 18:00:00,T1476,Low Signal,High
E01159,2026-01-26 12:00:00,T1391,High CPU,Medium
E01160,2026-01-15 18:00:00,T1200,Connection Failure,Medium
E01161,2026-01-12 12:00:00,T1171,High CPU,Medium
E01162,2026-01-25 00:00:00,T1365,Connection Failure,Low
E01163,2026-01-23 18:00:00,T1093,High CPU,Medium
E01164,2026-01-04 12:00:00,T1476,Call Drop,Medium
E01165,2026-01-27 18:00:00,T1093,High Latency,Low
E01166,2026-01-19 06:00:00,T1065,Packet Loss,Medium
E01167,2026-01-04 06:00:00,T1422,Packet Loss,Low
E01168,2026-01-07 18:00:00,T1292,Traffic Spike,Low
E01169,2026-01-06 00:00:00,T1010,Packet Loss,Low
E01170,2026-01-28 12:00:00,T1279,High Latency,Low
E01171,2026-01-03 06:00:00,T1246,Low Signal,Medium
E01172,2026-01-17 12:00:00,T1034,Packet Loss,Medium
E01173,2026-01-12 00:00:00,T1330,Low Signal,Medium
E01174,2026-01-14 00:00:00,T1407,Connection Failure,Low
E01175,2026-01-12 12:00:00,T1464,High CPU,Medium
E01176,2026-01-08 12:00:00,T1079,Call Drop,High
E01177,2026-01-18 12:00:00,T1353,High CPU,Low
E01178,2026-01-28 18:00:00,T1013,Packet Loss,Low
E01179,2026-01-05 06:00:00,T1341,High CPU,Medium
E01180,2026-01-06 06:00:00,T1365,Traffic Spike,Low
E01181,2026-01-05 18:00:00,T1486,High CPU,Medium
E01182,2026-01-12 06:00:00,T1053,Call Drop,High
E01183,2026-01-21 18:00:00,T1306,Call Drop,Low
E01184,2026-01-14 12:00:00,T1080,Traffic Spike,Medium
E01185,2026-01-14 12:00:00,T1136,Low Signal,Low
E01186,2026-01-15 06:00:00,T1017,High CPU,Low
E01187,2026-01-01 00:00:00,T1388,High CPU,High
E01188,2026-01-22 00:00:00,T1371,High CPU,Medium
E01189,2026-01-18 18:00:00,T1478,Call Drop,Low
E01190,2026-01-27 12:00:00,T1158,Traffic Spike,Low
E01191,2026-01-11 00:00:00,T1346,Low Signal,Low
E01192,2026-01-01 00:00:00,T1271,High Latency,Medium
E01193,2026-01-18 18:00:00,T1328,Connection Failure,Medium
E01194,2026-01-09 12:00:00,T1411,Connection Failure,Low
E01195,2026-01-07 18:00:00,T1301,High CPU,High
E01196,2026-01-18 18:00:00,T1373,Connection Failure,Low
E01197,2026-01-26 12:00:00,T1196,Connection Failure,Medium
E01198,2026-01-30 06:00:00,T1124,Packet Loss,Low
E01199,2026-01-15 12:00:00,T1227,Low Signal,Medium
E01200,2026-01-08 06:00:00,T1498,Connection Failure,Medium
E01201,2026-01-05 06:00:00,T1440,Traffic Spike,High
E01202,2026-01-14 06:00:00,T1354,High CPU,Low
E01203,2026-01-03 12:00:00,T1473,High Latency,Low
E01204,2026-01-10 06:00:00,T1248,High CPU,High
E01205,2026-01-08 12:00:00,T1255,Call Drop,Low
E01206,2026-01-06 00:00:00,T1493,High CPU,Low
E01207,2026-01-30 00:00:00,T1163,Call Drop,Low
E01208,2026-01-14 00:00:00,T1384,High CPU,Low
E01209,2026-01-21 18:00:00,T1465,Packet Loss,Medium
E01210,2026-01-12 18:00:00,T1138,Connection Failure,Low
E01211,2026-01-14 18:00:00,T1496,High Latency,Medium
E01212,2026-01-24 12:00:00,T1384,High CPU,Low
E01213,2026-01-03 18:00:00,T1285,Traffic Spike,Low
E01214,2026-01-08 18:00:00,T1368,Connection Failure,Low
E01215,2026-01-15 12:00:00,T1314,High CPU,Low
E01216,2026-01-17 12:00:00,T1153,Low Signal,High
E01217,2026-01-04 06:00:00,T1231,High Latency,Medium
E01218,2026-01-18 12:00:00,T1313,Call Drop,Low
E01219,2026-01-24 18:00:00,T1405,High Latency,High
E01220,2026-01-28 12:00:00,T1124,Packet Loss,Low
E01221,2026-01-16 18:00:00,T1128,Connection Failure,Low
E01222,2026-01-21 06:00:00,T1224,High Latency,Low
E01223,2026-01-09 18:00:00,T1259,Connection Failure,Low
E01224,2026-01-27 00:00:00,T1462,Traffic Spike,High
E01225,2026-01-03 18:00:00,T1317,Call Drop,Low
E01226,2026-01-28 06:00:00,T1303,Packet Loss,Medium
E01227,2026-01-20 00:00:00,T1416,Low Signal,Medium
E01228,2026-01-02 12:00:00,T1470,High CPU,Low
E01229,2026-01-12 00:00:00,T1146,Connection Failure,Low
E01230,2026-01-18 12:00:00,T1164,Call Drop,Low
E01231,2026-01-19 00:00:00,T1373,High CPU,Low
E01232,2026-01-30 06:00:00,T1155,Call Drop,Low
E01233,2026-01-22 18:00:00,T1440,High Latency,Critical
E01234,2026-01-20 06:00:00,T1096,Packet Loss,High
E01235,2026-01-02 18:00:00,T1466,Call Drop,Low
E01236,2026-01-29 06:00:00,T1190,Low Signal,Low
E01237,2026-01-16 12:00:00,T1483,Traffic Spike,Medium
E01238,2026-01-01 18:00:00,T1277,Traffic Spike,Low
E01239,2026-01-24 00:00:00,T1095,High CPU,Low
E01240,2026-01-17 18:00:00,T1000,High CPU,Low
E01241,2026-01-11 18:00:00,T1322,High CPU,Medium
E01242,2026-01-05 18:00:00,T1282,Packet Loss,Low
E01243,2026-01-14 06:00:00,T1480,High Latency,Medium
E01244,2026-01-15 06:00:00,T1240,High CPU,Medium
E01245,2026-01-24 06:00:00,T1263,Traffic Spike,Low
E01246,2026-01-14 00:00:00,T1197,High CPU,Low
E01247,2026-01-16 12:00:00,T1291,Call Drop,Critical
E01248,2026-01-29 00:00:00,T1404,Low Signal,Medium
E01249,2026-01-12 00:00:00,T1142,Connection Failure,Medium
E01250,2026-01-13 06:00:00,T1307,High CPU,High
E01251,2026-01-25 00:00:00,T1373,Low Signal,Low
E01252,2026-01-15 06:00:00,T1475,Low Signal,Low
E01253,2026-01-05 18:00:00,T1486,Call Drop,Low
E01254,2026-01-06 12:00:00,T1264,Call Drop,Low
E01255,2026-01-11 12:00:00,T1008,Low Signal,Low
E01256,2026-01-14 18:00:00,T1179,High Latency,Low
E01257,2026-01-11 06:00:00,T1226,High CPU,Medium
E01258,2026-01-24 18:00:00,T1394,Packet Loss,Low
E01259,2026-01-11 00:00:00,T1326,Low Signal,High
E01260,2026-01-28 18:00:00,T1402,Low Signal,Low
E01261,2026-01-22 12:00:00,T1259,High Latency,Low
E01262,2026-01-11 06:00:00,T1364,Low Signal,Medium
E01263,2026-01-12 06:00:00,T1001,Low Signal,Low
E01264,2026-01-21 18:00:00,T1316,Packet Loss,Low
E01265,2026-01-28 12:00:00,T1111,High Latency,Medium
E01266,2026-01-23 00:00:00,T1379,Call Drop,Low
E01267,2026-01-28 00:00:00,T1097,Connection Failure,Medium
E01268,2026-01-06 00:00:00,T1229,Traffic Spike,Low
E01269,2026-01-11 18:00:00,T1054,High CPU,Low
E01270,2026-01-26 00:00:00,T1230,Traffic Spike,High
E01271,2026-01-28 12:00:00,T1247,Packet Loss,Low
E01272,2026-01-27 06:00:00,T1449,High Latency,Low
E01273,2026-01-24 06:00:00,T1491,Call Drop,Low
E01274,2026-01-04 18:00:00,T1242,Packet Loss,Low
E01275,2026-01-14 06:00:00,T1453,High CPU,Low
E01276,2026-01-17 12:00:00,T1490,High CPU,Low
E01277,2026-01-18 12:00:00,T1208,Low Signal,High
E01278,2026-01-28 18:00:00,T1104,Traffic Spike,High
E01279,2026-01-30 00:00:00,T1264,Connection Failure,Low
E01280,2026-01-18 18:00:00,T1101,Connection Failure,Low
E01281,2026-01-02 18:00:00,T1211,Connection Failure,Low
E01282,2026-01-12 12:00:00,T1478,Connection Failure,Medium
E01283,2026-01-30 12:00:00,T1376,Call Drop,Low
E01284,2026-01-11 18:00:00,T1001,Connection Failure,High
E01285,2026-01-12 00:00:00,T1066,Call Drop,Low
E01286,2026-01-23 00:00:00,T1168,High Latency,Medium
E01287,2026-01-11 12:00:00,T1466,High CPU,Low
E01288,2026-01-11 18:00:00,T1108,High CPU,Low
E01289,2026-01-26 18:00:00,T1184,Low Signal,Low
E01290,2026-01-01 06:00:00,T1269,Call Drop,High
E01291,2026-01-26 12:00:00,T1008,High Latency,Low
E01292,2026-01-15 12:00:00,T1404,High CPU,Low
E01293,2026-01-13 00:00:00,T1207,High CPU,Medium
E01294,2026-01-25 00:00:00,T1219,High Latency,Low
E01295,2026-01-21 18:00:00,T1187,Connection Failure,Low
E01296,2026-01-10 00:00:00,T1331,Low Signal,Low
E01297,2026-01-21 12:00:00,T1339,High Latency,Low
E01298,2026-01-27 12:00:00,T1446,Call Drop,Medium
E01299,2026-01-21 06:00:00,T1017,Packet Loss,Medium
E01300,2026-01-13 00:00:00,T1011,Low Signal,Low
E01301,2026-01-26 12:00:00,T1310,High CPU,Low
E01302,2026-01-21 12:00:00,T1223,Low Signal,Medium
E01303,2026-01-21 00:00:00,T1458,Low Signal,Low
E01304,2026-01-13 06:00:00,T1335,High CPU,Low
E01305,2026-01-16 06:00:00,T1149,Traffic Spike,Low
E01306,2026-01-11 00:00:00,T1185,Connection Failure,Low
E01307,2026-01-08 06:00:00,T1373,Call Drop,Low
E01308,2026-01-25 12:00:00,T1390,Traffic Spike,Medium
E01309,2026-01-09 12:00:00,T1094,Low Signal,Medium
E01310,2026-01-20 18:00:00,T1401,Connection Failure,Medium
E01311,2026-01-20 00:00:00,T1343,Traffic Spike,Low
E01312,2026-01-09 12:00:00,T1017,Packet Loss,Medium
E01313,2026-01-23 00:00:00,T1485,Call Drop,Medium
E01314,2026-01-29 18:00:00,T1446,Connection Failure,Medium
E01315,2026-01-11 00:00:00,T1431,Call Drop,Low
E01316,2026-01-13 00:00:00,T1294,Low Signal,Low
E01317,2026-01-19 18:00:00,T1289,Packet Loss,Low
E01318,2026-01-01 00:00:00,T1422,Connection Failure,Critical
E01319,2026-01-18 00:00:00,T1491,Packet Loss,High
E01320,2026-01-28 12:00:00,T1117,Connection Failure,Medium
E01321,2026-01-06 00:00:00,T1347,Call Drop,Low
E01322,2026-01-09 12:00:00,T1195,Call Drop,High
E01323,2026-01-05 12:00:00,T1197,Connection Failure,Low
E01324,2026-01-28 12:00:00,T1079,Packet Loss,Low
E01325,2026-01-15 18:00:00,T1065,High CPU,Medium
E01326,2026-01-06 06:00:00,T1202,Traffic Spike,Medium
E01327,2026-01-19 12:00:00,T1453,Connection Failure,Medium
E01328,2026-01-19 12:00:00,T1327,Connection Failure,Low
E01329,2026-01-18 00:00:00,T1019,Low Signal,Medium
E01330,2026-01-20 18:00:00,T1258,High Latency,Low
E01331,2026-01-21 06:00:00,T1118,High Latency,Medium
E01332,2026-01-16 00:00:00,T1396,Connection Failure,Low
E01333,2026-01-06 18:00:00,T1142,Traffic Spike,Low
E01334,2026-01-30 12:00:00,T1427,Connection Failure,Low
E01335,2026-01-11 00:00:00,T1213,Traffic Spike,Low
E01336,2026-01-04 12:00:00,T1392,Packet Loss,Low
E01337,2026-01-12 06:00:00,T1145,High CPU,High
E01338,2026-01-24 12:00:00,T1212,Low Signal,Critical
E01339,2026-01-03 00:00:00,T1131,Traffic Spike,Low
E01340,2026-01-27 18:00:00,T1373,High CPU,Low
E01341,2026-01-17 18:00:00,T1304,Traffic Spike,Low
E01342,2026-01-20 06:00:00,T1010,Traffic Spike,Medium
E01343,2026-01-15 06:00:00,T1098,High CPU,Low
E01344,2026-01-24 06:00:00,T1166,Call Drop,High
E01345,2026-01-16 18:00:00,T1418,High Latency,Medium
E01346,2026-01-10 00:00:00,T1248,Call Drop,Low
E01347,2026-01-25 12:00:00,T1432,High Latency,Medium
E01348,2026-01-23 00:00:00,T1222,Packet Loss,Low
E01349,2026-01-05 12:00:00,T1144,Call Drop,Low
E01350,2026-01-18 06:00:00,T1044,Packet Loss,High
E01351,2026-01-24 06:00:00,T1220,Traffic Spike,Low
E01352,2026-01-09 00:00:00,T1273,Traffic Spike,Medium
E01353,2026-01-03 00:00:00,T1176,High CPU,Medium
E01354,2026-01-30 06:00:00,T1139,Traffic Spike,Critical
E01355,2026-01-25 06:00:00,T1185,Traffic Spike,Low
E01356,2026-01-12 18:00:00,T1003,High CPU,Medium
E01357,2026-01-17 12:00:00,T1031,Low Signal,High
E01358,2026-01-06 00:00:00,T1472,Connection Failure,Low
E01359,2026-01-05 18:00:00,T1036,Packet Loss,Low
E01360,2026-01-23 06:00:00,T1016,Low Signal,Medium
E01361,2026-01-17 00:00:00,T1250,Low Signal,Medium
E01362,2026-01-14 18:00:00,T1077,Packet Loss,Low
E01363,2026-01-05 18:00:00,T1124,Packet Loss,Low
E01364,2026-01-24 18:00:00,T1468,Connection Failure,Low
E01365,2026-01-20 12:00:00,T1451,High CPU,Medium
E01366,2026-01-04 12:00:00,T1440,Traffic Spike,Low
E01367,2026-01-15 18:00:00,T1496,Traffic Spike,Low
E01368,2026-01-05 12:00:00,T1351,Call Drop,Medium
E01369,2026-01-26 00:00:00,T1099,Packet Loss,Low
E01370,2026-01-21 18:00:00,T1177,Packet Loss,Critical
E01371,2026-01-24 18:00:00,T1424,Connection Failure,Medium
E01372,2026-01-27 00:00:00,T1363,Low Signal,Low
E01373,2026-01-21 18:00:00,T1207,Connection Failure,Medium
E01374,2026-01-25 06:00:00,T1107,High Latency,Low
E01375,2026-01-04 06:00:00,T1203,Traffic Spike,Low
E01376,2026-01-20 00:00:00,T1230,Call Drop,Low
E01377,2026-01-30 06:00:00,T1021,High CPU,Medium
E01378,2026-01-07 06:00:00,T1113,High Latency,Medium
E01379,2026-01-22 00:00:00,T1407,High CPU,Low
E01380,2026-01-13 12:00:00,T1203,High CPU,High
E01381,2026-01-08 18:00:00,T1080,Packet Loss,Medium
E01382,2026-01-04 06:00:00,T1444,High CPU,Medium
E01383,2026-01-24 12:00:00,T1354,Packet Loss,Low
E01384,2026-01-09 06:00:00,T1181,High CPU,Low
E01385,2026-01-04 12:00:00,T1465,Connection Failure,Low
E01386,2026-01-03 12:00:00,T1414,High CPU,High
E01387,2026-01-22 18:00:00,T1011,Traffic Spike,Low
E01388,2026-01-14 06:00:00,T1256,Packet Loss,Medium
E01389,2026-01-02 12:00:00,T1180,Connection Failure,Low
E01390,2026-01-14 06:00:00,T1072,Traffic Spike,Low
E01391,2026-01-16 06:00:00,T1441,Packet Loss,High
E01392,2026-01-11 00:00:00,T1491,Low Signal,Medium
E01393,2026-01-05 18:00:00,T1356,Low Signal,Low
E01394,2026-01-25 06:00:00,T1405,Call Drop,Low
E01395,2026-01-05 00:00:00,T1212,High Latency,Medium
E01396,2026-01-03 12:00:00,T1016,Traffic Spike,Low
E01397,2026-01-29 18:00:00,T1314,Low Signal,Low
E01398,2026-01-23 00:00:00,T1069,High Latency,Medium
E01399,2026-01-16 12:00:00,T1313,Packet Loss,High
E01400,2026-01-17 18:00:00,T1216,Connection Failure,High
E01401,2026-01-18 06:00:00,T1025,Connection Failure,Medium
E01402,2026-01-13 06:00:00,T1390,High Latency,Low
E01403,2026-01-08 18:00:00,T1226,Packet Loss,Low
E01404,2026-01-15 00:00:00,T1351,Call Drop,Medium
E01405,2026-01-01 06:00:00,T1296,High CPU,Low
E01406,2026-01-05 00:00:00,T1457,High Latency,Low
E01407,2026-01-24 18:00:00,T1404,Packet Loss,Low
E01408,2026-01-16 00:00:00,T1020,Low Signal,Low
E01409,2026-01-30 12:00:00,T1333,Connection Failure,Low
E01410,2026-01-11 18:00:00,T1422,High CPU,Medium
E01411,2026-01-27 06:00:00,T1273,High Latency,Low
E01412,2026-01-08 00:00:00,T1236,Call Drop,High
E01413,2026-01-20 06:00:00,T1078,Packet Loss,Low
E01414,2026-01-22 06:00:00,T1232,Traffic Spike,Low
E01415,2026-01-04 12:00:00,T1019,High CPU,Medium
E01416,2026-01-08 12:00:00,T1346,Connection Failure,Medium
E01417,2026-01-10 06:00:00,T1188,Low Signal,Low
E01418,2026-01-13 12:00:00,T1274,Call Drop,Medium
E01419,2026-01-18 00:00:00,T1232,High Latency,Low
E01420,2026-01-27 06:00:00,T1322,Low Signal,Critical
E01421,2026-01-14 06:00:00,T1385,Connection Failure,Low
E01422,2026-01-27 06:00:00,T1306,Connection Failure,High
E01423,2026-01-21 12:00:00,T1184,Low Signal,Low
E01424,2026-01-30 12:00:00,T1425,High CPU,Low
E01425,2026-01-12 00:00:00,T1252,High Latency,High
E01426,2026-01-24 18:00:00,T1255,High Latency,Medium
E01427,2026-01-24 06:00:00,T1027,High Latency,Low
E01428,2026-01-04 00:00:00,T1074,Traffic Spike,Low
E01429,2026-01-19 00:00:00,T1185,Call Drop,Low
E01430,2026-01-04 12:00:00,T1121,Low Signal,Low
E01431,2026-01-09 00:00:00,T1215,High Latency,Low
E01432,2026-01-13 00:00:00,T1159,High Latency,High
E01433,2026-01-07 06:00:00,T1346,Call Drop,Low
E01434,2026-01-30 18:00:00,T1434,Packet Loss,Critical
E01435,2026-01-13 00:00:00,T1414,Low Signal,Medium
E01436,2026-01-13 12:00:00,T1039,Packet Loss,Medium
E01437,2026-01-27 06:00:00,T1204,Packet Loss,Low
E01438,2026-01-10 00:00:00,T1048,High CPU,Critical
E01439,2026-01-04 00:00:00,T1097,High Latency,Low
E01440,2026-01-15 00:00:00,T1353,High CPU,Medium
E01441,2026-01-11 18:00:00,T1151,Low Signal,Low
E01442,2026-01-25 00:00:00,T1171,High CPU,Medium
E01443,2026-01-12 00:00:00,T1293,High CPU,Low
E01444,2026-01-23 00:00:00,T1458,High Latency,High
E01445,2026-01-27 12:00:00,T1387,Connection Failure,Medium
E01446,2026-01-26 06:00:00,T1408,Low Signal,Low
E01447,2026-01-14 06:00:00,T1410,Call Drop,Medium
E01448,2026-01-16 18:00:00,T1044,Packet Loss,Low
E01449,2026-01-04 06:00:00,T1135,Low Signal,High
E01450,2026-01-23 06:00:00,T1076,Traffic Spike,High
E01451,2026-01-26 18:00:00,T1269,Connection Failure,Critical
E01452,2026-01-13 18:00:00,T1027,Call Drop,Medium
E01453,2026-01-06 12:00:00,T1011,High CPU,Low
E01454,2026-01-12 18:00:00,T1098,Connection Failure,Low
E01455,2026-01-22 12:00:00,T1041,High CPU,Low
E01456,2026-01-03 18:00:00,T1241,Call Drop,Low
E01457,2026-01-23 18:00:00,T1065,Traffic Spike,Medium
E01458,2026-01-20 18:00:00,T1476,Low Signal,Medium
E01459,2026-01-12 06:00:00,T1393,Connection Failure,Critical
E01460,2026-01-17 18:00:00,T1161,High CPU,Medium
E01461,2026-01-28 00:00:00,T1465,Connection Failure,High
E01462,2026-01-28 06:00:00,T1283,High Latency,Low
E01463,2026-01-11 00:00:00,T1054,High Latency,Low
E01464,2026-01-24 12:00:00,T1083,High Latency,Low
E01465,2026-01-26 12:00:00,T1359,Call Drop,High
E01466,2026-01-14 18:00:00,T1494,Packet Loss,Low
E01467,2026-01-30 06:00:00,T1344,Connection Failure,Low
E01468,2026-01-16 12:00:00,T1379,High Latency,Medium
E01469,2026-01-01 18:00:00,T1472,Connection Failure,Medium
E01470,2026-01-29 12:00:00,T1158,Low Signal,Low
E01471,2026-01-16 00:00:00,T1180,Packet Loss,Low
E01472,2026-01-04 00:00:00,T1457,Connection Failure,Low
E01473,2026-01-03 18:00:00,T1464,High Latency,Low
E01474,2026-01-21 00:00:00,T1105,High Latency,Low
E01475,2026-01-15 06:00:00,T1064,High CPU,Low
E01476,2026-01-22 00:00:00,T1046,Connection Failure,Low
E01477,2026-01-08 12:00:00,T1480,Connection Failure,Medium
E01478,2026-01-27 18:00:00,T1183,Call Drop,Low
E01479,2026-01-19 00:00:00,T1032,Low Signal,Medium
E01480,2026-01-30 12:00:00,T1332,Call Drop,High
E01481,2026-01-13 00:00:00,T1399,Low Signal,High
E01482,2026-01-18 06:00:00,T1224,Traffic Spike,Low
E01483,2026-01-14 12:00:00,T1062,Packet Loss,Low
E01484,2026-01-06 12:00:00,T1352,Low Signal,Medium
E01485,2026-01-03 00:00:00,T1431,Call Drop,High
E01486,2026-01-11 12:00:00,T1242,Low Signal,Low
E01487,2026-01-05 12:00:00,T1223,Traffic Spike,Medium
E01488,2026-01-08 00:00:00,T1064,Low Signal,Low
E01489,2026-01-10 06:00:00,T1451,Low Signal,Low
E01490,2026-01-14 12:00:00,T1040,Connection Failure,Low
E01491,2026-01-26 12:00:00,T1265,High Latency,Medium
E01492,2026-01-20 06:00:00,T1173,Packet Loss,Low
E01493,2026-01-14 18:00:00,T1352,Call Drop,Low
E01494,2026-01-25 18:00:00,T1432,Call Drop,Low
E01495,2026-01-07 06:00:00,T1166,High Latency,High
E01496,2026-01-28 12:00:00,T1385,High CPU,Medium
E01497,2026-01-14 00:00:00,T1004,Traffic Spike,Low
E01498,2026-01-10 00:00:00,T1420,High Latency,Medium
E01499,2026-01-16 00:00:00,T1109,Packet Loss,Medium
E01500,2026-01-21 18:00:00,T1148,Low Signal,High
E01501,2026-01-21 00:00:00,T1123,Traffic Spike,Medium
E01502,2026-01-16 00:00:00,T1484,Low Signal,Low
E01503,2026-01-19 12:00:00,T1219,Connection Failure,Medium
E01504,2026-01-04 06:00:00,T1027,High Latency,Low
E01505,2026-01-22 12:00:00,T1356,Low Signal,High
E01506,2026-01-21 12:00:00,T1142,Connection Failure,Low
E01507,2026-01-08 06:00:00,T1255,Call Drop,Medium
E01508,2026-01-21 18:00:00,T1190,Packet Loss,Low
E01509,2026-01-16 00:00:00,T1308,High Latency,Medium
E01510,2026-01-25 12:00:00,T1257,Packet Loss,High
E01511,2026-01-27 06:00:00,T1185,High Latency,Medium
E01512,2026-01-23 18:00:00,T1430,Traffic Spike,High
E01513,2026-01-09 00:00:00,T1024,Traffic Spike,Medium
E01514,2026-01-01 00:00:00,T1242,Low Signal,Low
E01515,2026-01-20 18:00:00,T1167,High CPU,Medium
E01516,2026-01-09 00:00:00,T1229,Low Signal,Medium
E01517,2026-01-19 00:00:00,T1086,Call Drop,Medium
E01518,2026-01-12 00:00:00,T1336,High CPU,Low
E01519,2026-01-19 06:00:00,T1471,High CPU,Low
E01520,2026-01-15 06:00:00,T1136,Connection Failure,Low
E01521,2026-01-13 06:00:00,T1025,Low Signal,High
E01522,2026-01-21 06:00:00,T1310,Call Drop,Low
E01523,2026-01-21 00:00:00,T1481,High Latency,Medium
E01524,2026-01-09 00:00:00,T1441,Traffic Spike,Medium
E01525,2026-01-30 18:00:00,T1370,Packet Loss,Medium
E01526,2026-01-21 00:00:00,T1262,High CPU,Critical
E01527,2026-01-24 00:00:00,T1376,Connection Failure,Medium
E01528,2026-01-03 00:00:00,T1103,Packet Loss,Critical
E01529,2026-01-04 18:00:00,T1420,High CPU,Low
E01530,2026-01-29 06:00:00,T1071,Traffic Spike,High
E01531,2026-01-07 06:00:00,T1082,High Latency,Low
E01532,2026-01-16 18:00:00,T1199,Packet Loss,Low
E01533,2026-01-23 06:00:00,T1422,High CPU,High
E01534,2026-01-25 18:00:00,T1482,High Latency,Low
E01535,2026-01-15 00:00:00,T1352,Call Drop,Low
E01536,2026-01-26 06:00:00,T1142,Connection Failure,Medium
E01537,2026-01-07 06:00:00,T1253,Packet Loss,Low
E01538,2026-01-08 18:00:00,T1251,Traffic Spike,Low
E01539,2026-01-26 00:00:00,T1464,Low Signal,High
E01540,2026-01-05 00:00:00,T1369,High CPU,Low
E01541,2026-01-15 06:00:00,T1017,Connection Failure,Low
E01542,2026-01-21 18:00:00,T1189,High Latency,Medium
E01543,2026-01-10 06:00:00,T1315,Call Drop,Low
E01544,2026-01-22 12:00:00,T1440,High CPU,Low
E01545,2026-01-28 12:00:00,T1491,Packet Loss,Critical
E01546,2026-01-21 00:00:00,T1462,Traffic Spike,Medium
E01547,2026-01-12 18:00:00,T1186,Connection Failure,Medium
E01548,2026-01-23 06:00:00,T1495,Connection Failure,Low
E01549,2026-01-06 18:00:00,T1401,Packet Loss,Low
E01550,2026-01-15 06:00:00,T1178,Packet Loss,Medium
E01551,2026-01-04 18:00:00,T1320,Low Signal,Medium
E01552,2026-01-05 06:00:00,T1036,High Latency,Low
E01553,2026-01-04 00:00:00,T1053,Packet Loss,Medium
E01554,2026-01-04 00:00:00,T1025,Connection Failure,Low
E01555,2026-01-25 00:00:00,T1190,Packet Loss,High
E01556,2026-01-19 12:00:00,T1207,High CPU,High
E01557,2026-01-10 00:00:00,T1416,Packet Loss,Low
E01558,2026-01-24 06:00:00,T1421,Packet Loss,Low
E01559,2026-01-30 00:00:00,T1087,High CPU,Low
E01560,2026-01-17 12:00:00,T1127,Low Signal,High
E01561,2026-01-02 12:00:00,T1242,Packet Loss,Medium
E01562,2026-01-04 06:00:00,T1426,Connection Failure,Low
E01563,2026-01-12 18:00:00,T1269,High CPU,Low
E01564,2026-01-06 00:00:00,T1316,Packet Loss,High
E01565,2026-01-14 06:00:00,T1057,Packet Loss,Low
E01566,2026-01-17 00:00:00,T1027,High CPU,Critical
E01567,2026-01-07 18:00:00,T1305,High Latency,Low
E01568,2026-01-08 00:00:00,T1319,Connection Failure,High
E01569,2026-01-09 06:00:00,T1154,High CPU,Low
E01570,2026-01-21 12:00:00,T1227,Low Signal,Low
E01571,2026-01-26 06:00:00,T1379,High CPU,Low
E01572,2026-01-26 06:00:00,T1114,Connection Failure,Low
E01573,2026-01-19 12:00:00,T1128,Connection Failure,Low
E01574,2026-01-12 12:00:00,T1431,Call Drop,Low
E01575,2026-01-16 00:00:00,T1438,High Latency,Low
E01576,2026-01-30 12:00:00,T1119,Call Drop,Medium
E01577,2026-01-17 06:00:00,T1259,Traffic Spike,Low
E01578,2026-01-18 00:00:00,T1135,Low Signal,Low
E01579,2026-01-01 06:00:00,T1261,High CPU,Medium
E01580,2026-01-17 12:00:00,T1118,High Latency,High
E01581,2026-01-24 12:00:00,T1069,Connection Failure,Low
E01582,2026-01-18 06:00:00,T1499,Call Drop,Medium
E01583,2026-01-12 06:00:00,T1376,Connection Failure,Low
E01584,2026-01-14 12:00:00,T1190,High Latency,Low
E01585,2026-01-26 06:00:00,T1435,Packet Loss,Medium
E01586,2026-01-25 00:00:00,T1228,Connection Failure,Low
E01587,2026-01-29 18:00:00,T1348,High Latency,Medium
E01588,2026-01-23 18:00:00,T1339,Packet Loss,Medium
E01589,2026-01-03 00:00:00,T1119,High CPU,Medium
E01590,2026-01-23 18:00:00,T1035,Low Signal,Low
E01591,2026-01-19 12:00:00,T1053,Call Drop,Medium
E01592,2026-01-20 06:00:00,T1013,Connection Failure,Low
E01593,2026-01-27 06:00:00,T1058,Call Drop,Medium
E01594,2026-01-16 18:00:00,T1117,High CPU,Low
E01595,2026-01-01 06:00:00,T1238,Connection Failure,Medium
E01596,2026-01-07 00:00:00,T1333,Connection Failure,Low
E01597,2026-01-19 06:00:00,T1275,High Latency,High
E01598,2026-01-30 12:00:00,T1146,High CPU,Low
E01599,2026-01-05 00:00:00,T1244,Connection Failure,Low
E01600,2026-01-15 12:00:00,T1138,Packet Loss,Low
E01601,2026-01-09 18:00:00,T1286,Packet Loss,Low
E01602,2026-01-26 12:00:00,T1450,High Latency,Medium
E01603,2026-01-11 06:00:00,T1483,High CPU,Medium
E01604,2026-01-11 06:00:00,T1012,Connection Failure,High
E01605,2026-01-15 00:00:00,T1481,Packet Loss,Low
E01606,2026-01-06 00:00:00,T1230,High CPU,Low
E01607,2026-01-27 00:00:00,T1280,Traffic Spike,Low
E01608,2026-01-23 12:00:00,T1356,High Latency,High
E01609,2026-01-04 18:00:00,T1275,High CPU,High
E01610,2026-01-30 12:00:00,T1480,Call Drop,Low
E01611,2026-01-23 18:00:00,T1167,Low Signal,Medium
E01612,2026-01-25 00:00:00,T1275,Traffic Spike,Medium
E01613,2026-01-10 06:00:00,T1134,High Latency,Critical
E01614,2026-01-02 12:00:00,T1133,High Latency,Critical
E01615,2026-01-12 12:00:00,T1471,Connection Failure,Low
E01616,2026-01-01 06:00:00,T1143,High Latency,Low
E01617,2026-01-21 18:00:00,T1201,Traffic Spike,Low
E01618,2026-01-20 06:00:00,T1376,High Latency,High
E01619,2026-01-03 06:00:00,T1012,Call Drop,High
E01620,2026-01-10 00:00:00,T1040,Call Drop,Medium
E01621,2026-01-02 18:00:00,T1275,Low Signal,Low
E01622,2026-01-03 12:00:00,T1292,Traffic Spike,Medium
E01623,2026-01-14 12:00:00,T1488,Call Drop,Medium
E01624,2026-01-02 00:00:00,T1002,High Latency,High
E01625,2026-01-01 12:00:00,T1019,Low Signal,Low
E01626,2026-01-12 12:00:00,T1434,High CPU,Low
E01627,2026-01-26 06:00:00,T1270,Call Drop,Medium
E01628,2026-01-26 18:00:00,T1274,Call Drop,Low
E01629,2026-01-01 12:00:00,T1208,High CPU,Medium
E01630,2026-01-28 12:00:00,T1072,Connection Failure,Low
E01631,2026-01-15 18:00:00,T1161,High Latency,Low
E01632,2026-01-17 00:00:00,T1098,Low Signal,Low
E01633,2026-01-24 00:00:00,T1169,High Latency,Critical
E01634,2026-01-06 00:00:00,T1057,Traffic Spike,High
E01635,2026-01-06 12:00:00,T1180,High Latency,Medium
E01636,2026-01-12 12:00:00,T1060,High CPU,Low
E01637,2026-01-04 12:00:00,T1123,High Latency,Low
E01638,2026-01-30 00:00:00,T1429,Traffic Spike,Low
E01639,2026-01-21 18:00:00,T1036,Low Signal,Low
E01640,2026-01-26 18:00:00,T1486,Traffic Spike,Medium
E01641,2026-01-22 18:00:00,T1369,Packet Loss,High
E01642,2026-01-27 00:00:00,T1426,Low Signal,Low
E01643,2026-01-29 06:00:00,T1492,Traffic Spike,High
E01644,2026-01-08 00:00:00,T1358,High CPU,Low
E01645,2026-01-02 06:00:00,T1241,Call Drop,Low
E01646,2026-01-04 18:00:00,T1192,High CPU,Low
E01647,2026-01-09 18:00:00,T1149,High CPU,Low
E01648,2026-01-25 06:00:00,T1187,Call Drop,Medium
E01649,2026-01-22 06:00:00,T1043,Packet Loss,Medium
E01650,2026-01-03 00:00:00,T1395,Traffic Spike,Medium
E01651,2026-01-28 18:00:00,T1123,Low Signal,Low
E01652,2026-01-24 12:00:00,T1482,Traffic Spike,Low
E01653,2026-01-20 06:00:00,T1364,Traffic Spike,Medium
E01654,2026-01-23 12:00:00,T1383,High CPU,Low
E01655,2026-01-09 12:00:00,T1439,High CPU,High
E01656,2026-01-10 00:00:00,T1294,High Latency,Medium
E01657,2026-01-13 12:00:00,T1158,Traffic Spike,Medium
E01658,2026-01-09 18:00:00,T1278,Packet Loss,High
E01659,2026-01-19 06:00:00,T1407,Low Signal,Medium
E01660,2026-01-24 18:00:00,T1286,High CPU,Low
E01661,2026-01-16 06:00:00,T1490,Connection Failure,Low
E01662,2026-01-22 18:00:00,T1326,Connection Failure,High
E01663,2026-01-19 18:00:00,T1437,Packet Loss,Low
E01664,2026-01-11 06:00:00,T1023,Call Drop,High
E01665,2026-01-04 00:00:00,T1179,Traffic Spike,Medium
E01666,2026-01-14 06:00:00,T1062,Traffic Spike,Medium
E01667,2026-01-10 18:00:00,T1228,Connection Failure,High
E01668,2026-01-14 18:00:00,T1221,Traffic Spike,Low
E01669,2026-01-03 00:00:00,T1312,High CPU,Low
E01670,2026-01-06 18:00:00,T1186,Traffic Spike,Low
E01671,2026-01-19 06:00:00,T1175,High Latency,Low
E01672,2026-01-19 18:00:00,T1442,Traffic Spike,High
E01673,2026-01-17 12:00:00,T1007,Connection Failure,Medium
E01674,2026-01-11 00:00:00,T1229,High Latency,Medium
E01675,2026-01-21 18:00:00,T1433,Low Signal,Medium
E01676,2026-01-29 18:00:00,T1407,Connection Failure,Low
E01677,2026-01-28 12:00:00,T1155,Traffic Spike,Low
E01678,2026-01-16 00:00:00,T1494,Call Drop,Low
E01679,2026-01-15 18:00:00,T1412,High Latency,Low
E01680,2026-01-24 00:00:00,T1186,Low Signal,Low
E01681,2026-01-10 12:00:00,T1188,High CPU,Low
E01682,2026-01-27 12:00:00,T1327,Connection Failure,High
E01683,2026-01-12 18:00:00,T1067,Low Signal,Low
E01684,2026-01-30 12:00:00,T1132,Low Signal,Medium
E01685,2026-01-11 12:00:00,T1182,Low Signal,Medium
E01686,2026-01-13 18:00:00,T1242,Packet Loss,Low
E01687,2026-01-23 12:00:00,T1173,Packet Loss,Low
E01688,2026-01-11 00:00:00,T1463,High CPU,High
E01689,2026-01-07 00:00:00,T1487,Low Signal,Low
E01690,2026-01-30 18:00:00,T1240,Packet Loss,Medium
E01691,2026-01-23 06:00:00,T1361,Connection Failure,Low
E01692,2026-01-22 18:00:00,T1167,High Latency,High
E01693,2026-01-19 12:00:00,T1284,Traffic Spike,High
E01694,2026-01-24 18:00:00,T1080,Traffic Spike,Low
E01695,2026-01-14 18:00:00,T1120,Traffic Spike,Medium
E01696,2026-01-26 06:00:00,T1015,Traffic Spike,Low
E01697,2026-01-29 12:00:00,T1348,Call Drop,Medium
E01698,2026-01-29 12:00:00,T1328,Packet Loss,Medium
E01699,2026-01-02 18:00:00,T1023,High CPU,High
E01700,2026-01-04 18:00:00,T1410,Call Drop,Low
E01701,2026-01-28 18:00:00,T1253,Low Signal,Medium
E01702,2026-01-09 18:00:00,T1071,High Latency,Low
E01703,2026-01-19 00:00:00,T1147,High CPU,Low
E01704,2026-01-22 18:00:00,T1098,High CPU,Low
E01705,2026-01-27 18:00:00,T1437,Traffic Spike,Low
E01706,2026-01-06 12:00:00,T1310,High Latency,Low
E01707,2026-01-03 12:00:00,T1310,Connection Failure,Medium
E01708,2026-01-02 18:00:00,T1271,High CPU,Medium
E01709,2026-01-02 18:00:00,T1106,Low Signal,Low
E01710,2026-01-03 06:00:00,T1268,Packet Loss,Medium
E01711,2026-01-10 00:00:00,T1383,Packet Loss,Low
E01712,2026-01-16 12:00:00,T1394,Packet Loss,Low
E01713,2026-01-19 06:00:00,T1221,Traffic Spike,Medium
E01714,2026-01-10 00:00:00,T1319,High CPU,Low
E01715,2026-01-13 12:00:00,T1356,High CPU,Medium
E01716,2026-01-21 06:00:00,T1060,High CPU,High
E01717,2026-01-29 12:00:00,T1215,High Latency,Low
E01718,2026-01-18 06:00:00,T1054,High CPU,Low
E01719,2026-01-29 00:00:00,T1306,Call Drop,Low
E01720,2026-01-19 12:00:00,T1182,High Latency,Critical
E01721,2026-01-05 00:00:00,T1334,Traffic Spike,Low
E01722,2026-01-19 00:00:00,T1118,Call Drop,Medium
E01723,2026-01-14 18:00:00,T1197,Low Signal,Medium
E01724,2026-01-07 12:00:00,T1078,Traffic Spike,Low
E01725,2026-01-07 18:00:00,T1345,Call Drop,High
E01726,2026-01-24 12:00:00,T1346,Packet Loss,Medium
E01727,2026-01-13 06:00:00,T1153,Connection Failure,Medium
E01728,2026-01-10 12:00:00,T1123,High Latency,Medium
E01729,2026-01-27 06:00:00,T1004,Traffic Spike,Low
E01730,2026-01-05 00:00:00,T1404,Connection Failure,Medium
E01731,2026-01-03 18:00:00,T1416,Packet Loss,Low
E01732,2026-01-27 12:00:00,T1485,Call Drop,Low
E01733,2026-01-15 06:00:00,T1217,Call Drop,High
E01734,2026-01-21 12:00:00,T1335,Low Signal,Medium
E01735,2026-01-08 18:00:00,T1261,Packet Loss,Low
E01736,2026-01-23 18:00:00,T1285,Traffic Spike,Medium
E01737,2026-01-29 06:00:00,T1301,Low Signal,Medium
E01738,2026-01-17 12:00:00,T1340,Traffic Spike,Medium
E01739,2026-01-06 18:00:00,T1410,Connection Failure,Low
E01740,2026-01-16 12:00:00,T1249,Connection Failure,Medium
E01741,2026-01-30 00:00:00,T1196,High Latency,Low
E01742,2026-01-13 06:00:00,T1226,High CPU,Low
E01743,2026-01-26 18:00:00,T1317,Call Drop,Low
E01744,2026-01-10 00:00:00,T1383,Low Signal,Low
E01745,2026-01-03 00:00:00,T1112,Packet Loss,Low
E01746,2026-01-09 00:00:00,T1010,Low Signal,High
E01747,2026-01-26 00:00:00,T1235,High CPU,Low
E01748,2026-01-25 12:00:00,T1304,Packet Loss,Medium
E01749,2026-01-15 00:00:00,T1127,Packet Loss,Low
E01750,2026-01-17 00:00:00,T1224,Call Drop,Medium
E01751,2026-01-26 12:00:00,T1113,Call Drop,Low
E01752,2026-01-07 12:00:00,T1298,Packet Loss,High
E01753,2026-01-03 00:00:00,T1338,High Latency,Medium
E01754,2026-01-10 12:00:00,T1261,Connection Failure,Low
E01755,2026-01-29 00:00:00,T1115,Traffic Spike,Low
E01756,2026-01-23 00:00:00,T1029,Low Signal,Medium
E01757,2026-01-22 18:00:00,T1033,Call Drop,Medium
E01758,2026-01-29 18:00:00,T1047,Call Drop,Low
E01759,2026-01-26 18:00:00,T1014,Packet Loss,Low
E01760,2026-01-04 18:00:00,T1483,Packet Loss,Low
E01761,2026-01-27 18:00:00,T1120,Traffic Spike,Medium
E01762,2026-01-03 00:00:00,T1022,High Latency,Medium
E01763,2026-01-10 06:00:00,T1483,Connection Failure,Low
E01764,2026-01-26 06:00:00,T1423,Traffic Spike,Low
E01765,2026-01-22 12:00:00,T1371,High Latency,Critical
E01766,2026-01-03 06:00:00,T1212,High CPU,Low
E01767,2026-01-28 18:00:00,T1138,Connection Failure,Low
E01768,2026-01-21 12:00:00,T1468,Traffic Spike,Low
E01769,2026-01-09 06:00:00,T1486,Call Drop,Medium
E01770,2026-01-27 12:00:00,T1021,Traffic Spike,Low
E01771,2026-01-27 00:00:00,T1032,Traffic Spike,Low
E01772,2026-01-11 00:00:00,T1155,High Latency,High
E01773,2026-01-08 00:00:00,T1382,Low Signal,Low
E01774,2026-01-11 18:00:00,T1483,High Latency,High
E01775,2026-01-16 18:00:00,T1077,High CPU,Medium
E01776,2026-01-29 12:00:00,T1409,Traffic Spike,High
E01777,2026-01-16 18:00:00,T1387,High CPU,Low
E01778,2026-01-28 12:00:00,T1025,Call Drop,High
E01779,2026-01-29 12:00:00,T1431,Connection Failure,Low
E01780,2026-01-12 00:00:00,T1241,Traffic Spike,Low
E01781,2026-01-10 18:00:00,T1091,Traffic Spike,Low
E01782,2026-01-13 12:00:00,T1029,Low Signal,Medium
E01783,2026-01-14 00:00:00,T1256,Traffic Spike,Medium
E01784,2026-01-11 12:00:00,T1251,High Latency,Medium
E01785,2026-01-16 18:00:00,T1081,High Latency,Medium
E01786,2026-01-18 00:00:00,T1153,Connection Failure,Low
E01787,2026-01-18 00:00:00,T1493,High Latency,Medium
E01788,2026-01-26 12:00:00,T1343,Call Drop,High
E01789,2026-01-18 06:00:00,T1021,Connection Failure,Low
E01790,2026-01-13 12:00:00,T1280,High Latency,Low
E01791,2026-01-10 00:00:00,T1375,Call Drop,High
E01792,2026-01-24 06:00:00,T1142,High CPU,Critical
E01793,2026-01-25 06:00:00,T1133,Low Signal,Low
E01794,2026-01-21 00:00:00,T1404,High CPU,Medium
E01795,2026-01-12 00:00:00,T1358,High Latency,Low
E01796,2026-01-08 18:00:00,T1063,Low Signal,Medium
E01797,2026-01-25 06:00:00,T1212,Connection Failure,Medium
E01798,2026-01-20 18:00:00,T1449,High Latency,Low
E01799,2026-01-03 18:00:00,T1130,Low Signal,Medium
E01800,2026-01-04 12:00:00,T1258,Packet Loss,High
E01801,2026-01-01 18:00:00,T1474,Connection Failure,Medium
E01802,2026-01-15 00:00:00,T1040,High Latency,Low
E01803,2026-01-29 12:00:00,T1039,Packet Loss,Low
E01804,2026-01-16 06:00:00,T1295,Low Signal,High
E01805,2026-01-24 18:00:00,T1305,Connection Failure,Low
E01806,2026-01-22 00:00:00,T1053,Call Drop,Low
E01807,2026-01-15 00:00:00,T1443,Call Drop,Low
E01808,2026-01-16 18:00:00,T1407,High Latency,Low
E01809,2026-01-28 18:00:00,T1425,Call Drop,Medium
E01810,2026-01-23 00:00:00,T1056,High Latency,High
E01811,2026-01-16 12:00:00,T1467,Packet Loss,Medium
E01812,2026-01-12 12:00:00,T1498,Connection Failure,Low
E01813,2026-01-21 18:00:00,T1271,Connection Failure,Low
E01814,2026-01-14 18:00:00,T1023,Connection Failure,Low
E01815,2026-01-20 06:00:00,T1047,Traffic Spike,High
E01816,2026-01-25 06:00:00,T1283,Call Drop,Medium
E01817,2026-01-09 06:00:00,T1060,High Latency,Critical
E01818,2026-01-26 06:00:00,T1303,High Latency,Low
E01819,2026-01-06 12:00:00,T1231,High CPU,Low
E01820,2026-01-07 18:00:00,T1113,Traffic Spike,Low
E01821,2026-01-09 00:00:00,T1498,High CPU,Medium
E01822,2026-01-06 00:00:00,T1052,Call Drop,Medium
E01823,2026-01-09 12:00:00,T1413,Low Signal,Low
E01824,2026-01-25 18:00:00,T1449,High CPU,Medium
E01825,2026-01-28 00:00:00,T1273,High Latency,Low
E01826,2026-01-06 12:00:00,T1396,Traffic Spike,Low
E01827,2026-01-02 06:00:00,T1066,Connection Failure,Low
E01828,2026-01-28 00:00:00,T1007,Packet Loss,Low
E01829,2026-01-22 00:00:00,T1421,Traffic Spike,Low
E01830,2026-01-28 06:00:00,T1206,Low Signal,Low
E01831,2026-01-13 06:00:00,T1334,Connection Failure,Low
E01832,2026-01-12 12:00:00,T1461,High CPU,Low
E01833,2026-01-20 00:00:00,T1452,Call Drop,Low
E01834,2026-01-29 18:00:00,T1224,Traffic Spike,Low
E01835,2026-01-14 06:00:00,T1361,High CPU,Low
E01836,2026-01-12 18:00:00,T1412,Traffic Spike,Medium
E01837,2026-01-28 00:00:00,T1197,Packet Loss,Medium
E01838,2026-01-28 18:00:00,T1124,High CPU,Low
E01839,2026-01-05 00:00:00,T1474,High CPU,Low
E01840,2026-01-28 12:00:00,T1167,Call Drop,Low
E01841,2026-01-30 00:00:00,T1281,Connection Failure,Medium
E01842,2026-01-20 18:00:00,T1009,High CPU,High
E01843,2026-01-27 06:00:00,T1237,Traffic Spike,Critical
E01844,2026-01-28 18:00:00,T1332,High Latency,High
E01845,2026-01-30 06:00:00,T1274,Low Signal,High
E01846,2026-01-04 00:00:00,T1456,High Latency,Medium
E01847,2026-01-13 12:00:00,T1223,High CPU,Low
E01848,2026-01-08 06:00:00,T1147,High Latency,Medium
E01849,2026-01-14 00:00:00,T1141,Packet Loss,Medium
E01850,2026-01-27 18:00:00,T1160,High Latency,Medium
E01851,2026-01-23 18:00:00,T1311,High Latency,Low
E01852,2026-01-28 06:00:00,T1289,Connection Failure,Low
E01853,2026-01-01 12:00:00,T1407,Call Drop,Low
E01854,2026-01-02 12:00:00,T1312,Low Signal,Medium
E01855,2026-01-02 12:00:00,T1124,Connection Failure,Low
E01856,2026-01-21 00:00:00,T1250,Packet Loss,High
E01857,2026-01-09 12:00:00,T1217,High Latency,Critical
E01858,2026-01-22 00:00:00,T1002,Call Drop,High
E01859,2026-01-02 00:00:00,T1407,High CPU,Medium
E01860,2026-01-11 18:00:00,T1486,Call Drop,Low
E01861,2026-01-29 00:00:00,T1107,High CPU,Low
E01862,2026-01-10 00:00:00,T1248,Connection Failure,Low
E01863,2026-01-17 12:00:00,T1084,Traffic Spike,Low
E01864,2026-01-12 12:00:00,T1083,Packet Loss,Low
E01865,2026-01-23 06:00:00,T1189,High CPU,Low
E01866,2026-01-27 12:00:00,T1163,High Latency,Low
E01867,2026-01-06 12:00:00,T1168,Connection Failure,Low
E01868,2026-01-15 18:00:00,T1410,Low Signal,Medium
E01869,2026-01-12 00:00:00,T1396,Low Signal,Low
E01870,2026-01-28 00:00:00,T1106,High CPU,Medium
E01871,2026-01-17 00:00:00,T1044,Call Drop,Medium
E01872,2026-01-10 00:00:00,T1420,Packet Loss,Low
E01873,2026-01-30 00:00:00,T1365,Connection Failure,Low
E01874,2026-01-02 12:00:00,T1473,Low Signal,Critical
E01875,2026-01-11 18:00:00,T1034,High CPU,Medium
E01876,2026-01-07 06:00:00,T1428,Traffic Spike,Medium
E01877,2026-01-14 06:00:00,T1242,Traffic Spike,Medium
E01878,2026-01-19 12:00:00,T1287,Connection Failure,Low
E01879,2026-01-27 06:00:00,T1238,High Latency,Medium
E01880,2026-01-22 12:00:00,T1077,Packet Loss,High
E01881,2026-01-02 18:00:00,T1308,High Latency,Low
E01882,2026-01-14 00:00:00,T1101,Connection Failure,Low
E01883,2026-01-27 00:00:00,T1154,Packet Loss,Low
E01884,2026-01-28 12:00:00,T1312,High CPU,Low
E01885,2026-01-11 00:00:00,T1330,High CPU,Low
E01886,2026-01-13 12:00:00,T1220,Traffic Spike,Low
E01887,2026-01-07 18:00:00,T1152,Call Drop,Medium
E01888,2026-01-03 12:00:00,T1099,Low Signal,Critical
E01889,2026-01-20 12:00:00,T1354,Call Drop,Critical
E01890,2026-01-25 00:00:00,T1282,Call Drop,Low
E01891,2026-01-19 12:00:00,T1278,High Latency,High
E01892,2026-01-23 06:00:00,T1195,Traffic Spike,Medium
E01893,2026-01-18 18:00:00,T1055,High CPU,Medium
E01894,2026-01-29 18:00:00,T1245,Traffic Spike,Low
E01895,2026-01-22 00:00:00,T1499,Packet Loss,Low
E01896,2026-01-05 06:00:00,T1143,Packet Loss,High
E01897,2026-01-17 06:00:00,T1354,High Latency,Medium
E01898,2026-01-01 06:00:00,T1197,Call Drop,Low
E01899,2026-01-23 06:00:00,T1371,Connection Failure,Low
E01900,2026-01-01 12:00:00,T1002,Packet Loss,Medium
E01901,2026-01-30 18:00:00,T1279,Connection Failure,Low
E01902,2026-01-15 00:00:00,T1155,Traffic Spike,Low
E01903,2026-01-13 00:00:00,T1078,Low Signal,Low
E01904,2026-01-16 18:00:00,T1161,Connection Failure,Low
E01905,2026-01-01 12:00:00,T1257,Packet Loss,Critical
E01906,2026-01-07 00:00:00,T1248,Traffic Spike,Medium
E01907,2026-01-05 06:00:00,T1269,Packet Loss,High
E01908,2026-01-19 18:00:00,T1022,High Latency,Low
E01909,2026-01-19 06:00:00,T1408,Call Drop,Low
E01910,2026-01-21 18:00:00,T1025,Call Drop,Low
E01911,2026-01-30 18:00:00,T1354,Packet Loss,Low
E01912,2026-01-17 18:00:00,T1288,Traffic Spike,Low
E01913,2026-01-17 06:00:00,T1235,High CPU,Medium
E01914,2026-01-29 18:00:00,T1034,High CPU,High
E01915,2026-01-01 00:00:00,T1198,Connection Failure,Medium
E01916,2026-01-13 00:00:00,T1460,Packet Loss,Low
E01917,2026-01-10 06:00:00,T1024,Call Drop,Low
E01918,2026-01-09 18:00:00,T1344,Call Drop,Medium
E01919,2026-01-14 00:00:00,T1011,Low Signal,Low
E01920,2026-01-06 12:00:00,T1068,High Latency,Medium
E01921,2026-01-26 18:00:00,T1312,High CPU,Low
E01922,2026-01-04 00:00:00,T1111,High CPU,Low
E01923,2026-01-09 00:00:00,T1108,High CPU,Medium
E01924,2026-01-12 12:00:00,T1435,Call Drop,High
E01925,2026-01-18 00:00:00,T1233,Traffic Spike,Medium
E01926,2026-01-29 06:00:00,T1139,Packet Loss,Low
E01927,2026-01-26 12:00:00,T1460,High CPU,Low
E01928,2026-01-15 06:00:00,T1354,Connection Failure,Low
E01929,2026-01-07 00:00:00,T1051,Low Signal,Critical
E01930,2026-01-01 18:00:00,T1352,Low Signal,Low
E01931,2026-01-14 12:00:00,T1372,High Latency,Low
E01932,2026-01-20 18:00:00,T1327,Low Signal,Medium
E01933,2026-01-21 00:00:00,T1113,High CPU,Low
E01934,2026-01-01 06:00:00,T1284,Connection Failure,Medium
E01935,2026-01-21 12:00:00,T1472,Low Signal,High
E01936,2026-01-15 00:00:00,T1123,Packet Loss,Low
E01937,2026-01-28 18:00:00,T1448,High Latency,Low
E01938,2026-01-03 12:00:00,T1458,Traffic Spike,Critical
E01939,2026-01-18 00:00:00,T1249,Packet Loss,Medium
E01940,2026-01-07 00:00:00,T1225,Call Drop,High
E01941,2026-01-04 18:00:00,T1498,Low Signal,Low
E01942,2026-01-09 18:00:00,T1070,High CPU,Medium
E01943,2026-01-24 12:00:00,T1494,Packet Loss,Low
E01944,2026-01-16 06:00:00,T1056,Connection Failure,Low
E01945,2026-01-02 12:00:00,T1413,Low Signal,High
E01946,2026-01-14 18:00:00,T1244,Packet Loss,Low
E01947,2026-01-27 00:00:00,T1158,Connection Failure,Medium
E01948,2026-01-30 18:00:00,T1366,Call Drop,High
E01949,2026-01-04 12:00:00,T1391,Connection Failure,Low
E01950,2026-01-13 06:00:00,T1208,High Latency,Medium
E01951,2026-01-16 12:00:00,T1357,Traffic Spike,Low
E01952,2026-01-05 12:00:00,T1323,Call Drop,Medium
E01953,2026-01-05 12:00:00,T1153,Call Drop,Medium
E01954,2026-01-13 18:00:00,T1216,Packet Loss,Medium
E01955,2026-01-20 00:00:00,T1293,Connection Failure,Low
E01956,2026-01-14 18:00:00,T1367,High CPU,Low
E01957,2026-01-22 00:00:00,T1221,High Latency,Low
E01958,2026-01-09 00:00:00,T1396,Packet Loss,Medium
E01959,2026-01-23 06:00:00,T1224,High CPU,Low
E01960,2026-01-17 06:00:00,T1275,Packet Loss,Medium
E01961,2026-01-07 18:00:00,T1411,Packet Loss,Low
E01962,2026-01-29 12:00:00,T1331,Connection Failure,Medium
E01963,2026-01-14 06:00:00,T1378,High CPU,Low
E01964,2026-01-03 00:00:00,T1220,Packet Loss,Low
E01965,2026-01-16 12:00:00,T1190,Low Signal,Medium
E01966,2026-01-30 12:00:00,T1286,Packet Loss,Low
E01967,2026-01-03 12:00:00,T1474,Traffic Spike,Medium
E01968,2026-01-14 06:00:00,T1082,Connection Failure,Low
E01969,2026-01-01 18:00:00,T1187,High Latency,Low
E01970,2026-01-05 18:00:00,T1039,Connection Failure,High
E01971,2026-01-13 00:00:00,T1437,High CPU,Medium
E01972,2026-01-10 00:00:00,T1038,High CPU,High
E01973,2026-01-01 00:00:00,T1042,High CPU,Low
E01974,2026-01-12 12:00:00,T1200,Call Drop,Low
E01975,2026-01-30 06:00:00,T1159,High Latency,Low
E01976,2026-01-29 12:00:00,T1242,Traffic Spike,Low
E01977,2026-01-24 18:00:00,T1335,Low Signal,Low
E01978,2026-01-21 06:00:00,T1388,Traffic Spike,High
E01979,2026-01-21 12:00:00,T1466,Packet Loss,High
E01980,2026-01-11 18:00:00,T1066,Low Signal,High
E01981,2026-01-02 18:00:00,T1101,Traffic Spike,Critical
E01982,2026-01-04 18:00:00,T1080,Connection Failure,Low
E01983,2026-01-29 18:00:00,T1396,High CPU,High
E01984,2026-01-24 18:00:00,T1023,High Latency,Medium
E01985,2026-01-22 18:00:00,T1347,Traffic Spike,High
E01986,2026-01-04 18:00:00,T1442,High Latency,Low
E01987,2026-01-09 00:00:00,T1467,Low Signal,Low
E01988,2026-01-01 18:00:00,T1017,Call Drop,Low
E01989,2026-01-14 12:00:00,T1234,Packet Loss,Low
E01990,2026-01-21 12:00:00,T1294,Traffic Spike,Medium
E01991,2026-01-05 18:00:00,T1173,Low Signal,Medium
E01992,2026-01-02 12:00:00,T1182,Packet Loss,Low
E01993,2026-01-16 12:00:00,T1455,High Latency,Low
E01994,2026-01-01 06:00:00,T1210,High CPU,Low
E01995,2026-01-29 12:00:00,T1293,Packet Loss,Medium
E01996,2026-01-18 18:00:00,T1462,Call Drop,Low
E01997,2026-01-29 18:00:00,T1327,Call Drop,Medium
E01998,2026-01-06 00:00:00,T1378,Call Drop,Medium
E01999,2026-01-12 12:00:00,T1344,Packet Loss,Critical
E02000,2026-01-17 06:00:00,T1493,Traffic Spike,Low
E02001,2026-01-28 00:00:00,T1412,Connection Failure,High
E02002,2026-01-24 06:00:00,T1140,High Latency,High
E02003,2026-01-21 06:00:00,T1126,High CPU,Critical
E02004,2026-01-23 12:00:00,T1234,Call Drop,Medium
E02005,2026-01-08 06:00:00,T1147,Traffic Spike,Medium
E02006,2026-01-19 12:00:00,T1074,Call Drop,Medium
E02007,2026-01-14 18:00:00,T1268,Low Signal,Medium
E02008,2026-01-29 00:00:00,T1144,Call Drop,Critical
E02009,2026-01-16 18:00:00,T1459,Packet Loss,Low
E02010,2026-01-25 18:00:00,T1325,Low Signal,Low
E02011,2026-01-16 06:00:00,T1317,Traffic Spike,High
E02012,2026-01-26 06:00:00,T1378,Low Signal,Medium
E02013,2026-01-19 00:00:00,T1052,Connection Failure,Low
E02014,2026-01-26 00:00:00,T1459,High Latency,Low
E02015,2026-01-15 12:00:00,T1293,Call Drop,Critical
E02016,2026-01-17 06:00:00,T1314,High CPU,Medium
E02017,2026-01-13 12:00:00,T1033,Packet Loss,Low
E02018,2026-01-05 18:00:00,T1257,Call Drop,Medium
E02019,2026-01-20 18:00:00,T1491,Traffic Spike,Low
E02020,2026-01-28 06:00:00,T1470,Call Drop,Medium
E02021,2026-01-01 12:00:00,T1036,Low Signal,Low
E02022,2026-01-19 00:00:00,T1288,Call Drop,Medium
E02023,2026-01-17 12:00:00,T1424,Packet Loss,Low
E02024,2026-01-29 18:00:00,T1179,Call Drop,Critical
E02025,2026-01-05 06:00:00,T1333,Call Drop,Low
E02026,2026-01-09 00:00:00,T1135,Low Signal,High
E02027,2026-01-01 00:00:00,T1354,Connection Failure,High
E02028,2026-01-03 06:00:00,T1110,High CPU,Low
E02029,2026-01-10 06:00:00,T1332,Call Drop,High
E02030,2026-01-24 12:00:00,T1276,Traffic Spike,Low
E02031,2026-01-24 18:00:00,T1010,Packet Loss,Critical
E02032,2026-01-27 00:00:00,T1372,Packet Loss,Medium
E02033,2026-01-21 00:00:00,T1037,Traffic Spike,Low
E02034,2026-01-10 06:00:00,T1201,High Latency,Critical
E02035,2026-01-03 12:00:00,T1261,Call Drop,Low
E02036,2026-01-18 06:00:00,T1253,Traffic Spike,Low
E02037,2026-01-15 00:00:00,T1497,Connection Failure,Low
E02038,2026-01-01 18:00:00,T1438,High Latency,Medium
E02039,2026-01-21 00:00:00,T1484,Low Signal,Low
E02040,2026-01-13 06:00:00,T1066,Packet Loss,Low
E02041,2026-01-30 12:00:00,T1091,Low Signal,Medium
E02042,2026-01-29 06:00:00,T1390,Packet Loss,Low
E02043,2026-01-05 00:00:00,T1231,Traffic Spike,Low
E02044,2026-01-02 12:00:00,T1268,Low Signal,Low
E02045,2026-01-17 06:00:00,T1246,Connection Failure,Medium
E02046,2026-01-16 18:00:00,T1264,Low Signal,Low
E02047,2026-01-21 06:00:00,T1358,High CPU,Medium
E02048,2026-01-27 06:00:00,T1222,Connection Failure,Medium
E02049,2026-01-26 12:00:00,T1055,Call Drop,Low
E02050,2026-01-28 06:00:00,T1055,High CPU,High
E02051,2026-01-23 06:00:00,T1231,High CPU,Low
E02052,2026-01-05 00:00:00,T1413,High Latency,Low
E02053,2026-01-12 00:00:00,T1469,Call Drop,Medium
E02054,2026-01-11 06:00:00,T1295,Connection Failure,High
E02055,2026-01-28 18:00:00,T1228,High Latency,Low
E02056,2026-01-24 06:00:00,T1169,Packet Loss,Critical
E02057,2026-01-21 18:00:00,T1036,High CPU,High
E02058,2026-01-03 06:00:00,T1116,Low Signal,Low
E02059,2026-01-11 18:00:00,T1253,High Latency,Medium
E02060,2026-01-24 00:00:00,T1216,Traffic Spike,Low
E02061,2026-01-21 00:00:00,T1184,Packet Loss,Low
E02062,2026-01-26 00:00:00,T1010,Traffic Spike,Low
E02063,2026-01-17 18:00:00,T1255,Call Drop,Medium
E02064,2026-01-19 12:00:00,T1394,Traffic Spike,High
E02065,2026-01-30 18:00:00,T1343,High Latency,Medium
E02066,2026-01-04 06:00:00,T1179,Call Drop,Low
E02067,2026-01-21 00:00:00,T1459,Traffic Spike,Medium
E02068,2026-01-07 00:00:00,T1215,High CPU,Medium
E02069,2026-01-29 06:00:00,T1169,Connection Failure,High
E02070,2026-01-20 06:00:00,T1196,Packet Loss,Medium
E02071,2026-01-21 06:00:00,T1239,Low Signal,High
E02072,2026-01-16 12:00:00,T1489,Low Signal,High
E02073,2026-01-25 06:00:00,T1197,Packet Loss,Low
E02074,2026-01-22 18:00:00,T1263,Call Drop,Low
E02075,2026-01-24 12:00:00,T1039,Packet Loss,Medium
E02076,2026-01-26 06:00:00,T1388,High CPU,Low
E02077,2026-01-22 00:00:00,T1439,Connection Failure,Low
E02078,2026-01-07 00:00:00,T1308,Call Drop,High
E02079,2026-01-09 12:00:00,T1153,Traffic Spike,Medium
E02080,2026-01-19 18:00:00,T1058,Low Signal,Low
E02081,2026-01-22 18:00:00,T1496,Packet Loss,Medium
E02082,2026-01-07 12:00:00,T1342,High Latency,Critical
E02083,2026-01-30 06:00:00,T1485,Traffic Spike,Low
E02084,2026-01-22 00:00:00,T1481,Traffic Spike,Low
E02085,2026-01-30 06:00:00,T1437,Low Signal,Medium
E02086,2026-01-11 00:00:00,T1270,Low Signal,Low
E02087,2026-01-22 00:00:00,T1164,High CPU,Low
E02088,2026-01-21 00:00:00,T1045,Traffic Spike,Low
E02089,2026-01-03 18:00:00,T1098,Connection Failure,Low
E02090,2026-01-16 12:00:00,T1009,High CPU,Low
E02091,2026-01-27 12:00:00,T1142,Connection Failure,Low
E02092,2026-01-03 18:00:00,T1466,Traffic Spike,Low
E02093,2026-01-22 18:00:00,T1235,Traffic Spike,Low
E02094,2026-01-24 12:00:00,T1047,High Latency,Medium
E02095,2026-01-09 00:00:00,T1120,Traffic Spike,Low
E02096,2026-01-13 12:00:00,T1094,Call Drop,Low
E02097,2026-01-10 18:00:00,T1355,Call Drop,Low
E02098,2026-01-28 18:00:00,T1328,Call Drop,Medium
E02099,2026-01-07 06:00:00,T1451,High CPU,Medium
E02100,2026-01-10 00:00:00,T1245,Traffic Spike,Low
E02101,2026-01-14 12:00:00,T1001,High CPU,Low
E02102,2026-01-26 06:00:00,T1385,Packet Loss,Low
E02103,2026-01-26 12:00:00,T1313,Traffic Spike,Low
E02104,2026-01-06 00:00:00,T1359,Call Drop,Medium
E02105,2026-01-01 18:00:00,T1325,Traffic Spike,Low
E02106,2026-01-27 12:00:00,T1192,Packet Loss,High
E02107,2026-01-15 06:00:00,T1459,Traffic Spike,High
E02108,2026-01-11 06:00:00,T1006,Traffic Spike,High
E02109,2026-01-06 00:00:00,T1151,Connection Failure,Medium
E02110,2026-01-21 18:00:00,T1035,Packet Loss,Medium
E02111,2026-01-30 18:00:00,T1031,High Latency,Low
E02112,2026-01-16 00:00:00,T1028,Traffic Spike,High
E02113,2026-01-13 00:00:00,T1221,Connection Failure,Medium
E02114,2026-01-14 18:00:00,T1112,High Latency,Low
E02115,2026-01-09 00:00:00,T1030,High Latency,Low
E02116,2026-01-19 18:00:00,T1430,Connection Failure,Medium
E02117,2026-01-07 00:00:00,T1345,High CPU,Medium
E02118,2026-01-14 18:00:00,T1145,High Latency,Medium
E02119,2026-01-13 00:00:00,T1318,High CPU,Low
E02120,2026-01-14 00:00:00,T1315,Traffic Spike,Low
E02121,2026-01-28 06:00:00,T1309,High Latency,Medium
E02122,2026-01-16 12:00:00,T1384,Low Signal,Low
E02123,2026-01-19 06:00:00,T1434,Call Drop,Medium
E02124,2026-01-12 18:00:00,T1233,High CPU,Medium
E02125,2026-01-22 18:00:00,T1275,Packet Loss,Low
E02126,2026-01-30 06:00:00,T1129,Low Signal,Low
E02127,2026-01-25 00:00:00,T1446,High CPU,Medium
E02128,2026-01-29 12:00:00,T1033,Call Drop,Low
E02129,2026-01-19 12:00:00,T1170,High Latency,Low
E02130,2026-01-28 06:00:00,T1099,Connection Failure,Low
E02131,2026-01-24 00:00:00,T1077,High Latency,High
E02132,2026-01-15 00:00:00,T1195,Call Drop,Low
E02133,2026-01-30 06:00:00,T1081,Call Drop,Medium
E02134,2026-01-10 00:00:00,T1207,Low Signal,Low
E02135,2026-01-14 12:00:00,T1040,High Latency,Medium
E02136,2026-01-21 06:00:00,T1343,Low Signal,High
E02137,2026-01-22 00:00:00,T1110,Call Drop,High
E02138,2026-01-21 06:00:00,T1209,Connection Failure,Critical
E02139,2026-01-26 06:00:00,T1043,High Latency,High
E02140,2026-01-20 00:00:00,T1424,Call Drop,Low
E02141,2026-01-03 06:00:00,T1372,Connection Failure,High
E02142,2026-01-01 00:00:00,T1411,Call Drop,High
E02143,2026-01-02 12:00:00,T1304,Connection Failure,Medium
E02144,2026-01-20 12:00:00,T1144,High Latency,Medium
E02145,2026-01-26 00:00:00,T1349,Call Drop,Low
E02146,2026-01-08 12:00:00,T1389,Packet Loss,Low
E02147,2026-01-29 00:00:00,T1289,Traffic Spike,Medium
E02148,2026-01-20 06:00:00,T1037,Connection Failure,Medium
E02149,2026-01-20 00:00:00,T1273,High Latency,Medium
E02150,2026-01-14 00:00:00,T1432,Low Signal,Low
E02151,2026-01-17 00:00:00,T1472,Traffic Spike,Low
E02152,2026-01-03 18:00:00,T1440,Low Signal,Low
E02153,2026-01-13 00:00:00,T1369,High Latency,Low
E02154,2026-01-22 06:00:00,T1238,Traffic Spike,Medium
E02155,2026-01-01 18:00:00,T1083,Traffic Spike,Low
E02156,2026-01-01 12:00:00,T1285,Low Signal,Medium
E02157,2026-01-18 06:00:00,T1176,Call Drop,Critical
E02158,2026-01-09 18:00:00,T1005,Connection Failure,Medium
E02159,2026-01-23 12:00:00,T1301,Low Signal,Low
E02160,2026-01-01 00:00:00,T1145,Packet Loss,Low
E02161,2026-01-12 00:00:00,T1042,Low Signal,Medium
E02162,2026-01-14 00:00:00,T1442,Connection Failure,Low
E02163,2026-01-20 18:00:00,T1285,Packet Loss,Medium
E02164,2026-01-10 12:00:00,T1351,Low Signal,High
E02165,2026-01-09 00:00:00,T1214,High CPU,Low
E02166,2026-01-27 12:00:00,T1494,Traffic Spike,Medium
E02167,2026-01-06 12:00:00,T1108,High Latency,Medium
E02168,2026-01-03 00:00:00,T1019,Packet Loss,High
E02169,2026-01-13 06:00:00,T1414,Packet Loss,Low
E02170,2026-01-27 06:00:00,T1318,Packet Loss,Low
E02171,2026-01-16 18:00:00,T1384,High Latency,Medium
E02172,2026-01-10 06:00:00,T1295,Connection Failure,Medium
E02173,2026-01-20 12:00:00,T1120,Low Signal,Low
E02174,2026-01-23 12:00:00,T1101,Call Drop,Medium
E02175,2026-01-03 06:00:00,T1093,High CPU,Medium
E02176,2026-01-04 12:00:00,T1060,Low Signal,High
E02177,2026-01-13 12:00:00,T1244,Traffic Spike,Low
E02178,2026-01-12 00:00:00,T1494,Packet Loss,Medium
E02179,2026-01-29 12:00:00,T1390,Call Drop,High
E02180,2026-01-06 06:00:00,T1127,Connection Failure,Low
E02181,2026-01-25 06:00:00,T1258,High CPU,Low
E02182,2026-01-15 12:00:00,T1060,Packet Loss,High
E02183,2026-01-22 06:00:00,T1076,Packet Loss,Low
E02184,2026-01-23 06:00:00,T1128,High Latency,Medium
E02185,2026-01-12 18:00:00,T1291,Traffic Spike,Medium
E02186,2026-01-11 18:00:00,T1221,Packet Loss,Medium
E02187,2026-01-07 06:00:00,T1251,Call Drop,Low
E02188,2026-01-23 12:00:00,T1215,Traffic Spike,Medium
E02189,2026-01-11 00:00:00,T1394,Call Drop,Medium
E02190,2026-01-20 12:00:00,T1087,High Latency,Low
E02191,2026-01-18 06:00:00,T1347,High CPU,Low
E02192,2026-01-24 12:00:00,T1187,High CPU,Low
E02193,2026-01-19 06:00:00,T1092,Traffic Spike,Medium
E02194,2026-01-01 18:00:00,T1231,Traffic Spike,Low
E02195,2026-01-12 18:00:00,T1327,Low Signal,Low
E02196,2026-01-17 00:00:00,T1009,Call Drop,Low
E02197,2026-01-27 06:00:00,T1068,Connection Failure,Low
E02198,2026-01-30 00:00:00,T1103,Connection Failure,Critical
E02199,2026-01-28 00:00:00,T1191,High Latency,Low
E02200,2026-01-28 06:00:00,T1101,Low Signal,High
E02201,2026-01-01 06:00:00,T1382,Traffic Spike,Low
E02202,2026-01-27 12:00:00,T1048,Connection Failure,Low
E02203,2026-01-25 18:00:00,T1172,Traffic Spike,Medium
E02204,2026-01-23 18:00:00,T1260,Packet Loss,Medium
E02205,2026-01-08 18:00:00,T1045,High CPU,Medium
E02206,2026-01-01 00:00:00,T1241,Traffic Spike,High
E02207,2026-01-28 12:00:00,T1497,Packet Loss,Medium
E02208,2026-01-30 00:00:00,T1276,Traffic Spike,Low
E02209,2026-01-21 06:00:00,T1076,Low Signal,High
E02210,2026-01-26 12:00:00,T1199,Connection Failure,Medium
E02211,2026-01-28 06:00:00,T1186,Traffic Spike,Medium
E02212,2026-01-25 18:00:00,T1405,Call Drop,High
E02213,2026-01-04 06:00:00,T1170,Low Signal,Low
E02214,2026-01-05 06:00:00,T1196,Packet Loss,Low
E02215,2026-01-29 06:00:00,T1493,Traffic Spike,Low
E02216,2026-01-27 12:00:00,T1208,Low Signal,Low
E02217,2026-01-19 18:00:00,T1067,High Latency,Low
E02218,2026-01-15 00:00:00,T1029,High CPU,Medium
E02219,2026-01-13 00:00:00,T1482,Low Signal,Low
E02220,2026-01-26 06:00:00,T1303,High CPU,Medium
E02221,2026-01-03 00:00:00,T1174,Connection Failure,Medium
E02222,2026-01-07 06:00:00,T1270,High CPU,Low
E02223,2026-01-05 18:00:00,T1195,High Latency,Low
E02224,2026-01-16 12:00:00,T1094,Low Signal,Low
E02225,2026-01-04 00:00:00,T1408,Packet Loss,Low
E02226,2026-01-21 00:00:00,T1097,Call Drop,Low
E02227,2026-01-21 18:00:00,T1170,Packet Loss,Low
E02228,2026-01-22 18:00:00,T1017,High CPU,Low
E02229,2026-01-07 12:00:00,T1071,Packet Loss,Medium
E02230,2026-01-20 00:00:00,T1279,Low Signal,Critical
E02231,2026-01-29 18:00:00,T1280,Traffic Spike,Low
E02232,2026-01-03 00:00:00,T1035,Connection Failure,Low
E02233,2026-01-24 06:00:00,T1305,Packet Loss,Medium
E02234,2026-01-08 18:00:00,T1013,High CPU,Low
E02235,2026-01-11 12:00:00,T1332,Call Drop,Medium
E02236,2026-01-07 18:00:00,T1139,Packet Loss,Medium
E02237,2026-01-07 06:00:00,T1430,Connection Failure,High
E02238,2026-01-23 18:00:00,T1365,Connection Failure,High
E02239,2026-01-28 06:00:00,T1108,Traffic Spike,High
E02240,2026-01-19 00:00:00,T1366,Low Signal,High
E02241,2026-01-26 12:00:00,T1028,Packet Loss,Medium
E02242,2026-01-23 06:00:00,T1152,High Latency,Medium
E02243,2026-01-19 18:00:00,T1240,Call Drop,Critical
E02244,2026-01-17 12:00:00,T1192,Packet Loss,Low
E02245,2026-01-18 00:00:00,T1062,High Latency,High
E02246,2026-01-24 18:00:00,T1434,Call Drop,Low
E02247,2026-01-03 06:00:00,T1306,High Latency,Low
E02248,2026-01-13 12:00:00,T1493,High CPU,Medium
E02249,2026-01-13 00:00:00,T1158,Packet Loss,Low
E02250,2026-01-07 00:00:00,T1351,Packet Loss,Low
E02251,2026-01-04 18:00:00,T1270,Traffic Spike,Medium
E02252,2026-01-06 06:00:00,T1157,Traffic Spike,Low
E02253,2026-01-11 00:00:00,T1438,Traffic Spike,Low
E02254,2026-01-20 06:00:00,T1162,High Latency,Low
E02255,2026-01-28 12:00:00,T1012,High Latency,Low
E02256,2026-01-28 18:00:00,T1066,Packet Loss,High
E02257,2026-01-18 00:00:00,T1045,High Latency,Medium
E02258,2026-01-04 00:00:00,T1115,High Latency,Critical
E02259,2026-01-03 18:00:00,T1422,High CPU,Medium
E02260,2026-01-25 12:00:00,T1092,High Latency,Low
E02261,2026-01-21 06:00:00,T1444,Packet Loss,Low
E02262,2026-01-01 00:00:00,T1333,Packet Loss,Medium
E02263,2026-01-02 06:00:00,T1488,High Latency,High
E02264,2026-01-29 00:00:00,T1334,Traffic Spike,Medium
E02265,2026-01-03 12:00:00,T1002,Connection Failure,Medium
E02266,2026-01-28 06:00:00,T1042,Traffic Spike,Low
E02267,2026-01-15 18:00:00,T1479,Packet Loss,High
E02268,2026-01-02 12:00:00,T1080,Call Drop,Low
E02269,2026-01-19 00:00:00,T1365,Connection Failure,Medium
E02270,2026-01-07 12:00:00,T1458,Packet Loss,Low
E02271,2026-01-12 00:00:00,T1105,High Latency,Critical
E02272,2026-01-06 18:00:00,T1363,Packet Loss,Low
E02273,2026-01-02 12:00:00,T1034,Traffic Spike,High
E02274,2026-01-13 00:00:00,T1139,Connection Failure,Low
E02275,2026-01-29 12:00:00,T1449,Low Signal,Low
E02276,2026-01-11 00:00:00,T1373,Packet Loss,Low
E02277,2026-01-01 18:00:00,T1064,Connection Failure,Low
E02278,2026-01-28 06:00:00,T1442,Call Drop,Critical
E02279,2026-01-10 00:00:00,T1244,Low Signal,High
E02280,2026-01-19 18:00:00,T1173,Connection Failure,Low
E02281,2026-01-19 00:00:00,T1121,Packet Loss,Medium
E02282,2026-01-22 12:00:00,T1115,Connection Failure,Low
E02283,2026-01-20 00:00:00,T1113,High CPU,Low
E02284,2026-01-01 00:00:00,T1258,High Latency,Medium
E02285,2026-01-04 18:00:00,T1152,Packet Loss,Medium
E02286,2026-01-12 00:00:00,T1249,High Latency,Medium
E02287,2026-01-17 06:00:00,T1220,Low Signal,Low
E02288,2026-01-12 00:00:00,T1200,Traffic Spike,Medium
E02289,2026-01-19 12:00:00,T1115,Traffic Spike,Medium
E02290,2026-01-28 12:00:00,T1189,High CPU,Medium
E02291,2026-01-23 12:00:00,T1371,Connection Failure,High
E02292,2026-01-21 06:00:00,T1147,High Latency,Low
E02293,2026-01-25 00:00:00,T1054,Packet Loss,Low
E02294,2026-01-04 18:00:00,T1001,Call Drop,Low
E02295,2026-01-18 00:00:00,T1267,Connection Failure,Medium
E02296,2026-01-20 00:00:00,T1431,Traffic Spike,Low
E02297,2026-01-02 18:00:00,T1178,Call Drop,Low
E02298,2026-01-19 06:00:00,T1380,Connection Failure,High
E02299,2026-01-16 12:00:00,T1236,Traffic Spike,Low
E02300,2026-01-04 18:00:00,T1205,Low Signal,Low
E02301,2026-01-22 12:00:00,T1074,Packet Loss,Medium
E02302,2026-01-14 12:00:00,T1345,Connection Failure,Medium
E02303,2026-01-28 18:00:00,T1380,Traffic Spike,Critical
E02304,2026-01-05 00:00:00,T1005,Call Drop,High
E02305,2026-01-18 18:00:00,T1484,High Latency,High
E02306,2026-01-08 18:00:00,T1424,Traffic Spike,Medium
E02307,2026-01-10 18:00:00,T1116,Connection Failure,Medium
E02308,2026-01-09 12:00:00,T1045,Traffic Spike,Low
E02309,2026-01-23 18:00:00,T1493,High Latency,Medium
E02310,2026-01-30 18:00:00,T1298,Call Drop,Low
E02311,2026-01-28 12:00:00,T1032,Call Drop,Medium
E02312,2026-01-01 00:00:00,T1181,High Latency,Low
E02313,2026-01-29 00:00:00,T1316,Connection Failure,Medium
E02314,2026-01-10 18:00:00,T1179,Packet Loss,Critical
E02315,2026-01-30 12:00:00,T1217,Packet Loss,High
E02316,2026-01-05 12:00:00,T1352,Packet Loss,Low
E02317,2026-01-02 00:00:00,T1047,High CPU,Medium
E02318,2026-01-09 12:00:00,T1081,High Latency,Medium
E02319,2026-01-09 18:00:00,T1059,Low Signal,Low
E02320,2026-01-05 06:00:00,T1021,Connection Failure,Low
E02321,2026-01-04 18:00:00,T1151,High Latency,Medium
E02322,2026-01-06 06:00:00,T1006,Call Drop,Low
E02323,2026-01-30 06:00:00,T1165,Low Signal,Medium
E02324,2026-01-09 00:00:00,T1096,Connection Failure,Low
E02325,2026-01-18 00:00:00,T1095,High CPU,Low
E02326,2026-01-03 18:00:00,T1474,Call Drop,Low
E02327,2026-01-04 18:00:00,T1016,Packet Loss,Critical
E02328,2026-01-20 00:00:00,T1229,Call Drop,Medium
E02329,2026-01-18 06:00:00,T1137,High CPU,Low
E02330,2026-01-20 06:00:00,T1096,Packet Loss,Medium
E02331,2026-01-24 18:00:00,T1312,High CPU,Medium
E02332,2026-01-01 06:00:00,T1052,Traffic Spike,Medium
E02333,2026-01-22 12:00:00,T1333,Connection Failure,Critical
E02334,2026-01-26 00:00:00,T1069,Traffic Spike,High
E02335,2026-01-10 18:00:00,T1195,Call Drop,Medium
E02336,2026-01-16 18:00:00,T1428,Call Drop,Low
E02337,2026-01-12 18:00:00,T1418,Packet Loss,Low
E02338,2026-01-18 12:00:00,T1024,Call Drop,Low
E02339,2026-01-03 12:00:00,T1348,Packet Loss,Medium
E02340,2026-01-19 06:00:00,T1424,Call Drop,Low
E02341,2026-01-29 06:00:00,T1007,High CPU,Low
E02342,2026-01-05 12:00:00,T1004,Low Signal,Low
E02343,2026-01-04 12:00:00,T1426,Packet Loss,Medium
E02344,2026-01-05 12:00:00,T1439,Low Signal,Low
E02345,2026-01-08 06:00:00,T1005,Low Signal,High
E02346,2026-01-25 18:00:00,T1277,Call Drop,High
E02347,2026-01-18 00:00:00,T1060,Traffic Spike,High
E02348,2026-01-28 00:00:00,T1405,Traffic Spike,Low
E02349,2026-01-28 06:00:00,T1271,Traffic Spike,Medium
E02350,2026-01-02 12:00:00,T1451,Packet Loss,Low
E02351,2026-01-16 06:00:00,T1221,High Latency,Medium
E02352,2026-01-08 00:00:00,T1277,Packet Loss,Medium
E02353,2026-01-10 00:00:00,T1269,High Latency,Medium
E02354,2026-01-16 18:00:00,T1326,Traffic Spike,Low
E02355,2026-01-23 00:00:00,T1072,High CPU,High
E02356,2026-01-24 00:00:00,T1062,Call Drop,Low
E02357,2026-01-29 00:00:00,T1250,High CPU,Low
E02358,2026-01-12 18:00:00,T1308,Call Drop,Critical
E02359,2026-01-10 12:00:00,T1388,Low Signal,Low
E02360,2026-01-14 00:00:00,T1435,Call Drop,Low
E02361,2026-01-26 18:00:00,T1232,Connection Failure,Low
E02362,2026-01-10 06:00:00,T1329,High Latency,Medium
E02363,2026-01-21 12:00:00,T1473,Low Signal,High
E02364,2026-01-16 18:00:00,T1211,High CPU,Low
E02365,2026-01-15 06:00:00,T1468,High CPU,Low
E02366,2026-01-14 06:00:00,T1377,Packet Loss,Medium
E02367,2026-01-06 12:00:00,T1111,Packet Loss,Low
E02368,2026-01-07 00:00:00,T1021,High CPU,Medium
E02369,2026-01-11 18:00:00,T1020,Connection Failure,Medium
E02370,2026-01-26 00:00:00,T1349,Call Drop,Low
E02371,2026-01-10 06:00:00,T1119,High Latency,High
E02372,2026-01-17 06:00:00,T1203,Packet Loss,High
E02373,2026-01-17 18:00:00,T1399,Connection Failure,High
E02374,2026-01-03 18:00:00,T1280,High Latency,High
E02375,2026-01-24 00:00:00,T1414,High CPU,Low
E02376,2026-01-01 06:00:00,T1405,Low Signal,Low
E02377,2026-01-08 18:00:00,T1443,Low Signal,Low
E02378,2026-01-24 06:00:00,T1128,Connection Failure,Low
E02379,2026-01-03 06:00:00,T1023,High Latency,Medium
E02380,2026-01-07 12:00:00,T1134,High Latency,Low
E02381,2026-01-22 18:00:00,T1440,Low Signal,Low
E02382,2026-01-24 06:00:00,T1223,Connection Failure,Low
E02383,2026-01-24 12:00:00,T1055,Connection Failure,Low
E02384,2026-01-06 00:00:00,T1459,Connection Failure,Low
E02385,2026-01-18 18:00:00,T1236,Traffic Spike,Medium
E02386,2026-01-12 12:00:00,T1375,High Latency,Low
E02387,2026-01-11 12:00:00,T1493,Traffic Spike,High
E02388,2026-01-10 18:00:00,T1445,Packet Loss,Low
E02389,2026-01-25 18:00:00,T1050,High CPU,Medium
E02390,2026-01-06 18:00:00,T1303,Connection Failure,Low
E02391,2026-01-24 00:00:00,T1326,High Latency,Medium
E02392,2026-01-17 12:00:00,T1331,Packet Loss,Medium
E02393,2026-01-04 12:00:00,T1023,High CPU,Medium
E02394,2026-01-17 00:00:00,T1242,Connection Failure,Low
E02395,2026-01-01 00:00:00,T1221,Low Signal,Medium
E02396,2026-01-29 00:00:00,T1135,High CPU,Medium
E02397,2026-01-25 06:00:00,T1019,Call Drop,Low
E02398,2026-01-26 06:00:00,T1205,High CPU,Medium
E02399,2026-01-14 00:00:00,T1087,Connection Failure,Low
E02400,2026-01-13 00:00:00,T1354,Traffic Spike,Medium
E02401,2026-01-25 18:00:00,T1111,Traffic Spike,Low
E02402,2026-01-19 06:00:00,T1134,Low Signal,Low
E02403,2026-01-07 18:00:00,T1043,Packet Loss,Medium
E02404,2026-01-24 06:00:00,T1301,High CPU,Medium
E02405,2026-01-10 12:00:00,T1003,High Latency,Medium
E02406,2026-01-25 06:00:00,T1001,Call Drop,Medium
E02407,2026-01-03 18:00:00,T1335,Call Drop,Low
E02408,2026-01-19 06:00:00,T1130,Low Signal,Low
E02409,2026-01-23 18:00:00,T1287,High CPU,High
E02410,2026-01-29 06:00:00,T1104,Low Signal,Low
E02411,2026-01-29 06:00:00,T1067,Low Signal,Low
E02412,2026-01-25 00:00:00,T1356,High CPU,Low
E02413,2026-01-29 06:00:00,T1176,Low Signal,Medium
E02414,2026-01-23 06:00:00,T1186,High Latency,High
E02415,2026-01-07 18:00:00,T1045,Connection Failure,Low
E02416,2026-01-21 06:00:00,T1026,Packet Loss,Medium
E02417,2026-01-30 18:00:00,T1037,Traffic Spike,Medium
E02418,2026-01-01 06:00:00,T1206,High CPU,Low
E02419,2026-01-01 18:00:00,T1306,Packet Loss,Low
E02420,2026-01-22 12:00:00,T1353,High CPU,Medium
E02421,2026-01-11 00:00:00,T1001,Packet Loss,Medium
E02422,2026-01-16 00:00:00,T1213,Packet Loss,Medium
E02423,2026-01-08 18:00:00,T1342,High CPU,Medium
E02424,2026-01-21 12:00:00,T1308,Low Signal,Medium
E02425,2026-01-25 00:00:00,T1482,Traffic Spike,Medium
E02426,2026-01-26 06:00:00,T1079,Traffic Spike,Low
E02427,2026-01-17 00:00:00,T1488,Call Drop,Low
E02428,2026-01-08 12:00:00,T1178,Packet Loss,High
E02429,2026-01-19 06:00:00,T1215,Packet Loss,High
E02430,2026-01-06 00:00:00,T1397,Connection Failure,Low
E02431,2026-01-27 18:00:00,T1153,High Latency,High
E02432,2026-01-11 18:00:00,T1043,Traffic Spike,High
E02433,2026-01-26 06:00:00,T1425,Packet Loss,Critical
E02434,2026-01-23 18:00:00,T1418,Connection Failure,Medium
E02435,2026-01-22 12:00:00,T1033,Connection Failure,Low
E02436,2026-01-09 00:00:00,T1043,Traffic Spike,Low
E02437,2026-01-01 12:00:00,T1454,Call Drop,Low
E02438,2026-01-28 06:00:00,T1454,High Latency,Critical
E02439,2026-01-25 18:00:00,T1103,Packet Loss,Low
E02440,2026-01-10 12:00:00,T1228,Connection Failure,Low
E02441,2026-01-15 18:00:00,T1417,Low Signal,Low
E02442,2026-01-08 06:00:00,T1474,Traffic Spike,Low
E02443,2026-01-14 00:00:00,T1496,Low Signal,Low
E02444,2026-01-07 12:00:00,T1388,Low Signal,Low
E02445,2026-01-14 00:00:00,T1122,Connection Failure,Low
E02446,2026-01-10 00:00:00,T1242,Low Signal,Low
E02447,2026-01-09 06:00:00,T1280,Connection Failure,Low
E02448,2026-01-08 06:00:00,T1362,Connection Failure,Medium
E02449,2026-01-12 18:00:00,T1426,Traffic Spike,Low
E02450,2026-01-17 12:00:00,T1440,Call Drop,Low
E02451,2026-01-15 18:00:00,T1246,Low Signal,Low
E02452,2026-01-12 06:00:00,T1268,Low Signal,Medium
E02453,2026-01-11 06:00:00,T1493,Connection Failure,Low
E02454,2026-01-22 06:00:00,T1498,Connection Failure,Low
E02455,2026-01-29 06:00:00,T1277,Packet Loss,Medium
E02456,2026-01-13 00:00:00,T1453,Call Drop,Low
E02457,2026-01-11 00:00:00,T1136,Packet Loss,Low
E02458,2026-01-13 18:00:00,T1433,Low Signal,Low
E02459,2026-01-16 06:00:00,T1061,High CPU,Low
E02460,2026-01-19 00:00:00,T1491,Connection Failure,Medium
E02461,2026-01-01 06:00:00,T1370,Connection Failure,Medium
E02462,2026-01-25 06:00:00,T1106,High CPU,Low
E02463,2026-01-27 00:00:00,T1114,Call Drop,Low
E02464,2026-01-03 06:00:00,T1130,Connection Failure,Medium
E02465,2026-01-18 00:00:00,T1420,High CPU,Medium
E02466,2026-01-11 00:00:00,T1163,High Latency,Medium
E02467,2026-01-28 00:00:00,T1397,High CPU,High
E02468,2026-01-30 00:00:00,T1236,Traffic Spike,Low
E02469,2026-01-24 06:00:00,T1371,High CPU,Medium
E02470,2026-01-03 06:00:00,T1347,Packet Loss,Medium
E02471,2026-01-06 18:00:00,T1016,Traffic Spike,Low
E02472,2026-01-06 12:00:00,T1148,High Latency,Low
E02473,2026-01-13 12:00:00,T1481,Connection Failure,Low
E02474,2026-01-16 12:00:00,T1163,High CPU,Low
E02475,2026-01-05 00:00:00,T1324,High Latency,Medium
E02476,2026-01-16 00:00:00,T1341,Traffic Spike,Low
E02477,2026-01-28 12:00:00,T1030,Call Drop,Low
E02478,2026-01-23 12:00:00,T1267,High Latency,Low
E02479,2026-01-01 00:00:00,T1207,Low Signal,Low
E02480,2026-01-27 00:00:00,T1194,Connection Failure,High
E02481,2026-01-22 00:00:00,T1411,Low Signal,Low
E02482,2026-01-15 18:00:00,T1040,Connection Failure,Low
E02483,2026-01-06 12:00:00,T1354,Call Drop,Medium
E02484,2026-01-20 18:00:00,T1192,Low Signal,Medium
E02485,2026-01-03 12:00:00,T1261,Packet Loss,Low
E02486,2026-01-29 18:00:00,T1353,Traffic Spike,Medium
E02487,2026-01-11 18:00:00,T1231,Call Drop,High
E02488,2026-01-09 18:00:00,T1185,Traffic Spike,Low
E02489,2026-01-07 12:00:00,T1284,Traffic Spike,Critical
E02490,2026-01-01 12:00:00,T1213,Packet Loss,Low
E02491,2026-01-18 06:00:00,T1268,Traffic Spike,Medium
E02492,2026-01-23 18:00:00,T1311,High CPU,Low
E02493,2026-01-02 00:00:00,T1371,High CPU,Low
E02494,2026-01-17 00:00:00,T1163,Call Drop,Low
E02495,2026-01-01 06:00:00,T1327,Connection Failure,Critical
E02496,2026-01-10 18:00:00,T1480,Call Drop,Low
E02497,2026-01-26 18:00:00,T1070,High Latency,High
E02498,2026-01-08 18:00:00,T1450,High CPU,Low
E02499,2026-01-06 06:00:00,T1084,High Latency,Medium
E02500,2026-01-10 12:00:00,T1352,Packet Loss,High
E02501,2026-01-22 06:00:00,T1035,High Latency,Medium
E02502,2026-01-28 12:00:00,T1140,Call Drop,High
E02503,2026-01-20 00:00:00,T1310,High Latency,Low
E02504,2026-01-13 18:00:00,T1175,Traffic Spike,High
E02505,2026-01-18 18:00:00,T1386,Packet Loss,High
E02506,2026-01-13 06:00:00,T1029,Connection Failure,Low
E02507,2026-01-17 06:00:00,T1442,Connection Failure,Medium
E02508,2026-01-22 12:00:00,T1331,High Latency,Critical
E02509,2026-01-10 00:00:00,T1026,Packet Loss,Low
E02510,2026-01-16 18:00:00,T1233,Connection Failure,Medium
E02511,2026-01-19 06:00:00,T1411,Low Signal,Low
E02512,2026-01-05 12:00:00,T1487,Traffic Spike,Medium
E02513,2026-01-07 18:00:00,T1245,High Latency,Medium
E02514,2026-01-11 12:00:00,T1241,Traffic Spike,Low
E02515,2026-01-26 06:00:00,T1060,High Latency,High
E02516,2026-01-11 12:00:00,T1156,Low Signal,Low
E02517,2026-01-18 12:00:00,T1083,Call Drop,Low
E02518,2026-01-24 06:00:00,T1473,Connection Failure,High
E02519,2026-01-13 12:00:00,T1228,High Latency,Low
E02520,2026-01-13 18:00:00,T1198,Call Drop,Medium
E02521,2026-01-14 18:00:00,T1266,High CPU,High
E02522,2026-01-25 18:00:00,T1265,High CPU,Low
E02523,2026-01-30 00:00:00,T1289,Call Drop,Low
E02524,2026-01-08 12:00:00,T1354,High CPU,Low
E02525,2026-01-29 12:00:00,T1371,High CPU,Low
E02526,2026-01-26 12:00:00,T1144,Call Drop,Low
E02527,2026-01-15 00:00:00,T1095,Connection Failure,Low
E02528,2026-01-09 12:00:00,T1153,Low Signal,Low
E02529,2026-01-14 00:00:00,T1287,High Latency,Medium
E02530,2026-01-15 06:00:00,T1129,High CPU,Low
E02531,2026-01-02 18:00:00,T1463,Call Drop,Critical
E02532,2026-01-20 06:00:00,T1446,High CPU,Low
E02533,2026-01-13 00:00:00,T1129,Packet Loss,Low
E02534,2026-01-18 00:00:00,T1086,Packet Loss,Low
E02535,2026-01-20 00:00:00,T1267,Low Signal,High
E02536,2026-01-21 12:00:00,T1286,High CPU,Low
E02537,2026-01-01 18:00:00,T1235,Call Drop,Low
E02538,2026-01-19 06:00:00,T1097,Traffic Spike,High
E02539,2026-01-06 12:00:00,T1321,Connection Failure,Critical
E02540,2026-01-27 18:00:00,T1231,Low Signal,Medium
E02541,2026-01-22 18:00:00,T1395,Traffic Spike,Low
E02542,2026-01-16 18:00:00,T1390,High Latency,Medium
E02543,2026-01-14 18:00:00,T1092,Low Signal,Low
E02544,2026-01-28 18:00:00,T1391,High Latency,Low
E02545,2026-01-26 06:00:00,T1119,Traffic Spike,Medium
E02546,2026-01-26 00:00:00,T1106,Packet Loss,Low
E02547,2026-01-05 18:00:00,T1101,Packet Loss,Low
E02548,2026-01-20 18:00:00,T1419,Call Drop,Low
E02549,2026-01-13 18:00:00,T1129,Call Drop,High
E02550,2026-01-19 18:00:00,T1141,Connection Failure,Low
E02551,2026-01-08 18:00:00,T1160,Call Drop,Low
E02552,2026-01-26 06:00:00,T1489,Traffic Spike,Low
E02553,2026-01-21 12:00:00,T1288,Call Drop,Low
E02554,2026-01-21 18:00:00,T1055,Connection Failure,Low
E02555,2026-01-18 00:00:00,T1463,Traffic Spike,Low
E02556,2026-01-28 06:00:00,T1090,Call Drop,High
E02557,2026-01-18 00:00:00,T1083,High Latency,Medium
E02558,2026-01-06 00:00:00,T1301,Call Drop,Low
E02559,2026-01-11 00:00:00,T1197,Call Drop,Medium
E02560,2026-01-17 18:00:00,T1204,High CPU,Low
E02561,2026-01-02 00:00:00,T1020,High CPU,Low
E02562,2026-01-07 00:00:00,T1111,Traffic Spike,High
E02563,2026-01-26 12:00:00,T1068,High Latency,High
E02564,2026-01-04 12:00:00,T1456,Low Signal,Low
E02565,2026-01-23 12:00:00,T1263,Low Signal,High
E02566,2026-01-14 18:00:00,T1236,Traffic Spike,Low
E02567,2026-01-06 18:00:00,T1415,Connection Failure,High
E02568,2026-01-27 06:00:00,T1372,Traffic Spike,Low
E02569,2026-01-27 12:00:00,T1122,Connection Failure,High
E02570,2026-01-10 06:00:00,T1315,High Latency,Low
E02571,2026-01-09 12:00:00,T1137,Connection Failure,Low
E02572,2026-01-03 18:00:00,T1193,Traffic Spike,High
E02573,2026-01-06 12:00:00,T1342,High Latency,Medium
E02574,2026-01-03 00:00:00,T1144,Packet Loss,Low
E02575,2026-01-03 18:00:00,T1157,Packet Loss,Medium
E02576,2026-01-14 12:00:00,T1326,Traffic Spike,Low
E02577,2026-01-21 18:00:00,T1130,Call Drop,Medium
E02578,2026-01-12 12:00:00,T1459,Connection Failure,Medium
E02579,2026-01-27 00:00:00,T1065,Packet Loss,Medium
E02580,2026-01-09 18:00:00,T1277,Connection Failure,Medium
E02581,2026-01-09 12:00:00,T1223,Low Signal,Low
E02582,2026-01-20 06:00:00,T1446,Low Signal,Critical
E02583,2026-01-20 00:00:00,T1459,Call Drop,Medium
E02584,2026-01-11 06:00:00,T1423,Call Drop,High
E02585,2026-01-09 06:00:00,T1327,Call Drop,Medium
E02586,2026-01-27 18:00:00,T1493,Packet Loss,High
E02587,2026-01-22 18:00:00,T1272,Traffic Spike,Medium
E02588,2026-01-16 00:00:00,T1001,Traffic Spike,Medium
E02589,2026-01-17 12:00:00,T1400,Low Signal,Low
E02590,2026-01-28 00:00:00,T1170,Packet Loss,Medium
E02591,2026-01-25 00:00:00,T1131,Connection Failure,Medium
E02592,2026-01-03 12:00:00,T1316,High Latency,Low
E02593,2026-01-18 06:00:00,T1448,Low Signal,Low
E02594,2026-01-12 12:00:00,T1388,Traffic Spike,Low
E02595,2026-01-12 00:00:00,T1364,Packet Loss,Low
E02596,2026-01-01 18:00:00,T1315,High Latency,Low
E02597,2026-01-26 12:00:00,T1484,Traffic Spike,Medium
E02598,2026-01-21 18:00:00,T1111,Packet Loss,Low
E02599,2026-01-01 06:00:00,T1404,High Latency,Low
E02600,2026-01-13 12:00:00,T1139,Packet Loss,Critical
E02601,2026-01-26 12:00:00,T1305,Call Drop,High
E02602,2026-01-05 00:00:00,T1388,Low Signal,Low
E02603,2026-01-01 00:00:00,T1344,High CPU,Critical
E02604,2026-01-30 06:00:00,T1399,High Latency,Medium
E02605,2026-01-30 00:00:00,T1478,Connection Failure,Medium
E02606,2026-01-01 12:00:00,T1124,Low Signal,Low
E02607,2026-01-28 00:00:00,T1013,Packet Loss,Medium
E02608,2026-01-24 06:00:00,T1324,Packet Loss,Medium
E02609,2026-01-29 18:00:00,T1081,Packet Loss,Low
E02610,2026-01-22 12:00:00,T1169,Traffic Spike,Medium
E02611,2026-01-12 18:00:00,T1361,Traffic Spike,Low
E02612,2026-01-10 18:00:00,T1258,Call Drop,Low
E02613,2026-01-24 18:00:00,T1176,High CPU,Medium
E02614,2026-01-26 06:00:00,T1427,High CPU,Low
E02615,2026-01-25 12:00:00,T1297,Packet Loss,Low
E02616,2026-01-22 12:00:00,T1296,High Latency,Critical
E02617,2026-01-17 12:00:00,T1258,Traffic Spike,Low
E02618,2026-01-17 06:00:00,T1225,Traffic Spike,High
E02619,2026-01-28 00:00:00,T1481,Low Signal,High
E02620,2026-01-16 06:00:00,T1174,Low Signal,High
E02621,2026-01-08 18:00:00,T1260,High CPU,Low
E02622,2026-01-28 00:00:00,T1349,High CPU,Medium
E02623,2026-01-27 12:00:00,T1221,Low Signal,Medium
E02624,2026-01-25 12:00:00,T1438,Connection Failure,Medium
E02625,2026-01-23 00:00:00,T1325,Traffic Spike,Low
E02626,2026-01-11 18:00:00,T1149,Packet Loss,Medium
E02627,2026-01-24 18:00:00,T1347,Low Signal,Low
E02628,2026-01-07 06:00:00,T1458,Connection Failure,Low
E02629,2026-01-26 18:00:00,T1273,Call Drop,Medium
E02630,2026-01-11 00:00:00,T1421,Traffic Spike,Medium
E02631,2026-01-02 06:00:00,T1445,High Latency,Low
E02632,2026-01-22 06:00:00,T1453,High Latency,Low
E02633,2026-01-29 00:00:00,T1406,Connection Failure,Critical
E02634,2026-01-19 00:00:00,T1106,Low Signal,Low
E02635,2026-01-30 12:00:00,T1132,Connection Failure,Critical
E02636,2026-01-20 06:00:00,T1097,High Latency,Low
E02637,2026-01-26 12:00:00,T1322,Traffic Spike,High
E02638,2026-01-01 18:00:00,T1137,Packet Loss,Medium
E02639,2026-01-16 00:00:00,T1293,High CPU,Medium
E02640,2026-01-22 00:00:00,T1383,High Latency,Low
E02641,2026-01-25 06:00:00,T1029,Traffic Spike,Low
E02642,2026-01-06 00:00:00,T1465,Low Signal,Low
E02643,2026-01-21 12:00:00,T1412,Packet Loss,High
E02644,2026-01-21 18:00:00,T1042,Connection Failure,Medium
E02645,2026-01-16 00:00:00,T1140,High Latency,Low
E02646,2026-01-08 12:00:00,T1293,Packet Loss,Low
E02647,2026-01-12 06:00:00,T1215,Low Signal,Medium
E02648,2026-01-08 00:00:00,T1278,Low Signal,High
E02649,2026-01-25 06:00:00,T1390,High Latency,Medium
E02650,2026-01-24 18:00:00,T1038,High Latency,Medium
E02651,2026-01-08 06:00:00,T1268,High Latency,Low
E02652,2026-01-30 00:00:00,T1291,High Latency,High
E02653,2026-01-10 00:00:00,T1252,Traffic Spike,Medium
E02654,2026-01-13 12:00:00,T1448,Packet Loss,High
E02655,2026-01-13 00:00:00,T1281,Traffic Spike,Low
E02656,2026-01-28 06:00:00,T1284,High Latency,Low
E02657,2026-01-07 06:00:00,T1071,Traffic Spike,Critical
E02658,2026-01-27 12:00:00,T1195,Call Drop,Low
E02659,2026-01-13 00:00:00,T1019,Traffic Spike,Low
E02660,2026-01-15 06:00:00,T1220,Connection Failure,High
E02661,2026-01-18 06:00:00,T1270,High Latency,Low
E02662,2026-01-04 00:00:00,T1278,High Latency,Low
E02663,2026-01-20 00:00:00,T1412,High CPU,Medium
E02664,2026-01-20 00:00:00,T1241,Low Signal,Low
E02665,2026-01-15 00:00:00,T1048,Low Signal,Low
E02666,2026-01-09 18:00:00,T1200,Low Signal,High
E02667,2026-01-24 12:00:00,T1219,High CPU,Medium
E02668,2026-01-25 12:00:00,T1232,Connection Failure,Medium
E02669,2026-01-08 06:00:00,T1453,Connection Failure,Medium
E02670,2026-01-24 12:00:00,T1445,Low Signal,Medium
E02671,2026-01-30 12:00:00,T1372,Traffic Spike,Low
E02672,2026-01-03 00:00:00,T1308,Traffic Spike,Medium
E02673,2026-01-23 06:00:00,T1316,Low Signal,High
E02674,2026-01-17 12:00:00,T1247,High CPU,Medium
E02675,2026-01-11 06:00:00,T1205,Packet Loss,Medium
E02676,2026-01-01 12:00:00,T1275,Call Drop,High
E02677,2026-01-09 06:00:00,T1099,High Latency,Low
E02678,2026-01-18 06:00:00,T1418,High Latency,Medium
E02679,2026-01-02 00:00:00,T1434,High Latency,Low
E02680,2026-01-25 18:00:00,T1487,Call Drop,Low
E02681,2026-01-12 06:00:00,T1228,Traffic Spike,Medium
E02682,2026-01-14 12:00:00,T1315,Traffic Spike,Medium
E02683,2026-01-14 06:00:00,T1485,High CPU,Low
E02684,2026-01-04 18:00:00,T1041,Traffic Spike,High
E02685,2026-01-21 06:00:00,T1419,High Latency,Low
E02686,2026-01-12 06:00:00,T1414,High Latency,Low
E02687,2026-01-06 18:00:00,T1490,Packet Loss,Medium
E02688,2026-01-01 00:00:00,T1443,Traffic Spike,High
E02689,2026-01-09 00:00:00,T1470,High CPU,High
E02690,2026-01-23 18:00:00,T1263,Low Signal,Low
E02691,2026-01-25 12:00:00,T1085,High CPU,Low
E02692,2026-01-23 06:00:00,T1155,High Latency,Low
E02693,2026-01-22 18:00:00,T1163,Connection Failure,Low
E02694,2026-01-05 18:00:00,T1051,High Latency,Medium
E02695,2026-01-04 00:00:00,T1264,High CPU,Medium
E02696,2026-01-28 18:00:00,T1048,Connection Failure,High
E02697,2026-01-08 12:00:00,T1498,Packet Loss,Low
E02698,2026-01-30 18:00:00,T1077,Connection Failure,Low
E02699,2026-01-15 00:00:00,T1334,High Latency,Low
E02700,2026-01-01 18:00:00,T1391,High CPU,Low
E02701,2026-01-14 12:00:00,T1330,Connection Failure,Critical
E02702,2026-01-10 00:00:00,T1425,Call Drop,Low
E02703,2026-01-12 12:00:00,T1120,Connection Failure,Medium
E02704,2026-01-07 18:00:00,T1171,Call Drop,Critical
E02705,2026-01-06 12:00:00,T1175,Connection Failure,Low
E02706,2026-01-18 18:00:00,T1194,Low Signal,Low
E02707,2026-01-08 12:00:00,T1385,High Latency,Low
E02708,2026-01-13 00:00:00,T1461,Packet Loss,Medium
E02709,2026-01-22 06:00:00,T1498,Low Signal,Low
E02710,2026-01-01 00:00:00,T1424,Call Drop,Medium
E02711,2026-01-29 12:00:00,T1008,Low Signal,Medium
E02712,2026-01-22 18:00:00,T1031,Traffic Spike,Medium
E02713,2026-01-12 00:00:00,T1039,High CPU,Medium
E02714,2026-01-24 06:00:00,T1194,Packet Loss,Low
E02715,2026-01-10 18:00:00,T1333,Connection Failure,Low
E02716,2026-01-19 18:00:00,T1367,High Latency,Medium
E02717,2026-01-21 12:00:00,T1185,Low Signal,Medium
E02718,2026-01-08 06:00:00,T1439,Traffic Spike,Medium
E02719,2026-01-10 00:00:00,T1396,Connection Failure,Low
E02720,2026-01-22 00:00:00,T1387,Connection Failure,Low
E02721,2026-01-25 00:00:00,T1376,Call Drop,Medium
E02722,2026-01-14 18:00:00,T1373,High Latency,Medium
E02723,2026-01-30 06:00:00,T1405,High Latency,Critical
E02724,2026-01-18 00:00:00,T1294,Call Drop,High
E02725,2026-01-17 06:00:00,T1327,Call Drop,High
E02726,2026-01-27 06:00:00,T1140,Connection Failure,Low
E02727,2026-01-17 00:00:00,T1222,Low Signal,Critical
E02728,2026-01-16 18:00:00,T1267,High CPU,Medium
E02729,2026-01-30 06:00:00,T1387,Call Drop,Low
E02730,2026-01-29 12:00:00,T1150,High Latency,Medium
E02731,2026-01-13 06:00:00,T1237,High Latency,High
E02732,2026-01-24 12:00:00,T1251,Packet Loss,Low
E02733,2026-01-10 18:00:00,T1208,Call Drop,Low
E02734,2026-01-07 06:00:00,T1327,Connection Failure,Medium
E02735,2026-01-10 18:00:00,T1373,High Latency,Medium
E02736,2026-01-21 06:00:00,T1486,High CPU,High
E02737,2026-01-14 06:00:00,T1053,High CPU,Medium
E02738,2026-01-18 12:00:00,T1020,Call Drop,Low
E02739,2026-01-05 18:00:00,T1404,Packet Loss,Low
E02740,2026-01-07 06:00:00,T1463,High Latency,High
E02741,2026-01-11 00:00:00,T1095,Packet Loss,Medium
E02742,2026-01-27 18:00:00,T1486,Connection Failure,Critical
E02743,2026-01-09 00:00:00,T1114,Call Drop,Medium
E02744,2026-01-15 12:00:00,T1318,Call Drop,High
E02745,2026-01-14 12:00:00,T1239,Low Signal,Low
E02746,2026-01-05 12:00:00,T1393,Connection Failure,High
E02747,2026-01-17 12:00:00,T1205,Traffic Spike,Low
E02748,2026-01-06 00:00:00,T1303,Connection Failure,Low
E02749,2026-01-04 06:00:00,T1236,Call Drop,Medium
E02750,2026-01-21 12:00:00,T1073,Call Drop,Low
E02751,2026-01-01 12:00:00,T1232,High Latency,Medium
E02752,2026-01-26 18:00:00,T1181,Call Drop,Medium
E02753,2026-01-17 00:00:00,T1363,Connection Failure,Low
E02754,2026-01-18 18:00:00,T1159,High CPU,Low
E02755,2026-01-18 06:00:00,T1115,High Latency,Low
E02756,2026-01-02 18:00:00,T1223,High CPU,Medium
E02757,2026-01-12 12:00:00,T1100,High CPU,Low
E02758,2026-01-28 06:00:00,T1469,Call Drop,Low
E02759,2026-01-27 00:00:00,T1146,Connection Failure,High
E02760,2026-01-07 12:00:00,T1339,Traffic Spike,Low
E02761,2026-01-16 18:00:00,T1055,Low Signal,High
E02762,2026-01-14 00:00:00,T1159,Traffic Spike,Low
E02763,2026-01-21 00:00:00,T1052,High Latency,Medium
E02764,2026-01-22 18:00:00,T1149,Traffic Spike,Low
E02765,2026-01-22 00:00:00,T1328,Low Signal,Low
E02766,2026-01-17 06:00:00,T1295,Traffic Spike,Low
E02767,2026-01-10 00:00:00,T1128,Low Signal,Low
E02768,2026-01-16 00:00:00,T1234,Packet Loss,High
E02769,2026-01-23 00:00:00,T1250,Call Drop,Low
E02770,2026-01-11 06:00:00,T1256,Traffic Spike,High
E02771,2026-01-27 00:00:00,T1002,Low Signal,Low
E02772,2026-01-16 12:00:00,T1138,High Latency,High
E02773,2026-01-22 06:00:00,T1001,High Latency,Medium
E02774,2026-01-29 06:00:00,T1497,Packet Loss,Medium
E02775,2026-01-28 18:00:00,T1022,Call Drop,High
E02776,2026-01-20 18:00:00,T1309,Call Drop,Medium
E02777,2026-01-02 06:00:00,T1151,Low Signal,Medium
E02778,2026-01-14 12:00:00,T1237,Call Drop,Low
E02779,2026-01-21 12:00:00,T1212,High CPU,Low
E02780,2026-01-17 00:00:00,T1066,Packet Loss,Low
E02781,2026-01-13 12:00:00,T1449,Connection Failure,Low
E02782,2026-01-02 00:00:00,T1211,High CPU,Low
E02783,2026-01-18 00:00:00,T1296,Low Signal,High
E02784,2026-01-17 00:00:00,T1441,High Latency,Medium
E02785,2026-01-01 12:00:00,T1000,Packet Loss,Low
E02786,2026-01-18 18:00:00,T1078,Traffic Spike,Medium
E02787,2026-01-21 06:00:00,T1245,Traffic Spike,Medium
E02788,2026-01-21 06:00:00,T1433,High Latency,High
E02789,2026-01-01 18:00:00,T1097,High Latency,Low
E02790,2026-01-18 00:00:00,T1439,Traffic Spike,Low
E02791,2026-01-06 06:00:00,T1377,Packet Loss,High
E02792,2026-01-15 18:00:00,T1302,Low Signal,Low
E02793,2026-01-12 12:00:00,T1057,High Latency,Low
E02794,2026-01-03 00:00:00,T1356,Connection Failure,Low
E02795,2026-01-22 06:00:00,T1398,Connection Failure,Medium
E02796,2026-01-22 06:00:00,T1317,Traffic Spike,High
E02797,2026-01-10 06:00:00,T1304,Low Signal,Medium
E02798,2026-01-11 06:00:00,T1110,Call Drop,Medium
E02799,2026-01-29 18:00:00,T1360,Packet Loss,Medium
E02800,2026-01-29 18:00:00,T1394,Low Signal,Medium
E02801,2026-01-11 12:00:00,T1315,High CPU,Low
E02802,2026-01-05 06:00:00,T1312,Packet Loss,Low
E02803,2026-01-17 12:00:00,T1434,Connection Failure,High
E02804,2026-01-29 06:00:00,T1076,Call Drop,Low
E02805,2026-01-21 00:00:00,T1110,Connection Failure,Low
E02806,2026-01-01 12:00:00,T1307,Call Drop,Critical
E02807,2026-01-16 12:00:00,T1284,Packet Loss,Low
E02808,2026-01-05 18:00:00,T1325,High Latency,Low
E02809,2026-01-20 00:00:00,T1299,Traffic Spike,High
E02810,2026-01-27 12:00:00,T1439,High Latency,Low
E02811,2026-01-11 06:00:00,T1289,Low Signal,Low
E02812,2026-01-20 00:00:00,T1237,Call Drop,Low
E02813,2026-01-30 00:00:00,T1134,Traffic Spike,Low
E02814,2026-01-20 00:00:00,T1487,Connection Failure,Medium
E02815,2026-01-09 12:00:00,T1262,Traffic Spike,Medium
E02816,2026-01-24 18:00:00,T1274,Call Drop,Medium
E02817,2026-01-27 00:00:00,T1021,High CPU,High
E02818,2026-01-06 18:00:00,T1215,Call Drop,Medium
E02819,2026-01-01 18:00:00,T1430,Low Signal,Low
E02820,2026-01-27 00:00:00,T1010,High CPU,Medium
E02821,2026-01-12 18:00:00,T1011,Traffic Spike,Low
E02822,2026-01-29 18:00:00,T1291,Call Drop,High
E02823,2026-01-25 12:00:00,T1493,Connection Failure,Low
E02824,2026-01-22 06:00:00,T1075,Call Drop,Low
E02825,2026-01-29 12:00:00,T1419,Traffic Spike,Medium
E02826,2026-01-01 12:00:00,T1256,Connection Failure,High
E02827,2026-01-01 00:00:00,T1373,High Latency,Low
E02828,2026-01-18 00:00:00,T1334,Packet Loss,Medium
E02829,2026-01-28 06:00:00,T1194,Call Drop,Medium
E02830,2026-01-20 12:00:00,T1150,Traffic Spike,Low
E02831,2026-01-01 06:00:00,T1019,Call Drop,Low
E02832,2026-01-02 18:00:00,T1354,Low Signal,Low
E02833,2026-01-10 12:00:00,T1071,Traffic Spike,Low
E02834,2026-01-12 18:00:00,T1318,Low Signal,Low
E02835,2026-01-27 12:00:00,T1081,High CPU,Low
E02836,2026-01-15 18:00:00,T1147,Packet Loss,Critical
E02837,2026-01-02 06:00:00,T1490,Call Drop,Low
E02838,2026-01-18 00:00:00,T1342,High CPU,Low
E02839,2026-01-22 00:00:00,T1401,High Latency,Medium
E02840,2026-01-14 06:00:00,T1424,Call Drop,Medium
E02841,2026-01-21 00:00:00,T1157,High CPU,Low
E02842,2026-01-29 06:00:00,T1135,High Latency,Medium
E02843,2026-01-07 00:00:00,T1080,Call Drop,Medium
E02844,2026-01-16 12:00:00,T1288,Connection Failure,Low
E02845,2026-01-27 18:00:00,T1397,High CPU,Medium
E02846,2026-01-06 18:00:00,T1384,Connection Failure,Low
E02847,2026-01-12 12:00:00,T1230,Call Drop,Low
E02848,2026-01-14 12:00:00,T1260,Connection Failure,High
E02849,2026-01-01 18:00:00,T1184,Traffic Spike,Low
E02850,2026-01-17 18:00:00,T1495,High CPU,Low
E02851,2026-01-10 18:00:00,T1205,High Latency,Low
E02852,2026-01-02 06:00:00,T1026,Call Drop,Low
E02853,2026-01-21 12:00:00,T1207,Call Drop,High
E02854,2026-01-10 18:00:00,T1122,High CPU,Medium
E02855,2026-01-19 12:00:00,T1069,Low Signal,Medium
E02856,2026-01-10 12:00:00,T1260,Connection Failure,Low
E02857,2026-01-04 12:00:00,T1418,Call Drop,Low
E02858,2026-01-24 18:00:00,T1341,Packet Loss,Medium
E02859,2026-01-02 18:00:00,T1246,High CPU,High
E02860,2026-01-04 00:00:00,T1332,High CPU,Low
E02861,2026-01-21 00:00:00,T1201,Packet Loss,Medium
E02862,2026-01-28 12:00:00,T1225,Low Signal,Medium
E02863,2026-01-19 12:00:00,T1166,Packet Loss,Low
E02864,2026-01-04 06:00:00,T1268,Packet Loss,High
E02865,2026-01-05 12:00:00,T1331,High Latency,Medium
E02866,2026-01-15 18:00:00,T1314,Low Signal,Low
E02867,2026-01-01 00:00:00,T1266,Low Signal,Medium
E02868,2026-01-23 18:00:00,T1226,Call Drop,High
E02869,2026-01-13 00:00:00,T1099,Traffic Spike,Low
E02870,2026-01-01 12:00:00,T1319,High CPU,Low
E02871,2026-01-09 06:00:00,T1050,Low Signal,Low
E02872,2026-01-09 18:00:00,T1394,Call Drop,Critical
E02873,2026-01-21 12:00:00,T1105,Traffic Spike,Low
E02874,2026-01-17 06:00:00,T1356,Low Signal,Medium
E02875,2026-01-13 00:00:00,T1041,Low Signal,High
E02876,2026-01-16 18:00:00,T1340,Connection Failure,Low
E02877,2026-01-11 00:00:00,T1372,High CPU,Low
E02878,2026-01-26 18:00:00,T1041,Low Signal,Low
E02879,2026-01-03 18:00:00,T1371,Traffic Spike,Medium
E02880,2026-01-21 00:00:00,T1018,Traffic Spike,Low
E02881,2026-01-03 06:00:00,T1339,Connection Failure,Low
E02882,2026-01-23 18:00:00,T1163,Call Drop,Low
E02883,2026-01-21 12:00:00,T1464,Call Drop,Medium
E02884,2026-01-25 18:00:00,T1275,Connection Failure,Medium
E02885,2026-01-19 00:00:00,T1191,Low Signal,Low
E02886,2026-01-03 06:00:00,T1264,High Latency,Low
E02887,2026-01-15 06:00:00,T1123,High Latency,Medium
E02888,2026-01-23 06:00:00,T1355,Call Drop,Medium
E02889,2026-01-04 06:00:00,T1157,Low Signal,Low
E02890,2026-01-09 12:00:00,T1380,High CPU,Medium
E02891,2026-01-06 12:00:00,T1103,Low Signal,Medium
E02892,2026-01-24 06:00:00,T1493,Call Drop,Low
E02893,2026-01-16 00:00:00,T1428,High Latency,Medium
E02894,2026-01-26 18:00:00,T1091,Call Drop,Medium
E02895,2026-01-04 12:00:00,T1170,High CPU,Low
E02896,2026-01-14 06:00:00,T1420,Packet Loss,Low
E02897,2026-01-05 06:00:00,T1028,High Latency,Low
E02898,2026-01-29 00:00:00,T1324,Packet Loss,Medium
E02899,2026-01-02 18:00:00,T1038,High Latency,Medium
E02900,2026-01-16 18:00:00,T1436,Packet Loss,High
E02901,2026-01-07 06:00:00,T1140,Call Drop,Medium
E02902,2026-01-06 18:00:00,T1001,Packet Loss,Low
E02903,2026-01-13 12:00:00,T1187,High Latency,Medium
E02904,2026-01-06 18:00:00,T1326,High Latency,High
E02905,2026-01-05 00:00:00,T1169,Call Drop,Medium
E02906,2026-01-03 12:00:00,T1448,Low Signal,Medium
E02907,2026-01-08 12:00:00,T1372,Traffic Spike,High
E02908,2026-01-05 06:00:00,T1243,Low Signal,Low
E02909,2026-01-12 00:00:00,T1259,Call Drop,Medium
E02910,2026-01-22 12:00:00,T1406,High CPU,Low
E02911,2026-01-02 06:00:00,T1198,Traffic Spike,Medium
E02912,2026-01-11 12:00:00,T1125,Low Signal,Low
E02913,2026-01-06 12:00:00,T1449,High Latency,High
E02914,2026-01-24 12:00:00,T1474,Traffic Spike,High
E02915,2026-01-02 18:00:00,T1121,High Latency,Critical
E02916,2026-01-20 00:00:00,T1115,High Latency,Low
E02917,2026-01-17 06:00:00,T1335,Connection Failure,Low
E02918,2026-01-06 06:00:00,T1324,Call Drop,Low
E02919,2026-01-02 12:00:00,T1251,Connection Failure,Medium
E02920,2026-01-22 06:00:00,T1462,Packet Loss,Low
E02921,2026-01-12 18:00:00,T1486,Packet Loss,Medium
E02922,2026-01-18 00:00:00,T1302,High CPU,Medium
E02923,2026-01-09 06:00:00,T1284,High CPU,Medium
E02924,2026-01-10 18:00:00,T1224,High CPU,Medium
E02925,2026-01-28 12:00:00,T1022,Low Signal,Low
E02926,2026-01-07 06:00:00,T1364,High CPU,Low
E02927,2026-01-24 06:00:00,T1319,Connection Failure,Medium
E02928,2026-01-19 12:00:00,T1000,High Latency,Low
E02929,2026-01-29 12:00:00,T1233,High Latency,Low
E02930,2026-01-11 00:00:00,T1413,Call Drop,Low
E02931,2026-01-13 12:00:00,T1429,Traffic Spike,Low
E02932,2026-01-25 00:00:00,T1304,Low Signal,Low
E02933,2026-01-30 18:00:00,T1273,Traffic Spike,Medium
E02934,2026-01-26 06:00:00,T1443,Packet Loss,Low
E02935,2026-01-06 00:00:00,T1148,Call Drop,Low
E02936,2026-01-13 06:00:00,T1031,Low Signal,Low
E02937,2026-01-28 00:00:00,T1053,Traffic Spike,Low
E02938,2026-01-16 00:00:00,T1288,Low Signal,High
E02939,2026-01-25 06:00:00,T1195,Call Drop,Medium
E02940,2026-01-22 00:00:00,T1390,Traffic Spike,Low
E02941,2026-01-05 00:00:00,T1367,Traffic Spike,Low
E02942,2026-01-04 06:00:00,T1203,Traffic Spike,Low
E02943,2026-01-18 18:00:00,T1080,Low Signal,High
E02944,2026-01-25 00:00:00,T1497,Call Drop,Low
E02945,2026-01-05 12:00:00,T1394,Call Drop,Low
E02946,2026-01-09 06:00:00,T1074,Packet Loss,Low
E02947,2026-01-05 06:00:00,T1011,Low Signal,Low
E02948,2026-01-02 00:00:00,T1359,High Latency,Low
E02949,2026-01-15 06:00:00,T1066,High CPU,Medium
E02950,2026-01-09 06:00:00,T1082,Call Drop,Low
E02951,2026-01-27 18:00:00,T1300,High CPU,Low
E02952,2026-01-08 12:00:00,T1477,Packet Loss,Medium
E02953,2026-01-11 18:00:00,T1309,High Latency,Medium
E02954,2026-01-14 06:00:00,T1248,High CPU,Low
E02955,2026-01-23 12:00:00,T1377,Connection Failure,Medium
E02956,2026-01-13 12:00:00,T1409,High Latency,High
E02957,2026-01-25 18:00:00,T1275,Connection Failure,Medium
E02958,2026-01-07 18:00:00,T1185,High Latency,High
E02959,2026-01-18 06:00:00,T1001,High Latency,Medium
E02960,2026-01-20 00:00:00,T1020,Connection Failure,Low
E02961,2026-01-08 18:00:00,T1476,High Latency,Low
E02962,2026-01-07 00:00:00,T1485,Low Signal,Critical
E02963,2026-01-16 06:00:00,T1216,Connection Failure,Low
E02964,2026-01-30 06:00:00,T1381,Connection Failure,Low
E02965,2026-01-10 12:00:00,T1074,Traffic Spike,Medium
E02966,2026-01-19 18:00:00,T1279,Low Signal,Low
E02967,2026-01-07 06:00:00,T1232,Low Signal,Low
E02968,2026-01-17 06:00:00,T1484,High Latency,Low
E02969,2026-01-20 06:00:00,T1085,Packet Loss,Low
E02970,2026-01-17 06:00:00,T1082,Packet Loss,Medium
E02971,2026-01-03 06:00:00,T1402,High CPU,High
E02972,2026-01-06 06:00:00,T1166,Packet Loss,Low
E02973,2026-01-13 06:00:00,T1014,Connection Failure,Medium
E02974,2026-01-19 12:00:00,T1394,Traffic Spike,High
E02975,2026-01-24 00:00:00,T1449,Call Drop,Low
E02976,2026-01-10 12:00:00,T1087,Packet Loss,Low
E02977,2026-01-09 12:00:00,T1079,Connection Failure,Low
E02978,2026-01-17 06:00:00,T1013,High CPU,Medium
E02979,2026-01-28 12:00:00,T1463,High Latency,Low
E02980,2026-01-06 06:00:00,T1465,Packet Loss,Medium
E02981,2026-01-09 00:00:00,T1235,Call Drop,High
E02982,2026-01-11 06:00:00,T1439,Packet Loss,Medium
E02983,2026-01-17 12:00:00,T1228,Traffic Spike,Medium
E02984,2026-01-29 00:00:00,T1374,Call Drop,Low
E02985,2026-01-19 12:00:00,T1016,Call Drop,Medium
E02986,2026-01-19 12:00:00,T1185,High Latency,Medium
E02987,2026-01-12 18:00:00,T1094,Packet Loss,Low
E02988,2026-01-23 06:00:00,T1379,High Latency,Low
E02989,2026-01-18 18:00:00,T1002,Traffic Spike,High
E02990,2026-01-14 12:00:00,T1285,High CPU,High
E02991,2026-01-22 18:00:00,T1201,Call Drop,Low
E02992,2026-01-25 12:00:00,T1322,Packet Loss,Medium
E02993,2026-01-09 06:00:00,T1050,Low Signal,Low
E02994,2026-01-13 12:00:00,T1330,High Latency,Medium
E02995,2026-01-13 06:00:00,T1394,Low Signal,High
E02996,2026-01-28 00:00:00,T1234,Low Signal,Low
E02997,2026-01-05 12:00:00,T1419,Traffic Spike,High
E02998,2026-01-23 12:00:00,T1342,Low Signal,Low
E02999,2026-01-24 00:00:00,T1056,Traffic Spike,High
E03000,2026-01-24 18:00:00,T1181,Packet Loss,Medium
E03001,2026-01-05 18:00:00,T1036,Low Signal,Low
E03002,2026-01-29 00:00:00,T1215,Traffic Spike,Medium
E03003,2026-01-27 12:00:00,T1291,High Latency,Medium
E03004,2026-01-13 12:00:00,T1291,Connection Failure,Low
E03005,2026-01-14 12:00:00,T1102,Packet Loss,High
E03006,2026-01-25 12:00:00,T1431,Traffic Spike,Low
E03007,2026-01-05 00:00:00,T1366,Connection Failure,Low
E03008,2026-01-24 06:00:00,T1435,Packet Loss,Critical
E03009,2026-01-03 12:00:00,T1324,Packet Loss,Low
E03010,2026-01-23 06:00:00,T1030,Connection Failure,Low
E03011,2026-01-29 12:00:00,T1076,Packet Loss,Medium
E03012,2026-01-20 00:00:00,T1022,Call Drop,Medium
E03013,2026-01-14 06:00:00,T1479,Low Signal,High
E03014,2026-01-30 12:00:00,T1316,Packet Loss,Medium
E03015,2026-01-03 06:00:00,T1485,Packet Loss,Critical
E03016,2026-01-24 18:00:00,T1083,Call Drop,Medium
E03017,2026-01-15 18:00:00,T1144,High Latency,Low
E03018,2026-01-21 18:00:00,T1333,Call Drop,Low
E03019,2026-01-14 06:00:00,T1259,High Latency,Low
E03020,2026-01-24 00:00:00,T1337,Connection Failure,Medium
E03021,2026-01-02 00:00:00,T1376,Low Signal,Low
E03022,2026-01-10 12:00:00,T1069,High CPU,Medium
E03023,2026-01-13 12:00:00,T1190,Packet Loss,Low
E03024,2026-01-17 18:00:00,T1378,Call Drop,Medium
E03025,2026-01-01 00:00:00,T1334,Call Drop,Low
E03026,2026-01-27 00:00:00,T1035,Low Signal,Critical
E03027,2026-01-02 18:00:00,T1370,Packet Loss,Medium
E03028,2026-01-03 12:00:00,T1352,High CPU,Low
E03029,2026-01-10 06:00:00,T1015,High Latency,Medium
E03030,2026-01-10 00:00:00,T1212,Call Drop,Low
E03031,2026-01-02 18:00:00,T1037,High Latency,Medium
E03032,2026-01-22 06:00:00,T1140,High Latency,Low
E03033,2026-01-12 00:00:00,T1178,Packet Loss,Low
E03034,2026-01-17 18:00:00,T1372,High CPU,Low
E03035,2026-01-14 00:00:00,T1198,Traffic Spike,Low
E03036,2026-01-26 12:00:00,T1494,Low Signal,Low
E03037,2026-01-09 06:00:00,T1059,Call Drop,High
E03038,2026-01-13 00:00:00,T1170,High CPU,Low
E03039,2026-01-24 06:00:00,T1136,Connection Failure,Low
E03040,2026-01-05 00:00:00,T1350,Call Drop,Medium
E03041,2026-01-13 00:00:00,T1276,High Latency,Critical
E03042,2026-01-04 00:00:00,T1062,Low Signal,Low
E03043,2026-01-24 18:00:00,T1442,Traffic Spike,Low
E03044,2026-01-25 12:00:00,T1106,High CPU,Low
E03045,2026-01-02 18:00:00,T1057,High Latency,Medium
E03046,2026-01-11 00:00:00,T1215,Low Signal,Low
E03047,2026-01-28 18:00:00,T1357,Packet Loss,High
E03048,2026-01-07 00:00:00,T1178,Traffic Spike,Medium
E03049,2026-01-07 18:00:00,T1254,High Latency,Low
E03050,2026-01-15 06:00:00,T1003,Call Drop,Medium
E03051,2026-01-21 12:00:00,T1279,Call Drop,High
E03052,2026-01-06 12:00:00,T1382,High Latency,Medium
E03053,2026-01-24 00:00:00,T1223,Low Signal,Medium
E03054,2026-01-19 06:00:00,T1345,Call Drop,Medium
E03055,2026-01-27 06:00:00,T1117,Connection Failure,Low
E03056,2026-01-01 06:00:00,T1344,Traffic Spike,Low
E03057,2026-01-19 00:00:00,T1446,Traffic Spike,Medium
E03058,2026-01-25 00:00:00,T1137,High Latency,High
E03059,2026-01-22 00:00:00,T1312,Packet Loss,High
E03060,2026-01-20 18:00:00,T1441,Low Signal,Low
E03061,2026-01-19 06:00:00,T1405,Low Signal,Medium
E03062,2026-01-21 06:00:00,T1405,High CPU,Medium
E03063,2026-01-29 12:00:00,T1439,Low Signal,Low
E03064,2026-01-19 12:00:00,T1363,High CPU,Low
E03065,2026-01-09 06:00:00,T1182,Call Drop,Medium
E03066,2026-01-02 06:00:00,T1420,Connection Failure,Low
E03067,2026-01-06 18:00:00,T1330,Packet Loss,Medium
E03068,2026-01-14 18:00:00,T1363,Traffic Spike,Low
E03069,2026-01-18 00:00:00,T1142,High Latency,Low
E03070,2026-01-25 06:00:00,T1035,High CPU,Medium
E03071,2026-01-23 18:00:00,T1069,Packet Loss,High
E03072,2026-01-01 18:00:00,T1096,Connection Failure,Low
E03073,2026-01-17 06:00:00,T1316,Low Signal,Low
E03074,2026-01-17 00:00:00,T1234,High Latency,Low
E03075,2026-01-23 06:00:00,T1261,Call Drop,Critical
E03076,2026-01-20 06:00:00,T1257,Low Signal,Low
E03077,2026-01-23 06:00:00,T1366,Packet Loss,Medium
E03078,2026-01-12 18:00:00,T1049,High CPU,Low
E03079,2026-01-06 06:00:00,T1287,Traffic Spike,Low
E03080,2026-01-27 18:00:00,T1042,Low Signal,Low
E03081,2026-01-15 06:00:00,T1042,High CPU,High
E03082,2026-01-24 00:00:00,T1166,Low Signal,Low
E03083,2026-01-27 18:00:00,T1329,High Latency,High
E03084,2026-01-30 18:00:00,T1287,High CPU,Low
E03085,2026-01-03 00:00:00,T1056,High CPU,Low
E03086,2026-01-08 00:00:00,T1344,Low Signal,Medium
E03087,2026-01-21 18:00:00,T1337,Connection Failure,High
E03088,2026-01-25 18:00:00,T1110,High Latency,Medium
E03089,2026-01-08 06:00:00,T1213,Packet Loss,High
E03090,2026-01-21 12:00:00,T1304,High Latency,Low
E03091,2026-01-13 18:00:00,T1359,Connection Failure,Low
E03092,2026-01-11 12:00:00,T1366,High Latency,Medium
E03093,2026-01-21 00:00:00,T1013,Call Drop,High
E03094,2026-01-22 00:00:00,T1024,High CPU,Low
E03095,2026-01-21 06:00:00,T1213,Call Drop,Low
E03096,2026-01-19 00:00:00,T1363,Call Drop,Critical
E03097,2026-01-12 18:00:00,T1493,Call Drop,Low
E03098,2026-01-19 12:00:00,T1039,Traffic Spike,Low
E03099,2026-01-09 06:00:00,T1064,Connection Failure,Low
E03100,2026-01-12 00:00:00,T1024,Low Signal,Low
E03101,2026-01-25 00:00:00,T1325,Connection Failure,Low
E03102,2026-01-04 00:00:00,T1297,Low Signal,High
E03103,2026-01-20 06:00:00,T1158,Connection Failure,Low
E03104,2026-01-20 00:00:00,T1134,Packet Loss,Low
E03105,2026-01-03 18:00:00,T1484,Connection Failure,Low
E03106,2026-01-23 00:00:00,T1426,High Latency,Medium
E03107,2026-01-15 12:00:00,T1222,Call Drop,Low
E03108,2026-01-22 00:00:00,T1354,Call Drop,Low
E03109,2026-01-11 06:00:00,T1252,Low Signal,High
E03110,2026-01-27 18:00:00,T1170,Call Drop,Medium
E03111,2026-01-28 06:00:00,T1340,Packet Loss,Medium
E03112,2026-01-23 06:00:00,T1026,Traffic Spike,Medium
E03113,2026-01-30 06:00:00,T1018,High CPU,Low
E03114,2026-01-16 12:00:00,T1217,High CPU,Low
E03115,2026-01-12 18:00:00,T1435,Connection Failure,Critical
E03116,2026-01-07 12:00:00,T1436,High Latency,High
E03117,2026-01-09 18:00:00,T1127,Call Drop,Low
E03118,2026-01-05 18:00:00,T1478,High Latency,Medium
E03119,2026-01-02 18:00:00,T1087,High CPU,Low
E03120,2026-01-23 00:00:00,T1423,Packet Loss,Low
E03121,2026-01-28 00:00:00,T1045,High Latency,Low
E03122,2026-01-05 00:00:00,T1324,High CPU,Low
E03123,2026-01-09 00:00:00,T1122,Traffic Spike,Medium
E03124,2026-01-20 00:00:00,T1004,High CPU,Low
E03125,2026-01-23 12:00:00,T1250,High Latency,High
E03126,2026-01-03 00:00:00,T1204,Connection Failure,High
E03127,2026-01-10 12:00:00,T1133,High CPU,Low
E03128,2026-01-26 12:00:00,T1114,Low Signal,Medium
E03129,2026-01-29 18:00:00,T1456,Low Signal,Low
E03130,2026-01-21 06:00:00,T1490,Packet Loss,Medium
E03131,2026-01-23 18:00:00,T1238,Packet Loss,Low
E03132,2026-01-11 12:00:00,T1009,Traffic Spike,Medium
E03133,2026-01-02 06:00:00,T1438,Low Signal,Low
E03134,2026-01-28 06:00:00,T1381,High CPU,Medium
E03135,2026-01-26 18:00:00,T1435,Call Drop,Medium
E03136,2026-01-05 00:00:00,T1299,Low Signal,Medium
E03137,2026-01-13 18:00:00,T1162,Call Drop,High
E03138,2026-01-19 06:00:00,T1319,Traffic Spike,Low
E03139,2026-01-15 12:00:00,T1299,Call Drop,Low
E03140,2026-01-03 00:00:00,T1310,Packet Loss,Low
E03141,2026-01-18 18:00:00,T1150,Connection Failure,Low
E03142,2026-01-10 12:00:00,T1327,Call Drop,Low
E03143,2026-01-28 06:00:00,T1366,Low Signal,Medium
E03144,2026-01-29 06:00:00,T1225,Connection Failure,Medium
E03145,2026-01-02 00:00:00,T1330,High CPU,Low
E03146,2026-01-08 18:00:00,T1173,High CPU,Low
E03147,2026-01-25 06:00:00,T1200,High Latency,Medium
E03148,2026-01-21 12:00:00,T1111,Packet Loss,Medium
E03149,2026-01-01 06:00:00,T1008,Call Drop,High
E03150,2026-01-21 18:00:00,T1084,High CPU,High
E03151,2026-01-06 06:00:00,T1175,Call Drop,Low
E03152,2026-01-22 00:00:00,T1486,Call Drop,Low
E03153,2026-01-29 06:00:00,T1499,High Latency,Medium
E03154,2026-01-16 18:00:00,T1218,Low Signal,Low
E03155,2026-01-30 18:00:00,T1267,High Latency,Low
E03156,2026-01-29 18:00:00,T1193,Traffic Spike,Low
E03157,2026-01-20 18:00:00,T1453,High CPU,Medium
E03158,2026-01-10 06:00:00,T1361,Low Signal,Low
E03159,2026-01-12 06:00:00,T1215,Traffic Spike,Medium
E03160,2026-01-27 12:00:00,T1285,Call Drop,Medium
E03161,2026-01-02 12:00:00,T1469,Low Signal,Low
E03162,2026-01-01 06:00:00,T1172,High CPU,Medium
E03163,2026-01-17 06:00:00,T1099,Low Signal,Low
E03164,2026-01-13 00:00:00,T1485,High CPU,Low
E03165,2026-01-10 18:00:00,T1131,High Latency,Low
E03166,2026-01-13 12:00:00,T1364,Packet Loss,Low
E03167,2026-01-23 06:00:00,T1284,Traffic Spike,Low
E03168,2026-01-30 06:00:00,T1339,High Latency,Low
E03169,2026-01-29 00:00:00,T1238,High CPU,Low
E03170,2026-01-23 18:00:00,T1149,High CPU,Low
E03171,2026-01-03 12:00:00,T1011,High Latency,Medium
E03172,2026-01-21 06:00:00,T1391,Packet Loss,High
E03173,2026-01-26 12:00:00,T1141,High Latency,Low
E03174,2026-01-05 12:00:00,T1270,Call Drop,Low
E03175,2026-01-17 06:00:00,T1044,Packet Loss,Medium
E03176,2026-01-17 00:00:00,T1286,Call Drop,Medium
E03177,2026-01-29 12:00:00,T1385,Packet Loss,High
E03178,2026-01-15 12:00:00,T1012,Packet Loss,Medium
E03179,2026-01-02 06:00:00,T1068,High CPU,Low
E03180,2026-01-02 00:00:00,T1344,Connection Failure,Medium
E03181,2026-01-15 12:00:00,T1228,Call Drop,Low
E03182,2026-01-11 06:00:00,T1397,Low Signal,Low
E03183,2026-01-30 18:00:00,T1407,Low Signal,Low
E03184,2026-01-13 18:00:00,T1112,Packet Loss,Low
E03185,2026-01-03 12:00:00,T1199,Packet Loss,Critical
E03186,2026-01-09 00:00:00,T1241,Call Drop,Medium
E03187,2026-01-27 18:00:00,T1047,Low Signal,Low
E03188,2026-01-11 18:00:00,T1315,Connection Failure,Medium
E03189,2026-01-09 06:00:00,T1328,Low Signal,Low
E03190,2026-01-14 12:00:00,T1123,High CPU,Low
E03191,2026-01-17 06:00:00,T1227,Low Signal,Low
E03192,2026-01-24 18:00:00,T1185,Connection Failure,Low
E03193,2026-01-13 00:00:00,T1390,Call Drop,High
E03194,2026-01-01 00:00:00,T1200,Connection Failure,Medium
E03195,2026-01-03 18:00:00,T1392,Call Drop,Low
E03196,2026-01-02 00:00:00,T1371,Traffic Spike,Medium
E03197,2026-01-11 18:00:00,T1079,Low Signal,Medium
E03198,2026-01-29 12:00:00,T1103,High CPU,Medium
E03199,2026-01-27 06:00:00,T1218,Connection Failure,Medium
E03200,2026-01-26 18:00:00,T1320,Connection Failure,Low
E03201,2026-01-09 00:00:00,T1168,Packet Loss,Low
E03202,2026-01-16 00:00:00,T1480,Call Drop,Low
E03203,2026-01-07 18:00:00,T1453,Call Drop,Medium
E03204,2026-01-25 06:00:00,T1003,High CPU,Medium
E03205,2026-01-14 12:00:00,T1083,Traffic Spike,High
E03206,2026-01-14 12:00:00,T1395,Packet Loss,Medium
E03207,2026-01-22 18:00:00,T1467,Connection Failure,Low
E03208,2026-01-15 12:00:00,T1091,Traffic Spike,Low
E03209,2026-01-27 12:00:00,T1345,High Latency,Low
E03210,2026-01-19 06:00:00,T1156,High CPU,Low
E03211,2026-01-12 12:00:00,T1317,Packet Loss,Low
E03212,2026-01-21 06:00:00,T1152,Packet Loss,Medium
E03213,2026-01-19 12:00:00,T1438,Connection Failure,Low
E03214,2026-01-29 12:00:00,T1131,Connection Failure,High
E03215,2026-01-17 06:00:00,T1183,High CPU,Medium
E03216,2026-01-23 00:00:00,T1392,High Latency,High
E03217,2026-01-21 18:00:00,T1373,Connection Failure,Medium
E03218,2026-01-20 06:00:00,T1447,Traffic Spike,Low
E03219,2026-01-28 06:00:00,T1139,High CPU,Medium
E03220,2026-01-24 06:00:00,T1463,Traffic Spike,High
E03221,2026-01-03 12:00:00,T1230,Traffic Spike,Medium
E03222,2026-01-09 12:00:00,T1119,Packet Loss,Low
E03223,2026-01-19 18:00:00,T1421,Low Signal,Low
E03224,2026-01-10 12:00:00,T1162,Traffic Spike,High
E03225,2026-01-09 00:00:00,T1411,Packet Loss,Medium
E03226,2026-01-09 00:00:00,T1393,Call Drop,Medium
E03227,2026-01-17 18:00:00,T1263,Low Signal,Medium
E03228,2026-01-20 00:00:00,T1321,High CPU,Medium
E03229,2026-01-07 12:00:00,T1205,Low Signal,Low
E03230,2026-01-10 18:00:00,T1084,Traffic Spike,Low
E03231,2026-01-12 18:00:00,T1057,High CPU,Low
E03232,2026-01-26 00:00:00,T1245,Call Drop,High
E03233,2026-01-27 18:00:00,T1062,Packet Loss,Low
E03234,2026-01-07 18:00:00,T1250,Connection Failure,High
E03235,2026-01-24 18:00:00,T1120,Packet Loss,Low
E03236,2026-01-23 06:00:00,T1010,High Latency,Medium
E03237,2026-01-04 18:00:00,T1431,Connection Failure,Low
E03238,2026-01-23 00:00:00,T1396,Connection Failure,Low
E03239,2026-01-22 18:00:00,T1382,High CPU,Medium
E03240,2026-01-24 18:00:00,T1267,Connection Failure,High
E03241,2026-01-06 00:00:00,T1201,High CPU,Low
E03242,2026-01-15 06:00:00,T1159,Packet Loss,Low
E03243,2026-01-21 18:00:00,T1207,Connection Failure,Low
E03244,2026-01-15 00:00:00,T1351,Connection Failure,High
E03245,2026-01-21 12:00:00,T1047,High CPU,Medium
E03246,2026-01-15 06:00:00,T1183,Call Drop,Low
E03247,2026-01-23 06:00:00,T1189,Packet Loss,Critical
E03248,2026-01-20 00:00:00,T1077,High Latency,Medium
E03249,2026-01-10 00:00:00,T1096,Packet Loss,Medium
E03250,2026-01-09 12:00:00,T1122,Call Drop,Low
E03251,2026-01-16 00:00:00,T1146,High Latency,Low
E03252,2026-01-17 06:00:00,T1161,Traffic Spike,Low
E03253,2026-01-18 00:00:00,T1033,Traffic Spike,Medium
E03254,2026-01-15 00:00:00,T1043,Traffic Spike,Medium
E03255,2026-01-15 00:00:00,T1000,Connection Failure,Low
E03256,2026-01-14 06:00:00,T1334,Traffic Spike,High
E03257,2026-01-04 18:00:00,T1107,Traffic Spike,Low
E03258,2026-01-18 06:00:00,T1124,Packet Loss,Low
E03259,2026-01-06 12:00:00,T1151,Call Drop,Critical
E03260,2026-01-08 12:00:00,T1437,Packet Loss,Low
E03261,2026-01-24 06:00:00,T1470,Traffic Spike,Medium
E03262,2026-01-04 06:00:00,T1016,Call Drop,High
E03263,2026-01-13 18:00:00,T1357,Call Drop,Medium
E03264,2026-01-03 12:00:00,T1305,High CPU,Medium
E03265,2026-01-12 18:00:00,T1309,Connection Failure,Low
E03266,2026-01-23 18:00:00,T1048,High Latency,Low
E03267,2026-01-22 06:00:00,T1272,Call Drop,Medium
E03268,2026-01-02 00:00:00,T1095,Call Drop,High
E03269,2026-01-11 12:00:00,T1110,Call Drop,Low
E03270,2026-01-28 06:00:00,T1468,Traffic Spike,Low
E03271,2026-01-20 06:00:00,T1241,Connection Failure,Medium
E03272,2026-01-14 12:00:00,T1120,Low Signal,Low
E03273,2026-01-29 00:00:00,T1158,High Latency,Medium
E03274,2026-01-07 06:00:00,T1476,Traffic Spike,Low
E03275,2026-01-25 06:00:00,T1229,High CPU,Low
E03276,2026-01-13 00:00:00,T1013,Call Drop,Low
E03277,2026-01-10 06:00:00,T1297,High CPU,Medium
E03278,2026-01-25 00:00:00,T1071,High Latency,Medium
E03279,2026-01-09 18:00:00,T1089,Call Drop,Critical
E03280,2026-01-25 12:00:00,T1328,High Latency,Low
E03281,2026-01-16 06:00:00,T1339,High Latency,Medium
E03282,2026-01-07 18:00:00,T1377,Packet Loss,High
E03283,2026-01-05 00:00:00,T1048,Packet Loss,Medium
E03284,2026-01-19 06:00:00,T1370,High CPU,Medium
E03285,2026-01-20 00:00:00,T1497,High Latency,Low
E03286,2026-01-25 12:00:00,T1001,High CPU,Low
E03287,2026-01-16 18:00:00,T1152,High Latency,Low
E03288,2026-01-02 18:00:00,T1385,High CPU,Low
E03289,2026-01-02 12:00:00,T1121,Low Signal,Critical
E03290,2026-01-01 12:00:00,T1015,Low Signal,Critical
E03291,2026-01-28 18:00:00,T1138,High CPU,Low
E03292,2026-01-23 06:00:00,T1411,High Latency,High
E03293,2026-01-09 06:00:00,T1462,Packet Loss,Low
E03294,2026-01-12 18:00:00,T1468,Call Drop,Low
E03295,2026-01-24 00:00:00,T1052,High Latency,High
E03296,2026-01-09 12:00:00,T1176,High CPU,Medium
E03297,2026-01-21 06:00:00,T1335,High CPU,Low
E03298,2026-01-16 00:00:00,T1349,High CPU,Low
E03299,2026-01-20 00:00:00,T1453,High CPU,High
E03300,2026-01-13 12:00:00,T1120,High Latency,Low
E03301,2026-01-11 06:00:00,T1213,High Latency,High
E03302,2026-01-12 12:00:00,T1423,High CPU,Medium
E03303,2026-01-13 00:00:00,T1402,High CPU,Critical
E03304,2026-01-29 00:00:00,T1455,Connection Failure,High
E03305,2026-01-04 00:00:00,T1006,Call Drop,High
E03306,2026-01-22 06:00:00,T1421,Low Signal,Low
E03307,2026-01-13 12:00:00,T1319,Packet Loss,Medium
E03308,2026-01-21 06:00:00,T1186,Low Signal,Low
E03309,2026-01-16 06:00:00,T1311,Packet Loss,Low
E03310,2026-01-19 18:00:00,T1435,High Latency,High
E03311,2026-01-07 12:00:00,T1190,Packet Loss,High
E03312,2026-01-26 00:00:00,T1498,Call Drop,Low
E03313,2026-01-25 12:00:00,T1406,Connection Failure,Medium
E03314,2026-01-10 00:00:00,T1474,Traffic Spike,Medium
E03315,2026-01-16 00:00:00,T1305,Call Drop,Low
E03316,2026-01-29 12:00:00,T1282,Call Drop,Low
E03317,2026-01-22 18:00:00,T1049,High CPU,Medium
E03318,2026-01-23 12:00:00,T1083,High Latency,High
E03319,2026-01-25 18:00:00,T1456,Traffic Spike,Medium
E03320,2026-01-26 12:00:00,T1488,High Latency,Low
E03321,2026-01-19 06:00:00,T1327,Call Drop,Low
E03322,2026-01-21 00:00:00,T1050,Packet Loss,Medium
E03323,2026-01-19 00:00:00,T1397,Low Signal,Low
E03324,2026-01-13 18:00:00,T1393,Connection Failure,Medium
E03325,2026-01-28 12:00:00,T1319,Packet Loss,Low
E03326,2026-01-30 12:00:00,T1259,Low Signal,Medium
E03327,2026-01-13 00:00:00,T1499,Call Drop,Medium
E03328,2026-01-20 12:00:00,T1096,Packet Loss,Medium
E03329,2026-01-26 06:00:00,T1016,Call Drop,Medium
E03330,2026-01-18 12:00:00,T1403,Connection Failure,Medium
E03331,2026-01-20 00:00:00,T1102,Packet Loss,Low
E03332,2026-01-15 18:00:00,T1109,Packet Loss,Medium
E03333,2026-01-02 12:00:00,T1078,High CPU,Medium
E03334,2026-01-19 12:00:00,T1209,High CPU,Low
E03335,2026-01-02 18:00:00,T1354,Call Drop,Medium
E03336,2026-01-18 00:00:00,T1485,Traffic Spike,Low
E03337,2026-01-01 12:00:00,T1499,Low Signal,Medium
E03338,2026-01-09 00:00:00,T1473,Call Drop,Low
E03339,2026-01-18 00:00:00,T1036,Packet Loss,Medium
E03340,2026-01-13 00:00:00,T1363,Connection Failure,High
E03341,2026-01-02 12:00:00,T1001,High CPU,High
E03342,2026-01-24 00:00:00,T1155,Low Signal,High
E03343,2026-01-24 06:00:00,T1494,Low Signal,Low
E03344,2026-01-17 00:00:00,T1128,High Latency,High
E03345,2026-01-10 12:00:00,T1298,Packet Loss,Low
E03346,2026-01-08 18:00:00,T1452,Packet Loss,Low
E03347,2026-01-14 00:00:00,T1184,Call Drop,Low
E03348,2026-01-05 18:00:00,T1479,High Latency,Low
E03349,2026-01-02 06:00:00,T1430,Low Signal,Low
E03350,2026-01-05 12:00:00,T1170,High Latency,Low
E03351,2026-01-04 00:00:00,T1220,High Latency,High
E03352,2026-01-17 06:00:00,T1157,Packet Loss,Low
E03353,2026-01-02 18:00:00,T1360,Low Signal,Low
E03354,2026-01-05 18:00:00,T1387,Traffic Spike,Low
E03355,2026-01-13 18:00:00,T1063,Low Signal,Medium
E03356,2026-01-03 00:00:00,T1264,High Latency,Low
E03357,2026-01-23 06:00:00,T1084,Packet Loss,Critical
E03358,2026-01-04 18:00:00,T1011,Connection Failure,Medium
E03359,2026-01-11 12:00:00,T1195,Low Signal,Critical
E03360,2026-01-15 06:00:00,T1333,Packet Loss,Low
E03361,2026-01-21 06:00:00,T1372,Connection Failure,Medium
E03362,2026-01-10 06:00:00,T1050,Call Drop,Low
E03363,2026-01-06 06:00:00,T1456,Traffic Spike,Medium
E03364,2026-01-16 12:00:00,T1383,Low Signal,Medium
E03365,2026-01-11 06:00:00,T1028,High CPU,Medium
E03366,2026-01-24 00:00:00,T1440,Call Drop,Medium
E03367,2026-01-01 12:00:00,T1188,Packet Loss,Medium
E03368,2026-01-14 06:00:00,T1035,Connection Failure,Low
E03369,2026-01-15 18:00:00,T1487,Packet Loss,Low
E03370,2026-01-17 18:00:00,T1358,Packet Loss,Low
E03371,2026-01-30 00:00:00,T1488,High Latency,High
E03372,2026-01-19 00:00:00,T1190,Call Drop,Medium
E03373,2026-01-28 00:00:00,T1463,Call Drop,Low
E03374,2026-01-18 12:00:00,T1046,High CPU,Low
E03375,2026-01-26 12:00:00,T1499,Packet Loss,Medium
E03376,2026-01-08 12:00:00,T1131,Packet Loss,Low
E03377,2026-01-07 06:00:00,T1247,High CPU,Low
E03378,2026-01-25 18:00:00,T1135,Low Signal,Medium
E03379,2026-01-18 00:00:00,T1290,Low Signal,Low
E03380,2026-01-05 00:00:00,T1456,Low Signal,High
E03381,2026-01-13 12:00:00,T1088,Traffic Spike,Low
E03382,2026-01-08 12:00:00,T1331,Packet Loss,Low
E03383,2026-01-11 18:00:00,T1320,High CPU,Medium
E03384,2026-01-04 12:00:00,T1125,Call Drop,Critical
E03385,2026-01-13 06:00:00,T1442,Low Signal,Low
E03386,2026-01-07 00:00:00,T1031,Packet Loss,Low
E03387,2026-01-08 00:00:00,T1033,High Latency,Low
E03388,2026-01-03 12:00:00,T1107,Connection Failure,Low
E03389,2026-01-06 00:00:00,T1157,Call Drop,Low
E03390,2026-01-16 00:00:00,T1328,Traffic Spike,Low
E03391,2026-01-30 06:00:00,T1339,Low Signal,Low
E03392,2026-01-16 00:00:00,T1244,Low Signal,Low
E03393,2026-01-24 12:00:00,T1027,High CPU,Low
E03394,2026-01-30 18:00:00,T1318,High CPU,Medium
E03395,2026-01-17 18:00:00,T1494,Low Signal,Low
E03396,2026-01-22 18:00:00,T1206,Low Signal,Medium
E03397,2026-01-03 06:00:00,T1039,Call Drop,Low
E03398,2026-01-23 18:00:00,T1229,Traffic Spike,Low
E03399,2026-01-13 18:00:00,T1318,Packet Loss,Medium
E03400,2026-01-13 06:00:00,T1361,Packet Loss,Medium
E03401,2026-01-01 00:00:00,T1259,Connection Failure,Low
E03402,2026-01-20 12:00:00,T1054,Connection Failure,Low
E03403,2026-01-25 12:00:00,T1336,Low Signal,Low
E03404,2026-01-04 00:00:00,T1023,Packet Loss,High
E03405,2026-01-27 18:00:00,T1403,Traffic Spike,High
E03406,2026-01-24 12:00:00,T1004,Packet Loss,Low
E03407,2026-01-12 06:00:00,T1358,Packet Loss,Medium
E03408,2026-01-05 06:00:00,T1465,Traffic Spike,Medium
E03409,2026-01-10 06:00:00,T1413,Packet Loss,Low
E03410,2026-01-03 18:00:00,T1458,Connection Failure,Medium
E03411,2026-01-29 18:00:00,T1318,Call Drop,Medium
E03412,2026-01-29 18:00:00,T1466,High CPU,Low
E03413,2026-01-04 00:00:00,T1249,High CPU,Critical
E03414,2026-01-23 12:00:00,T1413,High Latency,Medium
E03415,2026-01-12 18:00:00,T1060,High CPU,High
E03416,2026-01-08 00:00:00,T1065,Packet Loss,Low
E03417,2026-01-21 12:00:00,T1164,High CPU,Low
E03418,2026-01-13 12:00:00,T1093,Packet Loss,Low
E03419,2026-01-06 12:00:00,T1445,Call Drop,Medium
E03420,2026-01-24 12:00:00,T1275,Low Signal,Low
E03421,2026-01-28 06:00:00,T1297,Connection Failure,Low
E03422,2026-01-15 18:00:00,T1143,Call Drop,High
E03423,2026-01-22 00:00:00,T1265,Call Drop,Medium
E03424,2026-01-21 00:00:00,T1235,High Latency,High
E03425,2026-01-28 18:00:00,T1419,High CPU,Low
E03426,2026-01-09 00:00:00,T1157,High Latency,Low
E03427,2026-01-27 12:00:00,T1249,Traffic Spike,Medium
E03428,2026-01-06 12:00:00,T1130,Call Drop,High
E03429,2026-01-20 06:00:00,T1226,Connection Failure,Low
E03430,2026-01-02 12:00:00,T1489,Call Drop,Medium
E03431,2026-01-26 18:00:00,T1203,High Latency,Low
E03432,2026-01-03 18:00:00,T1268,High Latency,Medium
E03433,2026-01-16 18:00:00,T1378,Low Signal,Low
E03434,2026-01-15 18:00:00,T1421,Call Drop,Medium
E03435,2026-01-17 12:00:00,T1224,Call Drop,Medium
E03436,2026-01-29 06:00:00,T1236,Low Signal,Critical
E03437,2026-01-21 00:00:00,T1328,Low Signal,Medium
E03438,2026-01-29 00:00:00,T1411,Call Drop,Low
E03439,2026-01-28 12:00:00,T1167,High Latency,High
E03440,2026-01-11 12:00:00,T1405,Low Signal,Medium
E03441,2026-01-12 12:00:00,T1324,Low Signal,Low
E03442,2026-01-21 00:00:00,T1233,Low Signal,Low
E03443,2026-01-24 00:00:00,T1401,Connection Failure,High
E03444,2026-01-02 12:00:00,T1328,Low Signal,Medium
E03445,2026-01-07 00:00:00,T1172,High Latency,Low
E03446,2026-01-04 12:00:00,T1100,High Latency,Low
E03447,2026-01-12 06:00:00,T1088,High Latency,Medium
E03448,2026-01-21 12:00:00,T1294,Connection Failure,Low
E03449,2026-01-09 00:00:00,T1065,Call Drop,Low
E03450,2026-01-21 06:00:00,T1403,Call Drop,High
E03451,2026-01-16 18:00:00,T1053,Call Drop,Medium
E03452,2026-01-14 12:00:00,T1181,Packet Loss,High
E03453,2026-01-10 06:00:00,T1206,Traffic Spike,High
E03454,2026-01-07 18:00:00,T1138,Call Drop,Low
E03455,2026-01-05 06:00:00,T1381,High Latency,Low
E03456,2026-01-09 00:00:00,T1026,High Latency,Low
E03457,2026-01-19 18:00:00,T1463,High Latency,Low
E03458,2026-01-11 06:00:00,T1192,Low Signal,Low
E03459,2026-01-29 00:00:00,T1424,Low Signal,Low
E03460,2026-01-14 00:00:00,T1236,High CPU,Low
E03461,2026-01-08 18:00:00,T1486,Packet Loss,Low
E03462,2026-01-19 06:00:00,T1028,Packet Loss,Critical
E03463,2026-01-19 12:00:00,T1376,Connection Failure,Medium
E03464,2026-01-07 06:00:00,T1318,High Latency,Low
E03465,2026-01-14 12:00:00,T1000,High Latency,Low
E03466,2026-01-13 00:00:00,T1290,Low Signal,Medium
E03467,2026-01-30 12:00:00,T1171,Call Drop,Medium
E03468,2026-01-07 18:00:00,T1064,Call Drop,Medium
E03469,2026-01-03 00:00:00,T1135,Low Signal,Low
E03470,2026-01-26 06:00:00,T1017,High Latency,Medium
E03471,2026-01-16 18:00:00,T1192,Low Signal,Low
E03472,2026-01-26 18:00:00,T1029,Packet Loss,Low
E03473,2026-01-04 12:00:00,T1095,High Latency,Medium
E03474,2026-01-15 12:00:00,T1425,High Latency,Medium
E03475,2026-01-19 06:00:00,T1242,High CPU,Low
E03476,2026-01-17 18:00:00,T1172,Call Drop,Low
E03477,2026-01-09 06:00:00,T1486,Call Drop,High
E03478,2026-01-02 18:00:00,T1091,Traffic Spike,Low
E03479,2026-01-07 00:00:00,T1146,Traffic Spike,Medium
E03480,2026-01-15 18:00:00,T1477,Packet Loss,Low
E03481,2026-01-15 12:00:00,T1287,High CPU,High
E03482,2026-01-28 12:00:00,T1305,High CPU,Medium
E03483,2026-01-13 18:00:00,T1375,Call Drop,Low
E03484,2026-01-13 00:00:00,T1372,High Latency,Low
E03485,2026-01-29 18:00:00,T1200,Low Signal,High
E03486,2026-01-07 00:00:00,T1230,High Latency,Low
E03487,2026-01-07 00:00:00,T1412,Low Signal,Low
E03488,2026-01-30 06:00:00,T1351,Packet Loss,Medium
E03489,2026-01-30 06:00:00,T1186,Packet Loss,Low
E03490,2026-01-11 00:00:00,T1252,Call Drop,Low
E03491,2026-01-26 00:00:00,T1268,Connection Failure,Medium
E03492,2026-01-06 12:00:00,T1322,Call Drop,Medium
E03493,2026-01-13 12:00:00,T1312,Connection Failure,Low
E03494,2026-01-04 06:00:00,T1432,Connection Failure,Low
E03495,2026-01-24 12:00:00,T1370,Call Drop,Medium
E03496,2026-01-15 06:00:00,T1066,Packet Loss,Medium
E03497,2026-01-16 00:00:00,T1292,Packet Loss,Low
E03498,2026-01-10 18:00:00,T1452,High Latency,Medium
E03499,2026-01-27 00:00:00,T1313,Call Drop,Low
E03500,2026-01-03 00:00:00,T1194,Packet Loss,Critical
E03501,2026-01-14 12:00:00,T1438,Call Drop,Low
E03502,2026-01-24 00:00:00,T1300,Traffic Spike,Medium
E03503,2026-01-16 18:00:00,T1101,Traffic Spike,Low
E03504,2026-01-22 18:00:00,T1316,Connection Failure,High
E03505,2026-01-11 00:00:00,T1016,Packet Loss,Low
E03506,2026-01-27 06:00:00,T1398,Packet Loss,High
E03507,2026-01-06 12:00:00,T1418,Connection Failure,Medium
E03508,2026-01-11 18:00:00,T1395,High Latency,Low
E03509,2026-01-29 12:00:00,T1389,Traffic Spike,Low
E03510,2026-01-19 00:00:00,T1299,Connection Failure,Low
E03511,2026-01-24 06:00:00,T1201,Packet Loss,High
E03512,2026-01-13 18:00:00,T1344,High CPU,Low
E03513,2026-01-03 18:00:00,T1059,High CPU,Low
E03514,2026-01-12 06:00:00,T1092,Low Signal,Low
E03515,2026-01-19 00:00:00,T1407,Connection Failure,Medium
E03516,2026-01-05 06:00:00,T1483,Packet Loss,High
E03517,2026-01-05 12:00:00,T1310,Packet Loss,Medium
E03518,2026-01-18 18:00:00,T1036,Call Drop,Medium
E03519,2026-01-30 18:00:00,T1244,High Latency,Low
E03520,2026-01-22 18:00:00,T1191,Packet Loss,Low
E03521,2026-01-28 12:00:00,T1132,Traffic Spike,Medium
E03522,2026-01-17 06:00:00,T1418,Connection Failure,Low
E03523,2026-01-19 06:00:00,T1255,Packet Loss,Critical
E03524,2026-01-02 06:00:00,T1144,Low Signal,High
E03525,2026-01-16 06:00:00,T1099,Connection Failure,High
E03526,2026-01-12 06:00:00,T1057,Traffic Spike,Low
E03527,2026-01-13 18:00:00,T1267,Low Signal,Medium
E03528,2026-01-01 18:00:00,T1277,High CPU,Low
E03529,2026-01-08 00:00:00,T1171,High Latency,Low
E03530,2026-01-05 18:00:00,T1415,Call Drop,Low
E03531,2026-01-23 18:00:00,T1103,Low Signal,High
E03532,2026-01-16 00:00:00,T1143,High CPU,Low
E03533,2026-01-08 06:00:00,T1018,Connection Failure,High
E03534,2026-01-05 00:00:00,T1135,Packet Loss,High
E03535,2026-01-15 06:00:00,T1147,Connection Failure,High
E03536,2026-01-19 06:00:00,T1116,Low Signal,Low
E03537,2026-01-24 12:00:00,T1208,Traffic Spike,Medium
E03538,2026-01-06 18:00:00,T1133,Traffic Spike,Low
E03539,2026-01-05 06:00:00,T1448,Low Signal,Medium
E03540,2026-01-13 06:00:00,T1126,Packet Loss,Medium
E03541,2026-01-22 18:00:00,T1015,Packet Loss,Medium
E03542,2026-01-03 12:00:00,T1263,High CPU,Medium
E03543,2026-01-30 18:00:00,T1322,High Latency,Medium
E03544,2026-01-19 00:00:00,T1013,High CPU,Medium
E03545,2026-01-02 12:00:00,T1370,High Latency,Medium
E03546,2026-01-13 06:00:00,T1118,Connection Failure,Low
E03547,2026-01-25 12:00:00,T1137,Call Drop,High
E03548,2026-01-16 12:00:00,T1095,High CPU,Low
E03549,2026-01-16 06:00:00,T1199,Traffic Spike,Low
E03550,2026-01-23 18:00:00,T1360,Packet Loss,Low
E03551,2026-01-04 12:00:00,T1075,Call Drop,Low
E03552,2026-01-02 00:00:00,T1163,Connection Failure,Medium
E03553,2026-01-07 06:00:00,T1296,High CPU,High
E03554,2026-01-09 12:00:00,T1226,High Latency,Low
E03555,2026-01-13 12:00:00,T1340,Traffic Spike,Medium
E03556,2026-01-26 00:00:00,T1399,Connection Failure,Low
E03557,2026-01-06 12:00:00,T1204,Traffic Spike,Medium
E03558,2026-01-29 00:00:00,T1166,Packet Loss,Low
E03559,2026-01-14 00:00:00,T1217,Low Signal,Critical
E03560,2026-01-15 12:00:00,T1423,Traffic Spike,Low
E03561,2026-01-13 18:00:00,T1294,Low Signal,Low
E03562,2026-01-16 00:00:00,T1491,Low Signal,Low
E03563,2026-01-07 06:00:00,T1043,Low Signal,Low
E03564,2026-01-07 00:00:00,T1079,High CPU,Medium
E03565,2026-01-09 18:00:00,T1275,Call Drop,High
E03566,2026-01-02 18:00:00,T1440,Packet Loss,Low
E03567,2026-01-22 12:00:00,T1355,Traffic Spike,Low
E03568,2026-01-15 18:00:00,T1193,Low Signal,High
E03569,2026-01-20 00:00:00,T1181,High CPU,Low
E03570,2026-01-14 18:00:00,T1422,Connection Failure,Low
E03571,2026-01-05 06:00:00,T1094,Connection Failure,Low
E03572,2026-01-19 12:00:00,T1156,Low Signal,Low
E03573,2026-01-08 18:00:00,T1148,Low Signal,Low
E03574,2026-01-07 12:00:00,T1137,Packet Loss,Low
E03575,2026-01-28 18:00:00,T1053,Packet Loss,Low
E03576,2026-01-16 18:00:00,T1061,Connection Failure,Medium
E03577,2026-01-29 12:00:00,T1362,Packet Loss,Low
E03578,2026-01-28 06:00:00,T1050,Low Signal,Low
E03579,2026-01-21 00:00:00,T1495,Traffic Spike,Medium
E03580,2026-01-27 18:00:00,T1302,Packet Loss,Critical
E03581,2026-01-22 00:00:00,T1047,Packet Loss,Low
E03582,2026-01-04 18:00:00,T1104,Call Drop,Low
E03583,2026-01-06 12:00:00,T1338,High CPU,Low
E03584,2026-01-11 00:00:00,T1286,High CPU,Medium
E03585,2026-01-06 18:00:00,T1120,High Latency,Low
E03586,2026-01-07 12:00:00,T1160,High Latency,Critical
E03587,2026-01-21 18:00:00,T1162,Low Signal,Low
E03588,2026-01-23 12:00:00,T1344,Packet Loss,Low
E03589,2026-01-03 00:00:00,T1225,Connection Failure,Low
E03590,2026-01-07 12:00:00,T1412,Call Drop,Low
E03591,2026-01-23 12:00:00,T1043,Traffic Spike,Low
E03592,2026-01-08 06:00:00,T1108,Call Drop,Low
E03593,2026-01-26 18:00:00,T1248,High CPU,Medium
E03594,2026-01-23 06:00:00,T1072,High Latency,Low
E03595,2026-01-05 12:00:00,T1276,Call Drop,Medium
E03596,2026-01-02 06:00:00,T1352,High CPU,High
E03597,2026-01-15 00:00:00,T1177,Low Signal,Medium
E03598,2026-01-22 00:00:00,T1293,Traffic Spike,Medium
E03599,2026-01-17 00:00:00,T1329,Connection Failure,Medium
E03600,2026-01-10 06:00:00,T1189,High Latency,High
E03601,2026-01-08 18:00:00,T1164,Call Drop,Low
E03602,2026-01-30 18:00:00,T1111,High Latency,Medium
E03603,2026-01-15 12:00:00,T1212,Traffic Spike,Low
E03604,2026-01-04 18:00:00,T1220,Traffic Spike,Low
E03605,2026-01-08 06:00:00,T1139,Connection Failure,Medium
E03606,2026-01-25 06:00:00,T1247,Connection Failure,Low
E03607,2026-01-16 12:00:00,T1065,Connection Failure,Low
E03608,2026-01-25 12:00:00,T1310,Packet Loss,High
E03609,2026-01-04 18:00:00,T1089,Traffic Spike,Medium
E03610,2026-01-20 12:00:00,T1392,Traffic Spike,Low
E03611,2026-01-13 18:00:00,T1351,Packet Loss,Critical
E03612,2026-01-15 06:00:00,T1218,Traffic Spike,Low
E03613,2026-01-18 18:00:00,T1045,Packet Loss,Medium
E03614,2026-01-20 00:00:00,T1033,Low Signal,Low
E03615,2026-01-18 18:00:00,T1227,Call Drop,Medium
E03616,2026-01-18 18:00:00,T1479,Low Signal,Low
E03617,2026-01-09 00:00:00,T1493,Traffic Spike,High
E03618,2026-01-27 06:00:00,T1311,Low Signal,Low
E03619,2026-01-29 00:00:00,T1126,Connection Failure,Critical
E03620,2026-01-26 00:00:00,T1167,Call Drop,Low
E03621,2026-01-14 00:00:00,T1052,Call Drop,Medium
E03622,2026-01-28 12:00:00,T1277,High Latency,Low
E03623,2026-01-15 06:00:00,T1446,Traffic Spike,Low
E03624,2026-01-10 12:00:00,T1172,Connection Failure,Low
E03625,2026-01-21 00:00:00,T1301,High CPU,Low
E03626,2026-01-05 12:00:00,T1132,Low Signal,Medium
E03627,2026-01-12 18:00:00,T1315,Packet Loss,Low
E03628,2026-01-02 06:00:00,T1374,High CPU,Low
E03629,2026-01-06 06:00:00,T1164,Packet Loss,Low
E03630,2026-01-05 18:00:00,T1107,Connection Failure,Medium
E03631,2026-01-27 12:00:00,T1457,Packet Loss,High
E03632,2026-01-23 12:00:00,T1274,High CPU,Medium
E03633,2026-01-20 18:00:00,T1446,Traffic Spike,Low
E03634,2026-01-17 12:00:00,T1126,High CPU,High
E03635,2026-01-26 06:00:00,T1360,Packet Loss,Low
E03636,2026-01-23 12:00:00,T1331,Packet Loss,Low
E03637,2026-01-07 18:00:00,T1208,Connection Failure,Low
E03638,2026-01-04 00:00:00,T1254,Connection Failure,High
E03639,2026-01-26 18:00:00,T1494,Call Drop,High
E03640,2026-01-21 12:00:00,T1494,High CPU,Medium
E03641,2026-01-07 12:00:00,T1177,Call Drop,High
E03642,2026-01-22 12:00:00,T1217,High CPU,Medium
E03643,2026-01-20 12:00:00,T1065,High CPU,Low
E03644,2026-01-26 00:00:00,T1400,High CPU,Medium
E03645,2026-01-23 06:00:00,T1236,High CPU,Low
E03646,2026-01-21 12:00:00,T1355,High Latency,Low
E03647,2026-01-23 12:00:00,T1104,Packet Loss,Low
E03648,2026-01-19 00:00:00,T1459,Call Drop,Low
E03649,2026-01-12 12:00:00,T1036,Call Drop,Medium
E03650,2026-01-02 18:00:00,T1447,Connection Failure,High
E03651,2026-01-10 06:00:00,T1075,High CPU,Critical
E03652,2026-01-16 12:00:00,T1184,High Latency,Low
E03653,2026-01-25 12:00:00,T1485,Packet Loss,Medium
E03654,2026-01-16 18:00:00,T1354,Traffic Spike,Low
E03655,2026-01-09 18:00:00,T1188,Connection Failure,Low
E03656,2026-01-26 06:00:00,T1416,High Latency,Critical
E03657,2026-01-22 18:00:00,T1404,High CPU,High
E03658,2026-01-11 00:00:00,T1250,Low Signal,Medium
E03659,2026-01-01 18:00:00,T1298,Low Signal,Medium
E03660,2026-01-27 00:00:00,T1392,High CPU,High
E03661,2026-01-16 06:00:00,T1011,Traffic Spike,Medium
E03662,2026-01-09 18:00:00,T1116,High Latency,Low
E03663,2026-01-09 00:00:00,T1021,Low Signal,Medium
E03664,2026-01-02 06:00:00,T1255,High CPU,Low
E03665,2026-01-19 06:00:00,T1026,Traffic Spike,Low
E03666,2026-01-23 06:00:00,T1387,High CPU,Low
E03667,2026-01-19 12:00:00,T1091,High Latency,Low
E03668,2026-01-03 12:00:00,T1376,Connection Failure,Low
E03669,2026-01-27 18:00:00,T1345,Packet Loss,Medium
E03670,2026-01-23 12:00:00,T1028,Call Drop,Low
E03671,2026-01-16 06:00:00,T1123,Low Signal,Medium
E03672,2026-01-20 18:00:00,T1129,Call Drop,Low
E03673,2026-01-10 12:00:00,T1394,Connection Failure,High
E03674,2026-01-10 06:00:00,T1144,Traffic Spike,Low
E03675,2026-01-07 06:00:00,T1100,Traffic Spike,High
E03676,2026-01-18 12:00:00,T1324,Low Signal,High
E03677,2026-01-03 00:00:00,T1175,Packet Loss,Medium
E03678,2026-01-07 00:00:00,T1287,High CPU,Low
E03679,2026-01-07 00:00:00,T1045,High Latency,Low
E03680,2026-01-13 12:00:00,T1025,Low Signal,High
E03681,2026-01-26 00:00:00,T1134,Packet Loss,Low
E03682,2026-01-19 06:00:00,T1381,Traffic Spike,Critical
E03683,2026-01-30 00:00:00,T1474,Connection Failure,Medium
E03684,2026-01-29 06:00:00,T1378,Packet Loss,Low
E03685,2026-01-21 06:00:00,T1351,Traffic Spike,Medium
E03686,2026-01-25 18:00:00,T1021,High Latency,Medium
E03687,2026-01-05 00:00:00,T1418,Low Signal,High
E03688,2026-01-03 18:00:00,T1081,Low Signal,Low
E03689,2026-01-22 06:00:00,T1222,High CPU,Low
E03690,2026-01-03 18:00:00,T1112,Connection Failure,Critical
E03691,2026-01-17 00:00:00,T1340,Low Signal,Low
E03692,2026-01-27 00:00:00,T1412,High CPU,High
E03693,2026-01-02 06:00:00,T1475,Traffic Spike,Low
E03694,2026-01-18 06:00:00,T1277,Connection Failure,Critical
E03695,2026-01-16 00:00:00,T1348,Traffic Spike,Medium
E03696,2026-01-27 12:00:00,T1408,Connection Failure,Medium
E03697,2026-01-08 12:00:00,T1162,Connection Failure,Low
E03698,2026-01-03 00:00:00,T1337,High CPU,Medium
E03699,2026-01-12 12:00:00,T1096,Traffic Spike,Low
E03700,2026-01-17 18:00:00,T1094,Packet Loss,Medium
E03701,2026-01-23 18:00:00,T1289,Packet Loss,Low
E03702,2026-01-22 06:00:00,T1008,Packet Loss,Medium
E03703,2026-01-20 06:00:00,T1134,High Latency,Low
E03704,2026-01-21 12:00:00,T1243,High CPU,Low
E03705,2026-01-01 00:00:00,T1164,High CPU,Medium
E03706,2026-01-07 12:00:00,T1335,Traffic Spike,Low
E03707,2026-01-29 18:00:00,T1266,High CPU,Low
E03708,2026-01-08 00:00:00,T1174,High Latency,Low
E03709,2026-01-16 06:00:00,T1367,Packet Loss,Low
E03710,2026-01-06 18:00:00,T1266,Connection Failure,Critical
E03711,2026-01-27 06:00:00,T1163,Traffic Spike,Low
E03712,2026-01-02 06:00:00,T1342,Low Signal,Low
E03713,2026-01-13 06:00:00,T1199,Packet Loss,Critical
E03714,2026-01-18 12:00:00,T1185,Low Signal,Low
E03715,2026-01-01 00:00:00,T1093,High Latency,Medium
E03716,2026-01-21 12:00:00,T1057,Low Signal,Low
E03717,2026-01-10 12:00:00,T1396,Connection Failure,Medium
E03718,2026-01-15 12:00:00,T1002,High Latency,Low
E03719,2026-01-24 18:00:00,T1408,High Latency,Critical
E03720,2026-01-05 06:00:00,T1347,High Latency,Medium
E03721,2026-01-15 12:00:00,T1231,High CPU,Medium
E03722,2026-01-12 12:00:00,T1068,Low Signal,High
E03723,2026-01-17 06:00:00,T1305,High CPU,Low
E03724,2026-01-07 06:00:00,T1492,High Latency,Medium
E03725,2026-01-24 00:00:00,T1054,Packet Loss,Medium
E03726,2026-01-17 00:00:00,T1067,High Latency,Critical
E03727,2026-01-25 18:00:00,T1465,Packet Loss,Medium
E03728,2026-01-27 18:00:00,T1418,Call Drop,Critical
E03729,2026-01-04 06:00:00,T1452,Connection Failure,Low
E03730,2026-01-21 00:00:00,T1028,Connection Failure,Medium
E03731,2026-01-25 06:00:00,T1218,Packet Loss,Medium
E03732,2026-01-06 06:00:00,T1407,Call Drop,Low
E03733,2026-01-14 18:00:00,T1198,Traffic Spike,Medium
E03734,2026-01-06 00:00:00,T1312,Packet Loss,Low
E03735,2026-01-06 00:00:00,T1213,Traffic Spike,Low
E03736,2026-01-12 12:00:00,T1155,High CPU,Low
E03737,2026-01-12 18:00:00,T1318,Call Drop,Low
E03738,2026-01-19 06:00:00,T1032,High CPU,High
E03739,2026-01-28 00:00:00,T1166,High CPU,High
E03740,2026-01-10 12:00:00,T1290,High Latency,Medium
E03741,2026-01-12 06:00:00,T1255,Traffic Spike,Low
E03742,2026-01-07 18:00:00,T1433,Traffic Spike,Medium
E03743,2026-01-27 06:00:00,T1363,Call Drop,Critical
E03744,2026-01-10 12:00:00,T1478,High CPU,Low
E03745,2026-01-16 18:00:00,T1159,Connection Failure,Medium
E03746,2026-01-22 12:00:00,T1460,Low Signal,Low
E03747,2026-01-01 12:00:00,T1370,High Latency,Medium
E03748,2026-01-12 00:00:00,T1441,Connection Failure,Low
E03749,2026-01-25 18:00:00,T1373,Call Drop,High
E03750,2026-01-04 12:00:00,T1034,High CPU,Medium
E03751,2026-01-20 06:00:00,T1160,Traffic Spike,Critical
E03752,2026-01-14 18:00:00,T1169,High Latency,Low
E03753,2026-01-14 12:00:00,T1084,Connection Failure,Critical
E03754,2026-01-20 12:00:00,T1255,High Latency,High
E03755,2026-01-02 12:00:00,T1279,Low Signal,Low
E03756,2026-01-01 18:00:00,T1429,Packet Loss,Medium
E03757,2026-01-27 06:00:00,T1400,High CPU,Low
E03758,2026-01-10 00:00:00,T1366,Connection Failure,Low
E03759,2026-01-11 00:00:00,T1237,Traffic Spike,Medium
E03760,2026-01-06 00:00:00,T1327,Low Signal,Medium
E03761,2026-01-11 06:00:00,T1092,High Latency,Low
E03762,2026-01-27 06:00:00,T1397,High CPU,Low
E03763,2026-01-27 12:00:00,T1297,Call Drop,Medium
E03764,2026-01-29 06:00:00,T1195,Connection Failure,Low
E03765,2026-01-24 00:00:00,T1165,Traffic Spike,Low
E03766,2026-01-09 18:00:00,T1237,Low Signal,Low
E03767,2026-01-04 06:00:00,T1343,Low Signal,Medium
E03768,2026-01-09 12:00:00,T1168,Traffic Spike,High
E03769,2026-01-08 12:00:00,T1306,Packet Loss,High
E03770,2026-01-08 12:00:00,T1443,High CPU,High
E03771,2026-01-19 00:00:00,T1150,Connection Failure,Medium
E03772,2026-01-12 12:00:00,T1114,Packet Loss,Low
E03773,2026-01-16 12:00:00,T1366,High Latency,Low
E03774,2026-01-19 00:00:00,T1003,High Latency,Medium
E03775,2026-01-22 12:00:00,T1254,Traffic Spike,Medium
E03776,2026-01-25 00:00:00,T1127,High Latency,Low
E03777,2026-01-20 18:00:00,T1457,Packet Loss,Low
E03778,2026-01-01 00:00:00,T1435,Traffic Spike,Low
E03779,2026-01-01 12:00:00,T1342,Low Signal,Critical
E03780,2026-01-20 18:00:00,T1164,Low Signal,High
E03781,2026-01-21 18:00:00,T1316,Low Signal,Critical
E03782,2026-01-01 12:00:00,T1031,High CPU,Low
E03783,2026-01-17 06:00:00,T1397,Call Drop,High
E03784,2026-01-12 12:00:00,T1148,Packet Loss,Low
E03785,2026-01-10 06:00:00,T1366,High Latency,Medium
E03786,2026-01-10 00:00:00,T1463,High CPU,Low
E03787,2026-01-30 18:00:00,T1321,Call Drop,Low
E03788,2026-01-27 18:00:00,T1018,High CPU,Low
E03789,2026-01-11 00:00:00,T1166,Low Signal,Low
E03790,2026-01-11 00:00:00,T1061,High CPU,Low
E03791,2026-01-15 12:00:00,T1104,Traffic Spike,Low
E03792,2026-01-01 18:00:00,T1238,Traffic Spike,Medium
E03793,2026-01-22 00:00:00,T1194,Traffic Spike,Medium
E03794,2026-01-30 18:00:00,T1047,High CPU,Low
E03795,2026-01-25 12:00:00,T1108,Traffic Spike,Low
E03796,2026-01-18 12:00:00,T1418,Traffic Spike,High
E03797,2026-01-13 12:00:00,T1104,Traffic Spike,Medium
E03798,2026-01-27 12:00:00,T1301,High CPU,Critical
E03799,2026-01-15 00:00:00,T1248,Low Signal,Low
E03800,2026-01-28 06:00:00,T1317,Packet Loss,Low
E03801,2026-01-22 00:00:00,T1429,Traffic Spike,Low
E03802,2026-01-22 12:00:00,T1288,High CPU,Low
E03803,2026-01-01 06:00:00,T1453,Connection Failure,Low
E03804,2026-01-01 06:00:00,T1009,Low Signal,Low
E03805,2026-01-03 06:00:00,T1416,High Latency,High
E03806,2026-01-28 12:00:00,T1390,Call Drop,Critical
E03807,2026-01-25 18:00:00,T1362,High CPU,Low
E03808,2026-01-25 18:00:00,T1487,Packet Loss,Medium
E03809,2026-01-09 06:00:00,T1307,High CPU,Low
E03810,2026-01-22 18:00:00,T1325,Packet Loss,Low
E03811,2026-01-19 12:00:00,T1183,High CPU,Medium
E03812,2026-01-24 18:00:00,T1124,Low Signal,Medium
E03813,2026-01-01 00:00:00,T1445,High CPU,Medium
E03814,2026-01-26 00:00:00,T1322,High Latency,Medium
E03815,2026-01-26 18:00:00,T1119,High CPU,Low
E03816,2026-01-30 06:00:00,T1342,Packet Loss,Low
E03817,2026-01-08 06:00:00,T1136,Call Drop,Low
E03818,2026-01-15 00:00:00,T1463,Low Signal,Low
E03819,2026-01-25 00:00:00,T1388,Packet Loss,Low
E03820,2026-01-25 18:00:00,T1248,Packet Loss,Low
E03821,2026-01-16 00:00:00,T1261,Traffic Spike,Medium
E03822,2026-01-07 06:00:00,T1035,Packet Loss,Medium
E03823,2026-01-17 06:00:00,T1425,Packet Loss,High
E03824,2026-01-10 12:00:00,T1156,Low Signal,High
E03825,2026-01-28 12:00:00,T1122,High Latency,Medium
E03826,2026-01-25 00:00:00,T1263,Connection Failure,High
E03827,2026-01-12 18:00:00,T1300,High Latency,High
E03828,2026-01-26 12:00:00,T1017,Packet Loss,Medium
E03829,2026-01-20 00:00:00,T1174,High Latency,Medium
E03830,2026-01-21 06:00:00,T1443,High CPU,Low
E03831,2026-01-09 00:00:00,T1068,Connection Failure,Low
E03832,2026-01-18 06:00:00,T1063,Traffic Spike,Medium
E03833,2026-01-08 18:00:00,T1048,Connection Failure,Medium
E03834,2026-01-09 00:00:00,T1107,Packet Loss,Critical
E03835,2026-01-02 12:00:00,T1464,Low Signal,Medium
E03836,2026-01-06 12:00:00,T1293,Low Signal,High
E03837,2026-01-16 06:00:00,T1046,Packet Loss,Low
E03838,2026-01-17 00:00:00,T1177,Packet Loss,Low
E03839,2026-01-25 06:00:00,T1083,High Latency,Low
E03840,2026-01-11 06:00:00,T1449,High CPU,Critical
E03841,2026-01-16 18:00:00,T1352,High CPU,Low
E03842,2026-01-13 06:00:00,T1147,High Latency,Low
E03843,2026-01-15 00:00:00,T1487,Low Signal,Low
E03844,2026-01-02 06:00:00,T1084,High Latency,High
E03845,2026-01-01 18:00:00,T1137,Traffic Spike,Medium
E03846,2026-01-14 12:00:00,T1193,Low Signal,Medium
E03847,2026-01-22 06:00:00,T1172,Connection Failure,Low
E03848,2026-01-05 00:00:00,T1294,Traffic Spike,Medium
E03849,2026-01-24 12:00:00,T1454,High Latency,Medium
E03850,2026-01-04 06:00:00,T1051,Call Drop,Low
E03851,2026-01-13 12:00:00,T1310,High Latency,Medium
E03852,2026-01-19 00:00:00,T1419,Traffic Spike,High
E03853,2026-01-17 12:00:00,T1146,Call Drop,Low
E03854,2026-01-24 12:00:00,T1466,Low Signal,Medium
E03855,2026-01-12 12:00:00,T1072,Connection Failure,High
E03856,2026-01-29 00:00:00,T1337,Call Drop,Low
E03857,2026-01-27 12:00:00,T1402,Packet Loss,Medium
E03858,2026-01-27 12:00:00,T1229,Connection Failure,Low
E03859,2026-01-19 00:00:00,T1131,Call Drop,High
E03860,2026-01-04 12:00:00,T1166,Call Drop,Low
E03861,2026-01-23 12:00:00,T1215,Connection Failure,Low
E03862,2026-01-26 12:00:00,T1034,Low Signal,Low
E03863,2026-01-05 18:00:00,T1162,Call Drop,Low
E03864,2026-01-01 06:00:00,T1442,High Latency,Low
E03865,2026-01-16 12:00:00,T1042,Packet Loss,Low
E03866,2026-01-20 00:00:00,T1480,Packet Loss,Medium
E03867,2026-01-20 18:00:00,T1359,Call Drop,Low
E03868,2026-01-20 06:00:00,T1112,Connection Failure,Low
E03869,2026-01-05 18:00:00,T1458,Low Signal,Low
E03870,2026-01-09 06:00:00,T1185,Packet Loss,Low
E03871,2026-01-11 00:00:00,T1084,Low Signal,Low
E03872,2026-01-22 06:00:00,T1269,Call Drop,Medium
E03873,2026-01-10 18:00:00,T1095,Packet Loss,Low
E03874,2026-01-28 18:00:00,T1499,Packet Loss,Low
E03875,2026-01-30 00:00:00,T1152,High CPU,Low
E03876,2026-01-27 18:00:00,T1110,High Latency,High
E03877,2026-01-28 18:00:00,T1026,Packet Loss,Low
E03878,2026-01-30 18:00:00,T1305,Connection Failure,Low
E03879,2026-01-12 06:00:00,T1489,High Latency,Critical
E03880,2026-01-11 06:00:00,T1271,Low Signal,Low
E03881,2026-01-22 06:00:00,T1182,Connection Failure,High
E03882,2026-01-03 12:00:00,T1081,Traffic Spike,Critical
E03883,2026-01-12 00:00:00,T1392,Low Signal,Low
E03884,2026-01-12 00:00:00,T1267,High CPU,Low
E03885,2026-01-26 12:00:00,T1051,Packet Loss,Medium
E03886,2026-01-27 06:00:00,T1254,Call Drop,Low
E03887,2026-01-01 18:00:00,T1328,Call Drop,Low
E03888,2026-01-30 12:00:00,T1336,Call Drop,Low
E03889,2026-01-07 06:00:00,T1158,Call Drop,Medium
E03890,2026-01-23 00:00:00,T1232,Traffic Spike,Medium
E03891,2026-01-21 00:00:00,T1065,Call Drop,Low
E03892,2026-01-28 06:00:00,T1473,Packet Loss,Low
E03893,2026-01-25 06:00:00,T1141,Traffic Spike,Medium
E03894,2026-01-27 00:00:00,T1395,Traffic Spike,Low
E03895,2026-01-03 18:00:00,T1330,Packet Loss,Low
E03896,2026-01-08 06:00:00,T1098,Call Drop,Medium
E03897,2026-01-22 18:00:00,T1001,Traffic Spike,Critical
E03898,2026-01-09 18:00:00,T1156,High CPU,Low
E03899,2026-01-24 00:00:00,T1293,Connection Failure,Low
E03900,2026-01-03 06:00:00,T1069,Call Drop,Low
E03901,2026-01-18 18:00:00,T1415,High CPU,Critical
E03902,2026-01-05 12:00:00,T1025,Traffic Spike,Low
E03903,2026-01-27 06:00:00,T1257,Connection Failure,Medium
E03904,2026-01-10 12:00:00,T1143,Packet Loss,Critical
E03905,2026-01-13 00:00:00,T1225,Call Drop,Low
E03906,2026-01-18 06:00:00,T1463,High Latency,Low
E03907,2026-01-19 18:00:00,T1396,Connection Failure,Medium
E03908,2026-01-04 18:00:00,T1182,Connection Failure,Low
E03909,2026-01-02 00:00:00,T1468,High CPU,Low
E03910,2026-01-09 12:00:00,T1190,High Latency,Medium
E03911,2026-01-15 18:00:00,T1238,High Latency,Low
E03912,2026-01-05 06:00:00,T1443,High Latency,Low
E03913,2026-01-27 18:00:00,T1173,Call Drop,Low
E03914,2026-01-01 06:00:00,T1017,Connection Failure,High
E03915,2026-01-18 12:00:00,T1384,Connection Failure,High
E03916,2026-01-19 18:00:00,T1122,Low Signal,Low
E03917,2026-01-28 18:00:00,T1138,Low Signal,High
E03918,2026-01-24 12:00:00,T1046,Traffic Spike,High
E03919,2026-01-03 18:00:00,T1257,Packet Loss,High
E03920,2026-01-06 00:00:00,T1474,Packet Loss,Medium
E03921,2026-01-18 06:00:00,T1039,Packet Loss,Low
E03922,2026-01-16 06:00:00,T1436,Call Drop,High
E03923,2026-01-05 00:00:00,T1047,Low Signal,High
E03924,2026-01-25 00:00:00,T1488,High Latency,Low
E03925,2026-01-08 18:00:00,T1078,High Latency,Low
E03926,2026-01-26 18:00:00,T1196,Low Signal,Low
E03927,2026-01-30 06:00:00,T1370,Low Signal,Low
E03928,2026-01-05 06:00:00,T1442,Call Drop,Low
E03929,2026-01-26 18:00:00,T1455,Call Drop,Critical
E03930,2026-01-23 12:00:00,T1386,Connection Failure,Low
E03931,2026-01-03 18:00:00,T1415,High CPU,Low
E03932,2026-01-12 00:00:00,T1189,Packet Loss,Low
E03933,2026-01-12 12:00:00,T1115,Packet Loss,High
E03934,2026-01-15 06:00:00,T1104,Call Drop,Low
E03935,2026-01-28 18:00:00,T1231,Low Signal,High
E03936,2026-01-14 18:00:00,T1085,Connection Failure,Low
E03937,2026-01-21 18:00:00,T1155,High CPU,Low
E03938,2026-01-12 12:00:00,T1412,Packet Loss,Medium
E03939,2026-01-24 06:00:00,T1150,Low Signal,Low
E03940,2026-01-26 18:00:00,T1305,Call Drop,Critical
E03941,2026-01-12 12:00:00,T1075,High CPU,Low
E03942,2026-01-13 12:00:00,T1026,Packet Loss,Low
E03943,2026-01-27 18:00:00,T1316,High Latency,Medium
E03944,2026-01-10 18:00:00,T1096,Packet Loss,Low
E03945,2026-01-02 00:00:00,T1219,Call Drop,Low
E03946,2026-01-08 12:00:00,T1175,Packet Loss,High
E03947,2026-01-25 12:00:00,T1049,Call Drop,High
E03948,2026-01-01 00:00:00,T1130,Call Drop,Low
E03949,2026-01-09 06:00:00,T1379,Traffic Spike,Medium
E03950,2026-01-26 00:00:00,T1312,Low Signal,Medium
E03951,2026-01-18 00:00:00,T1428,High CPU,High
E03952,2026-01-11 12:00:00,T1123,Call Drop,Critical
E03953,2026-01-08 18:00:00,T1330,Call Drop,Low
E03954,2026-01-18 18:00:00,T1324,Call Drop,Medium
E03955,2026-01-19 18:00:00,T1229,Call Drop,Low
E03956,2026-01-10 06:00:00,T1375,Low Signal,Medium
E03957,2026-01-24 12:00:00,T1029,Packet Loss,Low
E03958,2026-01-26 18:00:00,T1085,Call Drop,Low
E03959,2026-01-19 18:00:00,T1130,Low Signal,Medium
E03960,2026-01-26 18:00:00,T1031,High CPU,High
E03961,2026-01-14 18:00:00,T1447,Packet Loss,Medium
E03962,2026-01-02 00:00:00,T1119,Call Drop,Medium
E03963,2026-01-28 18:00:00,T1278,Connection Failure,Medium
E03964,2026-01-30 12:00:00,T1398,Call Drop,Low
E03965,2026-01-29 06:00:00,T1433,Low Signal,High
E03966,2026-01-26 12:00:00,T1081,Connection Failure,Low
E03967,2026-01-23 06:00:00,T1330,Connection Failure,Low
E03968,2026-01-15 00:00:00,T1110,High Latency,High
E03969,2026-01-05 12:00:00,T1370,Traffic Spike,Medium
E03970,2026-01-07 12:00:00,T1197,High Latency,High
E03971,2026-01-28 18:00:00,T1286,Call Drop,Low
E03972,2026-01-07 06:00:00,T1187,High Latency,Medium
E03973,2026-01-13 00:00:00,T1125,Packet Loss,Medium
E03974,2026-01-03 12:00:00,T1010,Call Drop,High
E03975,2026-01-26 00:00:00,T1140,High CPU,Critical
E03976,2026-01-23 12:00:00,T1080,High Latency,Medium
E03977,2026-01-14 18:00:00,T1108,Call Drop,Medium
E03978,2026-01-13 06:00:00,T1007,Packet Loss,Medium
E03979,2026-01-25 12:00:00,T1395,High Latency,Low
E03980,2026-01-15 00:00:00,T1046,Traffic Spike,Low
E03981,2026-01-25 06:00:00,T1017,Low Signal,Low
E03982,2026-01-15 00:00:00,T1316,High CPU,Low
E03983,2026-01-15 00:00:00,T1426,High CPU,Low
E03984,2026-01-23 06:00:00,T1409,Connection Failure,Low
E03985,2026-01-04 18:00:00,T1326,Traffic Spike,Medium
E03986,2026-01-15 12:00:00,T1073,High CPU,Low
E03987,2026-01-14 00:00:00,T1158,High Latency,Low
E03988,2026-01-13 18:00:00,T1496,Connection Failure,Low
E03989,2026-01-20 18:00:00,T1000,High Latency,Low
E03990,2026-01-05 12:00:00,T1110,Low Signal,Medium
E03991,2026-01-13 18:00:00,T1400,Low Signal,High
E03992,2026-01-01 18:00:00,T1278,High Latency,Low
E03993,2026-01-11 06:00:00,T1466,Traffic Spike,Low
E03994,2026-01-16 00:00:00,T1003,Traffic Spike,Low
E03995,2026-01-30 06:00:00,T1003,Traffic Spike,Low
E03996,2026-01-04 06:00:00,T1371,Low Signal,Low
E03997,2026-01-07 00:00:00,T1424,Call Drop,Low
E03998,2026-01-02 00:00:00,T1381,Traffic Spike,Low
E03999,2026-01-29 00:00:00,T1468,Low Signal,Low
E04000,2026-01-26 12:00:00,T1100,Low Signal,Medium
E04001,2026-01-26 18:00:00,T1002,Connection Failure,Low
E04002,2026-01-29 18:00:00,T1265,Traffic Spike,Low
E04003,2026-01-04 12:00:00,T1429,High CPU,Low
E04004,2026-01-26 18:00:00,T1041,Packet Loss,High
E04005,2026-01-05 06:00:00,T1286,Call Drop,Low
E04006,2026-01-09 06:00:00,T1195,High CPU,High
E04007,2026-01-21 18:00:00,T1259,High Latency,Low
E04008,2026-01-04 00:00:00,T1074,Traffic Spike,Low
E04009,2026-01-26 06:00:00,T1444,Traffic Spike,Low
E04010,2026-01-10 18:00:00,T1437,Call Drop,Low
E04011,2026-01-06 12:00:00,T1497,Low Signal,Low
E04012,2026-01-03 06:00:00,T1366,Call Drop,High
E04013,2026-01-21 00:00:00,T1134,Call Drop,Medium
E04014,2026-01-12 12:00:00,T1485,High Latency,Critical
E04015,2026-01-10 06:00:00,T1087,Call Drop,Medium
E04016,2026-01-14 06:00:00,T1070,Packet Loss,Critical
E04017,2026-01-08 00:00:00,T1091,Low Signal,Low
E04018,2026-01-10 18:00:00,T1164,Connection Failure,High
E04019,2026-01-22 06:00:00,T1432,Packet Loss,Low
E04020,2026-01-13 00:00:00,T1008,Low Signal,Low
E04021,2026-01-21 06:00:00,T1410,High Latency,Low
E04022,2026-01-17 18:00:00,T1398,Connection Failure,Low
E04023,2026-01-26 18:00:00,T1374,Call Drop,Low
E04024,2026-01-06 06:00:00,T1452,High CPU,Medium
E04025,2026-01-01 18:00:00,T1283,Packet Loss,Medium
E04026,2026-01-30 12:00:00,T1022,High CPU,Low
E04027,2026-01-23 18:00:00,T1016,Connection Failure,Low
E04028,2026-01-25 18:00:00,T1229,Packet Loss,Medium
E04029,2026-01-21 06:00:00,T1016,Traffic Spike,Medium
E04030,2026-01-14 12:00:00,T1434,Traffic Spike,Medium
E04031,2026-01-30 00:00:00,T1035,Call Drop,Medium
E04032,2026-01-04 18:00:00,T1252,Call Drop,High
E04033,2026-01-11 12:00:00,T1304,Traffic Spike,Critical
E04034,2026-01-17 12:00:00,T1326,Low Signal,Low
E04035,2026-01-12 18:00:00,T1208,Connection Failure,Medium
E04036,2026-01-08 18:00:00,T1060,High Latency,Low
E04037,2026-01-06 18:00:00,T1130,High CPU,Medium
E04038,2026-01-21 06:00:00,T1108,High CPU,High
E04039,2026-01-25 06:00:00,T1237,Packet Loss,High
E04040,2026-01-06 18:00:00,T1397,Traffic Spike,Low
E04041,2026-01-11 12:00:00,T1491,Traffic Spike,Medium
E04042,2026-01-10 06:00:00,T1323,Connection Failure,High
E04043,2026-01-20 12:00:00,T1393,Connection Failure,Medium
E04044,2026-01-21 12:00:00,T1175,Low Signal,Low
E04045,2026-01-24 00:00:00,T1456,Low Signal,Low
E04046,2026-01-04 12:00:00,T1329,Packet Loss,Low
E04047,2026-01-25 12:00:00,T1167,Call Drop,High
E04048,2026-01-18 06:00:00,T1103,Packet Loss,Low
E04049,2026-01-10 12:00:00,T1127,Low Signal,Low
E04050,2026-01-13 18:00:00,T1178,High CPU,High
E04051,2026-01-25 18:00:00,T1067,Traffic Spike,Low
E04052,2026-01-22 12:00:00,T1247,Call Drop,Medium
E04053,2026-01-05 00:00:00,T1324,Traffic Spike,Critical
E04054,2026-01-23 00:00:00,T1430,High Latency,Low
E04055,2026-01-21 18:00:00,T1414,Low Signal,Low
E04056,2026-01-20 00:00:00,T1405,Call Drop,Medium
E04057,2026-01-01 00:00:00,T1246,Call Drop,High
E04058,2026-01-30 00:00:00,T1058,Call Drop,Medium
E04059,2026-01-04 18:00:00,T1270,Traffic Spike,Low
E04060,2026-01-12 06:00:00,T1035,High CPU,Low
E04061,2026-01-03 00:00:00,T1280,Call Drop,Medium
E04062,2026-01-24 18:00:00,T1448,Call Drop,Low
E04063,2026-01-03 18:00:00,T1397,Packet Loss,High
E04064,2026-01-29 12:00:00,T1229,High Latency,Low
E04065,2026-01-27 06:00:00,T1224,High Latency,High
E04066,2026-01-03 00:00:00,T1189,Low Signal,High
E04067,2026-01-27 00:00:00,T1285,High Latency,Low
E04068,2026-01-28 12:00:00,T1296,Call Drop,Low
E04069,2026-01-05 18:00:00,T1018,Connection Failure,Low
E04070,2026-01-01 18:00:00,T1384,Call Drop,Low
E04071,2026-01-05 18:00:00,T1148,Low Signal,Low
E04072,2026-01-18 00:00:00,T1096,Traffic Spike,Medium
E04073,2026-01-13 06:00:00,T1088,Packet Loss,High
E04074,2026-01-15 18:00:00,T1414,Low Signal,Low
E04075,2026-01-04 00:00:00,T1328,Call Drop,Low
E04076,2026-01-02 18:00:00,T1382,Call Drop,Low
E04077,2026-01-17 18:00:00,T1305,High Latency,Low
E04078,2026-01-28 06:00:00,T1136,Connection Failure,Medium
E04079,2026-01-05 06:00:00,T1149,High Latency,Medium
E04080,2026-01-26 12:00:00,T1343,Low Signal,Low
E04081,2026-01-10 06:00:00,T1057,High CPU,Medium
E04082,2026-01-29 00:00:00,T1426,Connection Failure,Low
E04083,2026-01-24 06:00:00,T1362,Low Signal,Medium
E04084,2026-01-27 12:00:00,T1304,Call Drop,High
E04085,2026-01-18 12:00:00,T1182,Low Signal,Low
E04086,2026-01-18 12:00:00,T1126,Connection Failure,High
E04087,2026-01-26 18:00:00,T1068,Traffic Spike,High
E04088,2026-01-10 12:00:00,T1333,Traffic Spike,Medium
E04089,2026-01-19 06:00:00,T1467,Packet Loss,High
E04090,2026-01-11 12:00:00,T1147,Low Signal,Low
E04091,2026-01-21 12:00:00,T1372,Packet Loss,Low
E04092,2026-01-04 12:00:00,T1004,Low Signal,Medium
E04093,2026-01-04 00:00:00,T1204,Traffic Spike,High
E04094,2026-01-15 12:00:00,T1242,Traffic Spike,Low
E04095,2026-01-19 00:00:00,T1106,Low Signal,Low
E04096,2026-01-20 18:00:00,T1360,Connection Failure,High
E04097,2026-01-24 18:00:00,T1499,High CPU,Low
E04098,2026-01-07 06:00:00,T1401,High CPU,Low
E04099,2026-01-30 00:00:00,T1123,High Latency,Medium
E04100,2026-01-29 06:00:00,T1321,Low Signal,Low
E04101,2026-01-07 12:00:00,T1179,Traffic Spike,Medium
E04102,2026-01-21 12:00:00,T1443,Connection Failure,Medium
E04103,2026-01-27 18:00:00,T1232,Low Signal,Medium
E04104,2026-01-06 12:00:00,T1054,Packet Loss,Low
E04105,2026-01-24 18:00:00,T1271,Traffic Spike,Low
E04106,2026-01-04 00:00:00,T1113,High Latency,Low
E04107,2026-01-16 06:00:00,T1062,Low Signal,Low
E04108,2026-01-07 18:00:00,T1285,Packet Loss,High
E04109,2026-01-19 06:00:00,T1426,High Latency,Low
E04110,2026-01-14 12:00:00,T1173,Call Drop,Low
E04111,2026-01-29 18:00:00,T1253,High Latency,Low
E04112,2026-01-08 12:00:00,T1035,Low Signal,High
E04113,2026-01-12 00:00:00,T1110,High Latency,High
E04114,2026-01-27 12:00:00,T1401,High CPU,High
E04115,2026-01-06 12:00:00,T1397,Connection Failure,Low
E04116,2026-01-16 06:00:00,T1465,High CPU,Low
E04117,2026-01-07 06:00:00,T1143,Traffic Spike,Low
E04118,2026-01-25 06:00:00,T1042,High Latency,Medium
E04119,2026-01-05 18:00:00,T1315,Low Signal,Medium
E04120,2026-01-23 18:00:00,T1369,High CPU,Low
E04121,2026-01-23 18:00:00,T1341,Connection Failure,Low
E04122,2026-01-08 18:00:00,T1161,Low Signal,Low
E04123,2026-01-02 18:00:00,T1070,Traffic Spike,High
E04124,2026-01-12 00:00:00,T1483,Traffic Spike,Low
E04125,2026-01-19 00:00:00,T1315,Low Signal,High
E04126,2026-01-24 12:00:00,T1065,Traffic Spike,Medium
E04127,2026-01-11 12:00:00,T1265,Call Drop,Low
E04128,2026-01-27 06:00:00,T1146,Packet Loss,Low
E04129,2026-01-03 00:00:00,T1463,Call Drop,Low
E04130,2026-01-23 12:00:00,T1326,Call Drop,Critical
E04131,2026-01-13 06:00:00,T1087,High Latency,Medium
E04132,2026-01-23 00:00:00,T1201,Low Signal,Low
E04133,2026-01-08 06:00:00,T1209,Packet Loss,Medium
E04134,2026-01-04 12:00:00,T1378,Traffic Spike,Low
E04135,2026-01-22 00:00:00,T1304,Connection Failure,High
E04136,2026-01-03 06:00:00,T1204,Low Signal,High
E04137,2026-01-15 06:00:00,T1428,Traffic Spike,Medium
E04138,2026-01-15 00:00:00,T1488,Low Signal,Medium
E04139,2026-01-10 12:00:00,T1261,Call Drop,Low
E04140,2026-01-07 00:00:00,T1445,High Latency,Low
E04141,2026-01-26 12:00:00,T1149,Traffic Spike,Medium
E04142,2026-01-15 18:00:00,T1459,Connection Failure,High
E04143,2026-01-21 12:00:00,T1062,Connection Failure,High
E04144,2026-01-27 12:00:00,T1383,Traffic Spike,Low
E04145,2026-01-04 18:00:00,T1107,Packet Loss,Low
E04146,2026-01-29 12:00:00,T1089,Packet Loss,High
E04147,2026-01-29 06:00:00,T1487,Low Signal,Low
E04148,2026-01-11 18:00:00,T1020,Low Signal,Low
E04149,2026-01-17 18:00:00,T1352,Connection Failure,High
E04150,2026-01-02 06:00:00,T1232,Traffic Spike,High
E04151,2026-01-01 18:00:00,T1172,Low Signal,Critical
E04152,2026-01-14 00:00:00,T1218,Connection Failure,Medium
E04153,2026-01-12 00:00:00,T1344,High CPU,High
E04154,2026-01-05 18:00:00,T1364,High Latency,High
E04155,2026-01-17 18:00:00,T1215,Call Drop,Low
E04156,2026-01-24 06:00:00,T1433,Packet Loss,Low
E04157,2026-01-16 12:00:00,T1130,Traffic Spike,Low
E04158,2026-01-09 00:00:00,T1363,Packet Loss,Medium
E04159,2026-01-22 12:00:00,T1007,Packet Loss,Medium
E04160,2026-01-10 06:00:00,T1266,Call Drop,Medium
E04161,2026-01-13 00:00:00,T1395,High Latency,Low
E04162,2026-01-18 06:00:00,T1034,High Latency,High
E04163,2026-01-04 18:00:00,T1249,Low Signal,Low
E04164,2026-01-18 00:00:00,T1454,High CPU,Low
E04165,2026-01-19 06:00:00,T1346,Connection Failure,Low
E04166,2026-01-17 06:00:00,T1048,High CPU,High
E04167,2026-01-20 18:00:00,T1054,High CPU,Low
E04168,2026-01-11 00:00:00,T1211,High Latency,High
E04169,2026-01-03 18:00:00,T1489,Low Signal,Low
E04170,2026-01-24 00:00:00,T1215,High Latency,Medium
E04171,2026-01-17 18:00:00,T1494,Low Signal,Low
E04172,2026-01-11 06:00:00,T1431,Packet Loss,Low
E04173,2026-01-20 00:00:00,T1156,Call Drop,Low
E04174,2026-01-20 06:00:00,T1265,Packet Loss,Medium
E04175,2026-01-26 18:00:00,T1464,Traffic Spike,Low
E04176,2026-01-24 00:00:00,T1406,Connection Failure,High
E04177,2026-01-03 06:00:00,T1102,High Latency,High
E04178,2026-01-26 18:00:00,T1393,Call Drop,Medium
E04179,2026-01-08 12:00:00,T1059,Packet Loss,Medium
E04180,2026-01-24 18:00:00,T1406,Low Signal,Critical
E04181,2026-01-06 12:00:00,T1409,Call Drop,Medium
E04182,2026-01-16 18:00:00,T1487,Low Signal,Low
E04183,2026-01-28 06:00:00,T1047,Call Drop,Low
E04184,2026-01-14 12:00:00,T1449,High Latency,Low
E04185,2026-01-04 18:00:00,T1305,Packet Loss,Low
E04186,2026-01-11 12:00:00,T1392,High CPU,Medium
E04187,2026-01-06 00:00:00,T1211,Traffic Spike,Medium
E04188,2026-01-07 12:00:00,T1483,High Latency,Low
E04189,2026-01-01 06:00:00,T1170,Packet Loss,Low
E04190,2026-01-23 18:00:00,T1006,Call Drop,Critical
E04191,2026-01-28 18:00:00,T1212,Call Drop,Low
E04192,2026-01-24 12:00:00,T1330,Connection Failure,Medium
E04193,2026-01-23 12:00:00,T1155,High CPU,Low
E04194,2026-01-28 18:00:00,T1263,Packet Loss,Medium
E04195,2026-01-22 06:00:00,T1285,High Latency,Medium
E04196,2026-01-11 12:00:00,T1457,High CPU,Medium
E04197,2026-01-16 12:00:00,T1250,Traffic Spike,Low
E04198,2026-01-12 00:00:00,T1398,Packet Loss,Medium
E04199,2026-01-03 06:00:00,T1174,Call Drop,Medium
E04200,2026-01-12 00:00:00,T1194,High CPU,Medium
E04201,2026-01-11 18:00:00,T1212,High CPU,Medium
E04202,2026-01-23 06:00:00,T1219,High CPU,Low
E04203,2026-01-10 18:00:00,T1136,Connection Failure,Low
E04204,2026-01-03 06:00:00,T1157,Call Drop,Medium
E04205,2026-01-26 06:00:00,T1328,Call Drop,High
E04206,2026-01-01 18:00:00,T1044,Call Drop,Medium
E04207,2026-01-29 06:00:00,T1423,High CPU,Medium
E04208,2026-01-20 18:00:00,T1498,Connection Failure,High
E04209,2026-01-14 06:00:00,T1187,Low Signal,Medium
E04210,2026-01-14 18:00:00,T1448,Low Signal,Low
E04211,2026-01-29 06:00:00,T1120,Packet Loss,Critical
E04212,2026-01-28 18:00:00,T1225,Connection Failure,Low
E04213,2026-01-04 00:00:00,T1433,Traffic Spike,Medium
E04214,2026-01-18 12:00:00,T1350,Packet Loss,Medium
E04215,2026-01-04 00:00:00,T1461,High CPU,Low
E04216,2026-01-02 00:00:00,T1360,Packet Loss,Medium
E04217,2026-01-09 00:00:00,T1468,High CPU,Medium
E04218,2026-01-24 06:00:00,T1171,Connection Failure,Medium
E04219,2026-01-30 18:00:00,T1058,Packet Loss,Medium
E04220,2026-01-05 00:00:00,T1471,Packet Loss,Low
E04221,2026-01-14 18:00:00,T1005,Connection Failure,Low
E04222,2026-01-23 12:00:00,T1223,High Latency,High
E04223,2026-01-30 12:00:00,T1256,Connection Failure,Medium
E04224,2026-01-16 18:00:00,T1260,High CPU,Medium
E04225,2026-01-12 18:00:00,T1155,High CPU,Medium
E04226,2026-01-15 18:00:00,T1182,High Latency,Low
E04227,2026-01-20 00:00:00,T1447,Connection Failure,High
E04228,2026-01-27 12:00:00,T1308,Connection Failure,Low
E04229,2026-01-20 00:00:00,T1444,Connection Failure,Medium
E04230,2026-01-06 06:00:00,T1464,Low Signal,Medium
E04231,2026-01-12 00:00:00,T1411,High Latency,Medium
E04232,2026-01-28 06:00:00,T1332,Packet Loss,Medium
E04233,2026-01-17 18:00:00,T1343,Connection Failure,Medium
E04234,2026-01-18 12:00:00,T1217,Packet Loss,Low
E04235,2026-01-06 18:00:00,T1117,Traffic Spike,Low
E04236,2026-01-08 00:00:00,T1328,Call Drop,High
E04237,2026-01-04 00:00:00,T1133,Call Drop,Medium
E04238,2026-01-24 18:00:00,T1020,Connection Failure,Low
E04239,2026-01-26 06:00:00,T1048,Packet Loss,Low
E04240,2026-01-19 12:00:00,T1429,High CPU,Low
E04241,2026-01-02 06:00:00,T1223,Low Signal,Critical
E04242,2026-01-19 18:00:00,T1385,Traffic Spike,Medium
E04243,2026-01-18 12:00:00,T1015,Traffic Spike,Critical
E04244,2026-01-22 06:00:00,T1323,Traffic Spike,Medium
E04245,2026-01-02 12:00:00,T1244,Traffic Spike,Low
E04246,2026-01-14 18:00:00,T1267,Connection Failure,Low
E04247,2026-01-25 18:00:00,T1355,Connection Failure,Low
E04248,2026-01-04 06:00:00,T1077,Call Drop,Low
E04249,2026-01-13 00:00:00,T1164,Call Drop,Medium
E04250,2026-01-04 12:00:00,T1435,Low Signal,Low
E04251,2026-01-30 06:00:00,T1340,Low Signal,High
E04252,2026-01-27 12:00:00,T1285,Packet Loss,Critical
E04253,2026-01-06 00:00:00,T1033,High Latency,Medium
E04254,2026-01-19 00:00:00,T1169,Call Drop,Low
E04255,2026-01-01 06:00:00,T1398,Call Drop,Low
E04256,2026-01-15 00:00:00,T1346,Packet Loss,Low
E04257,2026-01-06 06:00:00,T1128,Traffic Spike,Low
E04258,2026-01-07 00:00:00,T1127,Packet Loss,Low
E04259,2026-01-05 12:00:00,T1324,High Latency,Low
E04260,2026-01-15 00:00:00,T1320,Traffic Spike,Medium
E04261,2026-01-16 18:00:00,T1460,Packet Loss,High
E04262,2026-01-16 18:00:00,T1388,High CPU,High
E04263,2026-01-27 12:00:00,T1337,Low Signal,Low
E04264,2026-01-21 06:00:00,T1484,High Latency,Low
E04265,2026-01-16 06:00:00,T1053,Connection Failure,High
E04266,2026-01-25 06:00:00,T1277,High Latency,Medium
E04267,2026-01-03 18:00:00,T1457,Traffic Spike,Low
E04268,2026-01-24 18:00:00,T1010,Low Signal,Medium
E04269,2026-01-03 06:00:00,T1120,Packet Loss,Low
E04270,2026-01-22 12:00:00,T1030,High CPU,Low
E04271,2026-01-20 18:00:00,T1041,Low Signal,Medium
E04272,2026-01-11 00:00:00,T1324,High CPU,Low
E04273,2026-01-16 00:00:00,T1087,Call Drop,Low
E04274,2026-01-14 12:00:00,T1026,Low Signal,Medium
E04275,2026-01-14 18:00:00,T1352,Packet Loss,High
E04276,2026-01-28 06:00:00,T1472,Connection Failure,Medium
E04277,2026-01-25 18:00:00,T1356,Connection Failure,Low
E04278,2026-01-15 00:00:00,T1452,Packet Loss,Low
E04279,2026-01-19 06:00:00,T1302,Traffic Spike,Medium
E04280,2026-01-20 00:00:00,T1446,Connection Failure,Low
E04281,2026-01-16 00:00:00,T1380,Low Signal,High
E04282,2026-01-21 00:00:00,T1250,High Latency,Low
E04283,2026-01-15 18:00:00,T1331,Traffic Spike,Low
E04284,2026-01-10 12:00:00,T1141,Packet Loss,Low
E04285,2026-01-10 06:00:00,T1434,High Latency,Medium
E04286,2026-01-08 18:00:00,T1005,High CPU,Medium
E04287,2026-01-14 12:00:00,T1020,Connection Failure,High
E04288,2026-01-27 12:00:00,T1174,Low Signal,Medium
E04289,2026-01-25 18:00:00,T1337,High CPU,Medium
E04290,2026-01-27 12:00:00,T1421,High CPU,Medium
E04291,2026-01-23 12:00:00,T1249,High CPU,Medium
E04292,2026-01-06 00:00:00,T1357,Packet Loss,Medium
E04293,2026-01-06 18:00:00,T1072,High CPU,High
E04294,2026-01-17 18:00:00,T1206,High Latency,Medium
E04295,2026-01-16 12:00:00,T1105,Call Drop,Critical
E04296,2026-01-26 18:00:00,T1377,High CPU,Low
E04297,2026-01-10 12:00:00,T1439,Connection Failure,Medium
E04298,2026-01-13 12:00:00,T1459,Packet Loss,Low
E04299,2026-01-09 18:00:00,T1073,Call Drop,Low
E04300,2026-01-17 00:00:00,T1466,Packet Loss,Low
E04301,2026-01-12 18:00:00,T1088,Call Drop,Low
E04302,2026-01-05 06:00:00,T1038,Connection Failure,Low
E04303,2026-01-08 12:00:00,T1385,Low Signal,Medium
E04304,2026-01-09 12:00:00,T1292,Call Drop,Critical
E04305,2026-01-21 18:00:00,T1331,Packet Loss,Low
E04306,2026-01-19 06:00:00,T1394,Low Signal,Critical
E04307,2026-01-06 06:00:00,T1216,Traffic Spike,Medium
E04308,2026-01-15 18:00:00,T1251,High Latency,Low
E04309,2026-01-05 00:00:00,T1284,Connection Failure,Critical
E04310,2026-01-02 06:00:00,T1031,Call Drop,Low
E04311,2026-01-28 18:00:00,T1395,Call Drop,Low
E04312,2026-01-21 06:00:00,T1235,High CPU,Medium
E04313,2026-01-20 18:00:00,T1199,High CPU,Low
E04314,2026-01-25 06:00:00,T1447,Traffic Spike,Medium
E04315,2026-01-07 06:00:00,T1392,High CPU,Low
E04316,2026-01-17 18:00:00,T1100,Traffic Spike,Low
E04317,2026-01-07 18:00:00,T1262,High CPU,Medium
E04318,2026-01-05 12:00:00,T1271,High CPU,Low
E04319,2026-01-07 18:00:00,T1229,High CPU,Low
E04320,2026-01-12 06:00:00,T1193,Low Signal,Low
E04321,2026-01-02 18:00:00,T1170,Traffic Spike,High
E04322,2026-01-27 06:00:00,T1308,Connection Failure,Medium
E04323,2026-01-08 12:00:00,T1251,Packet Loss,Low
E04324,2026-01-17 00:00:00,T1309,Connection Failure,High
E04325,2026-01-30 18:00:00,T1130,High Latency,Medium
E04326,2026-01-07 12:00:00,T1475,Packet Loss,Medium
E04327,2026-01-25 12:00:00,T1428,High Latency,Medium
E04328,2026-01-05 06:00:00,T1237,Connection Failure,Medium
E04329,2026-01-06 00:00:00,T1222,High Latency,Low
E04330,2026-01-15 18:00:00,T1225,Traffic Spike,Medium
E04331,2026-01-14 18:00:00,T1436,Low Signal,Medium
E04332,2026-01-20 18:00:00,T1359,High Latency,Medium
E04333,2026-01-20 00:00:00,T1034,Call Drop,Medium
E04334,2026-01-09 18:00:00,T1224,High CPU,High
E04335,2026-01-29 06:00:00,T1293,Packet Loss,Low
E04336,2026-01-23 18:00:00,T1110,Call Drop,Low
E04337,2026-01-06 12:00:00,T1217,Packet Loss,Low
E04338,2026-01-23 06:00:00,T1028,Packet Loss,Low
E04339,2026-01-23 18:00:00,T1284,Connection Failure,Low
E04340,2026-01-04 12:00:00,T1179,Traffic Spike,Medium
E04341,2026-01-18 18:00:00,T1314,Traffic Spike,Low
E04342,2026-01-05 12:00:00,T1108,High Latency,Low
E04343,2026-01-12 18:00:00,T1483,Packet Loss,Low
E04344,2026-01-28 06:00:00,T1206,High CPU,Medium
E04345,2026-01-25 06:00:00,T1243,Traffic Spike,Low
E04346,2026-01-17 12:00:00,T1358,High Latency,Low
E04347,2026-01-18 12:00:00,T1071,Traffic Spike,Low
E04348,2026-01-23 12:00:00,T1331,High CPU,Medium
E04349,2026-01-01 00:00:00,T1405,High CPU,Medium
E04350,2026-01-30 18:00:00,T1301,Connection Failure,High
E04351,2026-01-23 06:00:00,T1477,Traffic Spike,Medium
E04352,2026-01-21 12:00:00,T1137,Low Signal,Low
E04353,2026-01-03 12:00:00,T1167,High CPU,Low
E04354,2026-01-25 18:00:00,T1257,Low Signal,Low
E04355,2026-01-20 18:00:00,T1369,Call Drop,Low
E04356,2026-01-10 12:00:00,T1428,Packet Loss,Critical
E04357,2026-01-10 18:00:00,T1430,High Latency,Medium
E04358,2026-01-16 18:00:00,T1249,Connection Failure,Low
E04359,2026-01-05 18:00:00,T1082,Call Drop,High
E04360,2026-01-24 00:00:00,T1193,Traffic Spike,Critical
E04361,2026-01-08 06:00:00,T1478,High Latency,Low
E04362,2026-01-01 06:00:00,T1254,Connection Failure,Medium
E04363,2026-01-02 18:00:00,T1379,Traffic Spike,Low
E04364,2026-01-20 18:00:00,T1447,Traffic Spike,High
E04365,2026-01-23 06:00:00,T1223,Traffic Spike,Medium
E04366,2026-01-29 12:00:00,T1019,High Latency,Low
E04367,2026-01-28 18:00:00,T1123,Low Signal,Medium
E04368,2026-01-04 18:00:00,T1005,High CPU,High
E04369,2026-01-05 00:00:00,T1036,Connection Failure,Low
E04370,2026-01-02 00:00:00,T1003,Connection Failure,Medium
E04371,2026-01-29 00:00:00,T1394,Call Drop,Low
E04372,2026-01-30 12:00:00,T1452,High CPU,Low
E04373,2026-01-29 06:00:00,T1299,Traffic Spike,Low
E04374,2026-01-09 12:00:00,T1132,Call Drop,High
E04375,2026-01-06 06:00:00,T1173,Packet Loss,Low
E04376,2026-01-24 12:00:00,T1155,Call Drop,Medium
E04377,2026-01-20 12:00:00,T1097,Low Signal,Low
E04378,2026-01-13 06:00:00,T1228,Packet Loss,High
E04379,2026-01-18 00:00:00,T1122,Call Drop,Low
E04380,2026-01-19 00:00:00,T1167,Connection Failure,Low
E04381,2026-01-22 18:00:00,T1377,High CPU,Low
E04382,2026-01-01 18:00:00,T1033,Traffic Spike,High
E04383,2026-01-29 00:00:00,T1210,Low Signal,Medium
E04384,2026-01-05 18:00:00,T1413,Call Drop,Low
E04385,2026-01-17 00:00:00,T1413,High Latency,Low
E04386,2026-01-01 18:00:00,T1097,High CPU,Medium
E04387,2026-01-27 06:00:00,T1117,High Latency,Low
E04388,2026-01-18 18:00:00,T1067,Traffic Spike,Medium
E04389,2026-01-25 18:00:00,T1308,Packet Loss,Medium
E04390,2026-01-08 00:00:00,T1492,Traffic Spike,Medium
E04391,2026-01-10 00:00:00,T1282,Call Drop,Low
E04392,2026-01-12 00:00:00,T1257,Call Drop,Low
E04393,2026-01-18 06:00:00,T1026,Low Signal,Low
E04394,2026-01-05 18:00:00,T1049,High Latency,Low
E04395,2026-01-18 12:00:00,T1373,Low Signal,Critical
E04396,2026-01-14 12:00:00,T1290,Call Drop,Medium
E04397,2026-01-03 12:00:00,T1282,Call Drop,Critical
E04398,2026-01-28 06:00:00,T1304,High CPU,High
E04399,2026-01-14 12:00:00,T1424,Call Drop,Low
E04400,2026-01-25 06:00:00,T1318,Connection Failure,Medium
E04401,2026-01-02 12:00:00,T1482,Call Drop,Medium
E04402,2026-01-17 18:00:00,T1156,High Latency,Low
E04403,2026-01-05 06:00:00,T1194,High Latency,High
E04404,2026-01-24 00:00:00,T1474,Traffic Spike,Low
E04405,2026-01-19 12:00:00,T1003,Call Drop,Medium
E04406,2026-01-04 12:00:00,T1446,High Latency,High
E04407,2026-01-27 06:00:00,T1070,Call Drop,Low
E04408,2026-01-21 12:00:00,T1202,Traffic Spike,Low
E04409,2026-01-02 12:00:00,T1428,High Latency,Critical
E04410,2026-01-01 12:00:00,T1316,Low Signal,Low
E04411,2026-01-14 12:00:00,T1234,Connection Failure,Medium
E04412,2026-01-07 18:00:00,T1294,High CPU,Medium
E04413,2026-01-19 00:00:00,T1127,High CPU,Low
E04414,2026-01-08 18:00:00,T1136,Packet Loss,High
E04415,2026-01-19 00:00:00,T1431,Low Signal,Low
E04416,2026-01-05 00:00:00,T1445,Low Signal,Medium
E04417,2026-01-19 18:00:00,T1397,Traffic Spike,High
E04418,2026-01-04 00:00:00,T1303,Packet Loss,Low
E04419,2026-01-26 12:00:00,T1464,Connection Failure,Low
E04420,2026-01-25 12:00:00,T1391,Packet Loss,Low
E04421,2026-01-08 06:00:00,T1333,High Latency,Low
E04422,2026-01-21 00:00:00,T1416,Packet Loss,Low
E04423,2026-01-25 06:00:00,T1213,Packet Loss,Low
E04424,2026-01-21 00:00:00,T1098,Traffic Spike,Low
E04425,2026-01-26 06:00:00,T1438,High Latency,Medium
E04426,2026-01-08 00:00:00,T1275,Call Drop,Low
E04427,2026-01-08 18:00:00,T1083,High CPU,High
E04428,2026-01-01 06:00:00,T1407,Call Drop,Low
E04429,2026-01-07 06:00:00,T1409,High CPU,Low
E04430,2026-01-05 12:00:00,T1324,Connection Failure,Low
E04431,2026-01-29 18:00:00,T1493,Connection Failure,Medium
E04432,2026-01-24 12:00:00,T1017,High CPU,Low
E04433,2026-01-23 12:00:00,T1025,High CPU,Medium
E04434,2026-01-30 06:00:00,T1179,High CPU,Low
E04435,2026-01-27 12:00:00,T1240,Traffic Spike,High
E04436,2026-01-03 12:00:00,T1467,Call Drop,Low
E04437,2026-01-23 12:00:00,T1278,Connection Failure,Medium
E04438,2026-01-21 00:00:00,T1286,Connection Failure,Low
E04439,2026-01-30 12:00:00,T1494,High CPU,High
E04440,2026-01-04 12:00:00,T1470,High CPU,Critical
E04441,2026-01-26 00:00:00,T1446,Call Drop,Medium
E04442,2026-01-21 00:00:00,T1431,Call Drop,Low
E04443,2026-01-03 12:00:00,T1208,Call Drop,Low
E04444,2026-01-02 00:00:00,T1047,Traffic Spike,High
E04445,2026-01-12 18:00:00,T1470,Traffic Spike,Low
E04446,2026-01-13 18:00:00,T1202,High CPU,Medium
E04447,2026-01-28 12:00:00,T1148,Low Signal,Low
E04448,2026-01-28 18:00:00,T1397,Packet Loss,Low
E04449,2026-01-16 18:00:00,T1410,Connection Failure,Low
E04450,2026-01-29 12:00:00,T1317,High CPU,Medium
E04451,2026-01-22 06:00:00,T1086,Call Drop,Low
E04452,2026-01-26 06:00:00,T1396,Packet Loss,High
E04453,2026-01-04 18:00:00,T1287,Packet Loss,Low
E04454,2026-01-09 12:00:00,T1219,High CPU,Medium
E04455,2026-01-21 18:00:00,T1269,High Latency,Low
E04456,2026-01-06 06:00:00,T1453,Connection Failure,Low
E04457,2026-01-18 00:00:00,T1171,Low Signal,Low
E04458,2026-01-07 00:00:00,T1105,Low Signal,Low
E04459,2026-01-07 00:00:00,T1322,Low Signal,Critical
E04460,2026-01-14 00:00:00,T1176,Traffic Spike,Low
E04461,2026-01-29 00:00:00,T1227,Packet Loss,Low
E04462,2026-01-16 06:00:00,T1148,Call Drop,Low
E04463,2026-01-19 06:00:00,T1425,Connection Failure,Low
E04464,2026-01-08 00:00:00,T1089,Connection Failure,Medium
E04465,2026-01-20 18:00:00,T1038,High CPU,Low
E04466,2026-01-12 12:00:00,T1087,Low Signal,High
E04467,2026-01-30 12:00:00,T1485,Low Signal,Low
E04468,2026-01-21 12:00:00,T1110,Low Signal,Medium
E04469,2026-01-10 00:00:00,T1253,High CPU,Low
E04470,2026-01-09 00:00:00,T1228,Traffic Spike,Low
E04471,2026-01-16 06:00:00,T1312,High CPU,Medium
E04472,2026-01-24 18:00:00,T1053,Call Drop,Low
E04473,2026-01-16 00:00:00,T1224,Connection Failure,Low
E04474,2026-01-08 12:00:00,T1459,Call Drop,Low
E04475,2026-01-03 00:00:00,T1063,High CPU,Low
E04476,2026-01-11 00:00:00,T1170,High CPU,High
E04477,2026-01-05 12:00:00,T1339,High Latency,Low
E04478,2026-01-17 18:00:00,T1066,Packet Loss,Low
E04479,2026-01-01 00:00:00,T1128,Connection Failure,High
E04480,2026-01-22 18:00:00,T1044,High Latency,High
E04481,2026-01-22 18:00:00,T1332,Call Drop,Medium
E04482,2026-01-10 12:00:00,T1060,Call Drop,Low
E04483,2026-01-16 12:00:00,T1125,Traffic Spike,Low
E04484,2026-01-27 12:00:00,T1049,Connection Failure,Medium
E04485,2026-01-14 00:00:00,T1141,Connection Failure,Medium
E04486,2026-01-03 12:00:00,T1152,Connection Failure,Low
E04487,2026-01-14 12:00:00,T1243,High Latency,Medium
E04488,2026-01-07 12:00:00,T1045,High Latency,Medium
E04489,2026-01-03 00:00:00,T1259,High CPU,Low
E04490,2026-01-19 12:00:00,T1056,Connection Failure,Medium
E04491,2026-01-10 12:00:00,T1336,High Latency,Low
E04492,2026-01-04 12:00:00,T1183,High CPU,High
E04493,2026-01-12 12:00:00,T1333,High CPU,Medium
E04494,2026-01-16 06:00:00,T1277,Connection Failure,Medium
E04495,2026-01-28 18:00:00,T1489,Packet Loss,Medium
E04496,2026-01-24 00:00:00,T1218,Traffic Spike,High
E04497,2026-01-18 12:00:00,T1025,Packet Loss,High
E04498,2026-01-29 00:00:00,T1265,Connection Failure,High
E04499,2026-01-17 06:00:00,T1159,Traffic Spike,Low
E04500,2026-01-07 00:00:00,T1086,Traffic Spike,Medium
E04501,2026-01-15 00:00:00,T1016,Traffic Spike,Low
E04502,2026-01-13 12:00:00,T1479,Call Drop,Low
E04503,2026-01-01 00:00:00,T1120,Connection Failure,Medium
E04504,2026-01-12 00:00:00,T1133,Low Signal,Medium
E04505,2026-01-17 00:00:00,T1024,Traffic Spike,Medium
E04506,2026-01-07 00:00:00,T1118,High Latency,Low
E04507,2026-01-27 18:00:00,T1326,Packet Loss,Medium
E04508,2026-01-26 18:00:00,T1071,Packet Loss,Low
E04509,2026-01-16 06:00:00,T1400,Traffic Spike,Low
E04510,2026-01-11 00:00:00,T1438,Call Drop,High
E04511,2026-01-30 18:00:00,T1074,High Latency,Low
E04512,2026-01-09 18:00:00,T1024,Packet Loss,Low
E04513,2026-01-27 06:00:00,T1167,Packet Loss,Low
E04514,2026-01-22 12:00:00,T1422,Call Drop,Medium
E04515,2026-01-26 12:00:00,T1026,Traffic Spike,Low
E04516,2026-01-19 18:00:00,T1490,Packet Loss,Medium
E04517,2026-01-12 00:00:00,T1431,Packet Loss,Medium
E04518,2026-01-26 18:00:00,T1177,Call Drop,Low
E04519,2026-01-21 18:00:00,T1030,Traffic Spike,Low
E04520,2026-01-20 18:00:00,T1013,Packet Loss,Low
E04521,2026-01-01 12:00:00,T1451,High Latency,Low
E04522,2026-01-08 00:00:00,T1357,Traffic Spike,Low
E04523,2026-01-26 00:00:00,T1046,High CPU,Medium
E04524,2026-01-23 06:00:00,T1045,Connection Failure,Low
E04525,2026-01-23 00:00:00,T1158,Low Signal,Critical
E04526,2026-01-23 12:00:00,T1080,Call Drop,High
E04527,2026-01-14 00:00:00,T1088,High Latency,Low
E04528,2026-01-25 06:00:00,T1276,Packet Loss,Low
E04529,2026-01-07 12:00:00,T1132,Traffic Spike,Low
E04530,2026-01-20 06:00:00,T1467,High CPU,Medium
E04531,2026-01-30 12:00:00,T1163,Call Drop,High
E04532,2026-01-19 06:00:00,T1287,Packet Loss,Low
E04533,2026-01-16 12:00:00,T1328,Traffic Spike,Low
E04534,2026-01-20 12:00:00,T1090,High CPU,Low
E04535,2026-01-13 12:00:00,T1181,Call Drop,Low
E04536,2026-01-28 12:00:00,T1263,Connection Failure,Low
E04537,2026-01-14 18:00:00,T1096,Connection Failure,Low
E04538,2026-01-15 00:00:00,T1395,Packet Loss,Low
E04539,2026-01-03 06:00:00,T1001,Packet Loss,Medium
E04540,2026-01-08 18:00:00,T1125,Call Drop,Medium
E04541,2026-01-25 12:00:00,T1328,Packet Loss,Low
E04542,2026-01-24 06:00:00,T1147,Traffic Spike,Medium
E04543,2026-01-22 12:00:00,T1147,Traffic Spike,Medium
E04544,2026-01-19 06:00:00,T1147,High CPU,Low
E04545,2026-01-07 06:00:00,T1266,Call Drop,Low
E04546,2026-01-10 06:00:00,T1444,High Latency,Medium
E04547,2026-01-11 06:00:00,T1098,Traffic Spike,Low
E04548,2026-01-03 12:00:00,T1493,High Latency,Low
E04549,2026-01-10 18:00:00,T1348,Connection Failure,High
E04550,2026-01-26 18:00:00,T1010,High CPU,Medium
E04551,2026-01-19 06:00:00,T1327,Low Signal,Low
E04552,2026-01-12 18:00:00,T1052,Traffic Spike,Low
E04553,2026-01-04 00:00:00,T1456,High CPU,Low
E04554,2026-01-03 00:00:00,T1465,Traffic Spike,Low
E04555,2026-01-06 06:00:00,T1010,High Latency,Medium
E04556,2026-01-19 12:00:00,T1107,Call Drop,Low
E04557,2026-01-28 18:00:00,T1049,High CPU,Medium
E04558,2026-01-07 06:00:00,T1069,High CPU,Low
E04559,2026-01-04 12:00:00,T1132,Packet Loss,High
E04560,2026-01-27 06:00:00,T1209,Low Signal,Low
E04561,2026-01-24 06:00:00,T1380,High Latency,Low
E04562,2026-01-07 18:00:00,T1163,High Latency,Low
E04563,2026-01-09 12:00:00,T1018,High Latency,High
E04564,2026-01-16 18:00:00,T1201,Connection Failure,Medium
E04565,2026-01-02 00:00:00,T1414,Low Signal,Low
E04566,2026-01-25 00:00:00,T1180,Packet Loss,Low
E04567,2026-01-10 06:00:00,T1274,Packet Loss,High
E04568,2026-01-22 18:00:00,T1361,Packet Loss,Low
E04569,2026-01-09 18:00:00,T1406,High CPU,Medium
E04570,2026-01-07 18:00:00,T1106,Traffic Spike,Medium
E04571,2026-01-07 00:00:00,T1361,High Latency,High
E04572,2026-01-11 18:00:00,T1436,High Latency,Medium
E04573,2026-01-06 06:00:00,T1126,Low Signal,Medium
E04574,2026-01-10 12:00:00,T1181,Call Drop,Low
E04575,2026-01-18 18:00:00,T1495,Connection Failure,Medium
E04576,2026-01-21 18:00:00,T1082,High Latency,High
E04577,2026-01-07 12:00:00,T1449,Connection Failure,Low
E04578,2026-01-19 06:00:00,T1346,High Latency,Medium
E04579,2026-01-20 18:00:00,T1389,High CPU,Medium
E04580,2026-01-20 12:00:00,T1040,High Latency,Low
E04581,2026-01-14 18:00:00,T1287,High CPU,Critical
E04582,2026-01-19 06:00:00,T1291,Low Signal,Medium
E04583,2026-01-19 00:00:00,T1055,Low Signal,Medium
E04584,2026-01-27 18:00:00,T1287,Call Drop,Low
E04585,2026-01-08 00:00:00,T1088,High CPU,Medium
E04586,2026-01-02 06:00:00,T1004,Call Drop,Low
E04587,2026-01-04 18:00:00,T1172,Traffic Spike,High
E04588,2026-01-25 18:00:00,T1266,Packet Loss,High
E04589,2026-01-15 06:00:00,T1471,Call Drop,Low
E04590,2026-01-29 18:00:00,T1084,High Latency,Low
E04591,2026-01-27 18:00:00,T1396,Connection Failure,Critical
E04592,2026-01-14 12:00:00,T1256,Traffic Spike,Medium
E04593,2026-01-09 06:00:00,T1381,High Latency,Low
E04594,2026-01-30 00:00:00,T1082,High Latency,Medium
E04595,2026-01-13 12:00:00,T1355,Traffic Spike,High
E04596,2026-01-10 12:00:00,T1043,Traffic Spike,Low
E04597,2026-01-20 18:00:00,T1402,Low Signal,Low
E04598,2026-01-10 06:00:00,T1404,High Latency,Low
E04599,2026-01-15 18:00:00,T1181,High Latency,Medium
E04600,2026-01-07 00:00:00,T1477,Low Signal,Medium
E04601,2026-01-11 18:00:00,T1236,High Latency,Medium
E04602,2026-01-18 12:00:00,T1322,High CPU,Low
E04603,2026-01-20 06:00:00,T1231,Call Drop,High
E04604,2026-01-07 12:00:00,T1153,Packet Loss,Low
E04605,2026-01-19 12:00:00,T1134,Traffic Spike,Low
E04606,2026-01-04 06:00:00,T1379,Call Drop,Medium
E04607,2026-01-30 18:00:00,T1494,High Latency,Low
E04608,2026-01-25 00:00:00,T1329,Traffic Spike,Medium
E04609,2026-01-04 00:00:00,T1262,Low Signal,Low
E04610,2026-01-19 00:00:00,T1334,Call Drop,Low
E04611,2026-01-10 00:00:00,T1493,Call Drop,Low
E04612,2026-01-02 12:00:00,T1403,High Latency,Medium
E04613,2026-01-08 12:00:00,T1360,Connection Failure,Medium
E04614,2026-01-06 18:00:00,T1366,Packet Loss,Medium
E04615,2026-01-03 06:00:00,T1130,Packet Loss,High
E04616,2026-01-15 06:00:00,T1155,Call Drop,Medium
E04617,2026-01-08 06:00:00,T1352,Call Drop,Low
E04618,2026-01-30 18:00:00,T1307,High Latency,High
E04619,2026-01-09 00:00:00,T1064,High CPU,Critical
E04620,2026-01-10 12:00:00,T1232,Packet Loss,Low
E04621,2026-01-30 18:00:00,T1121,High CPU,Medium
E04622,2026-01-21 06:00:00,T1384,Connection Failure,Medium
E04623,2026-01-14 06:00:00,T1484,High Latency,Medium
E04624,2026-01-21 00:00:00,T1280,Packet Loss,Low
E04625,2026-01-25 18:00:00,T1401,Connection Failure,Low
E04626,2026-01-29 06:00:00,T1132,Traffic Spike,Medium
E04627,2026-01-20 18:00:00,T1020,High Latency,Low
E04628,2026-01-25 18:00:00,T1311,High CPU,Medium
E04629,2026-01-14 06:00:00,T1310,Call Drop,High
E04630,2026-01-27 12:00:00,T1051,High CPU,Low
E04631,2026-01-11 06:00:00,T1240,Packet Loss,Low
E04632,2026-01-05 12:00:00,T1028,Packet Loss,Low
E04633,2026-01-16 00:00:00,T1306,High CPU,Low
E04634,2026-01-29 06:00:00,T1157,Connection Failure,Medium
E04635,2026-01-12 18:00:00,T1471,Packet Loss,Medium
E04636,2026-01-15 00:00:00,T1101,Connection Failure,Low
E04637,2026-01-04 12:00:00,T1350,Packet Loss,Low
E04638,2026-01-01 06:00:00,T1012,Traffic Spike,Low
E04639,2026-01-13 18:00:00,T1486,Call Drop,Low
E04640,2026-01-30 00:00:00,T1128,Packet Loss,High
E04641,2026-01-03 00:00:00,T1120,Call Drop,Low
E04642,2026-01-17 06:00:00,T1212,High CPU,Low
E04643,2026-01-25 12:00:00,T1276,Packet Loss,Low
E04644,2026-01-14 06:00:00,T1335,High Latency,Low
E04645,2026-01-07 00:00:00,T1452,High CPU,High
E04646,2026-01-01 06:00:00,T1314,Low Signal,Critical
E04647,2026-01-10 00:00:00,T1483,Packet Loss,Low
E04648,2026-01-13 12:00:00,T1420,Packet Loss,High
E04649,2026-01-13 18:00:00,T1363,Connection Failure,Low
E04650,2026-01-10 18:00:00,T1205,Low Signal,Low
E04651,2026-01-24 12:00:00,T1042,Call Drop,Low
E04652,2026-01-25 06:00:00,T1263,Packet Loss,Low
E04653,2026-01-22 06:00:00,T1166,Traffic Spike,Low
E04654,2026-01-11 06:00:00,T1337,Traffic Spike,Medium
E04655,2026-01-25 06:00:00,T1228,Low Signal,Low
E04656,2026-01-14 12:00:00,T1434,Connection Failure,Low
E04657,2026-01-08 06:00:00,T1281,Call Drop,Low
E04658,2026-01-20 18:00:00,T1342,High Latency,Critical
E04659,2026-01-10 00:00:00,T1198,Connection Failure,Low
E04660,2026-01-07 00:00:00,T1073,Call Drop,Low
E04661,2026-01-10 12:00:00,T1079,Connection Failure,Medium
E04662,2026-01-29 18:00:00,T1004,Call Drop,Low
E04663,2026-01-07 06:00:00,T1204,Connection Failure,Medium
E04664,2026-01-07 12:00:00,T1490,High CPU,Low
E04665,2026-01-28 00:00:00,T1052,Low Signal,Low
E04666,2026-01-20 18:00:00,T1194,Packet Loss,High
E04667,2026-01-30 12:00:00,T1211,Packet Loss,Low
E04668,2026-01-24 00:00:00,T1078,Packet Loss,High
E04669,2026-01-09 12:00:00,T1207,Call Drop,Low
E04670,2026-01-14 18:00:00,T1249,High CPU,Critical
E04671,2026-01-22 12:00:00,T1245,Connection Failure,Low
E04672,2026-01-30 06:00:00,T1438,Connection Failure,Medium
E04673,2026-01-23 06:00:00,T1209,High Latency,High
E04674,2026-01-23 06:00:00,T1045,Packet Loss,Low
E04675,2026-01-20 06:00:00,T1249,Traffic Spike,Low
E04676,2026-01-01 06:00:00,T1231,Low Signal,High
E04677,2026-01-28 18:00:00,T1341,High Latency,Medium
E04678,2026-01-03 12:00:00,T1197,Traffic Spike,Medium
E04679,2026-01-04 12:00:00,T1319,High Latency,Low
E04680,2026-01-12 18:00:00,T1235,High Latency,Critical
E04681,2026-01-02 06:00:00,T1378,High CPU,Low
E04682,2026-01-11 06:00:00,T1485,Connection Failure,Low
E04683,2026-01-17 06:00:00,T1214,Traffic Spike,Low
E04684,2026-01-15 12:00:00,T1256,Low Signal,Low
E04685,2026-01-25 00:00:00,T1157,Traffic Spike,Low
E04686,2026-01-13 18:00:00,T1467,High Latency,Medium
E04687,2026-01-20 06:00:00,T1188,High CPU,High
E04688,2026-01-24 12:00:00,T1080,Connection Failure,Medium
E04689,2026-01-30 12:00:00,T1023,Traffic Spike,High
E04690,2026-01-19 00:00:00,T1216,Packet Loss,Low
E04691,2026-01-29 06:00:00,T1360,Call Drop,Medium
E04692,2026-01-16 00:00:00,T1489,High Latency,Low
E04693,2026-01-16 06:00:00,T1070,High Latency,High
E04694,2026-01-05 06:00:00,T1332,Traffic Spike,Medium
E04695,2026-01-12 12:00:00,T1417,Low Signal,High
E04696,2026-01-23 06:00:00,T1049,High CPU,Medium
E04697,2026-01-02 18:00:00,T1487,Packet Loss,Low
E04698,2026-01-26 06:00:00,T1023,Packet Loss,Low
E04699,2026-01-05 06:00:00,T1283,Packet Loss,Medium
E04700,2026-01-22 12:00:00,T1316,High Latency,Low
E04701,2026-01-08 18:00:00,T1061,Traffic Spike,Medium
E04702,2026-01-26 06:00:00,T1470,High CPU,High
E04703,2026-01-20 06:00:00,T1234,Connection Failure,Medium
E04704,2026-01-13 18:00:00,T1239,High CPU,High
E04705,2026-01-13 00:00:00,T1125,Low Signal,Medium
E04706,2026-01-06 06:00:00,T1150,High CPU,Medium
E04707,2026-01-28 18:00:00,T1414,Call Drop,Low
E04708,2026-01-22 12:00:00,T1130,Traffic Spike,Medium
E04709,2026-01-15 12:00:00,T1173,Packet Loss,Low
E04710,2026-01-05 00:00:00,T1206,Connection Failure,Medium
E04711,2026-01-22 12:00:00,T1158,Traffic Spike,Medium
E04712,2026-01-04 18:00:00,T1320,Packet Loss,Low
E04713,2026-01-19 00:00:00,T1431,High Latency,Low
E04714,2026-01-01 12:00:00,T1388,Packet Loss,High
E04715,2026-01-19 00:00:00,T1111,Call Drop,High
E04716,2026-01-23 00:00:00,T1296,Traffic Spike,Critical
E04717,2026-01-21 18:00:00,T1358,High CPU,Low
E04718,2026-01-07 00:00:00,T1457,Low Signal,Low
E04719,2026-01-15 12:00:00,T1000,High CPU,Critical
E04720,2026-01-28 12:00:00,T1027,Call Drop,Low
E04721,2026-01-06 18:00:00,T1447,High Latency,High
E04722,2026-01-06 00:00:00,T1302,Packet Loss,Medium
E04723,2026-01-21 12:00:00,T1143,Traffic Spike,High
E04724,2026-01-26 18:00:00,T1407,High Latency,Medium
E04725,2026-01-07 18:00:00,T1303,Traffic Spike,Low
E04726,2026-01-02 12:00:00,T1425,Traffic Spike,Low
E04727,2026-01-21 18:00:00,T1456,Packet Loss,Low
E04728,2026-01-04 06:00:00,T1259,Connection Failure,Low
E04729,2026-01-24 12:00:00,T1460,Connection Failure,Medium
E04730,2026-01-03 00:00:00,T1150,Packet Loss,Low
E04731,2026-01-06 06:00:00,T1474,Connection Failure,High
E04732,2026-01-20 12:00:00,T1171,High Latency,Medium
E04733,2026-01-12 06:00:00,T1065,High CPU,Low
E04734,2026-01-14 06:00:00,T1410,Call Drop,Low
E04735,2026-01-26 00:00:00,T1037,Connection Failure,Low
E04736,2026-01-09 18:00:00,T1397,Connection Failure,High
E04737,2026-01-26 18:00:00,T1140,High Latency,High
E04738,2026-01-22 00:00:00,T1087,Traffic Spike,High
E04739,2026-01-02 06:00:00,T1397,Traffic Spike,Medium
E04740,2026-01-11 12:00:00,T1051,Low Signal,Low
E04741,2026-01-18 12:00:00,T1050,High CPU,Low
E04742,2026-01-27 00:00:00,T1061,High Latency,Low
E04743,2026-01-05 06:00:00,T1023,Traffic Spike,Medium
E04744,2026-01-29 12:00:00,T1127,Low Signal,Medium
E04745,2026-01-13 06:00:00,T1497,High CPU,Medium
E04746,2026-01-26 12:00:00,T1049,High Latency,Medium
E04747,2026-01-05 06:00:00,T1434,Call Drop,Low
E04748,2026-01-03 18:00:00,T1415,Connection Failure,High
E04749,2026-01-02 06:00:00,T1202,Connection Failure,Low
E04750,2026-01-19 06:00:00,T1287,Connection Failure,Medium
E04751,2026-01-18 12:00:00,T1324,Traffic Spike,Low
E04752,2026-01-22 18:00:00,T1394,High Latency,Medium
E04753,2026-01-20 06:00:00,T1437,Traffic Spike,Critical
E04754,2026-01-10 18:00:00,T1117,Low Signal,High
E04755,2026-01-02 12:00:00,T1382,High Latency,Low
E04756,2026-01-25 12:00:00,T1418,Connection Failure,Low
E04757,2026-01-21 00:00:00,T1000,Packet Loss,Critical
E04758,2026-01-04 06:00:00,T1084,High Latency,Medium
E04759,2026-01-10 06:00:00,T1356,Call Drop,Medium
E04760,2026-01-03 12:00:00,T1438,Low Signal,Low
E04761,2026-01-25 12:00:00,T1140,Call Drop,Low
E04762,2026-01-18 12:00:00,T1237,Packet Loss,Medium
E04763,2026-01-14 06:00:00,T1288,Call Drop,Medium
E04764,2026-01-25 00:00:00,T1428,Traffic Spike,Low
E04765,2026-01-19 18:00:00,T1046,Connection Failure,Medium
E04766,2026-01-20 06:00:00,T1373,Packet Loss,Low
E04767,2026-01-02 12:00:00,T1003,High Latency,Medium
E04768,2026-01-22 00:00:00,T1045,Packet Loss,Medium
E04769,2026-01-01 18:00:00,T1109,Traffic Spike,Low
E04770,2026-01-03 18:00:00,T1199,High Latency,Low
E04771,2026-01-04 18:00:00,T1476,Low Signal,Medium
E04772,2026-01-24 12:00:00,T1284,Traffic Spike,Low
E04773,2026-01-23 06:00:00,T1407,Traffic Spike,Medium
E04774,2026-01-30 18:00:00,T1015,Packet Loss,Medium
E04775,2026-01-17 00:00:00,T1393,High CPU,Low
E04776,2026-01-19 18:00:00,T1199,High CPU,Low
E04777,2026-01-09 12:00:00,T1399,Call Drop,Low
E04778,2026-01-15 06:00:00,T1189,Traffic Spike,High
E04779,2026-01-25 18:00:00,T1255,Packet Loss,Low
E04780,2026-01-25 18:00:00,T1113,Traffic Spike,Low
E04781,2026-01-13 06:00:00,T1494,High Latency,Medium
E04782,2026-01-03 18:00:00,T1298,High Latency,Critical
E04783,2026-01-09 12:00:00,T1495,High Latency,Low
E04784,2026-01-06 06:00:00,T1358,High Latency,High
E04785,2026-01-03 18:00:00,T1014,High Latency,Medium
E04786,2026-01-14 18:00:00,T1199,Packet Loss,High
E04787,2026-01-04 12:00:00,T1068,Traffic Spike,Medium
E04788,2026-01-27 12:00:00,T1110,High CPU,High
E04789,2026-01-24 00:00:00,T1372,Traffic Spike,High
E04790,2026-01-02 12:00:00,T1246,Low Signal,Low
E04791,2026-01-29 06:00:00,T1423,Traffic Spike,Low
E04792,2026-01-12 18:00:00,T1198,Traffic Spike,High
E04793,2026-01-04 18:00:00,T1142,Call Drop,Low
E04794,2026-01-15 00:00:00,T1214,Call Drop,Low
E04795,2026-01-04 00:00:00,T1405,Traffic Spike,Low
E04796,2026-01-30 18:00:00,T1019,High Latency,Low
E04797,2026-01-22 00:00:00,T1352,Low Signal,Low
E04798,2026-01-25 06:00:00,T1269,Traffic Spike,Low
E04799,2026-01-16 06:00:00,T1216,Traffic Spike,High
E04800,2026-01-06 12:00:00,T1209,Low Signal,High
E04801,2026-01-12 18:00:00,T1070,Connection Failure,Low
E04802,2026-01-23 06:00:00,T1014,Packet Loss,Low
E04803,2026-01-20 12:00:00,T1422,High CPU,Low
E04804,2026-01-14 00:00:00,T1264,High CPU,Low
E04805,2026-01-22 06:00:00,T1389,Traffic Spike,Low
E04806,2026-01-07 12:00:00,T1129,Packet Loss,Low
E04807,2026-01-28 18:00:00,T1308,High CPU,Low
E04808,2026-01-27 00:00:00,T1066,Low Signal,Medium
E04809,2026-01-23 06:00:00,T1033,Packet Loss,High
E04810,2026-01-19 06:00:00,T1278,High Latency,Medium
E04811,2026-01-01 00:00:00,T1143,Packet Loss,Low
E04812,2026-01-28 18:00:00,T1416,Call Drop,Medium
E04813,2026-01-24 00:00:00,T1426,High Latency,High
E04814,2026-01-29 12:00:00,T1021,Connection Failure,Low
E04815,2026-01-05 12:00:00,T1000,Connection Failure,Medium
E04816,2026-01-22 00:00:00,T1019,High CPU,Low
E04817,2026-01-05 18:00:00,T1028,Low Signal,Medium
E04818,2026-01-09 18:00:00,T1003,Packet Loss,Low
E04819,2026-01-03 00:00:00,T1439,High CPU,Medium
E04820,2026-01-17 18:00:00,T1393,Call Drop,Medium
E04821,2026-01-07 18:00:00,T1276,Packet Loss,Low
E04822,2026-01-14 00:00:00,T1465,Connection Failure,Medium
E04823,2026-01-15 18:00:00,T1199,High Latency,Low
E04824,2026-01-15 12:00:00,T1363,Packet Loss,Medium
E04825,2026-01-30 12:00:00,T1366,Low Signal,Medium
E04826,2026-01-13 00:00:00,T1352,Call Drop,High
E04827,2026-01-18 18:00:00,T1362,High CPU,Medium
E04828,2026-01-22 12:00:00,T1045,High Latency,Medium
E04829,2026-01-11 06:00:00,T1132,Traffic Spike,Low
E04830,2026-01-16 00:00:00,T1421,Call Drop,Low
E04831,2026-01-26 18:00:00,T1273,Call Drop,High
E04832,2026-01-11 18:00:00,T1020,Packet Loss,Low
E04833,2026-01-27 00:00:00,T1431,High CPU,Medium
E04834,2026-01-28 18:00:00,T1408,Connection Failure,Medium
E04835,2026-01-23 12:00:00,T1302,Traffic Spike,Low
E04836,2026-01-29 00:00:00,T1115,High CPU,Low
E04837,2026-01-02 18:00:00,T1236,Call Drop,High
E04838,2026-01-10 06:00:00,T1041,High Latency,Low
E04839,2026-01-27 12:00:00,T1141,Packet Loss,Medium
E04840,2026-01-24 06:00:00,T1454,High CPU,Medium
E04841,2026-01-03 12:00:00,T1475,High Latency,Low
E04842,2026-01-10 18:00:00,T1090,High CPU,Low
E04843,2026-01-07 12:00:00,T1372,Traffic Spike,Low
E04844,2026-01-06 06:00:00,T1385,Connection Failure,Medium
E04845,2026-01-30 06:00:00,T1246,Packet Loss,Low
E04846,2026-01-19 00:00:00,T1338,Packet Loss,Low
E04847,2026-01-10 12:00:00,T1397,Connection Failure,Medium
E04848,2026-01-26 06:00:00,T1145,Traffic Spike,Low
E04849,2026-01-24 00:00:00,T1032,Traffic Spike,High
E04850,2026-01-10 18:00:00,T1164,High CPU,Low
E04851,2026-01-15 06:00:00,T1249,High Latency,Medium
E04852,2026-01-19 00:00:00,T1241,High CPU,Medium
E04853,2026-01-28 12:00:00,T1355,Connection Failure,Low
E04854,2026-01-15 00:00:00,T1034,High CPU,Medium
E04855,2026-01-03 00:00:00,T1060,Packet Loss,Medium
E04856,2026-01-13 06:00:00,T1179,Call Drop,Low
E04857,2026-01-05 00:00:00,T1203,High Latency,Critical
E04858,2026-01-21 00:00:00,T1371,Packet Loss,Medium
E04859,2026-01-15 12:00:00,T1177,Call Drop,Low
E04860,2026-01-02 12:00:00,T1411,Call Drop,Low
E04861,2026-01-14 18:00:00,T1176,Low Signal,Low
E04862,2026-01-30 12:00:00,T1483,Low Signal,Low
E04863,2026-01-16 12:00:00,T1080,Connection Failure,Low
E04864,2026-01-29 06:00:00,T1452,High Latency,Low
E04865,2026-01-11 06:00:00,T1230,Traffic Spike,High
E04866,2026-01-19 00:00:00,T1108,Call Drop,Low
E04867,2026-01-04 06:00:00,T1014,Low Signal,Low
E04868,2026-01-23 00:00:00,T1200,Low Signal,Low
E04869,2026-01-22 06:00:00,T1002,Packet Loss,High
E04870,2026-01-17 06:00:00,T1142,Traffic Spike,Medium
E04871,2026-01-21 18:00:00,T1116,Connection Failure,High
E04872,2026-01-16 18:00:00,T1215,High CPU,High
E04873,2026-01-13 18:00:00,T1478,Traffic Spike,Medium
E04874,2026-01-27 06:00:00,T1104,Call Drop,Low
E04875,2026-01-10 12:00:00,T1390,Packet Loss,Low
E04876,2026-01-20 00:00:00,T1287,Connection Failure,Low
E04877,2026-01-28 12:00:00,T1243,Connection Failure,Medium
E04878,2026-01-11 18:00:00,T1271,High CPU,Low
E04879,2026-01-10 12:00:00,T1420,High Latency,Medium
E04880,2026-01-06 12:00:00,T1297,Packet Loss,Low
E04881,2026-01-09 18:00:00,T1123,High CPU,Medium
E04882,2026-01-21 12:00:00,T1433,High Latency,Low
E04883,2026-01-06 18:00:00,T1073,Packet Loss,Low
E04884,2026-01-18 18:00:00,T1044,Connection Failure,Medium
E04885,2026-01-09 00:00:00,T1123,Call Drop,Low
E04886,2026-01-16 18:00:00,T1461,Connection Failure,Low
E04887,2026-01-14 06:00:00,T1481,High CPU,Low
E04888,2026-01-03 00:00:00,T1369,Packet Loss,Low
E04889,2026-01-15 06:00:00,T1274,Connection Failure,Low
E04890,2026-01-14 00:00:00,T1291,Traffic Spike,Low
E04891,2026-01-17 18:00:00,T1276,Connection Failure,Medium
E04892,2026-01-10 06:00:00,T1400,High Latency,Low
E04893,2026-01-01 12:00:00,T1359,Connection Failure,Medium
E04894,2026-01-13 06:00:00,T1151,Packet Loss,High
E04895,2026-01-07 12:00:00,T1207,Traffic Spike,Low
E04896,2026-01-18 18:00:00,T1047,Traffic Spike,Low
E04897,2026-01-12 06:00:00,T1058,High Latency,Low
E04898,2026-01-29 00:00:00,T1150,Low Signal,High
E04899,2026-01-17 06:00:00,T1364,Low Signal,Medium
E04900,2026-01-27 18:00:00,T1328,High CPU,Low
E04901,2026-01-27 18:00:00,T1383,Low Signal,Medium
E04902,2026-01-26 00:00:00,T1161,Low Signal,Low
E04903,2026-01-14 00:00:00,T1429,Traffic Spike,Medium
E04904,2026-01-01 12:00:00,T1253,High CPU,Low
E04905,2026-01-15 00:00:00,T1212,High Latency,Critical
E04906,2026-01-23 12:00:00,T1417,Call Drop,Medium
E04907,2026-01-06 18:00:00,T1084,Call Drop,Low
E04908,2026-01-09 18:00:00,T1068,Call Drop,Low
E04909,2026-01-22 12:00:00,T1352,Low Signal,Low
E04910,2026-01-26 06:00:00,T1231,Call Drop,Low
E04911,2026-01-08 06:00:00,T1278,High Latency,High
E04912,2026-01-06 18:00:00,T1092,Low Signal,Low
E04913,2026-01-21 00:00:00,T1109,High CPU,Low
E04914,2026-01-03 12:00:00,T1073,High CPU,Medium
E04915,2026-01-24 12:00:00,T1016,Connection Failure,Critical
E04916,2026-01-27 12:00:00,T1161,Call Drop,Low
E04917,2026-01-08 12:00:00,T1248,Low Signal,Medium
E04918,2026-01-18 06:00:00,T1076,Packet Loss,High
E04919,2026-01-07 06:00:00,T1034,Low Signal,Medium
E04920,2026-01-18 06:00:00,T1033,Connection Failure,Low
E04921,2026-01-24 12:00:00,T1415,High CPU,Medium
E04922,2026-01-19 00:00:00,T1183,High CPU,Low
E04923,2026-01-17 18:00:00,T1307,Packet Loss,Low
E04924,2026-01-15 12:00:00,T1400,High CPU,Low
E04925,2026-01-14 06:00:00,T1171,Connection Failure,Low
E04926,2026-01-07 18:00:00,T1331,High Latency,Medium
E04927,2026-01-30 12:00:00,T1132,Connection Failure,High
E04928,2026-01-09 12:00:00,T1268,High CPU,Medium
E04929,2026-01-24 00:00:00,T1314,High CPU,Low
E04930,2026-01-30 00:00:00,T1204,High CPU,Low
E04931,2026-01-07 00:00:00,T1268,Traffic Spike,Low
E04932,2026-01-28 18:00:00,T1472,Call Drop,Low
E04933,2026-01-17 18:00:00,T1169,Packet Loss,Critical
E04934,2026-01-25 12:00:00,T1137,Connection Failure,High
E04935,2026-01-08 00:00:00,T1496,Packet Loss,Medium
E04936,2026-01-09 06:00:00,T1350,Low Signal,High
E04937,2026-01-06 18:00:00,T1296,Call Drop,Medium
E04938,2026-01-19 00:00:00,T1350,High CPU,Medium
E04939,2026-01-03 06:00:00,T1350,Packet Loss,Low
E04940,2026-01-25 00:00:00,T1490,Call Drop,Medium
E04941,2026-01-21 12:00:00,T1070,High Latency,Low
E04942,2026-01-09 00:00:00,T1260,Call Drop,Low
E04943,2026-01-23 18:00:00,T1055,Low Signal,Low
E04944,2026-01-16 00:00:00,T1117,High Latency,Medium
E04945,2026-01-29 18:00:00,T1440,Connection Failure,Low
E04946,2026-01-20 00:00:00,T1039,Traffic Spike,Low
E04947,2026-01-06 18:00:00,T1090,High Latency,Low
E04948,2026-01-25 18:00:00,T1146,High CPU,Medium
E04949,2026-01-06 18:00:00,T1122,Connection Failure,Critical
E04950,2026-01-18 12:00:00,T1450,Connection Failure,Low
E04951,2026-01-08 00:00:00,T1325,Traffic Spike,Low
E04952,2026-01-07 06:00:00,T1412,Packet Loss,Critical
E04953,2026-01-30 12:00:00,T1278,Traffic Spike,Low
E04954,2026-01-23 18:00:00,T1228,Connection Failure,Low
E04955,2026-01-12 12:00:00,T1382,High CPU,Low
E04956,2026-01-14 12:00:00,T1317,Traffic Spike,Low
E04957,2026-01-20 18:00:00,T1491,High CPU,Low
E04958,2026-01-07 00:00:00,T1138,Packet Loss,Medium
E04959,2026-01-03 06:00:00,T1450,Call Drop,Critical
E04960,2026-01-17 06:00:00,T1187,Low Signal,Medium
E04961,2026-01-07 00:00:00,T1352,Connection Failure,Medium
E04962,2026-01-04 06:00:00,T1136,Traffic Spike,Medium
E04963,2026-01-01 18:00:00,T1239,Connection Failure,High
E04964,2026-01-16 06:00:00,T1234,Traffic Spike,High
E04965,2026-01-29 12:00:00,T1129,Call Drop,Medium
E04966,2026-01-16 12:00:00,T1486,Low Signal,Medium
E04967,2026-01-03 00:00:00,T1224,Packet Loss,High
E04968,2026-01-26 18:00:00,T1191,Traffic Spike,Medium
E04969,2026-01-07 00:00:00,T1249,Low Signal,Low
E04970,2026-01-06 18:00:00,T1152,Traffic Spike,Low
E04971,2026-01-24 18:00:00,T1307,Packet Loss,Medium
E04972,2026-01-14 12:00:00,T1143,Call Drop,Medium
E04973,2026-01-04 00:00:00,T1362,Traffic Spike,Medium
E04974,2026-01-28 12:00:00,T1098,High CPU,Medium
E04975,2026-01-23 18:00:00,T1257,Packet Loss,Low
E04976,2026-01-06 18:00:00,T1348,Call Drop,Low
E04977,2026-01-16 00:00:00,T1095,High CPU,Low
E04978,2026-01-06 00:00:00,T1156,Low Signal,Low
E04979,2026-01-18 18:00:00,T1120,Traffic Spike,Low
E04980,2026-01-17 00:00:00,T1437,Connection Failure,Low
E04981,2026-01-14 12:00:00,T1499,High CPU,Critical
E04982,2026-01-13 12:00:00,T1021,High CPU,Medium
E04983,2026-01-24 00:00:00,T1001,High CPU,High
E04984,2026-01-21 12:00:00,T1339,Packet Loss,Medium
E04985,2026-01-08 12:00:00,T1364,Connection Failure,Low
E04986,2026-01-11 00:00:00,T1297,Packet Loss,Low
E04987,2026-01-28 00:00:00,T1039,High CPU,Low
E04988,2026-01-02 00:00:00,T1351,High Latency,Medium
E04989,2026-01-06 06:00:00,T1071,High Latency,Low
E04990,2026-01-24 06:00:00,T1067,High Latency,Medium
E04991,2026-01-19 12:00:00,T1120,Connection Failure,Critical
E04992,2026-01-17 00:00:00,T1025,Call Drop,Low
E04993,2026-01-28 18:00:00,T1036,High Latency,High
E04994,2026-01-28 00:00:00,T1007,Call Drop,Low
E04995,2026-01-06 12:00:00,T1274,Traffic Spike,Low
E04996,2026-01-29 00:00:00,T1180,Traffic Spike,Low
E04997,2026-01-07 00:00:00,T1249,Traffic Spike,Low
E04998,2026-01-02 18:00:00,T1165,High CPU,Medium
E04999,2026-01-17 12:00:00,T1372,Connection Failure,Medium
E05000,2026-01-02 06:00:00,T1398,Connection Failure,High
E05001,2026-01-04 18:00:00,T1100,High Latency,Low
E05002,2026-01-02 06:00:00,T1178,Low Signal,Low
E05003,2026-01-11 00:00:00,T1445,Connection Failure,High
E05004,2026-01-07 06:00:00,T1487,Low Signal,Low
E05005,2026-01-02 12:00:00,T1427,Packet Loss,High
E05006,2026-01-30 00:00:00,T1140,Low Signal,Critical
E05007,2026-01-20 12:00:00,T1218,Traffic Spike,Medium
E05008,2026-01-11 18:00:00,T1380,Call Drop,Low
E05009,2026-01-13 18:00:00,T1212,Connection Failure,Medium
E05010,2026-01-22 12:00:00,T1477,Connection Failure,Medium
E05011,2026-01-04 12:00:00,T1480,Packet Loss,Medium
E05012,2026-01-01 00:00:00,T1156,High Latency,High
E05013,2026-01-01 00:00:00,T1427,Packet Loss,Medium
E05014,2026-01-15 12:00:00,T1493,Packet Loss,Low
E05015,2026-01-16 00:00:00,T1138,High Latency,Medium
E05016,2026-01-17 06:00:00,T1123,Packet Loss,Critical
E05017,2026-01-11 06:00:00,T1075,Packet Loss,Low
E05018,2026-01-25 06:00:00,T1399,Low Signal,Medium
E05019,2026-01-07 06:00:00,T1445,Call Drop,Low
E05020,2026-01-11 12:00:00,T1059,High Latency,Low
E05021,2026-01-12 18:00:00,T1207,High CPU,Critical
E05022,2026-01-14 00:00:00,T1417,High Latency,Medium
E05023,2026-01-02 00:00:00,T1025,Call Drop,Medium
E05024,2026-01-04 18:00:00,T1436,Packet Loss,Medium
E05025,2026-01-16 06:00:00,T1137,High CPU,Low
E05026,2026-01-07 12:00:00,T1488,High CPU,Medium
E05027,2026-01-10 00:00:00,T1043,Packet Loss,Low
E05028,2026-01-21 18:00:00,T1301,Packet Loss,Low
E05029,2026-01-23 12:00:00,T1163,Low Signal,Low
E05030,2026-01-02 00:00:00,T1269,High CPU,Low
E05031,2026-01-25 12:00:00,T1255,Connection Failure,Low
E05032,2026-01-23 06:00:00,T1484,High Latency,Medium
E05033,2026-01-08 06:00:00,T1390,Packet Loss,Low
E05034,2026-01-24 12:00:00,T1340,Call Drop,Low
E05035,2026-01-30 12:00:00,T1274,High Latency,Low
E05036,2026-01-21 00:00:00,T1101,Packet Loss,Medium
E05037,2026-01-29 12:00:00,T1366,Traffic Spike,Low
E05038,2026-01-10 06:00:00,T1481,High CPU,Low
E05039,2026-01-13 12:00:00,T1486,Call Drop,Low
E05040,2026-01-16 18:00:00,T1033,Packet Loss,Low
E05041,2026-01-16 00:00:00,T1445,High Latency,Low
E05042,2026-01-07 18:00:00,T1185,High Latency,Low
E05043,2026-01-24 18:00:00,T1404,High Latency,Low
E05044,2026-01-08 00:00:00,T1295,Low Signal,Low
E05045,2026-01-29 18:00:00,T1079,Packet Loss,Medium
E05046,2026-01-15 12:00:00,T1246,Connection Failure,High
E05047,2026-01-24 00:00:00,T1473,Connection Failure,Medium
E05048,2026-01-04 18:00:00,T1153,High CPU,High
E05049,2026-01-20 12:00:00,T1005,Connection Failure,Low
E05050,2026-01-04 00:00:00,T1430,Traffic Spike,Medium
E05051,2026-01-06 06:00:00,T1284,Traffic Spike,Low
E05052,2026-01-16 12:00:00,T1008,High CPU,Low
E05053,2026-01-12 06:00:00,T1112,High Latency,Medium
E05054,2026-01-08 06:00:00,T1164,Low Signal,Low
E05055,2026-01-09 06:00:00,T1057,High CPU,Medium
E05056,2026-01-19 00:00:00,T1208,High CPU,Medium
E05057,2026-01-22 18:00:00,T1061,Call Drop,Medium
E05058,2026-01-14 06:00:00,T1279,Call Drop,High
E05059,2026-01-09 18:00:00,T1337,Call Drop,Medium
E05060,2026-01-06 00:00:00,T1086,Connection Failure,High
E05061,2026-01-19 06:00:00,T1393,Call Drop,Medium
E05062,2026-01-25 06:00:00,T1270,High Latency,Low
E05063,2026-01-27 12:00:00,T1409,High CPU,Low
E05064,2026-01-23 18:00:00,T1359,Call Drop,Low
E05065,2026-01-08 12:00:00,T1488,Low Signal,Low
E05066,2026-01-24 00:00:00,T1049,High CPU,Medium
E05067,2026-01-08 12:00:00,T1431,High CPU,High
E05068,2026-01-30 00:00:00,T1122,High CPU,High
E05069,2026-01-06 18:00:00,T1462,Low Signal,Critical
E05070,2026-01-15 18:00:00,T1479,High CPU,Medium
E05071,2026-01-02 18:00:00,T1147,High CPU,High
E05072,2026-01-26 06:00:00,T1320,Packet Loss,High
E05073,2026-01-03 00:00:00,T1256,Connection Failure,Medium
E05074,2026-01-29 18:00:00,T1044,Connection Failure,Medium
E05075,2026-01-01 06:00:00,T1061,Call Drop,Low
E05076,2026-01-30 18:00:00,T1027,Traffic Spike,Low
E05077,2026-01-16 12:00:00,T1033,Call Drop,Low
E05078,2026-01-04 18:00:00,T1133,Low Signal,Medium
E05079,2026-01-09 00:00:00,T1257,High Latency,Medium
E05080,2026-01-25 00:00:00,T1014,Traffic Spike,Low
E05081,2026-01-02 06:00:00,T1122,Low Signal,Low
E05082,2026-01-18 00:00:00,T1422,Call Drop,High
E05083,2026-01-03 06:00:00,T1040,Traffic Spike,Medium
E05084,2026-01-19 06:00:00,T1328,High Latency,Low
E05085,2026-01-18 00:00:00,T1325,High CPU,Low
E05086,2026-01-16 06:00:00,T1393,Call Drop,Low
E05087,2026-01-15 18:00:00,T1330,Call Drop,Low
E05088,2026-01-17 12:00:00,T1038,Connection Failure,Medium
E05089,2026-01-04 12:00:00,T1455,Low Signal,Medium
E05090,2026-01-27 06:00:00,T1381,Packet Loss,High
E05091,2026-01-11 18:00:00,T1483,Call Drop,Low
E05092,2026-01-30 00:00:00,T1022,Call Drop,Medium
E05093,2026-01-23 00:00:00,T1379,High CPU,Low
E05094,2026-01-20 00:00:00,T1344,Traffic Spike,Medium
E05095,2026-01-08 06:00:00,T1114,Traffic Spike,Medium
E05096,2026-01-14 00:00:00,T1177,High CPU,Low
E05097,2026-01-26 18:00:00,T1325,High CPU,High
E05098,2026-01-13 18:00:00,T1069,Connection Failure,Medium
E05099,2026-01-04 18:00:00,T1297,Low Signal,High
E05100,2026-01-19 06:00:00,T1432,Low Signal,Medium
E05101,2026-01-28 18:00:00,T1234,Low Signal,Low
E05102,2026-01-17 18:00:00,T1429,Low Signal,Medium
E05103,2026-01-15 12:00:00,T1181,High CPU,Medium
E05104,2026-01-27 18:00:00,T1190,Connection Failure,Medium
E05105,2026-01-20 18:00:00,T1163,Connection Failure,Low
E05106,2026-01-23 00:00:00,T1109,High Latency,High
E05107,2026-01-02 18:00:00,T1162,High CPU,Low
E05108,2026-01-24 06:00:00,T1335,Traffic Spike,Low
E05109,2026-01-29 06:00:00,T1428,High CPU,Low
E05110,2026-01-25 12:00:00,T1239,Low Signal,Low
E05111,2026-01-24 06:00:00,T1340,Connection Failure,Low
E05112,2026-01-13 12:00:00,T1256,Connection Failure,Low
E05113,2026-01-21 12:00:00,T1125,Call Drop,High
E05114,2026-01-24 12:00:00,T1001,Packet Loss,Low
E05115,2026-01-29 06:00:00,T1235,Packet Loss,Low
E05116,2026-01-01 12:00:00,T1111,High CPU,Medium
E05117,2026-01-18 06:00:00,T1348,Traffic Spike,Medium
E05118,2026-01-29 00:00:00,T1268,Packet Loss,Critical
E05119,2026-01-22 06:00:00,T1397,High CPU,Medium
E05120,2026-01-11 18:00:00,T1177,Connection Failure,Medium
E05121,2026-01-02 06:00:00,T1111,Connection Failure,High
E05122,2026-01-15 00:00:00,T1016,Traffic Spike,Medium
E05123,2026-01-26 00:00:00,T1307,Connection Failure,Low
E05124,2026-01-22 00:00:00,T1350,Call Drop,Medium
E05125,2026-01-25 12:00:00,T1115,Call Drop,Medium
E05126,2026-01-27 18:00:00,T1288,Call Drop,High
E05127,2026-01-01 12:00:00,T1232,High CPU,Medium
E05128,2026-01-04 00:00:00,T1249,Low Signal,Low
E05129,2026-01-06 12:00:00,T1394,High CPU,Medium
E05130,2026-01-27 18:00:00,T1161,Packet Loss,Low
E05131,2026-01-12 00:00:00,T1216,High CPU,Low
E05132,2026-01-30 06:00:00,T1213,Low Signal,Medium
E05133,2026-01-25 18:00:00,T1355,Connection Failure,Low
E05134,2026-01-17 18:00:00,T1005,Packet Loss,Medium
E05135,2026-01-02 00:00:00,T1252,Low Signal,Low
E05136,2026-01-04 12:00:00,T1433,Traffic Spike,High
E05137,2026-01-15 00:00:00,T1217,High Latency,Medium
E05138,2026-01-03 18:00:00,T1317,High Latency,Low
E05139,2026-01-09 12:00:00,T1003,Low Signal,Medium
E05140,2026-01-20 06:00:00,T1410,Low Signal,High
E05141,2026-01-26 00:00:00,T1243,High CPU,High
E05142,2026-01-30 00:00:00,T1281,Packet Loss,Low
E05143,2026-01-04 18:00:00,T1124,High Latency,Low
E05144,2026-01-30 12:00:00,T1097,Connection Failure,Low
E05145,2026-01-21 00:00:00,T1472,Connection Failure,Low
E05146,2026-01-16 12:00:00,T1046,High Latency,Low
E05147,2026-01-12 12:00:00,T1427,Call Drop,Low
E05148,2026-01-06 06:00:00,T1412,Traffic Spike,Low
E05149,2026-01-12 00:00:00,T1174,Connection Failure,Medium
E05150,2026-01-10 00:00:00,T1386,Call Drop,Medium
E05151,2026-01-07 00:00:00,T1207,Low Signal,Low
E05152,2026-01-08 18:00:00,T1102,Low Signal,Low
E05153,2026-01-11 00:00:00,T1204,High Latency,Low
E05154,2026-01-09 06:00:00,T1150,Call Drop,Low
E05155,2026-01-11 00:00:00,T1411,High Latency,Critical
E05156,2026-01-14 12:00:00,T1044,Packet Loss,Low
E05157,2026-01-01 18:00:00,T1236,Low Signal,Low
E05158,2026-01-28 18:00:00,T1218,Connection Failure,Medium
E05159,2026-01-27 06:00:00,T1050,Call Drop,Low
E05160,2026-01-11 06:00:00,T1407,Call Drop,High
E05161,2026-01-18 18:00:00,T1141,Call Drop,Medium
E05162,2026-01-22 12:00:00,T1033,Packet Loss,Low
E05163,2026-01-19 00:00:00,T1012,Low Signal,Low
E05164,2026-01-12 00:00:00,T1493,Traffic Spike,Medium
E05165,2026-01-29 18:00:00,T1020,Packet Loss,Medium
E05166,2026-01-23 12:00:00,T1307,Low Signal,Medium
E05167,2026-01-04 06:00:00,T1186,Packet Loss,High
E05168,2026-01-02 00:00:00,T1043,Call Drop,Medium
E05169,2026-01-04 06:00:00,T1298,Connection Failure,Medium
E05170,2026-01-25 12:00:00,T1462,Traffic Spike,Low
E05171,2026-01-09 18:00:00,T1264,Low Signal,Low
E05172,2026-01-18 00:00:00,T1312,High CPU,High
E05173,2026-01-01 12:00:00,T1331,High Latency,High
E05174,2026-01-13 06:00:00,T1048,Packet Loss,Medium
E05175,2026-01-05 06:00:00,T1376,Traffic Spike,Critical
E05176,2026-01-05 12:00:00,T1200,High CPU,Critical
E05177,2026-01-28 18:00:00,T1068,Call Drop,Low
E05178,2026-01-04 00:00:00,T1402,Low Signal,High
E05179,2026-01-06 12:00:00,T1311,High CPU,Medium
E05180,2026-01-17 06:00:00,T1071,High Latency,High
E05181,2026-01-06 06:00:00,T1218,Traffic Spike,Medium
E05182,2026-01-07 06:00:00,T1262,Call Drop,Low
E05183,2026-01-16 00:00:00,T1212,Connection Failure,Low
E05184,2026-01-22 18:00:00,T1062,High Latency,Low
E05185,2026-01-03 00:00:00,T1414,Connection Failure,Low
E05186,2026-01-30 06:00:00,T1485,Packet Loss,Low
E05187,2026-01-11 00:00:00,T1360,Packet Loss,Medium
E05188,2026-01-07 00:00:00,T1185,Call Drop,Low
E05189,2026-01-06 18:00:00,T1221,Low Signal,Low
E05190,2026-01-12 00:00:00,T1159,Traffic Spike,Low
E05191,2026-01-30 00:00:00,T1475,High CPU,Low
E05192,2026-01-26 18:00:00,T1136,Low Signal,Low
E05193,2026-01-27 18:00:00,T1387,High CPU,Low
E05194,2026-01-20 06:00:00,T1341,High Latency,Medium
E05195,2026-01-10 12:00:00,T1065,Connection Failure,Medium
E05196,2026-01-30 00:00:00,T1416,Connection Failure,Low
E05197,2026-01-20 18:00:00,T1066,High Latency,Low
E05198,2026-01-28 12:00:00,T1220,Low Signal,High
E05199,2026-01-29 18:00:00,T1491,Packet Loss,Low
E05200,2026-01-06 06:00:00,T1366,Packet Loss,Critical
E05201,2026-01-06 18:00:00,T1129,Packet Loss,Low
E05202,2026-01-18 06:00:00,T1445,Connection Failure,Medium
E05203,2026-01-06 12:00:00,T1040,Call Drop,Low
E05204,2026-01-05 18:00:00,T1175,Traffic Spike,Medium
E05205,2026-01-12 00:00:00,T1244,Call Drop,Low
E05206,2026-01-23 00:00:00,T1144,Connection Failure,Low
E05207,2026-01-09 12:00:00,T1109,High Latency,Low
E05208,2026-01-19 12:00:00,T1234,Low Signal,Medium
E05209,2026-01-23 12:00:00,T1197,Packet Loss,Medium
E05210,2026-01-06 06:00:00,T1111,Low Signal,Low
E05211,2026-01-27 12:00:00,T1153,Low Signal,Medium
E05212,2026-01-09 12:00:00,T1118,High Latency,Medium
E05213,2026-01-12 12:00:00,T1300,High Latency,Medium
E05214,2026-01-23 18:00:00,T1333,Connection Failure,Low
E05215,2026-01-09 18:00:00,T1414,Packet Loss,Medium
E05216,2026-01-04 12:00:00,T1401,Low Signal,Low
E05217,2026-01-14 18:00:00,T1466,Packet Loss,Low
E05218,2026-01-01 00:00:00,T1365,Low Signal,Low
E05219,2026-01-06 00:00:00,T1088,Call Drop,Low
E05220,2026-01-15 18:00:00,T1426,High Latency,Low
E05221,2026-01-10 18:00:00,T1443,Packet Loss,Low
E05222,2026-01-19 06:00:00,T1128,Connection Failure,Low
E05223,2026-01-30 06:00:00,T1088,High Latency,Low
E05224,2026-01-18 06:00:00,T1217,Low Signal,Low
E05225,2026-01-28 00:00:00,T1286,High CPU,Low
E05226,2026-01-16 00:00:00,T1370,High CPU,Medium
E05227,2026-01-06 06:00:00,T1459,High Latency,Medium
E05228,2026-01-12 06:00:00,T1066,Low Signal,Low
E05229,2026-01-23 12:00:00,T1331,Traffic Spike,Low
E05230,2026-01-12 12:00:00,T1325,Connection Failure,Medium
E05231,2026-01-02 06:00:00,T1108,Connection Failure,High
E05232,2026-01-05 00:00:00,T1297,Packet Loss,Low
E05233,2026-01-01 06:00:00,T1011,Packet Loss,Low
E05234,2026-01-30 06:00:00,T1287,Traffic Spike,Low
E05235,2026-01-19 06:00:00,T1237,Call Drop,Medium
E05236,2026-01-26 12:00:00,T1353,Packet Loss,Low
E05237,2026-01-02 06:00:00,T1404,Packet Loss,High
E05238,2026-01-02 00:00:00,T1153,Traffic Spike,Medium
E05239,2026-01-21 00:00:00,T1242,High Latency,Low
E05240,2026-01-18 00:00:00,T1395,Connection Failure,Low
E05241,2026-01-02 18:00:00,T1177,High CPU,Low
E05242,2026-01-13 00:00:00,T1150,High CPU,Medium
E05243,2026-01-26 12:00:00,T1287,Traffic Spike,Medium
E05244,2026-01-22 00:00:00,T1489,High CPU,Low
E05245,2026-01-12 00:00:00,T1484,Traffic Spike,Low
E05246,2026-01-28 18:00:00,T1330,Connection Failure,Critical
E05247,2026-01-19 18:00:00,T1011,Low Signal,Low
E05248,2026-01-30 00:00:00,T1143,High Latency,Medium
E05249,2026-01-12 00:00:00,T1056,Packet Loss,Low
E05250,2026-01-30 18:00:00,T1426,Packet Loss,Low
E05251,2026-01-12 00:00:00,T1356,Traffic Spike,Low
E05252,2026-01-20 18:00:00,T1161,High CPU,Low
E05253,2026-01-07 12:00:00,T1353,Traffic Spike,Low
E05254,2026-01-19 18:00:00,T1069,High CPU,High
E05255,2026-01-21 18:00:00,T1218,High Latency,Low
E05256,2026-01-22 06:00:00,T1481,Traffic Spike,High
E05257,2026-01-19 12:00:00,T1420,Low Signal,Medium
E05258,2026-01-20 12:00:00,T1454,Traffic Spike,Low
E05259,2026-01-19 12:00:00,T1403,Connection Failure,Medium
E05260,2026-01-16 00:00:00,T1335,High Latency,Low
E05261,2026-01-20 00:00:00,T1045,Low Signal,Medium
E05262,2026-01-30 00:00:00,T1381,Packet Loss,Low
E05263,2026-01-13 06:00:00,T1112,Call Drop,Medium
E05264,2026-01-21 18:00:00,T1058,Packet Loss,Low
E05265,2026-01-11 00:00:00,T1005,Call Drop,Low
E05266,2026-01-24 18:00:00,T1492,Connection Failure,Low
E05267,2026-01-04 12:00:00,T1475,Low Signal,Low
E05268,2026-01-02 18:00:00,T1238,High Latency,Low
E05269,2026-01-05 00:00:00,T1155,High Latency,High
E05270,2026-01-17 12:00:00,T1356,High CPU,Low
E05271,2026-01-29 00:00:00,T1363,High CPU,Low
E05272,2026-01-13 12:00:00,T1363,Low Signal,Medium
E05273,2026-01-16 06:00:00,T1060,Packet Loss,Low
E05274,2026-01-14 12:00:00,T1199,High CPU,Low
E05275,2026-01-03 06:00:00,T1114,Traffic Spike,Low
E05276,2026-01-01 00:00:00,T1135,Low Signal,Low
E05277,2026-01-02 00:00:00,T1279,Traffic Spike,Low
E05278,2026-01-14 06:00:00,T1459,High CPU,Low
E05279,2026-01-27 12:00:00,T1140,Packet Loss,Low
E05280,2026-01-25 12:00:00,T1177,High CPU,High
E05281,2026-01-03 00:00:00,T1160,Low Signal,Medium
E05282,2026-01-21 12:00:00,T1256,Traffic Spike,Low
E05283,2026-01-20 00:00:00,T1230,Call Drop,Low
E05284,2026-01-13 00:00:00,T1122,Low Signal,High
E05285,2026-01-12 12:00:00,T1138,High CPU,Critical
E05286,2026-01-01 12:00:00,T1104,High CPU,Low
E05287,2026-01-02 00:00:00,T1268,High Latency,Critical
E05288,2026-01-19 12:00:00,T1213,Connection Failure,Medium
E05289,2026-01-20 06:00:00,T1047,Packet Loss,High
E05290,2026-01-07 00:00:00,T1458,Connection Failure,Low
E05291,2026-01-25 06:00:00,T1491,Connection Failure,Medium
E05292,2026-01-01 06:00:00,T1147,Low Signal,Low
E05293,2026-01-01 12:00:00,T1177,High CPU,High
E05294,2026-01-01 18:00:00,T1290,Call Drop,Low
E05295,2026-01-02 18:00:00,T1059,Connection Failure,Low
E05296,2026-01-04 18:00:00,T1294,High CPU,Low
E05297,2026-01-01 12:00:00,T1050,High CPU,Low
E05298,2026-01-01 18:00:00,T1429,Call Drop,Low
E05299,2026-01-10 12:00:00,T1255,Call Drop,Medium
E05300,2026-01-18 06:00:00,T1364,High CPU,Low
E05301,2026-01-12 18:00:00,T1268,Connection Failure,Medium
E05302,2026-01-09 06:00:00,T1170,Call Drop,High
E05303,2026-01-17 00:00:00,T1489,Traffic Spike,Low
E05304,2026-01-17 00:00:00,T1210,High Latency,Low
E05305,2026-01-26 18:00:00,T1472,Low Signal,Medium
E05306,2026-01-06 00:00:00,T1122,High Latency,Medium
E05307,2026-01-21 06:00:00,T1020,High Latency,Low
E05308,2026-01-17 00:00:00,T1397,Connection Failure,Medium
E05309,2026-01-08 06:00:00,T1065,Call Drop,Low
E05310,2026-01-18 00:00:00,T1271,High Latency,Medium
E05311,2026-01-27 00:00:00,T1366,Packet Loss,Medium
E05312,2026-01-14 00:00:00,T1237,Call Drop,High
E05313,2026-01-01 18:00:00,T1279,High CPU,High
E05314,2026-01-05 12:00:00,T1159,Connection Failure,Low
E05315,2026-01-23 00:00:00,T1400,High Latency,Low
E05316,2026-01-05 12:00:00,T1337,High CPU,Low
E05317,2026-01-11 18:00:00,T1210,High Latency,Low
E05318,2026-01-10 12:00:00,T1131,High CPU,Low
E05319,2026-01-19 12:00:00,T1225,High Latency,Medium
E05320,2026-01-09 00:00:00,T1032,Traffic Spike,Low
E05321,2026-01-22 12:00:00,T1424,High Latency,Medium
E05322,2026-01-01 12:00:00,T1300,Call Drop,High
E05323,2026-01-10 18:00:00,T1153,Packet Loss,Medium
E05324,2026-01-12 06:00:00,T1472,Traffic Spike,Low
E05325,2026-01-08 18:00:00,T1178,Traffic Spike,Medium
E05326,2026-01-24 06:00:00,T1415,Traffic Spike,Medium
E05327,2026-01-26 00:00:00,T1453,Connection Failure,High
E05328,2026-01-24 18:00:00,T1199,Connection Failure,Low
E05329,2026-01-28 12:00:00,T1077,Low Signal,Low
E05330,2026-01-27 06:00:00,T1007,High Latency,High
E05331,2026-01-11 18:00:00,T1392,High CPU,Medium
E05332,2026-01-13 12:00:00,T1004,Traffic Spike,Medium
E05333,2026-01-05 12:00:00,T1052,Call Drop,Medium
E05334,2026-01-16 18:00:00,T1407,High CPU,Low
E05335,2026-01-11 00:00:00,T1114,Low Signal,Medium
E05336,2026-01-24 00:00:00,T1215,Traffic Spike,Low
E05337,2026-01-05 18:00:00,T1071,High Latency,Medium
E05338,2026-01-14 06:00:00,T1214,Packet Loss,High
E05339,2026-01-21 06:00:00,T1310,Call Drop,Low
E05340,2026-01-01 00:00:00,T1214,Connection Failure,Critical
E05341,2026-01-15 06:00:00,T1490,Traffic Spike,Low
E05342,2026-01-17 00:00:00,T1171,Traffic Spike,High
E05343,2026-01-26 18:00:00,T1065,High Latency,Low
E05344,2026-01-26 12:00:00,T1335,Packet Loss,High
E05345,2026-01-28 00:00:00,T1471,High Latency,Medium
E05346,2026-01-27 06:00:00,T1497,Packet Loss,Low
E05347,2026-01-28 06:00:00,T1396,Low Signal,Medium
E05348,2026-01-02 06:00:00,T1029,Call Drop,High
E05349,2026-01-08 00:00:00,T1350,Call Drop,High
E05350,2026-01-24 18:00:00,T1445,Connection Failure,Medium
E05351,2026-01-25 18:00:00,T1008,High Latency,Medium
E05352,2026-01-23 12:00:00,T1394,Packet Loss,Low
E05353,2026-01-03 12:00:00,T1389,Connection Failure,Low
E05354,2026-01-08 12:00:00,T1259,Traffic Spike,Low
E05355,2026-01-27 18:00:00,T1486,Call Drop,Low
E05356,2026-01-25 12:00:00,T1054,High CPU,High
E05357,2026-01-08 06:00:00,T1434,Connection Failure,Low
E05358,2026-01-04 12:00:00,T1077,Packet Loss,High
E05359,2026-01-30 18:00:00,T1445,Call Drop,Low
E05360,2026-01-15 00:00:00,T1266,Connection Failure,Low
E05361,2026-01-20 06:00:00,T1332,Low Signal,Low
E05362,2026-01-06 00:00:00,T1067,Connection Failure,Medium
E05363,2026-01-23 00:00:00,T1282,Connection Failure,Low
E05364,2026-01-05 00:00:00,T1262,Traffic Spike,Medium
E05365,2026-01-29 12:00:00,T1459,Call Drop,Low
E05366,2026-01-26 00:00:00,T1496,Packet Loss,High
E05367,2026-01-12 00:00:00,T1385,Packet Loss,Low
E05368,2026-01-07 06:00:00,T1279,Call Drop,Low
E05369,2026-01-03 18:00:00,T1333,High CPU,Medium
E05370,2026-01-29 12:00:00,T1303,Call Drop,Critical
E05371,2026-01-11 12:00:00,T1363,Connection Failure,High
E05372,2026-01-13 18:00:00,T1377,Packet Loss,Low
E05373,2026-01-15 00:00:00,T1210,High Latency,Low
E05374,2026-01-05 00:00:00,T1383,Packet Loss,Low
E05375,2026-01-23 18:00:00,T1187,Low Signal,Low
E05376,2026-01-15 12:00:00,T1323,Connection Failure,Low
E05377,2026-01-26 06:00:00,T1441,Packet Loss,Critical
E05378,2026-01-30 06:00:00,T1024,Packet Loss,Low
E05379,2026-01-05 06:00:00,T1091,Connection Failure,Low
E05380,2026-01-10 06:00:00,T1197,Packet Loss,Medium
E05381,2026-01-24 12:00:00,T1098,High Latency,High
E05382,2026-01-20 18:00:00,T1318,Low Signal,Medium
E05383,2026-01-03 00:00:00,T1469,High Latency,Low
E05384,2026-01-20 06:00:00,T1490,Connection Failure,Medium
E05385,2026-01-27 06:00:00,T1004,Low Signal,Low
E05386,2026-01-16 18:00:00,T1415,Low Signal,Low
E05387,2026-01-21 00:00:00,T1024,Low Signal,Medium
E05388,2026-01-30 06:00:00,T1255,High Latency,Low
E05389,2026-01-20 00:00:00,T1020,High Latency,Critical
E05390,2026-01-09 18:00:00,T1392,High Latency,Low
E05391,2026-01-06 00:00:00,T1169,Call Drop,Medium
E05392,2026-01-13 18:00:00,T1423,High CPU,High
E05393,2026-01-12 00:00:00,T1363,High Latency,Low
E05394,2026-01-20 12:00:00,T1431,Packet Loss,Low
E05395,2026-01-06 06:00:00,T1324,Connection Failure,Medium
E05396,2026-01-17 06:00:00,T1398,Traffic Spike,Medium
E05397,2026-01-24 00:00:00,T1093,Packet Loss,Low
E05398,2026-01-06 12:00:00,T1109,Call Drop,Medium
E05399,2026-01-28 00:00:00,T1278,Connection Failure,Medium
E05400,2026-01-20 18:00:00,T1209,Call Drop,Low
E05401,2026-01-13 12:00:00,T1406,Call Drop,Low
E05402,2026-01-20 06:00:00,T1180,High CPU,Medium
E05403,2026-01-14 06:00:00,T1131,Traffic Spike,Low
E05404,2026-01-21 12:00:00,T1447,Call Drop,Medium
E05405,2026-01-15 12:00:00,T1132,High CPU,Medium
E05406,2026-01-28 00:00:00,T1496,High Latency,Low
E05407,2026-01-17 12:00:00,T1372,Low Signal,High
E05408,2026-01-22 00:00:00,T1278,High CPU,Low
E05409,2026-01-07 12:00:00,T1083,Low Signal,Low
E05410,2026-01-26 12:00:00,T1293,Call Drop,Low
E05411,2026-01-22 12:00:00,T1411,High CPU,Low
E05412,2026-01-26 18:00:00,T1181,Traffic Spike,Medium
E05413,2026-01-24 12:00:00,T1446,Call Drop,Critical
E05414,2026-01-23 12:00:00,T1041,Packet Loss,Low
E05415,2026-01-15 06:00:00,T1188,High CPU,Medium
E05416,2026-01-09 06:00:00,T1047,Connection Failure,Medium
E05417,2026-01-03 06:00:00,T1245,Packet Loss,Medium
E05418,2026-01-09 06:00:00,T1043,High CPU,Low
E05419,2026-01-26 12:00:00,T1206,Low Signal,Low
E05420,2026-01-25 06:00:00,T1482,Packet Loss,Medium
E05421,2026-01-11 12:00:00,T1180,Call Drop,Medium
E05422,2026-01-21 06:00:00,T1486,Call Drop,Medium
E05423,2026-01-04 06:00:00,T1398,Connection Failure,Low
E05424,2026-01-01 18:00:00,T1493,Traffic Spike,Low
E05425,2026-01-28 06:00:00,T1326,High Latency,High
E05426,2026-01-22 18:00:00,T1492,High CPU,Low
E05427,2026-01-20 06:00:00,T1436,Call Drop,Low
E05428,2026-01-06 00:00:00,T1202,Low Signal,Low
E05429,2026-01-07 00:00:00,T1495,Traffic Spike,Medium
E05430,2026-01-22 06:00:00,T1389,High CPU,High
E05431,2026-01-30 00:00:00,T1264,High CPU,High
E05432,2026-01-29 12:00:00,T1107,High Latency,Low
E05433,2026-01-17 12:00:00,T1318,High CPU,Medium
E05434,2026-01-11 00:00:00,T1164,Call Drop,Low
E05435,2026-01-04 12:00:00,T1260,High Latency,Medium
E05436,2026-01-14 06:00:00,T1135,Connection Failure,Critical
E05437,2026-01-13 18:00:00,T1170,Packet Loss,Low
E05438,2026-01-23 18:00:00,T1478,Packet Loss,Medium
E05439,2026-01-23 06:00:00,T1448,Call Drop,Low
E05440,2026-01-27 00:00:00,T1258,Call Drop,Low
E05441,2026-01-14 12:00:00,T1185,High Latency,Medium
E05442,2026-01-09 18:00:00,T1439,Call Drop,Low
E05443,2026-01-03 12:00:00,T1017,Call Drop,Low
E05444,2026-01-08 12:00:00,T1108,Call Drop,Low
E05445,2026-01-26 00:00:00,T1170,High Latency,Low
E05446,2026-01-05 00:00:00,T1072,High CPU,Critical
E05447,2026-01-17 12:00:00,T1409,High CPU,Low
E05448,2026-01-05 00:00:00,T1040,Call Drop,High
E05449,2026-01-02 06:00:00,T1125,High Latency,Critical
E05450,2026-01-05 06:00:00,T1359,Packet Loss,Medium
E05451,2026-01-23 12:00:00,T1084,High Latency,High
E05452,2026-01-14 18:00:00,T1218,High Latency,High
E05453,2026-01-27 18:00:00,T1468,Traffic Spike,Medium
E05454,2026-01-18 06:00:00,T1356,High CPU,Low
E05455,2026-01-14 18:00:00,T1362,Call Drop,Low
E05456,2026-01-01 00:00:00,T1476,High CPU,High
E05457,2026-01-16 18:00:00,T1339,Packet Loss,Low
E05458,2026-01-10 18:00:00,T1436,Packet Loss,Low
E05459,2026-01-20 12:00:00,T1424,High CPU,Low
E05460,2026-01-05 00:00:00,T1059,Packet Loss,Low
E05461,2026-01-07 00:00:00,T1469,High Latency,Low
E05462,2026-01-09 06:00:00,T1113,Connection Failure,Medium
E05463,2026-01-14 06:00:00,T1199,Connection Failure,Low
E05464,2026-01-21 12:00:00,T1243,Connection Failure,Low
E05465,2026-01-07 00:00:00,T1011,Call Drop,Medium
E05466,2026-01-04 00:00:00,T1093,High CPU,Medium
E05467,2026-01-26 12:00:00,T1465,Traffic Spike,Medium
E05468,2026-01-01 12:00:00,T1092,Call Drop,Low
E05469,2026-01-06 00:00:00,T1116,Connection Failure,High
E05470,2026-01-24 12:00:00,T1479,Traffic Spike,Low
E05471,2026-01-05 18:00:00,T1000,Traffic Spike,High
E05472,2026-01-26 12:00:00,T1145,High Latency,Low
E05473,2026-01-27 06:00:00,T1267,Low Signal,Low
E05474,2026-01-06 06:00:00,T1236,High CPU,Medium
E05475,2026-01-19 06:00:00,T1400,High CPU,Low
E05476,2026-01-27 18:00:00,T1373,Connection Failure,Medium
E05477,2026-01-01 00:00:00,T1270,High Latency,Low
E05478,2026-01-11 06:00:00,T1347,High CPU,Low
E05479,2026-01-10 06:00:00,T1488,High Latency,Low
E05480,2026-01-07 18:00:00,T1338,High Latency,High
E05481,2026-01-25 00:00:00,T1444,Connection Failure,High
E05482,2026-01-08 18:00:00,T1477,High Latency,Low
E05483,2026-01-16 12:00:00,T1082,Low Signal,Low
E05484,2026-01-02 12:00:00,T1014,High Latency,Low
E05485,2026-01-10 00:00:00,T1317,Connection Failure,Medium
E05486,2026-01-20 18:00:00,T1116,Connection Failure,Medium
E05487,2026-01-28 00:00:00,T1262,High Latency,High
E05488,2026-01-12 00:00:00,T1260,Call Drop,Medium
E05489,2026-01-24 12:00:00,T1012,Traffic Spike,Low
E05490,2026-01-27 12:00:00,T1451,High CPU,Medium
E05491,2026-01-10 00:00:00,T1267,Call Drop,Low
E05492,2026-01-16 00:00:00,T1157,Call Drop,Low
E05493,2026-01-28 18:00:00,T1262,Connection Failure,High
E05494,2026-01-12 00:00:00,T1388,Call Drop,Medium
E05495,2026-01-20 06:00:00,T1205,Packet Loss,Medium
E05496,2026-01-21 06:00:00,T1478,Connection Failure,Medium
E05497,2026-01-02 00:00:00,T1298,Connection Failure,Medium
E05498,2026-01-22 00:00:00,T1144,Call Drop,Medium
E05499,2026-01-13 06:00:00,T1433,Packet Loss,Low
E05500,2026-01-23 12:00:00,T1319,Connection Failure,Medium
E05501,2026-01-04 12:00:00,T1305,High Latency,High
E05502,2026-01-26 06:00:00,T1335,Traffic Spike,Critical
E05503,2026-01-10 06:00:00,T1256,Connection Failure,High
E05504,2026-01-16 18:00:00,T1194,Call Drop,Low
E05505,2026-01-08 18:00:00,T1172,Call Drop,High
E05506,2026-01-13 18:00:00,T1376,High CPU,Low
E05507,2026-01-07 18:00:00,T1214,High Latency,Low
E05508,2026-01-13 00:00:00,T1121,Low Signal,Critical
E05509,2026-01-04 18:00:00,T1058,Traffic Spike,Medium
E05510,2026-01-26 12:00:00,T1300,Packet Loss,Low
E05511,2026-01-16 00:00:00,T1463,Connection Failure,Medium
E05512,2026-01-16 06:00:00,T1154,Call Drop,Low
E05513,2026-01-09 06:00:00,T1126,Packet Loss,Low
E05514,2026-01-04 00:00:00,T1005,High Latency,Low
E05515,2026-01-26 06:00:00,T1473,Low Signal,Low
E05516,2026-01-19 00:00:00,T1137,Call Drop,Low
E05517,2026-01-03 06:00:00,T1043,High Latency,High
E05518,2026-01-15 12:00:00,T1331,Connection Failure,Low
E05519,2026-01-03 12:00:00,T1286,Low Signal,Low
E05520,2026-01-04 12:00:00,T1223,Packet Loss,Low
E05521,2026-01-02 06:00:00,T1256,Low Signal,Low
E05522,2026-01-11 06:00:00,T1131,Call Drop,High
E05523,2026-01-24 00:00:00,T1244,High CPU,Critical
E05524,2026-01-16 00:00:00,T1383,High CPU,Low
E05525,2026-01-21 12:00:00,T1264,Connection Failure,Low
E05526,2026-01-14 12:00:00,T1098,Packet Loss,Low
E05527,2026-01-22 12:00:00,T1091,Low Signal,Low
E05528,2026-01-06 18:00:00,T1485,High CPU,High
E05529,2026-01-11 12:00:00,T1322,Connection Failure,Low
E05530,2026-01-21 06:00:00,T1310,Traffic Spike,Low
E05531,2026-01-23 06:00:00,T1396,High CPU,Low
E05532,2026-01-26 06:00:00,T1067,Low Signal,Low
E05533,2026-01-17 18:00:00,T1477,High Latency,Medium
E05534,2026-01-23 06:00:00,T1210,Packet Loss,High
E05535,2026-01-25 12:00:00,T1154,Call Drop,Low
E05536,2026-01-12 00:00:00,T1225,High CPU,Low
E05537,2026-01-21 00:00:00,T1457,Low Signal,Low
E05538,2026-01-24 12:00:00,T1262,Connection Failure,Medium
E05539,2026-01-17 00:00:00,T1304,Packet Loss,Medium
E05540,2026-01-01 06:00:00,T1142,Connection Failure,Medium
E05541,2026-01-23 06:00:00,T1214,Low Signal,Low
E05542,2026-01-30 12:00:00,T1496,High CPU,High
E05543,2026-01-22 12:00:00,T1055,Traffic Spike,Critical
E05544,2026-01-02 12:00:00,T1306,Call Drop,Low
E05545,2026-01-12 06:00:00,T1041,Connection Failure,Medium
E05546,2026-01-13 00:00:00,T1085,Traffic Spike,Medium
E05547,2026-01-29 06:00:00,T1010,Packet Loss,Medium
E05548,2026-01-01 00:00:00,T1075,High Latency,Medium
E05549,2026-01-20 18:00:00,T1088,High CPU,Low
E05550,2026-01-16 06:00:00,T1326,Low Signal,Low
E05551,2026-01-21 12:00:00,T1160,Packet Loss,Low
E05552,2026-01-05 06:00:00,T1075,Packet Loss,Low
E05553,2026-01-18 00:00:00,T1263,Connection Failure,Medium
E05554,2026-01-26 12:00:00,T1104,Traffic Spike,Medium
E05555,2026-01-25 06:00:00,T1111,Low Signal,High
E05556,2026-01-06 18:00:00,T1116,Packet Loss,Low
E05557,2026-01-05 12:00:00,T1132,High Latency,High
E05558,2026-01-13 00:00:00,T1451,High CPU,Low
E05559,2026-01-30 00:00:00,T1268,Call Drop,Medium
E05560,2026-01-21 12:00:00,T1299,High CPU,High
E05561,2026-01-22 06:00:00,T1085,Packet Loss,Medium
E05562,2026-01-05 06:00:00,T1098,High CPU,High
E05563,2026-01-14 18:00:00,T1154,High Latency,Medium
E05564,2026-01-15 00:00:00,T1290,High Latency,Medium
E05565,2026-01-25 18:00:00,T1048,Packet Loss,Low
E05566,2026-01-30 00:00:00,T1468,Packet Loss,Medium
E05567,2026-01-30 12:00:00,T1228,Low Signal,High
E05568,2026-01-06 00:00:00,T1437,Traffic Spike,Low
E05569,2026-01-12 12:00:00,T1338,Call Drop,Low
E05570,2026-01-16 00:00:00,T1079,Low Signal,Low
E05571,2026-01-17 18:00:00,T1135,Traffic Spike,Low
E05572,2026-01-06 06:00:00,T1130,Low Signal,Low
E05573,2026-01-28 18:00:00,T1349,Packet Loss,Low
E05574,2026-01-09 12:00:00,T1251,Low Signal,Low
E05575,2026-01-26 18:00:00,T1108,Traffic Spike,Low
E05576,2026-01-05 00:00:00,T1113,Traffic Spike,High
E05577,2026-01-13 00:00:00,T1026,Traffic Spike,Medium
E05578,2026-01-08 00:00:00,T1281,Low Signal,Critical
E05579,2026-01-08 18:00:00,T1249,Low Signal,Medium
E05580,2026-01-25 12:00:00,T1247,High CPU,Low
E05581,2026-01-15 18:00:00,T1265,High Latency,Medium
E05582,2026-01-24 12:00:00,T1466,Connection Failure,High
E05583,2026-01-08 12:00:00,T1115,Packet Loss,Medium
E05584,2026-01-25 00:00:00,T1255,Packet Loss,Low
E05585,2026-01-30 12:00:00,T1370,Traffic Spike,Medium
E05586,2026-01-14 12:00:00,T1167,Low Signal,High
E05587,2026-01-25 00:00:00,T1194,High CPU,Low
E05588,2026-01-24 00:00:00,T1480,Packet Loss,Medium
E05589,2026-01-02 18:00:00,T1461,High CPU,Medium
E05590,2026-01-09 00:00:00,T1079,High CPU,Medium
E05591,2026-01-06 06:00:00,T1180,Call Drop,Medium
E05592,2026-01-15 12:00:00,T1386,Connection Failure,Low
E05593,2026-01-23 06:00:00,T1230,Connection Failure,Low
E05594,2026-01-16 00:00:00,T1040,High Latency,Low
E05595,2026-01-21 12:00:00,T1164,Call Drop,Medium
E05596,2026-01-15 12:00:00,T1232,Connection Failure,Low
E05597,2026-01-02 18:00:00,T1057,Connection Failure,Medium
E05598,2026-01-10 12:00:00,T1443,Low Signal,Medium
E05599,2026-01-26 00:00:00,T1310,Traffic Spike,Medium
E05600,2026-01-04 18:00:00,T1485,Connection Failure,Medium
E05601,2026-01-29 00:00:00,T1265,Packet Loss,Low
E05602,2026-01-10 06:00:00,T1084,Packet Loss,Medium
E05603,2026-01-01 00:00:00,T1373,High CPU,Low
E05604,2026-01-04 18:00:00,T1154,Traffic Spike,Critical
E05605,2026-01-11 12:00:00,T1399,Traffic Spike,Medium
E05606,2026-01-07 06:00:00,T1414,High Latency,Medium
E05607,2026-01-17 00:00:00,T1117,Packet Loss,Medium
E05608,2026-01-07 00:00:00,T1137,Traffic Spike,High
E05609,2026-01-24 06:00:00,T1225,High Latency,Low
E05610,2026-01-19 12:00:00,T1364,Traffic Spike,Medium
E05611,2026-01-25 12:00:00,T1406,High CPU,High
E05612,2026-01-28 00:00:00,T1320,Traffic Spike,Medium
E05613,2026-01-23 12:00:00,T1255,High CPU,High
E05614,2026-01-15 06:00:00,T1289,Packet Loss,Medium
E05615,2026-01-19 06:00:00,T1328,Traffic Spike,High
E05616,2026-01-02 06:00:00,T1268,High CPU,Low
E05617,2026-01-23 18:00:00,T1410,Packet Loss,High
E05618,2026-01-21 00:00:00,T1048,Connection Failure,Low
E05619,2026-01-14 18:00:00,T1141,High CPU,Low
E05620,2026-01-30 00:00:00,T1100,Traffic Spike,Low
E05621,2026-01-28 18:00:00,T1032,High CPU,Low
E05622,2026-01-25 12:00:00,T1292,High CPU,Low
E05623,2026-01-15 18:00:00,T1020,Low Signal,Medium
E05624,2026-01-24 18:00:00,T1275,Traffic Spike,High
E05625,2026-01-09 12:00:00,T1131,High CPU,Low
E05626,2026-01-12 00:00:00,T1279,High Latency,Low
E05627,2026-01-22 06:00:00,T1134,Connection Failure,Medium
E05628,2026-01-11 12:00:00,T1089,Connection Failure,Low
E05629,2026-01-04 00:00:00,T1377,High CPU,Low
E05630,2026-01-17 12:00:00,T1172,Packet Loss,High
E05631,2026-01-05 06:00:00,T1008,Low Signal,Medium
E05632,2026-01-30 06:00:00,T1474,Connection Failure,Medium
E05633,2026-01-12 06:00:00,T1425,High Latency,Medium
E05634,2026-01-06 18:00:00,T1431,Traffic Spike,Critical
E05635,2026-01-30 06:00:00,T1497,Packet Loss,Low
E05636,2026-01-23 12:00:00,T1061,Packet Loss,Low
E05637,2026-01-13 18:00:00,T1372,Traffic Spike,Low
E05638,2026-01-14 18:00:00,T1081,Connection Failure,Medium
E05639,2026-01-19 18:00:00,T1406,Packet Loss,Low
E05640,2026-01-04 12:00:00,T1238,Connection Failure,Low
E05641,2026-01-23 12:00:00,T1096,Connection Failure,High
E05642,2026-01-21 18:00:00,T1169,Call Drop,High
E05643,2026-01-02 18:00:00,T1384,Traffic Spike,Medium
E05644,2026-01-23 18:00:00,T1132,Traffic Spike,Medium
E05645,2026-01-16 00:00:00,T1258,Connection Failure,Medium
E05646,2026-01-13 06:00:00,T1387,High CPU,Low
E05647,2026-01-25 18:00:00,T1047,Connection Failure,Medium
E05648,2026-01-25 00:00:00,T1199,Call Drop,Low
E05649,2026-01-20 00:00:00,T1423,High CPU,High
E05650,2026-01-26 00:00:00,T1043,High Latency,Low
E05651,2026-01-23 18:00:00,T1435,High CPU,Low
E05652,2026-01-04 06:00:00,T1449,Low Signal,Low
E05653,2026-01-21 12:00:00,T1244,High Latency,Medium
E05654,2026-01-22 00:00:00,T1248,Packet Loss,High
E05655,2026-01-11 00:00:00,T1095,Low Signal,Medium
E05656,2026-01-07 06:00:00,T1319,High CPU,Medium
E05657,2026-01-16 12:00:00,T1082,Low Signal,Low
E05658,2026-01-09 12:00:00,T1189,Low Signal,Critical
E05659,2026-01-10 18:00:00,T1393,Packet Loss,Low
E05660,2026-01-16 06:00:00,T1467,Call Drop,Low
E05661,2026-01-27 18:00:00,T1224,Traffic Spike,Low
E05662,2026-01-01 18:00:00,T1159,Connection Failure,Medium
E05663,2026-01-19 12:00:00,T1230,Packet Loss,High
E05664,2026-01-25 18:00:00,T1348,High Latency,Low
E05665,2026-01-20 06:00:00,T1219,Packet Loss,Low
E05666,2026-01-27 06:00:00,T1043,Call Drop,Critical
E05667,2026-01-28 06:00:00,T1309,High Latency,Medium
E05668,2026-01-28 18:00:00,T1265,High CPU,Low
E05669,2026-01-06 00:00:00,T1035,Packet Loss,High
E05670,2026-01-06 18:00:00,T1482,Packet Loss,Low
E05671,2026-01-23 00:00:00,T1468,Call Drop,Low
E05672,2026-01-02 06:00:00,T1038,Connection Failure,Low
E05673,2026-01-11 00:00:00,T1363,High CPU,Low
E05674,2026-01-14 06:00:00,T1162,Traffic Spike,Critical
E05675,2026-01-28 12:00:00,T1259,Call Drop,Low
E05676,2026-01-06 06:00:00,T1344,High CPU,Low
E05677,2026-01-29 00:00:00,T1370,Traffic Spike,Low
E05678,2026-01-23 06:00:00,T1453,High Latency,Low
E05679,2026-01-06 00:00:00,T1125,High CPU,Critical
E05680,2026-01-06 00:00:00,T1276,Packet Loss,Low
E05681,2026-01-20 18:00:00,T1468,Low Signal,Low
E05682,2026-01-26 18:00:00,T1466,High CPU,Low
E05683,2026-01-04 18:00:00,T1098,Packet Loss,Medium
E05684,2026-01-02 06:00:00,T1136,Connection Failure,Low
E05685,2026-01-16 18:00:00,T1109,Low Signal,Medium
E05686,2026-01-09 00:00:00,T1410,Call Drop,Medium
E05687,2026-01-23 18:00:00,T1052,Connection Failure,Medium
E05688,2026-01-04 12:00:00,T1439,Traffic Spike,Low
E05689,2026-01-05 00:00:00,T1319,High CPU,Medium
E05690,2026-01-20 18:00:00,T1139,Call Drop,Low
E05691,2026-01-11 00:00:00,T1262,High CPU,Low
E05692,2026-01-30 18:00:00,T1191,High CPU,Low
E05693,2026-01-12 06:00:00,T1349,Low Signal,Low
E05694,2026-01-29 00:00:00,T1479,High Latency,High
E05695,2026-01-28 06:00:00,T1186,High CPU,Low
E05696,2026-01-20 18:00:00,T1416,Packet Loss,Low
E05697,2026-01-29 12:00:00,T1494,Connection Failure,Medium
E05698,2026-01-23 12:00:00,T1337,High Latency,Low
E05699,2026-01-11 06:00:00,T1089,Low Signal,High
E05700,2026-01-06 06:00:00,T1338,Connection Failure,Low
E05701,2026-01-29 12:00:00,T1137,Low Signal,Medium
E05702,2026-01-12 12:00:00,T1414,Low Signal,Low
E05703,2026-01-01 18:00:00,T1348,High CPU,Low
E05704,2026-01-11 12:00:00,T1067,Traffic Spike,Low
E05705,2026-01-15 06:00:00,T1494,Packet Loss,Medium
E05706,2026-01-22 18:00:00,T1226,High CPU,Low
E05707,2026-01-15 12:00:00,T1005,High Latency,Low
E05708,2026-01-01 18:00:00,T1278,Connection Failure,Low
E05709,2026-01-16 12:00:00,T1386,High Latency,Medium
E05710,2026-01-27 00:00:00,T1296,Connection Failure,Low
E05711,2026-01-05 06:00:00,T1368,High CPU,Critical
E05712,2026-01-16 18:00:00,T1057,Call Drop,Medium
E05713,2026-01-13 00:00:00,T1111,Call Drop,Medium
E05714,2026-01-12 12:00:00,T1394,Call Drop,Low
E05715,2026-01-06 00:00:00,T1367,High CPU,Low
E05716,2026-01-01 12:00:00,T1170,Low Signal,Medium
E05717,2026-01-10 00:00:00,T1286,Low Signal,Low
E05718,2026-01-26 06:00:00,T1091,High CPU,Low
E05719,2026-01-23 18:00:00,T1167,High Latency,Medium
E05720,2026-01-27 06:00:00,T1069,Call Drop,High
E05721,2026-01-22 18:00:00,T1041,Traffic Spike,Low
E05722,2026-01-17 18:00:00,T1480,Packet Loss,Low
E05723,2026-01-30 00:00:00,T1124,Call Drop,Medium
E05724,2026-01-02 18:00:00,T1200,High Latency,Medium
E05725,2026-01-28 12:00:00,T1406,Packet Loss,Low
E05726,2026-01-04 18:00:00,T1357,Call Drop,Medium
E05727,2026-01-15 06:00:00,T1041,Connection Failure,High
E05728,2026-01-29 00:00:00,T1033,High CPU,Medium
E05729,2026-01-11 18:00:00,T1134,Packet Loss,High
E05730,2026-01-25 12:00:00,T1039,Connection Failure,Medium
E05731,2026-01-13 00:00:00,T1498,Traffic Spike,Low
E05732,2026-01-02 18:00:00,T1171,Call Drop,Critical
E05733,2026-01-27 12:00:00,T1258,Packet Loss,High
E05734,2026-01-20 18:00:00,T1302,High CPU,High
E05735,2026-01-03 18:00:00,T1429,Low Signal,Low
E05736,2026-01-02 18:00:00,T1325,Call Drop,Low
E05737,2026-01-18 18:00:00,T1294,Call Drop,Medium
E05738,2026-01-16 06:00:00,T1361,Traffic Spike,Low
E05739,2026-01-21 18:00:00,T1243,High CPU,Medium
E05740,2026-01-11 18:00:00,T1150,Call Drop,High
E05741,2026-01-22 18:00:00,T1472,High Latency,Low
E05742,2026-01-25 12:00:00,T1266,Low Signal,Low
E05743,2026-01-17 06:00:00,T1369,Call Drop,Medium
E05744,2026-01-28 18:00:00,T1191,Call Drop,Medium
E05745,2026-01-08 06:00:00,T1368,Traffic Spike,Low
E05746,2026-01-10 00:00:00,T1186,High Latency,Medium
E05747,2026-01-14 12:00:00,T1164,Packet Loss,Low
E05748,2026-01-30 00:00:00,T1026,Low Signal,Low
E05749,2026-01-13 06:00:00,T1483,Connection Failure,Low
E05750,2026-01-20 00:00:00,T1387,High CPU,Low
E05751,2026-01-05 18:00:00,T1188,Traffic Spike,Medium
E05752,2026-01-02 12:00:00,T1013,Call Drop,Low
E05753,2026-01-04 18:00:00,T1418,Low Signal,Medium
E05754,2026-01-30 18:00:00,T1142,High Latency,Low
E05755,2026-01-13 12:00:00,T1351,High CPU,Medium
E05756,2026-01-06 06:00:00,T1441,Connection Failure,Low
E05757,2026-01-27 06:00:00,T1355,High CPU,Medium
E05758,2026-01-26 06:00:00,T1371,Packet Loss,Medium
E05759,2026-01-19 06:00:00,T1134,Low Signal,Low
E05760,2026-01-10 12:00:00,T1435,High CPU,Medium
E05761,2026-01-26 06:00:00,T1256,Low Signal,Low
E05762,2026-01-26 18:00:00,T1479,Connection Failure,Low
E05763,2026-01-09 18:00:00,T1106,High CPU,Low
E05764,2026-01-25 00:00:00,T1357,High Latency,Medium
E05765,2026-01-05 00:00:00,T1010,High Latency,Low
E05766,2026-01-29 06:00:00,T1105,Low Signal,Low
E05767,2026-01-28 00:00:00,T1209,Connection Failure,Medium
E05768,2026-01-23 18:00:00,T1260,Traffic Spike,Low
E05769,2026-01-20 00:00:00,T1355,Connection Failure,Critical
E05770,2026-01-16 18:00:00,T1073,Traffic Spike,Low
E05771,2026-01-05 12:00:00,T1001,Traffic Spike,Low
E05772,2026-01-25 00:00:00,T1031,Packet Loss,Low
E05773,2026-01-19 00:00:00,T1448,Call Drop,Critical
E05774,2026-01-07 18:00:00,T1188,Call Drop,Critical
E05775,2026-01-06 18:00:00,T1456,High Latency,Critical
E05776,2026-01-28 18:00:00,T1237,Low Signal,Low
E05777,2026-01-13 06:00:00,T1059,Call Drop,Low
E05778,2026-01-26 06:00:00,T1385,Packet Loss,Medium
E05779,2026-01-27 00:00:00,T1056,Traffic Spike,Medium
E05780,2026-01-22 00:00:00,T1451,High Latency,Low
E05781,2026-01-30 12:00:00,T1386,Call Drop,Low
E05782,2026-01-08 12:00:00,T1276,High CPU,High
E05783,2026-01-19 00:00:00,T1135,Connection Failure,Medium
E05784,2026-01-15 06:00:00,T1004,High Latency,High
E05785,2026-01-07 06:00:00,T1491,High Latency,High
E05786,2026-01-22 06:00:00,T1437,Call Drop,Medium
E05787,2026-01-06 00:00:00,T1193,Traffic Spike,Low
E05788,2026-01-21 00:00:00,T1036,Traffic Spike,Medium
E05789,2026-01-08 18:00:00,T1326,Call Drop,Low
E05790,2026-01-13 12:00:00,T1054,High CPU,Medium
E05791,2026-01-23 18:00:00,T1209,High CPU,Medium
E05792,2026-01-06 06:00:00,T1286,High CPU,Medium
E05793,2026-01-28 06:00:00,T1345,Low Signal,Low
E05794,2026-01-13 00:00:00,T1270,Packet Loss,High
E05795,2026-01-23 18:00:00,T1148,Packet Loss,High
E05796,2026-01-30 12:00:00,T1187,Low Signal,Medium
E05797,2026-01-03 06:00:00,T1008,High Latency,Medium
E05798,2026-01-26 00:00:00,T1343,Call Drop,High
E05799,2026-01-23 12:00:00,T1303,Packet Loss,Low
E05800,2026-01-29 12:00:00,T1453,High CPU,Low
E05801,2026-01-01 00:00:00,T1483,Traffic Spike,Medium
E05802,2026-01-09 18:00:00,T1186,High Latency,Low
E05803,2026-01-20 12:00:00,T1493,Call Drop,Low
E05804,2026-01-19 00:00:00,T1339,Call Drop,Low
E05805,2026-01-30 00:00:00,T1394,High Latency,Low
E05806,2026-01-25 06:00:00,T1327,High CPU,Medium
E05807,2026-01-01 18:00:00,T1243,High Latency,Low
E05808,2026-01-21 18:00:00,T1381,High Latency,High
E05809,2026-01-05 00:00:00,T1482,Packet Loss,Critical
E05810,2026-01-26 00:00:00,T1050,High Latency,Low
E05811,2026-01-16 18:00:00,T1277,Call Drop,Low
E05812,2026-01-29 00:00:00,T1020,High CPU,Low
E05813,2026-01-11 12:00:00,T1220,Packet Loss,Low
E05814,2026-01-11 18:00:00,T1482,Low Signal,Medium
E05815,2026-01-05 06:00:00,T1416,Packet Loss,Medium
E05816,2026-01-24 12:00:00,T1487,Traffic Spike,Low
E05817,2026-01-04 18:00:00,T1412,High Latency,Low
E05818,2026-01-28 18:00:00,T1493,Connection Failure,Low
E05819,2026-01-05 06:00:00,T1374,Low Signal,High
E05820,2026-01-14 00:00:00,T1330,Connection Failure,Critical
E05821,2026-01-13 12:00:00,T1426,Low Signal,Medium
E05822,2026-01-05 06:00:00,T1252,Call Drop,Medium
E05823,2026-01-25 06:00:00,T1493,High CPU,Medium
E05824,2026-01-22 12:00:00,T1294,High Latency,Low
E05825,2026-01-21 06:00:00,T1186,High Latency,Low
E05826,2026-01-01 00:00:00,T1247,Call Drop,Medium
E05827,2026-01-01 18:00:00,T1357,Connection Failure,Low
E05828,2026-01-08 06:00:00,T1448,Call Drop,Low
E05829,2026-01-06 18:00:00,T1279,Traffic Spike,Medium
E05830,2026-01-18 06:00:00,T1110,Packet Loss,Medium
E05831,2026-01-25 06:00:00,T1202,Traffic Spike,Low
E05832,2026-01-14 06:00:00,T1029,Call Drop,Medium
E05833,2026-01-08 06:00:00,T1233,Packet Loss,High
E05834,2026-01-09 18:00:00,T1036,Call Drop,Low
E05835,2026-01-30 00:00:00,T1186,Packet Loss,Medium
E05836,2026-01-20 12:00:00,T1406,Low Signal,Low
E05837,2026-01-03 12:00:00,T1458,Low Signal,Low
E05838,2026-01-19 18:00:00,T1108,High Latency,High
E05839,2026-01-29 00:00:00,T1416,Low Signal,High
E05840,2026-01-25 12:00:00,T1141,Packet Loss,Low
E05841,2026-01-25 00:00:00,T1186,High CPU,Medium
E05842,2026-01-19 06:00:00,T1418,Traffic Spike,Low
E05843,2026-01-19 18:00:00,T1339,Low Signal,Low
E05844,2026-01-17 18:00:00,T1373,Connection Failure,Medium
E05845,2026-01-17 18:00:00,T1341,Call Drop,Low
E05846,2026-01-10 06:00:00,T1343,Packet Loss,Low
E05847,2026-01-15 18:00:00,T1434,Connection Failure,Medium
E05848,2026-01-11 12:00:00,T1239,Low Signal,Low
E05849,2026-01-29 12:00:00,T1393,Call Drop,Critical
E05850,2026-01-06 18:00:00,T1297,Connection Failure,Low
E05851,2026-01-20 06:00:00,T1044,Packet Loss,High
E05852,2026-01-23 18:00:00,T1066,Traffic Spike,Low
E05853,2026-01-09 06:00:00,T1312,Traffic Spike,Low
E05854,2026-01-06 00:00:00,T1433,Connection Failure,Low
E05855,2026-01-29 12:00:00,T1313,Packet Loss,Low
E05856,2026-01-04 12:00:00,T1405,High CPU,Medium
E05857,2026-01-23 12:00:00,T1038,Packet Loss,Medium
E05858,2026-01-30 06:00:00,T1374,Low Signal,Low
E05859,2026-01-16 18:00:00,T1451,High CPU,Low
E05860,2026-01-09 00:00:00,T1090,Call Drop,Medium
E05861,2026-01-13 06:00:00,T1264,Connection Failure,Low
E05862,2026-01-03 18:00:00,T1117,Call Drop,Medium
E05863,2026-01-07 18:00:00,T1104,Packet Loss,Medium
E05864,2026-01-16 18:00:00,T1467,Low Signal,Low
E05865,2026-01-28 18:00:00,T1031,Call Drop,Critical
E05866,2026-01-17 06:00:00,T1182,Connection Failure,High
E05867,2026-01-12 12:00:00,T1220,Traffic Spike,Medium
E05868,2026-01-28 00:00:00,T1198,Call Drop,Medium
E05869,2026-01-18 18:00:00,T1450,Packet Loss,Medium
E05870,2026-01-08 18:00:00,T1327,Traffic Spike,Medium
E05871,2026-01-17 00:00:00,T1164,Call Drop,Medium
E05872,2026-01-23 12:00:00,T1346,Low Signal,High
E05873,2026-01-19 06:00:00,T1483,Connection Failure,Medium
E05874,2026-01-04 00:00:00,T1209,Connection Failure,Low
E05875,2026-01-13 00:00:00,T1162,High Latency,High
E05876,2026-01-25 12:00:00,T1177,Call Drop,High
E05877,2026-01-16 12:00:00,T1022,Traffic Spike,Medium
E05878,2026-01-04 18:00:00,T1279,Traffic Spike,Medium
E05879,2026-01-13 00:00:00,T1446,High Latency,Low
E05880,2026-01-20 00:00:00,T1270,High Latency,Low
E05881,2026-01-17 18:00:00,T1375,Traffic Spike,Low
E05882,2026-01-29 00:00:00,T1233,Traffic Spike,Low
E05883,2026-01-29 18:00:00,T1095,High CPU,Low
E05884,2026-01-12 18:00:00,T1059,Packet Loss,Medium
E05885,2026-01-06 00:00:00,T1133,Connection Failure,Low
E05886,2026-01-29 00:00:00,T1327,Traffic Spike,Low
E05887,2026-01-25 18:00:00,T1319,Connection Failure,Medium
E05888,2026-01-09 06:00:00,T1175,Call Drop,Medium
E05889,2026-01-13 06:00:00,T1437,Low Signal,High
E05890,2026-01-20 12:00:00,T1034,Low Signal,Low
E05891,2026-01-24 00:00:00,T1297,Low Signal,Low
E05892,2026-01-06 18:00:00,T1126,Low Signal,Low
E05893,2026-01-27 18:00:00,T1481,Traffic Spike,Low
E05894,2026-01-15 12:00:00,T1174,High CPU,High
E05895,2026-01-06 06:00:00,T1061,Traffic Spike,Low
E05896,2026-01-28 12:00:00,T1103,High CPU,Medium
E05897,2026-01-27 00:00:00,T1390,Call Drop,Low
E05898,2026-01-26 06:00:00,T1128,High Latency,Low
E05899,2026-01-03 00:00:00,T1396,Low Signal,Medium
E05900,2026-01-13 06:00:00,T1430,Traffic Spike,High
E05901,2026-01-03 18:00:00,T1404,Traffic Spike,High
E05902,2026-01-28 00:00:00,T1232,Low Signal,Low
E05903,2026-01-16 06:00:00,T1275,Call Drop,Low
E05904,2026-01-10 12:00:00,T1163,Call Drop,Medium
E05905,2026-01-18 00:00:00,T1055,Packet Loss,Critical
E05906,2026-01-12 12:00:00,T1076,Connection Failure,Low
E05907,2026-01-19 18:00:00,T1476,Packet Loss,Low
E05908,2026-01-08 12:00:00,T1052,Low Signal,High
E05909,2026-01-30 12:00:00,T1010,Call Drop,Medium
E05910,2026-01-29 18:00:00,T1230,Call Drop,Medium
E05911,2026-01-04 18:00:00,T1247,Low Signal,Low
E05912,2026-01-09 06:00:00,T1300,Connection Failure,Medium
E05913,2026-01-07 00:00:00,T1056,Call Drop,High
E05914,2026-01-30 06:00:00,T1463,Traffic Spike,Medium
E05915,2026-01-21 00:00:00,T1283,Traffic Spike,Low
E05916,2026-01-25 00:00:00,T1068,Traffic Spike,High
E05917,2026-01-18 12:00:00,T1391,Low Signal,High
E05918,2026-01-17 12:00:00,T1341,Call Drop,Medium
E05919,2026-01-06 06:00:00,T1027,Packet Loss,Low
E05920,2026-01-13 00:00:00,T1247,Packet Loss,Low
E05921,2026-01-14 18:00:00,T1027,Traffic Spike,Low
E05922,2026-01-06 18:00:00,T1171,High CPU,Low
E05923,2026-01-24 12:00:00,T1372,Call Drop,High
E05924,2026-01-29 00:00:00,T1179,Low Signal,High
E05925,2026-01-13 18:00:00,T1019,Connection Failure,Low
E05926,2026-01-03 00:00:00,T1073,Traffic Spike,Medium
E05927,2026-01-07 00:00:00,T1285,Connection Failure,Low
E05928,2026-01-10 06:00:00,T1141,Traffic Spike,Medium
E05929,2026-01-01 12:00:00,T1052,Packet Loss,Low
E05930,2026-01-24 12:00:00,T1448,Call Drop,Low
E05931,2026-01-15 06:00:00,T1117,Call Drop,Low
E05932,2026-01-19 18:00:00,T1132,Packet Loss,Critical
E05933,2026-01-14 06:00:00,T1267,Packet Loss,Low
E05934,2026-01-28 06:00:00,T1170,Call Drop,Low
E05935,2026-01-06 18:00:00,T1490,Connection Failure,Low
E05936,2026-01-21 00:00:00,T1202,Packet Loss,Low
E05937,2026-01-16 00:00:00,T1130,Packet Loss,High
E05938,2026-01-01 12:00:00,T1454,High CPU,High
E05939,2026-01-22 18:00:00,T1450,Low Signal,Low
E05940,2026-01-06 00:00:00,T1083,Traffic Spike,Medium
E05941,2026-01-22 06:00:00,T1320,Low Signal,High
E05942,2026-01-24 12:00:00,T1017,High Latency,Medium
E05943,2026-01-22 12:00:00,T1109,Packet Loss,Critical
E05944,2026-01-07 06:00:00,T1024,Low Signal,High
E05945,2026-01-21 06:00:00,T1245,High CPU,Low
E05946,2026-01-25 06:00:00,T1470,Call Drop,High
E05947,2026-01-02 06:00:00,T1406,High Latency,Low
E05948,2026-01-14 06:00:00,T1372,High CPU,Low
E05949,2026-01-14 12:00:00,T1193,Low Signal,Medium
E05950,2026-01-28 12:00:00,T1208,High CPU,Low
E05951,2026-01-30 12:00:00,T1318,High CPU,Low
E05952,2026-01-16 12:00:00,T1295,Traffic Spike,Medium
E05953,2026-01-08 12:00:00,T1429,Call Drop,High
E05954,2026-01-11 06:00:00,T1371,Low Signal,Low
E05955,2026-01-16 18:00:00,T1199,Packet Loss,Low
E05956,2026-01-19 12:00:00,T1161,Traffic Spike,High
E05957,2026-01-07 00:00:00,T1277,High CPU,Medium
E05958,2026-01-22 18:00:00,T1268,High Latency,Low
E05959,2026-01-13 06:00:00,T1214,Packet Loss,High
E05960,2026-01-26 00:00:00,T1094,High CPU,Low
E05961,2026-01-09 00:00:00,T1173,Connection Failure,Medium
E05962,2026-01-20 18:00:00,T1151,Connection Failure,Low
E05963,2026-01-22 12:00:00,T1182,Low Signal,Medium
E05964,2026-01-30 12:00:00,T1036,High Latency,High
E05965,2026-01-12 12:00:00,T1219,Connection Failure,Low
E05966,2026-01-06 18:00:00,T1048,Connection Failure,Medium
E05967,2026-01-21 12:00:00,T1411,High CPU,High
E05968,2026-01-12 06:00:00,T1234,Call Drop,Low
E05969,2026-01-08 12:00:00,T1262,Call Drop,Low
E05970,2026-01-19 06:00:00,T1420,Packet Loss,Low
E05971,2026-01-11 18:00:00,T1307,Traffic Spike,Low
E05972,2026-01-23 06:00:00,T1171,Packet Loss,Medium
E05973,2026-01-07 00:00:00,T1453,High CPU,High
E05974,2026-01-16 18:00:00,T1153,High Latency,Low
E05975,2026-01-15 18:00:00,T1218,Low Signal,High
E05976,2026-01-25 18:00:00,T1343,High Latency,Low
E05977,2026-01-30 06:00:00,T1289,Packet Loss,Medium
E05978,2026-01-09 00:00:00,T1152,Call Drop,Low
E05979,2026-01-19 18:00:00,T1408,High CPU,Medium
E05980,2026-01-07 06:00:00,T1397,Call Drop,Medium
E05981,2026-01-20 00:00:00,T1434,Traffic Spike,Low
E05982,2026-01-08 18:00:00,T1304,Packet Loss,Medium
E05983,2026-01-21 06:00:00,T1327,High CPU,Low
E05984,2026-01-08 00:00:00,T1478,Traffic Spike,Medium
E05985,2026-01-13 18:00:00,T1359,Connection Failure,Medium
E05986,2026-01-27 12:00:00,T1453,Traffic Spike,High
E05987,2026-01-14 18:00:00,T1268,Packet Loss,Low
E05988,2026-01-03 00:00:00,T1234,High Latency,Low
E05989,2026-01-09 00:00:00,T1129,Low Signal,Medium
E05990,2026-01-13 18:00:00,T1073,Low Signal,Low
E05991,2026-01-25 18:00:00,T1366,Low Signal,Low
E05992,2026-01-11 06:00:00,T1058,Low Signal,Medium
E05993,2026-01-15 12:00:00,T1344,Traffic Spike,Low
E05994,2026-01-09 00:00:00,T1384,High CPU,Low
E05995,2026-01-28 12:00:00,T1412,Low Signal,High
E05996,2026-01-18 12:00:00,T1308,Low Signal,Medium
E05997,2026-01-04 18:00:00,T1433,Call Drop,Low
E05998,2026-01-10 06:00:00,T1040,Packet Loss,High
E05999,2026-01-01 12:00:00,T1158,Call Drop,Low
E06000,2026-01-27 06:00:00,T1085,High CPU,Medium
E06001,2026-01-27 06:00:00,T1436,Low Signal,Low
E06002,2026-01-04 00:00:00,T1286,Low Signal,Low
E06003,2026-01-22 12:00:00,T1231,Packet Loss,High
E06004,2026-01-19 00:00:00,T1284,High Latency,Low
E06005,2026-01-28 06:00:00,T1330,Call Drop,Low
E06006,2026-01-25 00:00:00,T1427,Traffic Spike,Critical
E06007,2026-01-21 12:00:00,T1277,Call Drop,Medium
E06008,2026-01-19 18:00:00,T1291,Packet Loss,Low
E06009,2026-01-08 00:00:00,T1446,Low Signal,Low
E06010,2026-01-03 00:00:00,T1262,High CPU,Low
E06011,2026-01-27 00:00:00,T1226,Call Drop,High
E06012,2026-01-05 12:00:00,T1396,Traffic Spike,Medium
E06013,2026-01-01 06:00:00,T1306,Call Drop,Low
E06014,2026-01-27 18:00:00,T1023,Call Drop,Low
E06015,2026-01-17 06:00:00,T1334,Packet Loss,High
E06016,2026-01-28 12:00:00,T1291,Traffic Spike,Medium
E06017,2026-01-16 18:00:00,T1466,High CPU,Medium
E06018,2026-01-23 18:00:00,T1275,Call Drop,Critical
E06019,2026-01-17 12:00:00,T1486,High Latency,Critical
E06020,2026-01-05 06:00:00,T1041,Call Drop,Medium
E06021,2026-01-12 06:00:00,T1017,Traffic Spike,Low
E06022,2026-01-13 06:00:00,T1361,Connection Failure,Low
E06023,2026-01-05 18:00:00,T1171,Call Drop,Medium
E06024,2026-01-07 18:00:00,T1404,High Latency,Low
E06025,2026-01-17 18:00:00,T1433,High Latency,Medium
E06026,2026-01-04 18:00:00,T1240,Packet Loss,High
E06027,2026-01-09 18:00:00,T1259,Low Signal,Low
E06028,2026-01-17 18:00:00,T1154,High Latency,Medium
E06029,2026-01-19 18:00:00,T1026,Call Drop,Low
E06030,2026-01-13 12:00:00,T1136,High CPU,Low
E06031,2026-01-26 12:00:00,T1412,Connection Failure,Medium
E06032,2026-01-14 18:00:00,T1062,High CPU,Low
E06033,2026-01-25 18:00:00,T1470,Connection Failure,Critical
E06034,2026-01-17 12:00:00,T1225,Packet Loss,Medium
E06035,2026-01-20 18:00:00,T1157,Traffic Spike,Low
E06036,2026-01-20 06:00:00,T1110,High Latency,Low
E06037,2026-01-30 00:00:00,T1200,Traffic Spike,Medium
E06038,2026-01-07 06:00:00,T1288,Connection Failure,Medium
E06039,2026-01-26 18:00:00,T1126,High Latency,Medium
E06040,2026-01-15 12:00:00,T1369,Packet Loss,High
E06041,2026-01-24 06:00:00,T1429,Traffic Spike,Low
E06042,2026-01-15 00:00:00,T1102,Low Signal,Low
E06043,2026-01-15 00:00:00,T1040,High CPU,Low
E06044,2026-01-29 00:00:00,T1275,Connection Failure,Low
E06045,2026-01-26 00:00:00,T1206,Low Signal,Low
E06046,2026-01-27 18:00:00,T1128,Call Drop,Low
E06047,2026-01-11 18:00:00,T1193,Connection Failure,Low
E06048,2026-01-24 06:00:00,T1197,Connection Failure,Low
E06049,2026-01-18 00:00:00,T1361,Packet Loss,High
E06050,2026-01-26 06:00:00,T1073,Packet Loss,Low
E06051,2026-01-29 12:00:00,T1029,Traffic Spike,Low
E06052,2026-01-08 18:00:00,T1029,High CPU,Medium
E06053,2026-01-19 06:00:00,T1495,High Latency,Low
E06054,2026-01-15 06:00:00,T1275,Connection Failure,Medium
E06055,2026-01-25 00:00:00,T1468,Packet Loss,Low
E06056,2026-01-25 18:00:00,T1171,Traffic Spike,Medium
E06057,2026-01-30 06:00:00,T1415,Low Signal,Low
E06058,2026-01-23 12:00:00,T1241,High CPU,Low
E06059,2026-01-20 06:00:00,T1091,High CPU,High
E06060,2026-01-05 06:00:00,T1317,High Latency,Low
E06061,2026-01-15 00:00:00,T1107,Low Signal,Low
E06062,2026-01-16 12:00:00,T1452,Low Signal,Low
E06063,2026-01-29 12:00:00,T1282,High Latency,High
E06064,2026-01-16 12:00:00,T1479,High CPU,Medium
E06065,2026-01-03 06:00:00,T1473,High CPU,Low
E06066,2026-01-07 18:00:00,T1068,High CPU,Low
E06067,2026-01-20 06:00:00,T1159,High CPU,High
E06068,2026-01-14 06:00:00,T1395,High Latency,Low
E06069,2026-01-23 00:00:00,T1007,Low Signal,Medium
E06070,2026-01-08 06:00:00,T1481,Traffic Spike,Low
E06071,2026-01-24 18:00:00,T1222,Low Signal,Medium
E06072,2026-01-07 18:00:00,T1497,High Latency,Low
E06073,2026-01-02 12:00:00,T1482,Connection Failure,Medium
E06074,2026-01-20 12:00:00,T1039,Call Drop,High
E06075,2026-01-03 12:00:00,T1215,High CPU,Low
E06076,2026-01-21 00:00:00,T1056,High Latency,Low
E06077,2026-01-20 12:00:00,T1489,Low Signal,High
E06078,2026-01-29 06:00:00,T1408,Packet Loss,High
E06079,2026-01-24 18:00:00,T1032,Low Signal,Medium
E06080,2026-01-30 12:00:00,T1364,Low Signal,Medium
E06081,2026-01-07 06:00:00,T1297,High Latency,Low
E06082,2026-01-02 00:00:00,T1406,High Latency,Low
E06083,2026-01-05 06:00:00,T1117,Low Signal,High
E06084,2026-01-22 18:00:00,T1434,Call Drop,Critical
E06085,2026-01-17 06:00:00,T1225,Traffic Spike,Low
E06086,2026-01-29 12:00:00,T1319,Call Drop,Low
E06087,2026-01-18 06:00:00,T1260,Call Drop,Medium
E06088,2026-01-09 06:00:00,T1137,Call Drop,Low
E06089,2026-01-05 12:00:00,T1149,High CPU,Medium
E06090,2026-01-26 18:00:00,T1047,High CPU,Low
E06091,2026-01-16 18:00:00,T1134,High Latency,Low
E06092,2026-01-05 06:00:00,T1298,High Latency,Low
E06093,2026-01-12 18:00:00,T1033,High Latency,Medium
E06094,2026-01-01 12:00:00,T1047,Low Signal,Low
E06095,2026-01-15 06:00:00,T1303,Packet Loss,Critical
E06096,2026-01-03 00:00:00,T1460,Low Signal,Medium
E06097,2026-01-28 12:00:00,T1078,Packet Loss,Low
E06098,2026-01-20 18:00:00,T1164,Packet Loss,Low
E06099,2026-01-13 06:00:00,T1469,Connection Failure,High
E06100,2026-01-10 00:00:00,T1150,High CPU,Low
E06101,2026-01-15 18:00:00,T1401,Traffic Spike,Medium
E06102,2026-01-20 18:00:00,T1276,High Latency,Medium
E06103,2026-01-14 18:00:00,T1474,Low Signal,Low
E06104,2026-01-14 06:00:00,T1490,Low Signal,High
E06105,2026-01-06 18:00:00,T1154,Call Drop,Medium
E06106,2026-01-21 00:00:00,T1279,High Latency,High
E06107,2026-01-29 12:00:00,T1352,High Latency,Low
E06108,2026-01-17 06:00:00,T1014,Call Drop,High
E06109,2026-01-06 06:00:00,T1325,High Latency,Low
E06110,2026-01-04 18:00:00,T1049,Connection Failure,Medium
E06111,2026-01-27 12:00:00,T1432,High Latency,Low
E06112,2026-01-29 00:00:00,T1077,High Latency,Low
E06113,2026-01-14 00:00:00,T1465,Traffic Spike,Low
E06114,2026-01-19 00:00:00,T1214,Call Drop,High
E06115,2026-01-10 12:00:00,T1259,Low Signal,Critical
E06116,2026-01-24 00:00:00,T1243,Call Drop,Low
E06117,2026-01-25 12:00:00,T1025,Connection Failure,Low
E06118,2026-01-29 18:00:00,T1011,High CPU,Medium
E06119,2026-01-11 06:00:00,T1225,Connection Failure,Low
E06120,2026-01-28 12:00:00,T1084,Call Drop,Low
E06121,2026-01-22 06:00:00,T1118,Call Drop,Medium
E06122,2026-01-28 06:00:00,T1027,Low Signal,High
E06123,2026-01-07 18:00:00,T1030,Low Signal,Low
E06124,2026-01-05 06:00:00,T1014,Traffic Spike,Low
E06125,2026-01-05 06:00:00,T1277,Call Drop,High
E06126,2026-01-01 18:00:00,T1440,Packet Loss,Low
E06127,2026-01-03 12:00:00,T1342,Connection Failure,High
E06128,2026-01-17 06:00:00,T1457,Packet Loss,Medium
E06129,2026-01-28 00:00:00,T1201,Call Drop,Low
E06130,2026-01-10 06:00:00,T1051,Call Drop,High
E06131,2026-01-26 12:00:00,T1112,High CPU,High
E06132,2026-01-25 06:00:00,T1366,Traffic Spike,Low
E06133,2026-01-22 12:00:00,T1177,Connection Failure,Medium
E06134,2026-01-14 12:00:00,T1333,Low Signal,Low
E06135,2026-01-02 12:00:00,T1118,Traffic Spike,Low
E06136,2026-01-29 00:00:00,T1461,Low Signal,Medium
E06137,2026-01-23 12:00:00,T1470,High CPU,Medium
E06138,2026-01-04 12:00:00,T1256,Low Signal,Medium
E06139,2026-01-08 12:00:00,T1179,High Latency,High
E06140,2026-01-05 06:00:00,T1220,Call Drop,Critical
E06141,2026-01-22 00:00:00,T1274,Low Signal,Medium
E06142,2026-01-20 12:00:00,T1411,High CPU,Low
E06143,2026-01-21 12:00:00,T1291,Traffic Spike,Low
E06144,2026-01-07 06:00:00,T1478,Packet Loss,Low
E06145,2026-01-27 06:00:00,T1416,Low Signal,Medium
E06146,2026-01-28 12:00:00,T1379,Call Drop,Low
E06147,2026-01-11 00:00:00,T1282,Traffic Spike,Low
E06148,2026-01-01 00:00:00,T1070,Call Drop,Low
E06149,2026-01-10 18:00:00,T1361,Traffic Spike,Medium
E06150,2026-01-29 06:00:00,T1295,Connection Failure,Medium
E06151,2026-01-07 06:00:00,T1033,Traffic Spike,Medium
E06152,2026-01-11 00:00:00,T1202,High CPU,Low
E06153,2026-01-29 00:00:00,T1189,Call Drop,Low
E06154,2026-01-06 00:00:00,T1322,High Latency,Medium
E06155,2026-01-24 18:00:00,T1020,High CPU,High
E06156,2026-01-08 12:00:00,T1475,High Latency,Low
E06157,2026-01-15 00:00:00,T1420,Traffic Spike,Medium
E06158,2026-01-21 00:00:00,T1215,High Latency,Medium
E06159,2026-01-24 06:00:00,T1287,Traffic Spike,Low
E06160,2026-01-15 06:00:00,T1475,Call Drop,High
E06161,2026-01-19 18:00:00,T1371,Packet Loss,Low
E06162,2026-01-12 06:00:00,T1188,Low Signal,Medium
E06163,2026-01-20 18:00:00,T1435,Traffic Spike,High
E06164,2026-01-04 18:00:00,T1103,Call Drop,Low
E06165,2026-01-27 18:00:00,T1478,High Latency,Medium
E06166,2026-01-22 06:00:00,T1478,Call Drop,Critical
E06167,2026-01-29 00:00:00,T1459,High Latency,Low
E06168,2026-01-07 18:00:00,T1293,Traffic Spike,Medium
E06169,2026-01-18 00:00:00,T1438,High CPU,Low
E06170,2026-01-21 00:00:00,T1019,Packet Loss,Low
E06171,2026-01-24 12:00:00,T1242,High Latency,Critical
E06172,2026-01-19 18:00:00,T1271,Call Drop,Critical
E06173,2026-01-23 12:00:00,T1249,Traffic Spike,Low
E06174,2026-01-12 00:00:00,T1117,Low Signal,Medium
E06175,2026-01-02 06:00:00,T1344,Traffic Spike,Low
E06176,2026-01-04 12:00:00,T1092,High CPU,Low
E06177,2026-01-23 12:00:00,T1272,High Latency,Low
E06178,2026-01-29 12:00:00,T1119,Call Drop,Low
E06179,2026-01-19 06:00:00,T1332,Connection Failure,Medium
E06180,2026-01-20 06:00:00,T1213,High CPU,Medium
E06181,2026-01-05 00:00:00,T1419,Call Drop,Low
E06182,2026-01-27 12:00:00,T1041,Low Signal,Medium
E06183,2026-01-26 12:00:00,T1002,Traffic Spike,Low
E06184,2026-01-07 06:00:00,T1366,High Latency,Low
E06185,2026-01-20 12:00:00,T1128,High CPU,Low
E06186,2026-01-19 06:00:00,T1462,Low Signal,Low
E06187,2026-01-10 12:00:00,T1240,Packet Loss,Low
E06188,2026-01-30 06:00:00,T1252,High Latency,Critical
E06189,2026-01-30 00:00:00,T1322,Packet Loss,Medium
E06190,2026-01-01 00:00:00,T1116,High CPU,Low
E06191,2026-01-26 00:00:00,T1351,Packet Loss,Medium
E06192,2026-01-04 12:00:00,T1035,High Latency,Low
E06193,2026-01-19 18:00:00,T1191,High CPU,Medium
E06194,2026-01-03 18:00:00,T1086,Packet Loss,Low
E06195,2026-01-24 12:00:00,T1156,Packet Loss,High
E06196,2026-01-07 12:00:00,T1170,Call Drop,High
E06197,2026-01-29 18:00:00,T1324,Call Drop,High
E06198,2026-01-26 06:00:00,T1010,Packet Loss,Medium
E06199,2026-01-21 00:00:00,T1270,Connection Failure,Low
E06200,2026-01-15 00:00:00,T1485,High CPU,High
E06201,2026-01-17 00:00:00,T1350,Connection Failure,Low
E06202,2026-01-27 06:00:00,T1425,Connection Failure,Low
E06203,2026-01-08 12:00:00,T1194,Call Drop,Low
E06204,2026-01-10 18:00:00,T1273,Traffic Spike,Medium
E06205,2026-01-07 18:00:00,T1212,Packet Loss,Low
E06206,2026-01-28 06:00:00,T1490,Packet Loss,Medium
E06207,2026-01-05 06:00:00,T1391,Connection Failure,Low
E06208,2026-01-09 06:00:00,T1312,Packet Loss,Low
E06209,2026-01-10 00:00:00,T1355,Packet Loss,Low
E06210,2026-01-18 12:00:00,T1175,High CPU,Low
E06211,2026-01-18 00:00:00,T1187,Packet Loss,Low
E06212,2026-01-08 00:00:00,T1372,High Latency,Medium
E06213,2026-01-12 12:00:00,T1258,Low Signal,Medium
E06214,2026-01-27 12:00:00,T1012,Low Signal,Medium
E06215,2026-01-09 06:00:00,T1047,Low Signal,Medium
E06216,2026-01-06 18:00:00,T1363,Packet Loss,Low
E06217,2026-01-27 12:00:00,T1396,High CPU,Low
E06218,2026-01-09 12:00:00,T1293,Connection Failure,Critical
E06219,2026-01-28 00:00:00,T1273,Low Signal,Low
E06220,2026-01-05 12:00:00,T1444,Traffic Spike,Low
E06221,2026-01-29 00:00:00,T1076,Low Signal,Low
E06222,2026-01-04 06:00:00,T1209,Packet Loss,Low
E06223,2026-01-07 06:00:00,T1224,Connection Failure,Low
E06224,2026-01-25 12:00:00,T1441,Call Drop,Low
E06225,2026-01-25 18:00:00,T1420,Packet Loss,Low
E06226,2026-01-04 12:00:00,T1281,High Latency,High
E06227,2026-01-12 18:00:00,T1331,Connection Failure,Medium
E06228,2026-01-02 18:00:00,T1285,Call Drop,Medium
E06229,2026-01-25 06:00:00,T1073,High CPU,High
E06230,2026-01-12 06:00:00,T1212,High CPU,Medium
E06231,2026-01-04 12:00:00,T1359,High Latency,Medium
E06232,2026-01-25 06:00:00,T1262,Traffic Spike,Critical
E06233,2026-01-11 18:00:00,T1142,Call Drop,Low
E06234,2026-01-28 06:00:00,T1178,Call Drop,Low
E06235,2026-01-28 06:00:00,T1219,Packet Loss,Low
E06236,2026-01-26 06:00:00,T1353,Connection Failure,Low
E06237,2026-01-07 12:00:00,T1396,Traffic Spike,High
E06238,2026-01-04 06:00:00,T1253,High Latency,Low
E06239,2026-01-02 18:00:00,T1124,High Latency,Medium
E06240,2026-01-20 12:00:00,T1029,High CPU,Low
E06241,2026-01-09 06:00:00,T1010,Traffic Spike,Medium
E06242,2026-01-30 18:00:00,T1276,Packet Loss,Low
E06243,2026-01-02 06:00:00,T1033,Connection Failure,Low
E06244,2026-01-16 12:00:00,T1163,Connection Failure,Low
E06245,2026-01-20 06:00:00,T1149,Connection Failure,Low
E06246,2026-01-11 06:00:00,T1116,High Latency,Low
E06247,2026-01-08 12:00:00,T1266,High Latency,Low
E06248,2026-01-17 18:00:00,T1426,Traffic Spike,Low
E06249,2026-01-20 06:00:00,T1001,Traffic Spike,High
E06250,2026-01-07 12:00:00,T1299,High CPU,Medium
E06251,2026-01-13 12:00:00,T1352,Connection Failure,High
E06252,2026-01-30 06:00:00,T1306,Call Drop,Low
E06253,2026-01-26 12:00:00,T1363,Traffic Spike,Low
E06254,2026-01-04 12:00:00,T1409,Call Drop,Low
E06255,2026-01-14 06:00:00,T1411,Traffic Spike,Low
E06256,2026-01-03 06:00:00,T1432,Connection Failure,Medium
E06257,2026-01-03 06:00:00,T1031,Connection Failure,Low
E06258,2026-01-14 18:00:00,T1047,Connection Failure,Low
E06259,2026-01-05 00:00:00,T1405,Low Signal,Medium
E06260,2026-01-21 18:00:00,T1234,Call Drop,Medium
E06261,2026-01-03 12:00:00,T1415,Call Drop,Low
E06262,2026-01-06 00:00:00,T1377,Traffic Spike,Low
E06263,2026-01-29 06:00:00,T1115,Connection Failure,Medium
E06264,2026-01-19 18:00:00,T1198,High CPU,Low
E06265,2026-01-05 18:00:00,T1222,Connection Failure,Low
E06266,2026-01-09 06:00:00,T1416,High CPU,Low
E06267,2026-01-02 18:00:00,T1463,Packet Loss,Low
E06268,2026-01-19 06:00:00,T1238,Packet Loss,Medium
E06269,2026-01-25 00:00:00,T1327,Connection Failure,Medium
E06270,2026-01-07 12:00:00,T1386,Traffic Spike,Low
E06271,2026-01-06 00:00:00,T1318,High Latency,Medium
E06272,2026-01-18 00:00:00,T1232,Low Signal,Low
E06273,2026-01-21 18:00:00,T1196,Connection Failure,Low
E06274,2026-01-22 00:00:00,T1378,High Latency,Low
E06275,2026-01-26 18:00:00,T1351,Packet Loss,Low
E06276,2026-01-29 18:00:00,T1399,High CPU,Low
E06277,2026-01-02 12:00:00,T1001,Connection Failure,Medium
E06278,2026-01-15 06:00:00,T1133,High CPU,Low
E06279,2026-01-13 00:00:00,T1331,Connection Failure,High
E06280,2026-01-05 00:00:00,T1442,High CPU,Low
E06281,2026-01-29 06:00:00,T1454,High CPU,Low
E06282,2026-01-13 06:00:00,T1451,Low Signal,High
E06283,2026-01-24 18:00:00,T1218,Connection Failure,High
E06284,2026-01-20 18:00:00,T1118,Connection Failure,Low
E06285,2026-01-05 18:00:00,T1190,Packet Loss,Low
E06286,2026-01-26 18:00:00,T1009,Call Drop,Low
E06287,2026-01-01 12:00:00,T1131,High Latency,Medium
E06288,2026-01-17 06:00:00,T1488,Traffic Spike,Medium
E06289,2026-01-04 00:00:00,T1026,Connection Failure,Low
E06290,2026-01-26 06:00:00,T1076,High Latency,High
E06291,2026-01-21 18:00:00,T1457,High CPU,Low
E06292,2026-01-16 18:00:00,T1254,High Latency,High
E06293,2026-01-12 18:00:00,T1089,Low Signal,Low
E06294,2026-01-09 00:00:00,T1218,Packet Loss,Medium
E06295,2026-01-05 00:00:00,T1001,Packet Loss,Low
E06296,2026-01-06 12:00:00,T1493,Call Drop,High
E06297,2026-01-03 18:00:00,T1221,Call Drop,Low
E06298,2026-01-27 12:00:00,T1357,High CPU,Low
E06299,2026-01-06 18:00:00,T1209,Call Drop,Critical
E06300,2026-01-02 12:00:00,T1416,Packet Loss,Medium
E06301,2026-01-07 06:00:00,T1271,Traffic Spike,Medium
E06302,2026-01-22 12:00:00,T1101,High Latency,Medium
E06303,2026-01-04 06:00:00,T1364,Traffic Spike,Low
E06304,2026-01-03 18:00:00,T1306,Connection Failure,Medium
E06305,2026-01-18 12:00:00,T1294,Connection Failure,Low
E06306,2026-01-10 06:00:00,T1451,Connection Failure,Low
E06307,2026-01-19 12:00:00,T1161,High Latency,Medium
E06308,2026-01-29 18:00:00,T1348,High Latency,Medium
E06309,2026-01-11 12:00:00,T1475,Connection Failure,Low
E06310,2026-01-20 06:00:00,T1385,Connection Failure,Low
E06311,2026-01-13 12:00:00,T1447,Traffic Spike,Low
E06312,2026-01-14 18:00:00,T1486,Low Signal,Medium
E06313,2026-01-29 18:00:00,T1128,High Latency,Medium
E06314,2026-01-30 00:00:00,T1430,Low Signal,Low
E06315,2026-01-02 18:00:00,T1276,Packet Loss,High
E06316,2026-01-24 00:00:00,T1058,High Latency,High
E06317,2026-01-15 18:00:00,T1469,Connection Failure,Low
E06318,2026-01-22 00:00:00,T1482,High Latency,Low
E06319,2026-01-01 06:00:00,T1007,Low Signal,Medium
E06320,2026-01-25 06:00:00,T1157,Packet Loss,Medium
E06321,2026-01-08 12:00:00,T1069,Call Drop,Low
E06322,2026-01-20 12:00:00,T1015,High Latency,Low
E06323,2026-01-11 18:00:00,T1133,Packet Loss,Medium
E06324,2026-01-05 00:00:00,T1055,Packet Loss,Low
E06325,2026-01-21 00:00:00,T1416,High CPU,Low
E06326,2026-01-29 06:00:00,T1040,High CPU,Medium
E06327,2026-01-09 12:00:00,T1170,Packet Loss,Low
E06328,2026-01-04 18:00:00,T1160,Traffic Spike,Low
E06329,2026-01-23 06:00:00,T1212,Connection Failure,Low
E06330,2026-01-11 00:00:00,T1308,Traffic Spike,Medium
E06331,2026-01-06 18:00:00,T1448,Packet Loss,Medium
E06332,2026-01-26 18:00:00,T1315,Call Drop,Medium
E06333,2026-01-05 00:00:00,T1251,Low Signal,Medium
E06334,2026-01-23 00:00:00,T1098,Call Drop,Medium
E06335,2026-01-01 18:00:00,T1437,High Latency,Low
E06336,2026-01-06 12:00:00,T1415,High CPU,Medium
E06337,2026-01-15 00:00:00,T1148,High CPU,Medium
E06338,2026-01-01 18:00:00,T1416,High CPU,Medium
E06339,2026-01-18 00:00:00,T1379,High CPU,Medium
E06340,2026-01-26 18:00:00,T1114,High Latency,Low
E06341,2026-01-19 00:00:00,T1155,Connection Failure,Low
E06342,2026-01-08 18:00:00,T1053,Call Drop,Low
E06343,2026-01-20 00:00:00,T1489,Connection Failure,Medium
E06344,2026-01-17 18:00:00,T1460,High CPU,Low
E06345,2026-01-01 06:00:00,T1475,High CPU,Low
E06346,2026-01-26 18:00:00,T1329,Traffic Spike,High
E06347,2026-01-26 00:00:00,T1316,Call Drop,Low
E06348,2026-01-18 18:00:00,T1343,Call Drop,Low
E06349,2026-01-17 12:00:00,T1354,Packet Loss,Medium
E06350,2026-01-06 18:00:00,T1128,Low Signal,Critical
E06351,2026-01-19 18:00:00,T1117,Low Signal,Medium
E06352,2026-01-07 06:00:00,T1252,High CPU,Low
E06353,2026-01-09 00:00:00,T1015,Call Drop,Medium
E06354,2026-01-07 06:00:00,T1416,Low Signal,High
E06355,2026-01-23 18:00:00,T1396,Low Signal,Medium
E06356,2026-01-20 12:00:00,T1481,Low Signal,Low
E06357,2026-01-01 12:00:00,T1401,Traffic Spike,Low
E06358,2026-01-27 06:00:00,T1105,High Latency,Low
E06359,2026-01-23 18:00:00,T1496,Call Drop,Medium
E06360,2026-01-23 06:00:00,T1089,Packet Loss,Low
E06361,2026-01-17 00:00:00,T1248,High CPU,Low
E06362,2026-01-06 00:00:00,T1439,High Latency,High
E06363,2026-01-21 12:00:00,T1224,Connection Failure,Low
E06364,2026-01-29 18:00:00,T1439,Packet Loss,Low
E06365,2026-01-03 12:00:00,T1162,High Latency,Low
E06366,2026-01-03 18:00:00,T1214,Packet Loss,High
E06367,2026-01-09 06:00:00,T1090,Packet Loss,Low
E06368,2026-01-15 06:00:00,T1297,Call Drop,Critical
E06369,2026-01-23 18:00:00,T1414,High Latency,Low
E06370,2026-01-08 12:00:00,T1024,Low Signal,Medium
E06371,2026-01-02 00:00:00,T1362,Traffic Spike,Low
E06372,2026-01-17 12:00:00,T1196,High Latency,High
E06373,2026-01-16 06:00:00,T1079,Call Drop,Low
E06374,2026-01-27 18:00:00,T1289,Traffic Spike,Low
E06375,2026-01-08 06:00:00,T1059,Connection Failure,Low
E06376,2026-01-01 00:00:00,T1363,Traffic Spike,Medium
E06377,2026-01-30 00:00:00,T1163,High CPU,High
E06378,2026-01-19 06:00:00,T1385,Packet Loss,Medium
E06379,2026-01-02 06:00:00,T1103,Packet Loss,Low
E06380,2026-01-07 18:00:00,T1114,High Latency,Low
E06381,2026-01-26 00:00:00,T1164,Packet Loss,Medium
E06382,2026-01-14 00:00:00,T1263,Connection Failure,Low
E06383,2026-01-07 00:00:00,T1152,Connection Failure,Low
E06384,2026-01-07 12:00:00,T1234,Call Drop,Low
E06385,2026-01-12 00:00:00,T1293,High CPU,Low
E06386,2026-01-05 12:00:00,T1350,Call Drop,Medium
E06387,2026-01-20 06:00:00,T1255,High Latency,Low
E06388,2026-01-02 06:00:00,T1447,Connection Failure,Medium
E06389,2026-01-24 12:00:00,T1100,High CPU,High
E06390,2026-01-14 12:00:00,T1417,Low Signal,Low
E06391,2026-01-24 00:00:00,T1468,Packet Loss,Medium
E06392,2026-01-30 18:00:00,T1028,High CPU,High
E06393,2026-01-30 12:00:00,T1178,Traffic Spike,Medium
E06394,2026-01-04 00:00:00,T1452,High Latency,Medium
E06395,2026-01-25 12:00:00,T1305,Packet Loss,Low
E06396,2026-01-04 12:00:00,T1438,Connection Failure,High
E06397,2026-01-23 12:00:00,T1241,High CPU,Low
E06398,2026-01-07 12:00:00,T1053,High Latency,Low
E06399,2026-01-27 06:00:00,T1484,High CPU,Low
E06400,2026-01-22 00:00:00,T1274,High Latency,Low
E06401,2026-01-07 12:00:00,T1435,Low Signal,Low
E06402,2026-01-20 18:00:00,T1230,Call Drop,Medium
E06403,2026-01-10 12:00:00,T1183,High Latency,High
E06404,2026-01-11 12:00:00,T1165,High CPU,Medium
E06405,2026-01-20 00:00:00,T1171,Connection Failure,Medium
E06406,2026-01-08 18:00:00,T1156,High CPU,Medium
E06407,2026-01-20 12:00:00,T1491,High CPU,Medium
E06408,2026-01-28 12:00:00,T1278,Traffic Spike,Low
E06409,2026-01-13 00:00:00,T1000,Packet Loss,Medium
E06410,2026-01-25 00:00:00,T1296,High CPU,Medium
E06411,2026-01-10 00:00:00,T1305,Call Drop,Medium
E06412,2026-01-04 00:00:00,T1067,Packet Loss,High
E06413,2026-01-25 18:00:00,T1407,Connection Failure,Low
E06414,2026-01-18 00:00:00,T1026,Call Drop,Low
E06415,2026-01-19 06:00:00,T1083,Packet Loss,Low
E06416,2026-01-26 18:00:00,T1198,Connection Failure,Low
E06417,2026-01-19 18:00:00,T1072,High CPU,Low
E06418,2026-01-18 12:00:00,T1119,High Latency,Medium
E06419,2026-01-30 18:00:00,T1073,High CPU,Medium
E06420,2026-01-08 06:00:00,T1403,Call Drop,Low
E06421,2026-01-05 12:00:00,T1127,High CPU,Medium
E06422,2026-01-26 12:00:00,T1260,Traffic Spike,Medium
E06423,2026-01-01 12:00:00,T1353,Traffic Spike,Low
E06424,2026-01-16 12:00:00,T1088,Packet Loss,Low
E06425,2026-01-22 00:00:00,T1065,High Latency,Medium
E06426,2026-01-27 12:00:00,T1390,Call Drop,Medium
E06427,2026-01-21 12:00:00,T1158,High Latency,Low
E06428,2026-01-25 18:00:00,T1152,Low Signal,Low
E06429,2026-01-23 00:00:00,T1347,Connection Failure,High
E06430,2026-01-29 00:00:00,T1047,Connection Failure,Low
E06431,2026-01-16 18:00:00,T1455,Low Signal,Medium
E06432,2026-01-16 06:00:00,T1380,High Latency,High
E06433,2026-01-21 12:00:00,T1324,High Latency,Medium
E06434,2026-01-26 18:00:00,T1324,High Latency,Low
E06435,2026-01-16 06:00:00,T1443,High Latency,Low
E06436,2026-01-21 06:00:00,T1124,Low Signal,Medium
E06437,2026-01-10 12:00:00,T1004,High Latency,Low
E06438,2026-01-15 12:00:00,T1038,Connection Failure,Critical
E06439,2026-01-29 06:00:00,T1327,Low Signal,Medium
E06440,2026-01-13 00:00:00,T1102,Call Drop,Low
E06441,2026-01-02 00:00:00,T1421,Packet Loss,Medium
E06442,2026-01-08 00:00:00,T1128,Packet Loss,Medium
E06443,2026-01-18 18:00:00,T1222,Connection Failure,Low
E06444,2026-01-13 12:00:00,T1176,Connection Failure,High
E06445,2026-01-26 06:00:00,T1495,Connection Failure,Low
E06446,2026-01-05 00:00:00,T1390,High CPU,Low
E06447,2026-01-04 18:00:00,T1380,High CPU,High
E06448,2026-01-03 00:00:00,T1097,Low Signal,Medium
E06449,2026-01-27 00:00:00,T1484,High Latency,Medium
E06450,2026-01-04 18:00:00,T1194,High Latency,Medium
E06451,2026-01-06 18:00:00,T1361,Low Signal,High
E06452,2026-01-20 06:00:00,T1455,Call Drop,Medium
E06453,2026-01-18 06:00:00,T1236,High Latency,Low
E06454,2026-01-26 18:00:00,T1353,Call Drop,Low
E06455,2026-01-01 06:00:00,T1395,Packet Loss,Low
E06456,2026-01-21 06:00:00,T1135,High CPU,Low
E06457,2026-01-14 12:00:00,T1292,Low Signal,Medium
E06458,2026-01-27 18:00:00,T1347,Packet Loss,High
E06459,2026-01-16 06:00:00,T1127,Call Drop,High
E06460,2026-01-23 06:00:00,T1302,High CPU,Low
E06461,2026-01-08 06:00:00,T1044,Packet Loss,Low
E06462,2026-01-30 18:00:00,T1002,High Latency,Medium
E06463,2026-01-20 12:00:00,T1350,Connection Failure,Low
E06464,2026-01-19 06:00:00,T1202,Connection Failure,Low
E06465,2026-01-01 12:00:00,T1189,Low Signal,Medium
E06466,2026-01-12 06:00:00,T1316,Connection Failure,Low
E06467,2026-01-29 18:00:00,T1438,Low Signal,Medium
E06468,2026-01-09 06:00:00,T1102,Low Signal,Medium
E06469,2026-01-25 00:00:00,T1345,Packet Loss,Medium
E06470,2026-01-30 00:00:00,T1286,Packet Loss,Low
E06471,2026-01-06 00:00:00,T1200,High CPU,Low
E06472,2026-01-14 00:00:00,T1243,Call Drop,Medium
E06473,2026-01-10 06:00:00,T1029,Call Drop,Low
E06474,2026-01-23 18:00:00,T1074,Call Drop,Low
E06475,2026-01-03 18:00:00,T1216,High Latency,Low
E06476,2026-01-08 00:00:00,T1152,Low Signal,Low
E06477,2026-01-10 18:00:00,T1082,Connection Failure,High
E06478,2026-01-23 00:00:00,T1497,Call Drop,Medium
E06479,2026-01-03 06:00:00,T1111,High CPU,Medium
E06480,2026-01-17 06:00:00,T1387,Connection Failure,Low
E06481,2026-01-13 06:00:00,T1192,Connection Failure,Low
E06482,2026-01-30 06:00:00,T1246,Call Drop,Medium
E06483,2026-01-29 12:00:00,T1090,Packet Loss,Low
E06484,2026-01-26 00:00:00,T1159,Packet Loss,High
E06485,2026-01-16 18:00:00,T1341,Traffic Spike,High
E06486,2026-01-04 06:00:00,T1401,Traffic Spike,Medium
E06487,2026-01-14 00:00:00,T1074,Packet Loss,Low
E06488,2026-01-19 18:00:00,T1365,Connection Failure,Medium
E06489,2026-01-28 12:00:00,T1307,Low Signal,Critical
E06490,2026-01-17 00:00:00,T1430,High CPU,Low
E06491,2026-01-02 18:00:00,T1437,Low Signal,Medium
E06492,2026-01-28 18:00:00,T1090,Call Drop,Low
E06493,2026-01-24 00:00:00,T1046,Call Drop,High
E06494,2026-01-14 18:00:00,T1286,Traffic Spike,Critical
E06495,2026-01-11 18:00:00,T1073,High CPU,Critical
E06496,2026-01-03 00:00:00,T1266,Connection Failure,High
E06497,2026-01-15 00:00:00,T1141,Connection Failure,Low
E06498,2026-01-20 06:00:00,T1200,Low Signal,High
E06499,2026-01-26 18:00:00,T1357,Call Drop,Low
E06500,2026-01-01 12:00:00,T1093,Call Drop,Low
E06501,2026-01-05 00:00:00,T1405,Low Signal,Low
E06502,2026-01-29 12:00:00,T1215,Connection Failure,Medium
E06503,2026-01-04 18:00:00,T1003,High CPU,Low
E06504,2026-01-30 00:00:00,T1070,Low Signal,Low
E06505,2026-01-07 18:00:00,T1122,Packet Loss,Low
E06506,2026-01-13 12:00:00,T1015,Traffic Spike,Low
E06507,2026-01-03 06:00:00,T1286,Traffic Spike,Low
E06508,2026-01-11 18:00:00,T1303,Low Signal,Low
E06509,2026-01-11 12:00:00,T1103,Traffic Spike,Low
E06510,2026-01-30 00:00:00,T1332,Packet Loss,Medium
E06511,2026-01-10 12:00:00,T1009,High CPU,Medium
E06512,2026-01-14 06:00:00,T1415,Low Signal,Medium
E06513,2026-01-20 12:00:00,T1429,Packet Loss,Low
E06514,2026-01-02 12:00:00,T1439,Traffic Spike,Low
E06515,2026-01-27 12:00:00,T1142,Traffic Spike,Low
E06516,2026-01-01 18:00:00,T1406,Low Signal,Low
E06517,2026-01-01 12:00:00,T1208,High CPU,Medium
E06518,2026-01-11 06:00:00,T1296,Low Signal,Low
E06519,2026-01-21 00:00:00,T1296,Call Drop,Critical
E06520,2026-01-17 06:00:00,T1320,Packet Loss,Low
E06521,2026-01-27 18:00:00,T1191,High Latency,Low
E06522,2026-01-14 18:00:00,T1054,Connection Failure,Critical
E06523,2026-01-02 06:00:00,T1418,Traffic Spike,Medium
E06524,2026-01-23 06:00:00,T1341,High CPU,High
E06525,2026-01-09 18:00:00,T1047,Call Drop,High
E06526,2026-01-22 00:00:00,T1440,Traffic Spike,Medium
E06527,2026-01-04 12:00:00,T1282,Call Drop,Medium
E06528,2026-01-23 06:00:00,T1282,Connection Failure,High
E06529,2026-01-25 00:00:00,T1379,Call Drop,Low
E06530,2026-01-08 18:00:00,T1112,Connection Failure,Medium
E06531,2026-01-25 12:00:00,T1434,Call Drop,Medium
E06532,2026-01-15 12:00:00,T1144,Packet Loss,Low
E06533,2026-01-21 06:00:00,T1150,Connection Failure,High
E06534,2026-01-18 12:00:00,T1238,Traffic Spike,Low
E06535,2026-01-14 00:00:00,T1202,High Latency,Medium
E06536,2026-01-12 18:00:00,T1477,High CPU,Medium
E06537,2026-01-14 00:00:00,T1457,High CPU,Critical
E06538,2026-01-22 00:00:00,T1157,Call Drop,Low
E06539,2026-01-28 18:00:00,T1252,Connection Failure,Low
E06540,2026-01-24 00:00:00,T1395,Connection Failure,High
E06541,2026-01-22 18:00:00,T1080,Traffic Spike,Low
E06542,2026-01-10 18:00:00,T1438,Packet Loss,Low
E06543,2026-01-30 00:00:00,T1149,Packet Loss,Low
E06544,2026-01-24 06:00:00,T1254,Connection Failure,Low
E06545,2026-01-27 18:00:00,T1057,High CPU,Medium
E06546,2026-01-10 18:00:00,T1299,Traffic Spike,Low
E06547,2026-01-26 06:00:00,T1400,High Latency,Low
E06548,2026-01-12 18:00:00,T1447,Call Drop,Medium
E06549,2026-01-23 12:00:00,T1466,Packet Loss,High
E06550,2026-01-18 12:00:00,T1216,Traffic Spike,Low
E06551,2026-01-23 00:00:00,T1115,Low Signal,Low
E06552,2026-01-09 00:00:00,T1267,Traffic Spike,Low
E06553,2026-01-29 12:00:00,T1238,Call Drop,High
E06554,2026-01-28 18:00:00,T1415,Packet Loss,Medium
E06555,2026-01-11 18:00:00,T1033,Low Signal,Low
E06556,2026-01-20 18:00:00,T1480,Low Signal,Low
E06557,2026-01-12 18:00:00,T1041,High Latency,Low
E06558,2026-01-05 06:00:00,T1010,Traffic Spike,Low
E06559,2026-01-28 18:00:00,T1246,Packet Loss,Medium
E06560,2026-01-13 12:00:00,T1046,Traffic Spike,Medium
E06561,2026-01-25 18:00:00,T1105,Connection Failure,Medium
E06562,2026-01-23 18:00:00,T1348,Call Drop,Medium
E06563,2026-01-10 18:00:00,T1209,High Latency,Medium
E06564,2026-01-03 18:00:00,T1430,Call Drop,Critical
E06565,2026-01-02 18:00:00,T1136,High Latency,Critical
E06566,2026-01-29 18:00:00,T1294,Traffic Spike,Medium
E06567,2026-01-04 00:00:00,T1176,Traffic Spike,Low
E06568,2026-01-07 12:00:00,T1214,Traffic Spike,Low
E06569,2026-01-02 06:00:00,T1211,High Latency,Low
E06570,2026-01-29 18:00:00,T1051,Traffic Spike,Medium
E06571,2026-01-14 18:00:00,T1093,High CPU,Critical
E06572,2026-01-16 06:00:00,T1472,Traffic Spike,Medium
E06573,2026-01-17 06:00:00,T1403,Packet Loss,Low
E06574,2026-01-06 18:00:00,T1415,Packet Loss,Critical
E06575,2026-01-03 18:00:00,T1102,Traffic Spike,Medium
E06576,2026-01-07 18:00:00,T1155,High CPU,Medium
E06577,2026-01-25 06:00:00,T1036,High Latency,Low
E06578,2026-01-18 18:00:00,T1242,Packet Loss,Low
E06579,2026-01-12 18:00:00,T1061,High CPU,Low
E06580,2026-01-24 18:00:00,T1154,Traffic Spike,Critical
E06581,2026-01-06 06:00:00,T1037,Low Signal,Medium
E06582,2026-01-25 12:00:00,T1383,Low Signal,Low
E06583,2026-01-29 18:00:00,T1040,Call Drop,Low
E06584,2026-01-22 00:00:00,T1249,Call Drop,Low
E06585,2026-01-21 18:00:00,T1220,Call Drop,High
E06586,2026-01-11 06:00:00,T1280,High Latency,Low
E06587,2026-01-12 18:00:00,T1167,Low Signal,Medium
E06588,2026-01-13 12:00:00,T1452,High CPU,Low
E06589,2026-01-28 06:00:00,T1077,Traffic Spike,Medium
E06590,2026-01-01 18:00:00,T1026,Traffic Spike,Low
E06591,2026-01-20 18:00:00,T1347,Low Signal,Low
E06592,2026-01-04 12:00:00,T1328,Call Drop,Low
E06593,2026-01-03 00:00:00,T1028,Packet Loss,High
E06594,2026-01-05 00:00:00,T1484,Low Signal,Low
E06595,2026-01-30 18:00:00,T1375,Traffic Spike,High
E06596,2026-01-30 18:00:00,T1034,High Latency,Low
E06597,2026-01-14 18:00:00,T1370,High CPU,Critical
E06598,2026-01-26 00:00:00,T1328,Low Signal,High
E06599,2026-01-22 00:00:00,T1456,Traffic Spike,Low
E06600,2026-01-05 00:00:00,T1198,High Latency,Critical
E06601,2026-01-04 06:00:00,T1247,Packet Loss,Low
E06602,2026-01-23 12:00:00,T1199,High CPU,Low
E06603,2026-01-13 12:00:00,T1451,High CPU,Medium
E06604,2026-01-24 00:00:00,T1001,Connection Failure,Medium
E06605,2026-01-18 00:00:00,T1183,Traffic Spike,Low
E06606,2026-01-14 06:00:00,T1408,Packet Loss,Medium
E06607,2026-01-28 00:00:00,T1078,High CPU,Low
E06608,2026-01-22 00:00:00,T1032,Packet Loss,Low
E06609,2026-01-01 12:00:00,T1439,High Latency,High
E06610,2026-01-13 06:00:00,T1474,High CPU,Medium
E06611,2026-01-18 06:00:00,T1248,Call Drop,Medium
E06612,2026-01-23 12:00:00,T1036,Connection Failure,Low
E06613,2026-01-25 06:00:00,T1344,Call Drop,Medium
E06614,2026-01-01 18:00:00,T1154,High CPU,Medium
E06615,2026-01-30 06:00:00,T1154,Call Drop,Low
E06616,2026-01-04 18:00:00,T1408,Traffic Spike,Low
E06617,2026-01-28 18:00:00,T1219,High Latency,High
E06618,2026-01-13 06:00:00,T1307,High Latency,Low
E06619,2026-01-19 06:00:00,T1120,High CPU,Low
E06620,2026-01-30 18:00:00,T1058,Traffic Spike,Low
E06621,2026-01-25 06:00:00,T1020,Packet Loss,High
E06622,2026-01-11 00:00:00,T1200,High CPU,Low
E06623,2026-01-22 18:00:00,T1193,Low Signal,Low
E06624,2026-01-11 00:00:00,T1355,Low Signal,Low
E06625,2026-01-28 06:00:00,T1114,Low Signal,Low
E06626,2026-01-09 12:00:00,T1009,Low Signal,Medium
E06627,2026-01-22 18:00:00,T1202,Traffic Spike,Low
E06628,2026-01-03 06:00:00,T1440,High Latency,Low
E06629,2026-01-02 00:00:00,T1399,High CPU,Low
E06630,2026-01-25 12:00:00,T1031,Packet Loss,Low
E06631,2026-01-03 18:00:00,T1056,Connection Failure,Low
E06632,2026-01-16 06:00:00,T1210,Packet Loss,Low
E06633,2026-01-17 18:00:00,T1080,Call Drop,Medium
E06634,2026-01-08 12:00:00,T1358,High Latency,Low
E06635,2026-01-22 12:00:00,T1480,Traffic Spike,High
E06636,2026-01-21 06:00:00,T1309,Packet Loss,Low
E06637,2026-01-06 12:00:00,T1299,Call Drop,Medium
E06638,2026-01-01 18:00:00,T1134,Connection Failure,High
E06639,2026-01-03 12:00:00,T1463,High CPU,Medium
E06640,2026-01-05 06:00:00,T1355,High Latency,High
E06641,2026-01-27 18:00:00,T1251,Low Signal,Medium
E06642,2026-01-18 18:00:00,T1419,High Latency,Medium
E06643,2026-01-18 06:00:00,T1383,Call Drop,High
E06644,2026-01-23 00:00:00,T1172,Call Drop,Low
E06645,2026-01-03 00:00:00,T1412,Low Signal,Low
E06646,2026-01-12 18:00:00,T1143,Low Signal,Low
E06647,2026-01-03 06:00:00,T1176,High Latency,Medium
E06648,2026-01-18 18:00:00,T1019,High Latency,High
E06649,2026-01-17 00:00:00,T1231,High CPU,Low
E06650,2026-01-07 12:00:00,T1056,Packet Loss,Critical
E06651,2026-01-10 18:00:00,T1367,Traffic Spike,Low
E06652,2026-01-05 00:00:00,T1135,Low Signal,Critical
E06653,2026-01-02 06:00:00,T1237,Connection Failure,Low
E06654,2026-01-12 06:00:00,T1392,Call Drop,Low
E06655,2026-01-24 06:00:00,T1252,Traffic Spike,High
E06656,2026-01-21 06:00:00,T1431,High CPU,Low
E06657,2026-01-23 18:00:00,T1134,Low Signal,Medium
E06658,2026-01-20 00:00:00,T1381,Traffic Spike,Low
E06659,2026-01-05 00:00:00,T1224,Low Signal,Critical
E06660,2026-01-02 06:00:00,T1245,Low Signal,Low
E06661,2026-01-13 18:00:00,T1036,High Latency,Low
E06662,2026-01-16 06:00:00,T1353,Traffic Spike,Low
E06663,2026-01-05 12:00:00,T1077,High Latency,Low
E06664,2026-01-14 06:00:00,T1084,High Latency,Low
E06665,2026-01-01 06:00:00,T1105,Traffic Spike,Low
E06666,2026-01-26 00:00:00,T1391,Call Drop,Medium
E06667,2026-01-04 06:00:00,T1326,High CPU,High
E06668,2026-01-09 00:00:00,T1459,Traffic Spike,Low
E06669,2026-01-08 00:00:00,T1431,Low Signal,Low
E06670,2026-01-17 06:00:00,T1451,Packet Loss,Low
E06671,2026-01-08 00:00:00,T1420,Packet Loss,Medium
E06672,2026-01-19 18:00:00,T1073,Traffic Spike,Low
E06673,2026-01-30 18:00:00,T1230,High Latency,Low
E06674,2026-01-24 00:00:00,T1482,Call Drop,Low
E06675,2026-01-17 18:00:00,T1118,Low Signal,Low
E06676,2026-01-01 00:00:00,T1459,High Latency,Medium
E06677,2026-01-27 18:00:00,T1247,High CPU,Low
E06678,2026-01-23 18:00:00,T1080,Connection Failure,Medium
E06679,2026-01-29 18:00:00,T1310,High CPU,Medium
E06680,2026-01-12 06:00:00,T1076,Traffic Spike,Critical
E06681,2026-01-20 00:00:00,T1300,Packet Loss,High
E06682,2026-01-28 12:00:00,T1165,High Latency,Low
E06683,2026-01-23 18:00:00,T1441,Low Signal,Medium
E06684,2026-01-18 12:00:00,T1128,Traffic Spike,Medium
E06685,2026-01-19 12:00:00,T1407,Call Drop,Low
E06686,2026-01-22 06:00:00,T1087,Packet Loss,Low
E06687,2026-01-06 12:00:00,T1021,Low Signal,Medium
E06688,2026-01-12 12:00:00,T1259,High Latency,Low
E06689,2026-01-20 06:00:00,T1268,Low Signal,High
E06690,2026-01-04 00:00:00,T1227,High CPU,Medium
E06691,2026-01-18 12:00:00,T1140,Packet Loss,Low
E06692,2026-01-27 18:00:00,T1308,Call Drop,Medium
E06693,2026-01-23 00:00:00,T1203,High CPU,Medium
E06694,2026-01-05 12:00:00,T1348,Call Drop,Low
E06695,2026-01-16 12:00:00,T1253,Packet Loss,High
E06696,2026-01-18 00:00:00,T1388,Low Signal,Low
E06697,2026-01-18 06:00:00,T1222,Call Drop,Low
E06698,2026-01-16 00:00:00,T1140,Traffic Spike,High
E06699,2026-01-01 00:00:00,T1057,Traffic Spike,Low
E06700,2026-01-20 18:00:00,T1058,Call Drop,Medium
E06701,2026-01-14 06:00:00,T1145,High Latency,Low
E06702,2026-01-03 12:00:00,T1354,Low Signal,Medium
E06703,2026-01-10 00:00:00,T1198,Low Signal,Medium
E06704,2026-01-02 12:00:00,T1252,Call Drop,Low
E06705,2026-01-23 18:00:00,T1306,Call Drop,High
E06706,2026-01-06 06:00:00,T1446,Low Signal,Low
E06707,2026-01-14 00:00:00,T1355,Traffic Spike,High
E06708,2026-01-01 00:00:00,T1315,Connection Failure,Medium
E06709,2026-01-17 12:00:00,T1400,Packet Loss,Critical
E06710,2026-01-09 18:00:00,T1082,Traffic Spike,High
E06711,2026-01-04 06:00:00,T1237,High Latency,Low
E06712,2026-01-21 12:00:00,T1467,Traffic Spike,Critical
E06713,2026-01-07 00:00:00,T1467,Traffic Spike,Medium
E06714,2026-01-07 12:00:00,T1180,High CPU,Medium
E06715,2026-01-07 06:00:00,T1286,Low Signal,Low
E06716,2026-01-11 12:00:00,T1106,High Latency,Low
E06717,2026-01-03 18:00:00,T1115,Low Signal,Medium
E06718,2026-01-09 06:00:00,T1464,Packet Loss,Low
E06719,2026-01-14 06:00:00,T1141,Call Drop,Low
E06720,2026-01-20 18:00:00,T1214,High CPU,Medium
E06721,2026-01-22 18:00:00,T1099,Traffic Spike,High
E06722,2026-01-26 06:00:00,T1246,Traffic Spike,Low
E06723,2026-01-30 18:00:00,T1117,Traffic Spike,Low
E06724,2026-01-18 12:00:00,T1262,Packet Loss,Low
E06725,2026-01-24 18:00:00,T1056,Low Signal,Medium
E06726,2026-01-14 12:00:00,T1161,Call Drop,Low
E06727,2026-01-26 06:00:00,T1111,High CPU,Low
E06728,2026-01-07 12:00:00,T1447,Connection Failure,Low
E06729,2026-01-13 12:00:00,T1306,Low Signal,Low
E06730,2026-01-30 12:00:00,T1136,High Latency,Low
E06731,2026-01-20 12:00:00,T1265,Packet Loss,Low
E06732,2026-01-17 06:00:00,T1082,Connection Failure,Medium
E06733,2026-01-28 00:00:00,T1002,High Latency,Low
E06734,2026-01-27 18:00:00,T1342,Packet Loss,Low
E06735,2026-01-19 06:00:00,T1097,Low Signal,Low
E06736,2026-01-02 00:00:00,T1084,Traffic Spike,Low
E06737,2026-01-21 12:00:00,T1219,Connection Failure,High
E06738,2026-01-22 06:00:00,T1084,High CPU,Low
E06739,2026-01-14 00:00:00,T1063,High Latency,Medium
E06740,2026-01-03 00:00:00,T1219,Traffic Spike,Low
E06741,2026-01-25 18:00:00,T1423,Low Signal,Low
E06742,2026-01-23 18:00:00,T1030,High CPU,Low
E06743,2026-01-02 12:00:00,T1276,Low Signal,High
E06744,2026-01-27 12:00:00,T1262,High Latency,Low
E06745,2026-01-30 18:00:00,T1252,Packet Loss,Low
E06746,2026-01-26 00:00:00,T1120,High CPU,Medium
E06747,2026-01-19 18:00:00,T1154,Traffic Spike,Low
E06748,2026-01-08 06:00:00,T1198,Packet Loss,Critical
E06749,2026-01-12 18:00:00,T1160,Traffic Spike,High
E06750,2026-01-27 06:00:00,T1114,Connection Failure,Low
E06751,2026-01-29 00:00:00,T1434,Traffic Spike,High
E06752,2026-01-11 06:00:00,T1114,Traffic Spike,High
E06753,2026-01-03 18:00:00,T1403,Low Signal,Medium
E06754,2026-01-29 00:00:00,T1068,High Latency,High
E06755,2026-01-18 00:00:00,T1089,Packet Loss,Low
E06756,2026-01-11 00:00:00,T1358,High Latency,Low
E06757,2026-01-20 00:00:00,T1043,Call Drop,High
E06758,2026-01-03 12:00:00,T1266,Connection Failure,Critical
E06759,2026-01-19 18:00:00,T1320,Low Signal,Low
E06760,2026-01-13 06:00:00,T1170,Packet Loss,Critical
E06761,2026-01-02 12:00:00,T1111,Connection Failure,Medium
E06762,2026-01-23 18:00:00,T1467,Connection Failure,High
E06763,2026-01-11 12:00:00,T1269,Packet Loss,Low
E06764,2026-01-13 12:00:00,T1329,Call Drop,Medium
E06765,2026-01-11 12:00:00,T1312,Connection Failure,High
E06766,2026-01-28 18:00:00,T1494,Packet Loss,Low
E06767,2026-01-01 00:00:00,T1479,Packet Loss,Medium
E06768,2026-01-15 00:00:00,T1139,Connection Failure,Medium
E06769,2026-01-29 06:00:00,T1415,Packet Loss,Low
E06770,2026-01-06 12:00:00,T1333,Packet Loss,Medium
E06771,2026-01-02 00:00:00,T1425,Packet Loss,Medium
E06772,2026-01-21 00:00:00,T1413,High CPU,Low
E06773,2026-01-01 00:00:00,T1385,High Latency,Low
E06774,2026-01-05 00:00:00,T1176,Connection Failure,Medium
E06775,2026-01-04 18:00:00,T1257,Low Signal,Medium
E06776,2026-01-10 18:00:00,T1050,Call Drop,Low
E06777,2026-01-21 06:00:00,T1213,Connection Failure,Low
E06778,2026-01-21 12:00:00,T1019,Traffic Spike,Medium
E06779,2026-01-22 18:00:00,T1327,Packet Loss,Medium
E06780,2026-01-23 12:00:00,T1233,High Latency,Low
E06781,2026-01-08 12:00:00,T1191,Call Drop,Medium
E06782,2026-01-24 06:00:00,T1219,Packet Loss,Low
E06783,2026-01-29 12:00:00,T1274,Connection Failure,Medium
E06784,2026-01-13 00:00:00,T1207,High Latency,Medium
E06785,2026-01-26 00:00:00,T1157,High CPU,High
E06786,2026-01-03 06:00:00,T1469,Connection Failure,Low
E06787,2026-01-12 00:00:00,T1115,Call Drop,Low
E06788,2026-01-18 12:00:00,T1049,High CPU,High
E06789,2026-01-02 00:00:00,T1152,Call Drop,Critical
E06790,2026-01-26 18:00:00,T1309,Call Drop,Low
E06791,2026-01-09 18:00:00,T1282,High CPU,Low
E06792,2026-01-09 12:00:00,T1343,Connection Failure,Medium
E06793,2026-01-19 18:00:00,T1463,Connection Failure,Low
E06794,2026-01-30 00:00:00,T1219,Packet Loss,Low
E06795,2026-01-02 00:00:00,T1008,Traffic Spike,Medium
E06796,2026-01-06 00:00:00,T1068,Call Drop,Low
E06797,2026-01-12 00:00:00,T1045,Connection Failure,Low
E06798,2026-01-23 12:00:00,T1303,Packet Loss,Low
E06799,2026-01-24 00:00:00,T1075,Connection Failure,Low
E06800,2026-01-02 12:00:00,T1094,Packet Loss,Low
E06801,2026-01-01 06:00:00,T1095,Call Drop,Critical
E06802,2026-01-22 12:00:00,T1043,Connection Failure,Low
E06803,2026-01-16 06:00:00,T1262,Call Drop,Low
E06804,2026-01-08 18:00:00,T1366,Packet Loss,Low
E06805,2026-01-23 18:00:00,T1367,Packet Loss,Low
E06806,2026-01-21 06:00:00,T1050,Connection Failure,Medium
E06807,2026-01-15 18:00:00,T1256,Call Drop,Medium
E06808,2026-01-30 12:00:00,T1263,Packet Loss,Medium
E06809,2026-01-22 12:00:00,T1445,Packet Loss,Low
E06810,2026-01-28 06:00:00,T1163,Traffic Spike,Low
E06811,2026-01-24 12:00:00,T1325,High Latency,Low
E06812,2026-01-10 06:00:00,T1053,Connection Failure,High
E06813,2026-01-08 18:00:00,T1147,Packet Loss,High
E06814,2026-01-01 12:00:00,T1120,High CPU,Medium
E06815,2026-01-02 18:00:00,T1374,Traffic Spike,Low
E06816,2026-01-30 12:00:00,T1060,Call Drop,Medium
E06817,2026-01-24 00:00:00,T1185,High CPU,High
E06818,2026-01-19 06:00:00,T1195,Packet Loss,Medium
E06819,2026-01-23 18:00:00,T1169,High CPU,Medium
E06820,2026-01-11 12:00:00,T1051,High Latency,Medium
E06821,2026-01-28 18:00:00,T1000,Packet Loss,Medium
E06822,2026-01-10 12:00:00,T1266,Call Drop,Low
E06823,2026-01-11 06:00:00,T1321,High CPU,Low
E06824,2026-01-16 00:00:00,T1122,Traffic Spike,High
E06825,2026-01-16 18:00:00,T1130,Low Signal,Medium
E06826,2026-01-20 12:00:00,T1031,Traffic Spike,Low
E06827,2026-01-30 12:00:00,T1120,High Latency,Low
E06828,2026-01-17 06:00:00,T1421,Call Drop,Low
E06829,2026-01-06 18:00:00,T1015,Call Drop,Low
E06830,2026-01-16 00:00:00,T1324,High Latency,High
E06831,2026-01-29 12:00:00,T1090,High Latency,Low
E06832,2026-01-14 06:00:00,T1103,Connection Failure,Medium
E06833,2026-01-02 06:00:00,T1153,High Latency,Low
E06834,2026-01-12 12:00:00,T1137,Traffic Spike,Medium
E06835,2026-01-21 12:00:00,T1021,Connection Failure,Low
E06836,2026-01-07 12:00:00,T1184,Low Signal,Medium
E06837,2026-01-20 18:00:00,T1010,Connection Failure,High
E06838,2026-01-30 06:00:00,T1466,Call Drop,Medium
E06839,2026-01-13 00:00:00,T1212,Call Drop,Medium
E06840,2026-01-15 06:00:00,T1252,Traffic Spike,Medium
E06841,2026-01-09 12:00:00,T1020,Call Drop,Medium
E06842,2026-01-14 06:00:00,T1098,Traffic Spike,Low
E06843,2026-01-20 06:00:00,T1041,High Latency,Medium
E06844,2026-01-03 00:00:00,T1351,High CPU,Low
E06845,2026-01-02 06:00:00,T1349,High CPU,Low
E06846,2026-01-30 00:00:00,T1097,High Latency,High
E06847,2026-01-16 00:00:00,T1379,Traffic Spike,Medium
E06848,2026-01-18 18:00:00,T1206,High Latency,Medium
E06849,2026-01-28 18:00:00,T1213,Connection Failure,Medium
E06850,2026-01-10 06:00:00,T1259,Traffic Spike,Low
E06851,2026-01-14 12:00:00,T1045,High Latency,Medium
E06852,2026-01-08 00:00:00,T1109,Low Signal,Low
E06853,2026-01-26 12:00:00,T1071,High CPU,Medium
E06854,2026-01-28 12:00:00,T1055,High Latency,Low
E06855,2026-01-20 06:00:00,T1102,Call Drop,Low
E06856,2026-01-17 12:00:00,T1318,Connection Failure,Medium
E06857,2026-01-29 12:00:00,T1263,Packet Loss,Medium
E06858,2026-01-07 18:00:00,T1417,Packet Loss,Critical
E06859,2026-01-17 00:00:00,T1369,High Latency,High
E06860,2026-01-25 06:00:00,T1172,Low Signal,High
E06861,2026-01-10 18:00:00,T1266,Packet Loss,High
E06862,2026-01-07 06:00:00,T1018,Traffic Spike,Low
E06863,2026-01-01 00:00:00,T1083,Low Signal,Medium
E06864,2026-01-22 18:00:00,T1194,High Latency,High
E06865,2026-01-08 12:00:00,T1251,Call Drop,Medium
E06866,2026-01-12 00:00:00,T1186,Call Drop,Low
E06867,2026-01-03 18:00:00,T1278,Traffic Spike,Medium
E06868,2026-01-30 00:00:00,T1192,Call Drop,Low
E06869,2026-01-14 06:00:00,T1405,Call Drop,Low
E06870,2026-01-16 18:00:00,T1210,Traffic Spike,Medium
E06871,2026-01-09 00:00:00,T1423,High Latency,Low
E06872,2026-01-02 06:00:00,T1020,Low Signal,High
E06873,2026-01-09 00:00:00,T1457,Packet Loss,High
E06874,2026-01-19 18:00:00,T1336,Call Drop,High
E06875,2026-01-19 12:00:00,T1269,Connection Failure,Low
E06876,2026-01-05 18:00:00,T1190,Call Drop,Medium
E06877,2026-01-15 18:00:00,T1046,Traffic Spike,Medium
E06878,2026-01-01 12:00:00,T1035,Traffic Spike,Low
E06879,2026-01-12 18:00:00,T1089,Call Drop,Low
E06880,2026-01-07 18:00:00,T1457,Packet Loss,Critical
E06881,2026-01-28 12:00:00,T1098,High CPU,Medium
E06882,2026-01-20 00:00:00,T1037,High Latency,Medium
E06883,2026-01-25 00:00:00,T1418,High Latency,Low
E06884,2026-01-01 00:00:00,T1090,Traffic Spike,Low
E06885,2026-01-13 00:00:00,T1236,Connection Failure,Critical
E06886,2026-01-05 12:00:00,T1450,Low Signal,Medium
E06887,2026-01-25 18:00:00,T1499,High CPU,Low
E06888,2026-01-04 00:00:00,T1152,Packet Loss,Medium
E06889,2026-01-17 12:00:00,T1159,Packet Loss,Low
E06890,2026-01-24 06:00:00,T1498,Traffic Spike,Low
E06891,2026-01-29 06:00:00,T1393,High Latency,Critical
E06892,2026-01-09 00:00:00,T1318,Low Signal,Medium
E06893,2026-01-28 18:00:00,T1147,High CPU,Medium
E06894,2026-01-22 00:00:00,T1434,Packet Loss,Low
E06895,2026-01-14 00:00:00,T1056,Low Signal,Low
E06896,2026-01-10 00:00:00,T1498,Low Signal,Low
E06897,2026-01-08 06:00:00,T1446,Connection Failure,High
E06898,2026-01-03 12:00:00,T1157,Call Drop,Medium
E06899,2026-01-12 00:00:00,T1404,High CPU,Low
E06900,2026-01-25 06:00:00,T1447,Packet Loss,High
E06901,2026-01-30 18:00:00,T1308,High Latency,Low
E06902,2026-01-17 06:00:00,T1471,Low Signal,Low
E06903,2026-01-30 12:00:00,T1087,Low Signal,Low
E06904,2026-01-10 18:00:00,T1030,Low Signal,Medium
E06905,2026-01-10 12:00:00,T1142,Traffic Spike,Low
E06906,2026-01-26 12:00:00,T1107,Connection Failure,Low
E06907,2026-01-19 18:00:00,T1131,Traffic Spike,Low
E06908,2026-01-08 00:00:00,T1062,High Latency,Low
E06909,2026-01-25 12:00:00,T1485,Packet Loss,High
E06910,2026-01-03 00:00:00,T1368,Call Drop,High
E06911,2026-01-12 00:00:00,T1299,Packet Loss,Low
E06912,2026-01-24 18:00:00,T1408,Connection Failure,Low
E06913,2026-01-18 06:00:00,T1336,Packet Loss,Low
E06914,2026-01-12 00:00:00,T1480,High Latency,Low
E06915,2026-01-11 06:00:00,T1299,Packet Loss,Low
E06916,2026-01-19 12:00:00,T1135,Call Drop,Low
E06917,2026-01-03 18:00:00,T1107,Connection Failure,Medium
E06918,2026-01-02 00:00:00,T1052,Traffic Spike,Medium
E06919,2026-01-06 12:00:00,T1425,Connection Failure,Low
E06920,2026-01-07 00:00:00,T1246,High CPU,Low
E06921,2026-01-09 06:00:00,T1040,Packet Loss,Low
E06922,2026-01-09 12:00:00,T1224,Low Signal,Low
E06923,2026-01-25 12:00:00,T1425,Traffic Spike,Medium
E06924,2026-01-15 06:00:00,T1480,Traffic Spike,Medium
E06925,2026-01-03 18:00:00,T1002,Call Drop,Medium
E06926,2026-01-27 18:00:00,T1134,Connection Failure,Low
E06927,2026-01-03 12:00:00,T1271,Low Signal,Medium
E06928,2026-01-13 12:00:00,T1215,Call Drop,Medium
E06929,2026-01-03 18:00:00,T1475,Packet Loss,Medium
E06930,2026-01-09 06:00:00,T1198,High Latency,Medium
E06931,2026-01-02 00:00:00,T1222,Connection Failure,High
E06932,2026-01-16 06:00:00,T1155,Packet Loss,High
E06933,2026-01-20 12:00:00,T1064,Call Drop,Low
E06934,2026-01-19 18:00:00,T1050,Low Signal,High
E06935,2026-01-13 12:00:00,T1041,Traffic Spike,Low
E06936,2026-01-04 00:00:00,T1423,Traffic Spike,Low
E06937,2026-01-01 00:00:00,T1438,High CPU,Low
E06938,2026-01-17 00:00:00,T1115,Low Signal,Medium
E06939,2026-01-25 06:00:00,T1139,High Latency,Medium
E06940,2026-01-15 18:00:00,T1448,Low Signal,Low
E06941,2026-01-19 00:00:00,T1314,Traffic Spike,Medium
E06942,2026-01-19 18:00:00,T1237,Call Drop,Medium
E06943,2026-01-03 06:00:00,T1356,High Latency,Low
E06944,2026-01-16 00:00:00,T1452,Traffic Spike,Medium
E06945,2026-01-15 00:00:00,T1267,Call Drop,Low
E06946,2026-01-23 00:00:00,T1133,Connection Failure,High
E06947,2026-01-14 12:00:00,T1034,Connection Failure,Low
E06948,2026-01-19 18:00:00,T1345,Connection Failure,Low
E06949,2026-01-18 12:00:00,T1425,High Latency,Medium
E06950,2026-01-06 00:00:00,T1281,Packet Loss,Critical
E06951,2026-01-27 12:00:00,T1476,Packet Loss,Medium
E06952,2026-01-15 12:00:00,T1187,Traffic Spike,Low
E06953,2026-01-28 12:00:00,T1445,Call Drop,High
E06954,2026-01-22 12:00:00,T1042,High Latency,Low
E06955,2026-01-19 12:00:00,T1401,High Latency,Low
E06956,2026-01-21 00:00:00,T1283,High Latency,Low
E06957,2026-01-25 18:00:00,T1401,Traffic Spike,Medium
E06958,2026-01-09 00:00:00,T1102,High CPU,Medium
E06959,2026-01-23 12:00:00,T1059,High CPU,High
E06960,2026-01-14 18:00:00,T1442,Call Drop,Low
E06961,2026-01-23 18:00:00,T1051,High CPU,Low
E06962,2026-01-05 06:00:00,T1012,High Latency,Critical
E06963,2026-01-07 12:00:00,T1498,Packet Loss,Medium
E06964,2026-01-07 18:00:00,T1286,High CPU,Medium
E06965,2026-01-04 06:00:00,T1236,Traffic Spike,High
E06966,2026-01-20 12:00:00,T1324,Connection Failure,Low
E06967,2026-01-14 12:00:00,T1054,Call Drop,Low
E06968,2026-01-06 12:00:00,T1074,Low Signal,High
E06969,2026-01-08 18:00:00,T1089,Traffic Spike,High
E06970,2026-01-22 06:00:00,T1314,High Latency,Low
E06971,2026-01-29 12:00:00,T1059,Low Signal,Low
E06972,2026-01-27 00:00:00,T1485,Call Drop,Low
E06973,2026-01-28 06:00:00,T1202,Low Signal,High
E06974,2026-01-29 06:00:00,T1073,Packet Loss,Low
E06975,2026-01-19 12:00:00,T1486,Packet Loss,Low
E06976,2026-01-04 00:00:00,T1086,Low Signal,Medium
E06977,2026-01-12 06:00:00,T1438,Packet Loss,Medium
E06978,2026-01-15 06:00:00,T1066,Traffic Spike,Critical
E06979,2026-01-13 18:00:00,T1221,Call Drop,Critical
E06980,2026-01-19 00:00:00,T1450,Call Drop,High
E06981,2026-01-07 00:00:00,T1254,Packet Loss,Low
E06982,2026-01-08 18:00:00,T1341,Traffic Spike,Low
E06983,2026-01-27 00:00:00,T1403,High CPU,Medium
E06984,2026-01-07 00:00:00,T1264,Low Signal,Low
E06985,2026-01-05 12:00:00,T1420,High CPU,Low
E06986,2026-01-30 00:00:00,T1226,Call Drop,High
E06987,2026-01-14 18:00:00,T1352,Packet Loss,Medium
E06988,2026-01-15 00:00:00,T1069,High CPU,High
E06989,2026-01-30 06:00:00,T1219,Connection Failure,Medium
E06990,2026-01-25 00:00:00,T1267,High Latency,Low
E06991,2026-01-15 06:00:00,T1466,High Latency,Low
E06992,2026-01-17 06:00:00,T1373,Packet Loss,Medium
E06993,2026-01-30 18:00:00,T1288,High Latency,Medium
E06994,2026-01-29 18:00:00,T1481,Connection Failure,Low
E06995,2026-01-11 06:00:00,T1035,Low Signal,Low
E06996,2026-01-09 12:00:00,T1088,Packet Loss,Low
E06997,2026-01-05 06:00:00,T1472,Traffic Spike,Low
E06998,2026-01-29 06:00:00,T1011,Connection Failure,Low
E06999,2026-01-09 00:00:00,T1436,High Latency,Medium
E07000,2026-01-11 12:00:00,T1373,Packet Loss,Low
E07001,2026-01-19 06:00:00,T1406,High Latency,Medium
E07002,2026-01-28 00:00:00,T1263,High CPU,Low
E07003,2026-01-09 06:00:00,T1397,High Latency,High
E07004,2026-01-10 06:00:00,T1053,High Latency,High
E07005,2026-01-10 12:00:00,T1382,High Latency,Medium
E07006,2026-01-18 06:00:00,T1404,Connection Failure,Medium
E07007,2026-01-29 18:00:00,T1351,High CPU,Low
E07008,2026-01-04 18:00:00,T1283,Call Drop,Medium
E07009,2026-01-23 12:00:00,T1348,Connection Failure,Medium
E07010,2026-01-18 06:00:00,T1132,Packet Loss,Low
E07011,2026-01-18 18:00:00,T1404,Call Drop,Low
E07012,2026-01-01 12:00:00,T1171,Connection Failure,Low
E07013,2026-01-03 18:00:00,T1236,Call Drop,Low
E07014,2026-01-27 12:00:00,T1185,High Latency,Critical
E07015,2026-01-14 00:00:00,T1208,Packet Loss,Low
E07016,2026-01-03 00:00:00,T1013,Connection Failure,Medium
E07017,2026-01-04 06:00:00,T1414,Traffic Spike,Medium
E07018,2026-01-28 00:00:00,T1360,Traffic Spike,Medium
E07019,2026-01-23 18:00:00,T1051,High Latency,Low
E07020,2026-01-24 00:00:00,T1091,High Latency,Medium
E07021,2026-01-13 06:00:00,T1417,Connection Failure,Medium
E07022,2026-01-13 12:00:00,T1047,Connection Failure,Low
E07023,2026-01-06 00:00:00,T1009,Connection Failure,Low
E07024,2026-01-10 00:00:00,T1401,Traffic Spike,Low
E07025,2026-01-05 12:00:00,T1302,Call Drop,Low
E07026,2026-01-12 12:00:00,T1299,High Latency,Medium
E07027,2026-01-14 18:00:00,T1408,Call Drop,Low
E07028,2026-01-26 18:00:00,T1293,Low Signal,Low
E07029,2026-01-16 06:00:00,T1473,Traffic Spike,Low
E07030,2026-01-15 06:00:00,T1388,Traffic Spike,Low
E07031,2026-01-03 18:00:00,T1106,High Latency,Low
E07032,2026-01-10 12:00:00,T1024,Connection Failure,Low
E07033,2026-01-15 12:00:00,T1107,Call Drop,Medium
E07034,2026-01-03 00:00:00,T1243,Low Signal,Low
E07035,2026-01-07 12:00:00,T1244,Low Signal,Low
E07036,2026-01-03 12:00:00,T1320,Packet Loss,Critical
E07037,2026-01-09 00:00:00,T1050,Connection Failure,Medium
E07038,2026-01-03 06:00:00,T1395,Connection Failure,Medium
E07039,2026-01-10 06:00:00,T1420,Traffic Spike,Medium
E07040,2026-01-02 06:00:00,T1253,High CPU,High
E07041,2026-01-19 12:00:00,T1434,Packet Loss,Low
E07042,2026-01-24 06:00:00,T1435,Low Signal,Low
E07043,2026-01-16 00:00:00,T1152,Connection Failure,Medium
E07044,2026-01-22 06:00:00,T1152,Packet Loss,High
E07045,2026-01-23 18:00:00,T1161,Traffic Spike,High
E07046,2026-01-14 12:00:00,T1049,High Latency,Medium
E07047,2026-01-28 12:00:00,T1143,Traffic Spike,Low
E07048,2026-01-09 06:00:00,T1060,Low Signal,Low
E07049,2026-01-29 12:00:00,T1426,Connection Failure,Low
E07050,2026-01-13 06:00:00,T1469,High CPU,Low
E07051,2026-01-17 00:00:00,T1416,Traffic Spike,Low
E07052,2026-01-30 00:00:00,T1374,Connection Failure,Low
E07053,2026-01-30 18:00:00,T1181,Call Drop,Medium
E07054,2026-01-23 18:00:00,T1313,High CPU,Low
E07055,2026-01-11 18:00:00,T1239,Connection Failure,Low
E07056,2026-01-13 18:00:00,T1143,Connection Failure,Low
E07057,2026-01-15 12:00:00,T1478,High CPU,Medium
E07058,2026-01-10 00:00:00,T1112,Connection Failure,High
E07059,2026-01-26 12:00:00,T1391,High Latency,Low
E07060,2026-01-25 06:00:00,T1154,Packet Loss,Low
E07061,2026-01-09 12:00:00,T1359,Packet Loss,Medium
E07062,2026-01-22 12:00:00,T1446,Low Signal,Critical
E07063,2026-01-21 06:00:00,T1353,High Latency,Low
E07064,2026-01-01 00:00:00,T1048,Call Drop,Medium
E07065,2026-01-11 00:00:00,T1098,Traffic Spike,Low
E07066,2026-01-17 00:00:00,T1431,Traffic Spike,Medium
E07067,2026-01-07 18:00:00,T1287,Call Drop,Low
E07068,2026-01-13 00:00:00,T1149,Call Drop,Medium
E07069,2026-01-18 06:00:00,T1043,Connection Failure,Low
E07070,2026-01-20 18:00:00,T1104,High CPU,Medium
E07071,2026-01-11 18:00:00,T1018,High CPU,Low
E07072,2026-01-03 00:00:00,T1130,High CPU,Low
E07073,2026-01-02 12:00:00,T1183,High Latency,Medium
E07074,2026-01-07 12:00:00,T1490,Call Drop,High
E07075,2026-01-04 06:00:00,T1190,Connection Failure,Critical
E07076,2026-01-05 12:00:00,T1019,Packet Loss,Critical
E07077,2026-01-23 00:00:00,T1076,Low Signal,Medium
E07078,2026-01-19 12:00:00,T1170,High Latency,High
E07079,2026-01-04 06:00:00,T1405,Traffic Spike,Medium
E07080,2026-01-04 12:00:00,T1428,Call Drop,High
E07081,2026-01-19 12:00:00,T1182,High CPU,Medium
E07082,2026-01-09 00:00:00,T1467,High CPU,Medium
E07083,2026-01-14 18:00:00,T1056,Call Drop,Low
E07084,2026-01-07 18:00:00,T1410,Traffic Spike,Low
E07085,2026-01-03 00:00:00,T1279,Low Signal,Low
E07086,2026-01-07 06:00:00,T1000,High CPU,Low
E07087,2026-01-05 12:00:00,T1127,Packet Loss,Medium
E07088,2026-01-03 12:00:00,T1203,Call Drop,Critical
E07089,2026-01-23 00:00:00,T1356,Connection Failure,Medium
E07090,2026-01-03 18:00:00,T1421,Call Drop,Low
E07091,2026-01-28 00:00:00,T1427,Traffic Spike,Low
E07092,2026-01-28 12:00:00,T1442,Connection Failure,Medium
E07093,2026-01-06 18:00:00,T1486,High Latency,Low
E07094,2026-01-16 00:00:00,T1120,Packet Loss,Low
E07095,2026-01-18 12:00:00,T1106,Call Drop,Low
E07096,2026-01-12 12:00:00,T1104,Low Signal,Medium
E07097,2026-01-30 18:00:00,T1203,Packet Loss,Low
E07098,2026-01-04 06:00:00,T1340,High Latency,Low
E07099,2026-01-26 00:00:00,T1441,Low Signal,High
E07100,2026-01-10 06:00:00,T1094,Call Drop,Medium
E07101,2026-01-13 18:00:00,T1195,Packet Loss,High
E07102,2026-01-07 18:00:00,T1056,Packet Loss,Low
E07103,2026-01-19 12:00:00,T1116,Traffic Spike,Low
E07104,2026-01-13 00:00:00,T1390,High Latency,High
E07105,2026-01-14 00:00:00,T1149,Low Signal,Low
E07106,2026-01-23 12:00:00,T1175,High CPU,Medium
E07107,2026-01-30 18:00:00,T1131,Call Drop,Low
E07108,2026-01-14 00:00:00,T1102,High Latency,Low
E07109,2026-01-04 06:00:00,T1264,Traffic Spike,Medium
E07110,2026-01-08 06:00:00,T1189,Low Signal,Low
E07111,2026-01-30 12:00:00,T1219,High Latency,High
E07112,2026-01-04 00:00:00,T1179,Low Signal,Low
E07113,2026-01-12 18:00:00,T1339,Call Drop,Medium
E07114,2026-01-11 12:00:00,T1172,High CPU,Medium
E07115,2026-01-14 18:00:00,T1259,High Latency,Low
E07116,2026-01-22 12:00:00,T1456,Traffic Spike,Medium
E07117,2026-01-01 12:00:00,T1312,High Latency,Low
E07118,2026-01-02 00:00:00,T1105,Connection Failure,High
E07119,2026-01-09 12:00:00,T1289,Connection Failure,Critical
E07120,2026-01-13 18:00:00,T1127,Connection Failure,Low
E07121,2026-01-30 06:00:00,T1050,Traffic Spike,Medium
E07122,2026-01-24 06:00:00,T1207,Low Signal,Medium
E07123,2026-01-07 18:00:00,T1126,Call Drop,Low
E07124,2026-01-04 00:00:00,T1011,Packet Loss,Low
E07125,2026-01-28 12:00:00,T1100,High CPU,High
E07126,2026-01-07 06:00:00,T1380,High CPU,Low
E07127,2026-01-15 06:00:00,T1460,High CPU,High
E07128,2026-01-05 00:00:00,T1395,Traffic Spike,Low
E07129,2026-01-12 18:00:00,T1213,High Latency,Low
E07130,2026-01-18 18:00:00,T1089,Call Drop,Low
E07131,2026-01-30 00:00:00,T1237,Connection Failure,Low
E07132,2026-01-07 06:00:00,T1040,Call Drop,Low
E07133,2026-01-30 06:00:00,T1499,High CPU,High
E07134,2026-01-05 12:00:00,T1406,Traffic Spike,Medium
E07135,2026-01-05 06:00:00,T1475,Call Drop,Medium
E07136,2026-01-18 12:00:00,T1207,Packet Loss,Medium
E07137,2026-01-19 06:00:00,T1126,Low Signal,High
E07138,2026-01-26 18:00:00,T1479,High Latency,Low
E07139,2026-01-28 18:00:00,T1074,Packet Loss,Medium
E07140,2026-01-08 00:00:00,T1075,High CPU,Low
E07141,2026-01-16 18:00:00,T1151,Call Drop,Low
E07142,2026-01-26 12:00:00,T1131,Connection Failure,Medium
E07143,2026-01-26 00:00:00,T1363,Traffic Spike,Low
E07144,2026-01-21 18:00:00,T1062,High CPU,High
E07145,2026-01-12 06:00:00,T1197,Connection Failure,Medium
E07146,2026-01-29 12:00:00,T1305,High CPU,Low
E07147,2026-01-06 18:00:00,T1323,Call Drop,Low
E07148,2026-01-10 06:00:00,T1465,Connection Failure,Low
E07149,2026-01-24 12:00:00,T1289,High CPU,Low
E07150,2026-01-04 12:00:00,T1324,High Latency,High
E07151,2026-01-13 12:00:00,T1116,Call Drop,Medium
E07152,2026-01-06 00:00:00,T1241,High Latency,Medium
E07153,2026-01-28 12:00:00,T1145,High Latency,Medium
E07154,2026-01-26 12:00:00,T1059,Connection Failure,Medium
E07155,2026-01-18 06:00:00,T1000,Packet Loss,Low
E07156,2026-01-26 18:00:00,T1302,High Latency,Low
E07157,2026-01-12 06:00:00,T1073,Low Signal,Medium
E07158,2026-01-23 12:00:00,T1132,Low Signal,Low
E07159,2026-01-04 00:00:00,T1226,Call Drop,Low
E07160,2026-01-30 00:00:00,T1313,Packet Loss,High
E07161,2026-01-30 12:00:00,T1443,High Latency,Low
E07162,2026-01-27 18:00:00,T1325,Call Drop,Medium
E07163,2026-01-30 12:00:00,T1326,Traffic Spike,Low
E07164,2026-01-14 06:00:00,T1191,Connection Failure,Low
E07165,2026-01-17 06:00:00,T1436,Traffic Spike,Medium
E07166,2026-01-10 18:00:00,T1012,High Latency,Medium
E07167,2026-01-28 18:00:00,T1098,Traffic Spike,Low
E07168,2026-01-06 12:00:00,T1352,High Latency,Low
E07169,2026-01-06 00:00:00,T1260,Low Signal,Critical
E07170,2026-01-30 06:00:00,T1003,Traffic Spike,Critical
E07171,2026-01-04 06:00:00,T1263,Traffic Spike,High
E07172,2026-01-22 18:00:00,T1322,High CPU,Medium
E07173,2026-01-20 18:00:00,T1042,Low Signal,Low
E07174,2026-01-12 06:00:00,T1135,Call Drop,Low
E07175,2026-01-17 18:00:00,T1185,Packet Loss,Low
E07176,2026-01-12 00:00:00,T1391,Traffic Spike,High
E07177,2026-01-20 12:00:00,T1341,Traffic Spike,High
E07178,2026-01-28 06:00:00,T1080,High CPU,Low
E07179,2026-01-16 00:00:00,T1224,Packet Loss,Low
E07180,2026-01-26 12:00:00,T1299,Call Drop,Medium
E07181,2026-01-30 12:00:00,T1163,Traffic Spike,Low
E07182,2026-01-27 00:00:00,T1080,Call Drop,Low
E07183,2026-01-24 18:00:00,T1257,Packet Loss,High
E07184,2026-01-26 00:00:00,T1444,Packet Loss,Medium
E07185,2026-01-23 18:00:00,T1336,Connection Failure,Low
E07186,2026-01-12 06:00:00,T1333,Connection Failure,Low
E07187,2026-01-14 06:00:00,T1323,Packet Loss,Low
E07188,2026-01-21 00:00:00,T1001,Connection Failure,Low
E07189,2026-01-28 12:00:00,T1499,Call Drop,High
E07190,2026-01-26 18:00:00,T1244,Packet Loss,Low
E07191,2026-01-12 00:00:00,T1452,Connection Failure,High
E07192,2026-01-03 12:00:00,T1064,Low Signal,Low
E07193,2026-01-27 18:00:00,T1433,Call Drop,Medium
E07194,2026-01-13 06:00:00,T1378,Connection Failure,Low
E07195,2026-01-02 06:00:00,T1251,Low Signal,Low
E07196,2026-01-13 06:00:00,T1211,Traffic Spike,Medium
E07197,2026-01-23 00:00:00,T1341,Packet Loss,Low
E07198,2026-01-15 00:00:00,T1261,Low Signal,Low
E07199,2026-01-17 12:00:00,T1478,High Latency,Low
E07200,2026-01-25 00:00:00,T1495,High CPU,Medium
E07201,2026-01-11 12:00:00,T1208,Packet Loss,Low
E07202,2026-01-21 18:00:00,T1263,Connection Failure,Medium
E07203,2026-01-06 18:00:00,T1228,Call Drop,High
E07204,2026-01-01 06:00:00,T1029,Call Drop,Low
E07205,2026-01-12 06:00:00,T1390,Traffic Spike,Medium
E07206,2026-01-27 06:00:00,T1014,Call Drop,Low
E07207,2026-01-19 12:00:00,T1044,Low Signal,Medium
E07208,2026-01-15 12:00:00,T1289,Call Drop,Low
E07209,2026-01-01 18:00:00,T1493,High Latency,Low
E07210,2026-01-22 12:00:00,T1485,High Latency,High
E07211,2026-01-16 00:00:00,T1354,Low Signal,Low
E07212,2026-01-08 12:00:00,T1164,Connection Failure,Low
E07213,2026-01-28 12:00:00,T1166,Low Signal,Low
E07214,2026-01-29 12:00:00,T1427,Low Signal,Low
E07215,2026-01-15 06:00:00,T1070,High Latency,Low
E07216,2026-01-03 00:00:00,T1282,Packet Loss,High
E07217,2026-01-17 06:00:00,T1457,High CPU,Low
E07218,2026-01-03 18:00:00,T1056,Low Signal,Medium
E07219,2026-01-22 00:00:00,T1325,Call Drop,High
E07220,2026-01-29 06:00:00,T1075,Call Drop,Low
E07221,2026-01-02 18:00:00,T1394,High Latency,Medium
E07222,2026-01-16 00:00:00,T1477,Low Signal,High
E07223,2026-01-28 18:00:00,T1249,Connection Failure,High
E07224,2026-01-22 00:00:00,T1006,Connection Failure,Medium
E07225,2026-01-02 12:00:00,T1219,Low Signal,High
E07226,2026-01-14 12:00:00,T1364,High Latency,Low
E07227,2026-01-18 06:00:00,T1045,Packet Loss,Medium
E07228,2026-01-01 00:00:00,T1141,Low Signal,Low
E07229,2026-01-02 18:00:00,T1143,High CPU,Low
E07230,2026-01-30 06:00:00,T1103,Call Drop,Low
E07231,2026-01-07 06:00:00,T1232,Traffic Spike,Low
E07232,2026-01-12 12:00:00,T1055,Packet Loss,Low
E07233,2026-01-23 00:00:00,T1333,High Latency,Low
E07234,2026-01-03 12:00:00,T1133,High CPU,High
E07235,2026-01-05 18:00:00,T1053,Low Signal,Medium
E07236,2026-01-28 18:00:00,T1068,Call Drop,Medium
E07237,2026-01-11 06:00:00,T1112,Connection Failure,Low
E07238,2026-01-28 18:00:00,T1104,Traffic Spike,Medium
E07239,2026-01-14 00:00:00,T1165,Low Signal,High
E07240,2026-01-30 12:00:00,T1496,Call Drop,Medium
E07241,2026-01-21 12:00:00,T1261,Connection Failure,Low
E07242,2026-01-28 06:00:00,T1310,High Latency,Medium
E07243,2026-01-19 18:00:00,T1251,Call Drop,Medium
E07244,2026-01-21 06:00:00,T1092,High CPU,Medium
E07245,2026-01-09 12:00:00,T1445,High CPU,Low
E07246,2026-01-21 12:00:00,T1237,Call Drop,Low
E07247,2026-01-17 12:00:00,T1425,Call Drop,Medium
E07248,2026-01-02 06:00:00,T1368,Traffic Spike,Medium
E07249,2026-01-16 18:00:00,T1029,High Latency,High
E07250,2026-01-10 18:00:00,T1401,Traffic Spike,Low
E07251,2026-01-02 06:00:00,T1351,High CPU,Low
E07252,2026-01-03 00:00:00,T1429,High CPU,Low
E07253,2026-01-27 00:00:00,T1209,High Latency,Medium
E07254,2026-01-29 00:00:00,T1401,Low Signal,Medium
E07255,2026-01-16 00:00:00,T1112,High Latency,Low
E07256,2026-01-15 00:00:00,T1145,High CPU,Medium
E07257,2026-01-09 12:00:00,T1137,Call Drop,Low
E07258,2026-01-08 06:00:00,T1449,Call Drop,Low
E07259,2026-01-03 00:00:00,T1068,High CPU,Medium
E07260,2026-01-03 00:00:00,T1169,High Latency,Medium
E07261,2026-01-24 06:00:00,T1185,Connection Failure,Low
E07262,2026-01-17 06:00:00,T1387,High Latency,Low
E07263,2026-01-03 12:00:00,T1182,Traffic Spike,Low
E07264,2026-01-29 00:00:00,T1348,Traffic Spike,Low
E07265,2026-01-17 18:00:00,T1272,Low Signal,Low
E07266,2026-01-26 00:00:00,T1381,Call Drop,Low
E07267,2026-01-15 06:00:00,T1459,Packet Loss,Low
E07268,2026-01-11 18:00:00,T1188,Traffic Spike,Medium
E07269,2026-01-22 06:00:00,T1371,High Latency,High
E07270,2026-01-19 06:00:00,T1142,Call Drop,Low
E07271,2026-01-03 00:00:00,T1285,Low Signal,High
E07272,2026-01-05 18:00:00,T1102,Connection Failure,High
E07273,2026-01-23 00:00:00,T1482,High CPU,Medium
E07274,2026-01-24 00:00:00,T1311,Packet Loss,Low
E07275,2026-01-15 06:00:00,T1241,High Latency,Low
E07276,2026-01-06 12:00:00,T1406,Low Signal,High
E07277,2026-01-15 12:00:00,T1400,Traffic Spike,High
E07278,2026-01-07 12:00:00,T1112,High CPU,Low
E07279,2026-01-12 00:00:00,T1355,Low Signal,Low
E07280,2026-01-02 00:00:00,T1140,Connection Failure,Low
E07281,2026-01-14 18:00:00,T1419,Packet Loss,Low
E07282,2026-01-25 00:00:00,T1234,High Latency,Medium
E07283,2026-01-05 00:00:00,T1258,Traffic Spike,High
E07284,2026-01-02 18:00:00,T1384,Connection Failure,High
E07285,2026-01-22 00:00:00,T1390,Call Drop,Medium
E07286,2026-01-19 12:00:00,T1392,Call Drop,Medium
E07287,2026-01-22 18:00:00,T1324,Traffic Spike,Low
E07288,2026-01-12 06:00:00,T1073,Low Signal,Low
E07289,2026-01-14 18:00:00,T1239,Connection Failure,Medium
E07290,2026-01-27 12:00:00,T1067,Call Drop,Medium
E07291,2026-01-01 18:00:00,T1195,Traffic Spike,Low
E07292,2026-01-21 18:00:00,T1280,Packet Loss,Critical
E07293,2026-01-16 06:00:00,T1407,Packet Loss,Medium
E07294,2026-01-15 00:00:00,T1184,Packet Loss,Low
E07295,2026-01-27 18:00:00,T1436,Packet Loss,Medium
E07296,2026-01-29 18:00:00,T1344,High CPU,Medium
E07297,2026-01-06 18:00:00,T1352,Packet Loss,Low
E07298,2026-01-19 00:00:00,T1268,Low Signal,High
E07299,2026-01-13 12:00:00,T1087,Low Signal,Medium
E07300,2026-01-13 00:00:00,T1148,Low Signal,Medium
E07301,2026-01-22 18:00:00,T1366,High CPU,Medium
E07302,2026-01-30 06:00:00,T1169,Packet Loss,Low
E07303,2026-01-22 06:00:00,T1039,Packet Loss,Medium
E07304,2026-01-09 12:00:00,T1471,Packet Loss,Low
E07305,2026-01-11 06:00:00,T1309,Call Drop,Critical
E07306,2026-01-25 12:00:00,T1272,Connection Failure,Low
E07307,2026-01-24 00:00:00,T1179,Call Drop,Low
E07308,2026-01-09 00:00:00,T1086,Traffic Spike,Medium
E07309,2026-01-25 12:00:00,T1350,High Latency,Low
E07310,2026-01-03 18:00:00,T1110,Low Signal,Medium
E07311,2026-01-25 18:00:00,T1368,Traffic Spike,Medium
E07312,2026-01-04 18:00:00,T1431,High Latency,Low
E07313,2026-01-08 18:00:00,T1113,High CPU,Low
E07314,2026-01-27 18:00:00,T1499,Call Drop,Medium
E07315,2026-01-05 00:00:00,T1059,Connection Failure,High
E07316,2026-01-13 00:00:00,T1344,Call Drop,High
E07317,2026-01-17 00:00:00,T1387,Low Signal,High
E07318,2026-01-11 18:00:00,T1392,High CPU,High
E07319,2026-01-05 00:00:00,T1385,Low Signal,Low
E07320,2026-01-29 00:00:00,T1256,Connection Failure,High
E07321,2026-01-05 00:00:00,T1141,Connection Failure,Low
E07322,2026-01-25 18:00:00,T1009,Traffic Spike,Low
E07323,2026-01-13 18:00:00,T1077,Traffic Spike,Critical
E07324,2026-01-30 18:00:00,T1200,Packet Loss,Low
E07325,2026-01-29 18:00:00,T1161,High Latency,Low
E07326,2026-01-23 00:00:00,T1166,High Latency,Medium
E07327,2026-01-18 12:00:00,T1403,Traffic Spike,Low
E07328,2026-01-23 12:00:00,T1034,Low Signal,Low
E07329,2026-01-14 18:00:00,T1034,Traffic Spike,High
E07330,2026-01-04 06:00:00,T1086,Connection Failure,Low
E07331,2026-01-28 12:00:00,T1308,Packet Loss,Low
E07332,2026-01-04 18:00:00,T1247,Connection Failure,Low
E07333,2026-01-14 06:00:00,T1299,Traffic Spike,Medium
E07334,2026-01-26 18:00:00,T1382,Packet Loss,High
E07335,2026-01-25 18:00:00,T1034,Call Drop,Medium
E07336,2026-01-11 12:00:00,T1448,Connection Failure,Low
E07337,2026-01-05 12:00:00,T1112,High CPU,Low
E07338,2026-01-23 18:00:00,T1299,Packet Loss,Low
E07339,2026-01-03 06:00:00,T1451,High Latency,High
E07340,2026-01-22 06:00:00,T1155,Connection Failure,High
E07341,2026-01-21 18:00:00,T1190,High CPU,Low
E07342,2026-01-08 06:00:00,T1170,High Latency,Low
E07343,2026-01-03 18:00:00,T1403,Low Signal,Low
E07344,2026-01-10 00:00:00,T1470,Call Drop,High
E07345,2026-01-03 00:00:00,T1193,Traffic Spike,Low
E07346,2026-01-22 00:00:00,T1222,High CPU,Low
E07347,2026-01-28 00:00:00,T1259,Traffic Spike,Low
E07348,2026-01-20 06:00:00,T1270,Low Signal,Low
E07349,2026-01-18 18:00:00,T1356,Call Drop,Low
E07350,2026-01-13 00:00:00,T1219,Call Drop,Low
E07351,2026-01-03 00:00:00,T1343,High CPU,Low
E07352,2026-01-28 00:00:00,T1185,Packet Loss,High
E07353,2026-01-25 06:00:00,T1154,Connection Failure,Medium
E07354,2026-01-11 00:00:00,T1090,Call Drop,Low
E07355,2026-01-22 18:00:00,T1338,High Latency,Critical
E07356,2026-01-17 00:00:00,T1471,Packet Loss,Low
E07357,2026-01-27 06:00:00,T1167,High Latency,Low
E07358,2026-01-21 06:00:00,T1406,Traffic Spike,High
E07359,2026-01-15 06:00:00,T1279,High Latency,Low
E07360,2026-01-02 06:00:00,T1197,Low Signal,Low
E07361,2026-01-26 18:00:00,T1476,High CPU,Medium
E07362,2026-01-12 18:00:00,T1355,Packet Loss,Low
E07363,2026-01-15 12:00:00,T1496,Connection Failure,High
E07364,2026-01-23 12:00:00,T1380,Low Signal,Low
E07365,2026-01-19 12:00:00,T1281,Call Drop,Low
E07366,2026-01-05 12:00:00,T1245,High CPU,Critical
E07367,2026-01-01 06:00:00,T1381,Connection Failure,Low
E07368,2026-01-10 00:00:00,T1299,Packet Loss,Critical
E07369,2026-01-01 12:00:00,T1481,Low Signal,Low
E07370,2026-01-23 06:00:00,T1079,Traffic Spike,Low
E07371,2026-01-28 12:00:00,T1148,Traffic Spike,Low
E07372,2026-01-11 00:00:00,T1260,Call Drop,Low
E07373,2026-01-25 18:00:00,T1120,Low Signal,Low
E07374,2026-01-29 12:00:00,T1179,High CPU,Medium
E07375,2026-01-04 06:00:00,T1438,Packet Loss,Medium
E07376,2026-01-21 06:00:00,T1474,High Latency,Low
E07377,2026-01-26 06:00:00,T1050,High Latency,Low
E07378,2026-01-21 06:00:00,T1343,Connection Failure,Low
E07379,2026-01-23 18:00:00,T1105,Connection Failure,Medium
E07380,2026-01-02 06:00:00,T1317,Low Signal,Critical
E07381,2026-01-07 12:00:00,T1483,Low Signal,Medium
E07382,2026-01-30 06:00:00,T1378,High Latency,High
E07383,2026-01-04 00:00:00,T1039,High CPU,Medium
E07384,2026-01-24 00:00:00,T1339,High CPU,Low
E07385,2026-01-07 06:00:00,T1291,Packet Loss,Low
E07386,2026-01-27 00:00:00,T1334,Packet Loss,Medium
E07387,2026-01-20 00:00:00,T1332,Low Signal,Medium
E07388,2026-01-26 18:00:00,T1287,Traffic Spike,High
E07389,2026-01-01 06:00:00,T1082,High CPU,Medium
E07390,2026-01-30 00:00:00,T1336,High CPU,Low
E07391,2026-01-07 12:00:00,T1120,Low Signal,High
E07392,2026-01-17 18:00:00,T1464,Packet Loss,Critical
E07393,2026-01-29 12:00:00,T1127,High CPU,Medium
E07394,2026-01-12 18:00:00,T1004,Connection Failure,Medium
E07395,2026-01-19 18:00:00,T1419,High CPU,Low
E07396,2026-01-18 18:00:00,T1208,High CPU,Low
E07397,2026-01-10 18:00:00,T1143,Call Drop,Low
E07398,2026-01-07 12:00:00,T1475,High CPU,Medium
E07399,2026-01-24 18:00:00,T1324,Call Drop,Medium
E07400,2026-01-23 06:00:00,T1014,Low Signal,Medium
E07401,2026-01-29 06:00:00,T1014,High CPU,Low
E07402,2026-01-30 12:00:00,T1248,Call Drop,Critical
E07403,2026-01-27 06:00:00,T1407,Low Signal,Low
E07404,2026-01-18 00:00:00,T1298,High Latency,Low
E07405,2026-01-18 06:00:00,T1198,Traffic Spike,Low
E07406,2026-01-22 00:00:00,T1331,Call Drop,High
E07407,2026-01-12 18:00:00,T1200,Connection Failure,Medium
E07408,2026-01-04 12:00:00,T1368,High Latency,Medium
E07409,2026-01-09 12:00:00,T1427,Call Drop,Critical
E07410,2026-01-08 18:00:00,T1166,Connection Failure,Medium
E07411,2026-01-27 06:00:00,T1452,Low Signal,Medium
E07412,2026-01-14 06:00:00,T1464,Packet Loss,Low
E07413,2026-01-15 00:00:00,T1349,High CPU,Medium
E07414,2026-01-30 18:00:00,T1036,Call Drop,Critical
E07415,2026-01-19 18:00:00,T1452,Connection Failure,High
E07416,2026-01-23 12:00:00,T1487,Call Drop,Medium
E07417,2026-01-12 12:00:00,T1199,High CPU,Low
E07418,2026-01-20 12:00:00,T1355,Connection Failure,Low
E07419,2026-01-02 18:00:00,T1247,High Latency,Low
E07420,2026-01-01 06:00:00,T1444,Packet Loss,Medium
E07421,2026-01-21 12:00:00,T1423,Traffic Spike,High
E07422,2026-01-01 18:00:00,T1213,Call Drop,Medium
E07423,2026-01-12 06:00:00,T1437,Packet Loss,High
E07424,2026-01-26 12:00:00,T1300,High Latency,Medium
E07425,2026-01-10 06:00:00,T1154,Connection Failure,Low
E07426,2026-01-09 12:00:00,T1376,High CPU,Medium
E07427,2026-01-22 18:00:00,T1365,Low Signal,Medium
E07428,2026-01-04 18:00:00,T1272,Call Drop,Low
E07429,2026-01-11 18:00:00,T1382,Connection Failure,Medium
E07430,2026-01-14 06:00:00,T1066,Traffic Spike,Low
E07431,2026-01-22 00:00:00,T1357,Low Signal,Low
E07432,2026-01-19 18:00:00,T1259,Packet Loss,Medium
E07433,2026-01-08 18:00:00,T1024,Call Drop,Critical
E07434,2026-01-28 00:00:00,T1358,Connection Failure,Low
E07435,2026-01-15 12:00:00,T1216,Packet Loss,Low
E07436,2026-01-01 18:00:00,T1477,High Latency,Low
E07437,2026-01-26 00:00:00,T1172,High Latency,Medium
E07438,2026-01-27 06:00:00,T1344,Packet Loss,Low
E07439,2026-01-25 12:00:00,T1498,Traffic Spike,High
E07440,2026-01-24 00:00:00,T1116,Traffic Spike,Low
E07441,2026-01-22 18:00:00,T1068,Low Signal,Low
E07442,2026-01-14 06:00:00,T1482,High Latency,Medium
E07443,2026-01-12 06:00:00,T1259,Low Signal,Low
E07444,2026-01-05 18:00:00,T1390,High Latency,High
E07445,2026-01-04 12:00:00,T1024,Low Signal,Medium
E07446,2026-01-28 06:00:00,T1163,Connection Failure,Low
E07447,2026-01-07 00:00:00,T1086,High Latency,Low
E07448,2026-01-26 12:00:00,T1489,Connection Failure,Low
E07449,2026-01-18 12:00:00,T1352,Connection Failure,Low
E07450,2026-01-12 12:00:00,T1016,Packet Loss,Low
E07451,2026-01-03 00:00:00,T1356,High CPU,Low
E07452,2026-01-17 06:00:00,T1447,Connection Failure,Low
E07453,2026-01-24 12:00:00,T1116,High Latency,Low
E07454,2026-01-18 00:00:00,T1260,Call Drop,Medium
E07455,2026-01-23 18:00:00,T1414,Low Signal,Low
E07456,2026-01-30 00:00:00,T1281,Traffic Spike,Medium
E07457,2026-01-05 18:00:00,T1443,High Latency,Medium
E07458,2026-01-29 00:00:00,T1488,Traffic Spike,Low
E07459,2026-01-19 12:00:00,T1056,High CPU,Low
E07460,2026-01-18 06:00:00,T1275,Connection Failure,Low
E07461,2026-01-09 06:00:00,T1112,Traffic Spike,Medium
E07462,2026-01-08 12:00:00,T1221,Connection Failure,Medium
E07463,2026-01-26 18:00:00,T1272,Low Signal,Medium
E07464,2026-01-11 12:00:00,T1100,Connection Failure,Critical
E07465,2026-01-15 12:00:00,T1428,Call Drop,Low
E07466,2026-01-27 18:00:00,T1159,Packet Loss,Low
E07467,2026-01-22 18:00:00,T1481,High CPU,High
E07468,2026-01-29 00:00:00,T1063,Connection Failure,Low
E07469,2026-01-07 18:00:00,T1126,Connection Failure,Medium
E07470,2026-01-05 00:00:00,T1350,Call Drop,Low
E07471,2026-01-26 06:00:00,T1479,Traffic Spike,Low
E07472,2026-01-19 18:00:00,T1125,Connection Failure,Medium
E07473,2026-01-01 12:00:00,T1481,Low Signal,Low
E07474,2026-01-23 12:00:00,T1426,High CPU,Medium
E07475,2026-01-03 06:00:00,T1211,Connection Failure,Low
E07476,2026-01-08 12:00:00,T1077,High CPU,Medium
E07477,2026-01-02 18:00:00,T1471,Packet Loss,Low
E07478,2026-01-15 18:00:00,T1258,Call Drop,Medium
E07479,2026-01-09 12:00:00,T1482,High Latency,High
E07480,2026-01-05 00:00:00,T1144,Traffic Spike,Low
E07481,2026-01-26 18:00:00,T1486,High CPU,Medium
E07482,2026-01-11 18:00:00,T1265,Connection Failure,Medium
E07483,2026-01-22 18:00:00,T1035,Low Signal,Low
E07484,2026-01-13 18:00:00,T1337,High CPU,Low
E07485,2026-01-19 06:00:00,T1297,Connection Failure,High
E07486,2026-01-30 06:00:00,T1344,Connection Failure,Medium
E07487,2026-01-28 18:00:00,T1016,High CPU,Medium
E07488,2026-01-23 18:00:00,T1021,Low Signal,Medium
E07489,2026-01-20 06:00:00,T1273,Traffic Spike,Low
E07490,2026-01-29 06:00:00,T1337,Low Signal,Low
E07491,2026-01-29 00:00:00,T1036,High Latency,High
E07492,2026-01-13 06:00:00,T1096,Call Drop,Low
E07493,2026-01-07 00:00:00,T1380,High CPU,Low
E07494,2026-01-05 18:00:00,T1348,Call Drop,Medium
E07495,2026-01-10 12:00:00,T1246,Call Drop,Low
E07496,2026-01-07 06:00:00,T1453,Packet Loss,High
E07497,2026-01-24 12:00:00,T1468,High Latency,Low
E07498,2026-01-13 18:00:00,T1332,Low Signal,Medium
E07499,2026-01-27 12:00:00,T1266,High CPU,High
E07500,2026-01-27 00:00:00,T1431,Traffic Spike,High
E07501,2026-01-19 12:00:00,T1191,Call Drop,Low
E07502,2026-01-01 00:00:00,T1092,Packet Loss,Medium
E07503,2026-01-24 06:00:00,T1291,Packet Loss,Low
E07504,2026-01-22 18:00:00,T1113,Traffic Spike,Critical
E07505,2026-01-10 06:00:00,T1495,Traffic Spike,Medium
E07506,2026-01-22 00:00:00,T1098,Traffic Spike,Low
E07507,2026-01-24 18:00:00,T1466,Traffic Spike,High
E07508,2026-01-09 06:00:00,T1337,High CPU,Medium
E07509,2026-01-27 00:00:00,T1151,Traffic Spike,Medium
E07510,2026-01-13 18:00:00,T1292,Call Drop,Low
E07511,2026-01-22 12:00:00,T1270,Packet Loss,Medium
E07512,2026-01-27 00:00:00,T1161,Packet Loss,High
E07513,2026-01-16 06:00:00,T1006,High Latency,High
E07514,2026-01-26 00:00:00,T1162,Call Drop,Low
E07515,2026-01-30 06:00:00,T1090,Packet Loss,Low
E07516,2026-01-02 06:00:00,T1333,Packet Loss,Medium
E07517,2026-01-03 06:00:00,T1353,Traffic Spike,High
E07518,2026-01-07 18:00:00,T1438,High CPU,High
E07519,2026-01-02 18:00:00,T1008,High CPU,Low
E07520,2026-01-22 18:00:00,T1315,Call Drop,Critical
E07521,2026-01-19 06:00:00,T1075,High CPU,Critical
E07522,2026-01-11 12:00:00,T1185,High Latency,Low
E07523,2026-01-07 06:00:00,T1300,Traffic Spike,Critical
E07524,2026-01-01 00:00:00,T1389,Low Signal,Medium
E07525,2026-01-05 06:00:00,T1271,Traffic Spike,High
E07526,2026-01-22 00:00:00,T1136,Packet Loss,Low
E07527,2026-01-27 00:00:00,T1196,High Latency,Medium
E07528,2026-01-22 18:00:00,T1162,High Latency,Low
E07529,2026-01-07 18:00:00,T1296,Call Drop,Low
E07530,2026-01-29 18:00:00,T1385,Call Drop,Critical
E07531,2026-01-27 00:00:00,T1191,High Latency,Medium
E07532,2026-01-06 12:00:00,T1093,High Latency,Low
E07533,2026-01-28 06:00:00,T1364,Low Signal,Medium
E07534,2026-01-02 00:00:00,T1190,High Latency,Low
E07535,2026-01-07 06:00:00,T1091,Low Signal,Critical
E07536,2026-01-04 06:00:00,T1415,High CPU,Medium
E07537,2026-01-05 12:00:00,T1349,Traffic Spike,Medium
E07538,2026-01-10 06:00:00,T1061,Connection Failure,Low
E07539,2026-01-06 06:00:00,T1018,High Latency,Medium
E07540,2026-01-30 00:00:00,T1400,Connection Failure,High
E07541,2026-01-23 00:00:00,T1026,High CPU,High
E07542,2026-01-11 06:00:00,T1297,Low Signal,Low
E07543,2026-01-01 12:00:00,T1047,High CPU,Low
E07544,2026-01-10 06:00:00,T1328,Traffic Spike,High
E07545,2026-01-22 00:00:00,T1474,Traffic Spike,Low
E07546,2026-01-28 06:00:00,T1334,Low Signal,Low
E07547,2026-01-23 12:00:00,T1061,Low Signal,Medium
E07548,2026-01-28 18:00:00,T1319,High CPU,Medium
E07549,2026-01-03 18:00:00,T1444,Connection Failure,Low
E07550,2026-01-04 00:00:00,T1340,High Latency,Low
E07551,2026-01-30 06:00:00,T1410,Low Signal,Low
E07552,2026-01-23 18:00:00,T1222,High Latency,Low
E07553,2026-01-04 00:00:00,T1149,Call Drop,Medium
E07554,2026-01-27 06:00:00,T1461,Traffic Spike,Low
E07555,2026-01-22 12:00:00,T1134,Connection Failure,Critical
E07556,2026-01-21 00:00:00,T1331,Low Signal,Low
E07557,2026-01-07 06:00:00,T1280,Low Signal,Low
E07558,2026-01-25 12:00:00,T1221,Packet Loss,Medium
E07559,2026-01-19 06:00:00,T1342,High CPU,Low
E07560,2026-01-21 06:00:00,T1191,High Latency,Medium
E07561,2026-01-11 18:00:00,T1326,Call Drop,Low
E07562,2026-01-15 00:00:00,T1374,Traffic Spike,Low
E07563,2026-01-27 00:00:00,T1484,Packet Loss,Low
E07564,2026-01-29 12:00:00,T1413,Traffic Spike,Low
E07565,2026-01-04 06:00:00,T1009,High Latency,Low
E07566,2026-01-15 06:00:00,T1295,Call Drop,Medium
E07567,2026-01-21 06:00:00,T1127,Call Drop,Medium
E07568,2026-01-15 00:00:00,T1298,Connection Failure,Medium
E07569,2026-01-13 18:00:00,T1008,Traffic Spike,Medium
E07570,2026-01-18 18:00:00,T1241,Traffic Spike,Low
E07571,2026-01-30 00:00:00,T1093,Low Signal,Medium
E07572,2026-01-05 06:00:00,T1455,High CPU,Medium
E07573,2026-01-02 12:00:00,T1147,High Latency,Low
E07574,2026-01-03 18:00:00,T1384,Traffic Spike,Low
E07575,2026-01-22 12:00:00,T1266,Call Drop,Medium
E07576,2026-01-11 18:00:00,T1051,Low Signal,Medium
E07577,2026-01-11 12:00:00,T1084,High CPU,Low
E07578,2026-01-01 18:00:00,T1387,High Latency,Low
E07579,2026-01-21 06:00:00,T1424,Low Signal,Low
E07580,2026-01-10 18:00:00,T1033,High Latency,Low
E07581,2026-01-14 12:00:00,T1380,High CPU,Medium
E07582,2026-01-04 18:00:00,T1346,Packet Loss,Medium
E07583,2026-01-13 00:00:00,T1087,Call Drop,High
E07584,2026-01-09 12:00:00,T1114,Packet Loss,Low
E07585,2026-01-27 06:00:00,T1152,High Latency,Medium
E07586,2026-01-14 18:00:00,T1070,High CPU,Medium
E07587,2026-01-07 00:00:00,T1100,High Latency,Critical
E07588,2026-01-30 00:00:00,T1090,High CPU,Low
E07589,2026-01-02 12:00:00,T1078,Connection Failure,Low
E07590,2026-01-17 00:00:00,T1314,Packet Loss,Low
E07591,2026-01-11 12:00:00,T1026,Connection Failure,Low
E07592,2026-01-27 12:00:00,T1315,High Latency,Medium
E07593,2026-01-24 12:00:00,T1241,Low Signal,Low
E07594,2026-01-25 12:00:00,T1310,High Latency,Low
E07595,2026-01-10 12:00:00,T1448,Traffic Spike,High
E07596,2026-01-19 06:00:00,T1358,Traffic Spike,Medium
E07597,2026-01-12 12:00:00,T1303,Call Drop,Low
E07598,2026-01-20 00:00:00,T1481,Packet Loss,Medium
E07599,2026-01-03 00:00:00,T1107,Traffic Spike,Low
E07600,2026-01-19 12:00:00,T1356,High CPU,Low
E07601,2026-01-30 06:00:00,T1138,Packet Loss,High
E07602,2026-01-05 12:00:00,T1121,Low Signal,Medium
E07603,2026-01-28 12:00:00,T1235,Packet Loss,Low
E07604,2026-01-30 18:00:00,T1492,Low Signal,Low
E07605,2026-01-09 12:00:00,T1436,Traffic Spike,Medium
E07606,2026-01-19 12:00:00,T1011,Connection Failure,Medium
E07607,2026-01-13 12:00:00,T1345,High Latency,High
E07608,2026-01-18 06:00:00,T1100,High CPU,Medium
E07609,2026-01-01 12:00:00,T1032,Low Signal,High
E07610,2026-01-06 12:00:00,T1388,High Latency,Low
E07611,2026-01-28 12:00:00,T1061,Connection Failure,Low
E07612,2026-01-03 18:00:00,T1053,Connection Failure,Low
E07613,2026-01-27 12:00:00,T1459,Connection Failure,Low
E07614,2026-01-14 06:00:00,T1322,High Latency,Low
E07615,2026-01-10 06:00:00,T1348,Packet Loss,Low
E07616,2026-01-28 00:00:00,T1436,High Latency,Low
E07617,2026-01-10 00:00:00,T1420,Connection Failure,Medium
E07618,2026-01-12 12:00:00,T1322,Low Signal,Low
E07619,2026-01-28 00:00:00,T1146,Call Drop,High
E07620,2026-01-24 18:00:00,T1499,Packet Loss,Low
E07621,2026-01-05 06:00:00,T1488,Low Signal,Medium
E07622,2026-01-13 06:00:00,T1315,Call Drop,Medium
E07623,2026-01-15 12:00:00,T1445,Low Signal,Low
E07624,2026-01-04 18:00:00,T1201,Traffic Spike,Low
E07625,2026-01-13 12:00:00,T1351,Connection Failure,Low
E07626,2026-01-13 06:00:00,T1006,Packet Loss,Low
E07627,2026-01-17 18:00:00,T1174,High Latency,Low
E07628,2026-01-02 18:00:00,T1043,High CPU,High
E07629,2026-01-19 18:00:00,T1235,High CPU,Low
E07630,2026-01-06 12:00:00,T1453,High CPU,Medium
E07631,2026-01-05 06:00:00,T1475,Call Drop,Low
E07632,2026-01-20 06:00:00,T1216,High CPU,High
E07633,2026-01-12 18:00:00,T1042,Packet Loss,Medium
E07634,2026-01-16 12:00:00,T1105,Connection Failure,Low
E07635,2026-01-03 18:00:00,T1148,Low Signal,Low
E07636,2026-01-08 18:00:00,T1358,Low Signal,High
E07637,2026-01-02 18:00:00,T1059,High CPU,High
E07638,2026-01-13 00:00:00,T1244,Call Drop,Low
E07639,2026-01-11 00:00:00,T1382,Packet Loss,Low
E07640,2026-01-27 00:00:00,T1280,Connection Failure,Medium
E07641,2026-01-22 12:00:00,T1413,Call Drop,Medium
E07642,2026-01-18 00:00:00,T1453,Low Signal,Medium
E07643,2026-01-17 12:00:00,T1055,Connection Failure,Low
E07644,2026-01-28 18:00:00,T1403,Connection Failure,Low
E07645,2026-01-22 12:00:00,T1267,Traffic Spike,Low
E07646,2026-01-10 18:00:00,T1200,Traffic Spike,High
E07647,2026-01-28 18:00:00,T1104,Packet Loss,Medium
E07648,2026-01-10 06:00:00,T1451,High CPU,Medium
E07649,2026-01-06 06:00:00,T1207,Connection Failure,Low
E07650,2026-01-21 06:00:00,T1318,High Latency,Low
E07651,2026-01-13 12:00:00,T1209,Connection Failure,Low
E07652,2026-01-20 00:00:00,T1118,Connection Failure,High
E07653,2026-01-27 00:00:00,T1397,Connection Failure,High
E07654,2026-01-22 18:00:00,T1254,Traffic Spike,Low
E07655,2026-01-22 06:00:00,T1403,Connection Failure,Low
E07656,2026-01-14 00:00:00,T1228,Call Drop,Low
E07657,2026-01-14 12:00:00,T1221,Low Signal,High
E07658,2026-01-16 00:00:00,T1489,Connection Failure,Low
E07659,2026-01-06 06:00:00,T1459,Connection Failure,Low
E07660,2026-01-22 06:00:00,T1365,Traffic Spike,Low
E07661,2026-01-30 12:00:00,T1440,Traffic Spike,High
E07662,2026-01-15 06:00:00,T1372,Call Drop,Medium
E07663,2026-01-03 18:00:00,T1304,Connection Failure,Low
E07664,2026-01-30 06:00:00,T1367,Connection Failure,Low
E07665,2026-01-17 00:00:00,T1409,High Latency,Medium
E07666,2026-01-30 12:00:00,T1463,Low Signal,Low
E07667,2026-01-03 06:00:00,T1413,Packet Loss,Medium
E07668,2026-01-01 18:00:00,T1389,High Latency,Low
E07669,2026-01-24 00:00:00,T1122,Call Drop,Low
E07670,2026-01-16 00:00:00,T1213,Call Drop,Low
E07671,2026-01-21 00:00:00,T1127,High CPU,Medium
E07672,2026-01-20 06:00:00,T1044,High CPU,Medium
E07673,2026-01-13 18:00:00,T1029,Low Signal,Low
E07674,2026-01-18 12:00:00,T1316,Connection Failure,Medium
E07675,2026-01-03 00:00:00,T1044,Traffic Spike,Low
E07676,2026-01-18 18:00:00,T1483,Traffic Spike,Low
E07677,2026-01-07 00:00:00,T1197,Call Drop,Low
E07678,2026-01-25 12:00:00,T1151,High Latency,High
E07679,2026-01-13 18:00:00,T1038,Low Signal,Medium
E07680,2026-01-04 06:00:00,T1345,Traffic Spike,Low
E07681,2026-01-11 12:00:00,T1102,High CPU,Low
E07682,2026-01-30 18:00:00,T1293,High Latency,Medium
E07683,2026-01-26 00:00:00,T1385,Call Drop,Medium
E07684,2026-01-01 00:00:00,T1402,Call Drop,High
E07685,2026-01-29 12:00:00,T1244,Traffic Spike,Medium
E07686,2026-01-23 18:00:00,T1267,Call Drop,Medium
E07687,2026-01-26 00:00:00,T1129,Packet Loss,Low
E07688,2026-01-08 18:00:00,T1302,High Latency,High
E07689,2026-01-20 06:00:00,T1275,Connection Failure,Medium
E07690,2026-01-11 12:00:00,T1117,Traffic Spike,High
E07691,2026-01-22 12:00:00,T1134,Call Drop,Medium
E07692,2026-01-29 00:00:00,T1277,Call Drop,High
E07693,2026-01-30 06:00:00,T1224,Low Signal,Low
E07694,2026-01-19 12:00:00,T1063,Packet Loss,Low
E07695,2026-01-09 12:00:00,T1392,Traffic Spike,Medium
E07696,2026-01-17 06:00:00,T1327,Traffic Spike,Low
E07697,2026-01-21 18:00:00,T1375,Connection Failure,Low
E07698,2026-01-02 12:00:00,T1109,High Latency,Low
E07699,2026-01-03 18:00:00,T1469,Packet Loss,High
E07700,2026-01-19 18:00:00,T1316,Packet Loss,High
E07701,2026-01-15 06:00:00,T1498,Packet Loss,Medium
E07702,2026-01-28 12:00:00,T1101,Connection Failure,Medium
E07703,2026-01-13 12:00:00,T1127,Connection Failure,Low
E07704,2026-01-21 00:00:00,T1373,Traffic Spike,Low
E07705,2026-01-02 06:00:00,T1346,Call Drop,Low
E07706,2026-01-14 06:00:00,T1434,High CPU,Low
E07707,2026-01-11 18:00:00,T1372,Packet Loss,Low
E07708,2026-01-09 06:00:00,T1122,Packet Loss,Low
E07709,2026-01-03 06:00:00,T1228,High Latency,High
E07710,2026-01-16 12:00:00,T1165,High CPU,Low
E07711,2026-01-08 18:00:00,T1035,High Latency,Low
E07712,2026-01-17 18:00:00,T1095,Traffic Spike,Low
E07713,2026-01-22 18:00:00,T1341,High Latency,Low
E07714,2026-01-12 18:00:00,T1129,Call Drop,Medium
E07715,2026-01-29 06:00:00,T1167,High Latency,Medium
E07716,2026-01-16 18:00:00,T1025,Low Signal,Medium
E07717,2026-01-16 00:00:00,T1028,High Latency,Medium
E07718,2026-01-19 18:00:00,T1344,High Latency,Medium
E07719,2026-01-15 12:00:00,T1223,Call Drop,Low
E07720,2026-01-11 06:00:00,T1466,Call Drop,Low
E07721,2026-01-30 18:00:00,T1335,High Latency,Low
E07722,2026-01-04 12:00:00,T1344,Low Signal,Medium
E07723,2026-01-07 06:00:00,T1217,Connection Failure,Low
E07724,2026-01-03 00:00:00,T1347,Traffic Spike,Medium
E07725,2026-01-28 06:00:00,T1040,Low Signal,Low
E07726,2026-01-06 06:00:00,T1035,High Latency,Low
E07727,2026-01-16 06:00:00,T1204,Connection Failure,Medium
E07728,2026-01-08 00:00:00,T1225,High CPU,Low
E07729,2026-01-02 06:00:00,T1304,Call Drop,Low
E07730,2026-01-24 12:00:00,T1370,Packet Loss,Low
E07731,2026-01-17 12:00:00,T1074,Low Signal,Medium
E07732,2026-01-09 06:00:00,T1004,Call Drop,High
E07733,2026-01-11 00:00:00,T1283,Low Signal,Low
E07734,2026-01-17 06:00:00,T1220,High CPU,Low
E07735,2026-01-03 12:00:00,T1416,Traffic Spike,Low
E07736,2026-01-16 12:00:00,T1193,High CPU,Low
E07737,2026-01-26 12:00:00,T1099,Connection Failure,Low
E07738,2026-01-16 18:00:00,T1473,Low Signal,Low
E07739,2026-01-20 06:00:00,T1065,High Latency,Critical
E07740,2026-01-16 06:00:00,T1378,Connection Failure,Low
E07741,2026-01-17 18:00:00,T1461,Traffic Spike,Low
E07742,2026-01-14 12:00:00,T1433,Packet Loss,Medium
E07743,2026-01-01 06:00:00,T1174,Call Drop,Medium
E07744,2026-01-10 12:00:00,T1015,Low Signal,Medium
E07745,2026-01-12 12:00:00,T1399,Packet Loss,Medium
E07746,2026-01-21 18:00:00,T1188,Low Signal,Low
E07747,2026-01-02 12:00:00,T1049,Packet Loss,High
E07748,2026-01-12 12:00:00,T1022,Low Signal,Medium
E07749,2026-01-26 12:00:00,T1431,Low Signal,Medium
E07750,2026-01-08 00:00:00,T1261,High Latency,Medium
E07751,2026-01-14 00:00:00,T1424,High CPU,Low
E07752,2026-01-15 12:00:00,T1366,Traffic Spike,Medium
E07753,2026-01-19 06:00:00,T1112,Low Signal,Medium
E07754,2026-01-18 12:00:00,T1302,Traffic Spike,Low
E07755,2026-01-25 18:00:00,T1390,Traffic Spike,Low
E07756,2026-01-28 12:00:00,T1014,Packet Loss,Low
E07757,2026-01-17 06:00:00,T1302,High CPU,Critical
E07758,2026-01-11 12:00:00,T1384,Low Signal,High
E07759,2026-01-29 12:00:00,T1269,Low Signal,Low
E07760,2026-01-07 00:00:00,T1384,Low Signal,Low
E07761,2026-01-29 18:00:00,T1476,Packet Loss,Low
E07762,2026-01-30 00:00:00,T1404,Low Signal,Low
E07763,2026-01-02 12:00:00,T1257,Traffic Spike,High
E07764,2026-01-15 00:00:00,T1477,Call Drop,Medium
E07765,2026-01-23 12:00:00,T1410,Call Drop,Low
E07766,2026-01-19 06:00:00,T1067,Call Drop,Medium
E07767,2026-01-09 00:00:00,T1483,Call Drop,Medium
E07768,2026-01-15 12:00:00,T1285,Call Drop,Medium
E07769,2026-01-21 06:00:00,T1049,High Latency,Medium
E07770,2026-01-12 18:00:00,T1020,Connection Failure,Medium
E07771,2026-01-26 12:00:00,T1204,Traffic Spike,Low
E07772,2026-01-30 12:00:00,T1281,Traffic Spike,Low
E07773,2026-01-24 18:00:00,T1165,High Latency,Low
E07774,2026-01-16 18:00:00,T1338,Traffic Spike,Low
E07775,2026-01-25 00:00:00,T1481,High Latency,Low
E07776,2026-01-07 06:00:00,T1210,Connection Failure,High
E07777,2026-01-09 18:00:00,T1432,Packet Loss,High
E07778,2026-01-06 12:00:00,T1016,Traffic Spike,Medium
E07779,2026-01-16 18:00:00,T1326,Call Drop,High
E07780,2026-01-16 18:00:00,T1171,Connection Failure,Low
E07781,2026-01-07 18:00:00,T1461,Traffic Spike,Medium
E07782,2026-01-30 06:00:00,T1112,Traffic Spike,Low
E07783,2026-01-22 06:00:00,T1326,Call Drop,Low
E07784,2026-01-03 12:00:00,T1219,Call Drop,Low
E07785,2026-01-17 12:00:00,T1295,Call Drop,Medium
E07786,2026-01-18 12:00:00,T1051,High Latency,Medium
E07787,2026-01-17 06:00:00,T1210,Low Signal,Low
E07788,2026-01-14 06:00:00,T1379,Traffic Spike,High
E07789,2026-01-27 00:00:00,T1446,High CPU,Low
E07790,2026-01-16 00:00:00,T1112,High Latency,Low
E07791,2026-01-01 06:00:00,T1214,Packet Loss,Low
E07792,2026-01-17 00:00:00,T1310,Call Drop,Low
E07793,2026-01-05 18:00:00,T1125,Traffic Spike,Critical
E07794,2026-01-09 06:00:00,T1065,Low Signal,High
E07795,2026-01-30 12:00:00,T1250,High CPU,Medium
E07796,2026-01-04 00:00:00,T1367,Connection Failure,Low
E07797,2026-01-13 18:00:00,T1293,High Latency,Medium
E07798,2026-01-04 12:00:00,T1036,Low Signal,High
E07799,2026-01-15 18:00:00,T1226,Traffic Spike,Low
E07800,2026-01-04 12:00:00,T1103,High CPU,Critical
E07801,2026-01-02 18:00:00,T1268,Packet Loss,Medium
E07802,2026-01-15 18:00:00,T1462,Traffic Spike,Low
E07803,2026-01-24 00:00:00,T1265,High CPU,Low
E07804,2026-01-22 12:00:00,T1118,Traffic Spike,Medium
E07805,2026-01-22 12:00:00,T1364,High Latency,High
E07806,2026-01-21 00:00:00,T1222,Low Signal,Medium
E07807,2026-01-08 12:00:00,T1462,Low Signal,Medium
E07808,2026-01-18 18:00:00,T1375,Call Drop,Medium
E07809,2026-01-12 12:00:00,T1108,High Latency,High
E07810,2026-01-25 12:00:00,T1475,Traffic Spike,High
E07811,2026-01-06 00:00:00,T1148,Call Drop,Medium
E07812,2026-01-21 12:00:00,T1185,High CPU,Low
E07813,2026-01-13 18:00:00,T1253,Low Signal,Low
E07814,2026-01-11 06:00:00,T1231,Traffic Spike,Medium
E07815,2026-01-18 00:00:00,T1209,Call Drop,Critical
E07816,2026-01-07 06:00:00,T1330,Low Signal,Low
E07817,2026-01-28 06:00:00,T1044,Low Signal,High
E07818,2026-01-07 06:00:00,T1250,Traffic Spike,Low
E07819,2026-01-22 12:00:00,T1202,Traffic Spike,Low
E07820,2026-01-20 12:00:00,T1049,Call Drop,Low
E07821,2026-01-02 06:00:00,T1292,High Latency,Medium
E07822,2026-01-26 18:00:00,T1071,Packet Loss,Low
E07823,2026-01-04 06:00:00,T1297,High Latency,Low
E07824,2026-01-17 18:00:00,T1342,Traffic Spike,High
E07825,2026-01-09 06:00:00,T1360,High CPU,High
E07826,2026-01-26 06:00:00,T1040,High Latency,Medium
E07827,2026-01-05 18:00:00,T1160,High Latency,Low
E07828,2026-01-02 18:00:00,T1294,Packet Loss,Critical
E07829,2026-01-25 12:00:00,T1218,Packet Loss,High
E07830,2026-01-21 06:00:00,T1033,Traffic Spike,Low
E07831,2026-01-05 12:00:00,T1207,Call Drop,Low
E07832,2026-01-26 06:00:00,T1212,Traffic Spike,Medium
E07833,2026-01-24 00:00:00,T1079,Connection Failure,Low
E07834,2026-01-09 12:00:00,T1179,Connection Failure,High
E07835,2026-01-21 18:00:00,T1476,Traffic Spike,Low
E07836,2026-01-07 18:00:00,T1472,High Latency,Low
E07837,2026-01-27 00:00:00,T1034,High CPU,High
E07838,2026-01-30 12:00:00,T1499,Low Signal,High
E07839,2026-01-25 12:00:00,T1247,Packet Loss,High
E07840,2026-01-17 06:00:00,T1450,Call Drop,Medium
E07841,2026-01-18 12:00:00,T1231,Low Signal,Low
E07842,2026-01-04 18:00:00,T1047,Low Signal,Medium
E07843,2026-01-22 12:00:00,T1431,Traffic Spike,High
E07844,2026-01-13 00:00:00,T1328,Low Signal,Low
E07845,2026-01-16 00:00:00,T1368,High CPU,Medium
E07846,2026-01-11 00:00:00,T1410,Call Drop,Medium
E07847,2026-01-04 18:00:00,T1403,Packet Loss,Low
E07848,2026-01-15 12:00:00,T1105,High Latency,Medium
E07849,2026-01-03 12:00:00,T1237,Connection Failure,Low
E07850,2026-01-13 06:00:00,T1439,Traffic Spike,Low
E07851,2026-01-02 00:00:00,T1487,Call Drop,High
E07852,2026-01-26 00:00:00,T1361,Traffic Spike,Medium
E07853,2026-01-02 18:00:00,T1149,Low Signal,Low
E07854,2026-01-17 12:00:00,T1221,Traffic Spike,Medium
E07855,2026-01-02 06:00:00,T1414,Connection Failure,High
E07856,2026-01-18 18:00:00,T1455,High Latency,High
E07857,2026-01-14 06:00:00,T1154,High CPU,Low
E07858,2026-01-26 18:00:00,T1072,Low Signal,Low
E07859,2026-01-16 06:00:00,T1111,Connection Failure,Critical
E07860,2026-01-05 06:00:00,T1216,High Latency,Medium
E07861,2026-01-09 18:00:00,T1459,High Latency,Critical
E07862,2026-01-05 18:00:00,T1497,Low Signal,Low
E07863,2026-01-29 18:00:00,T1189,Low Signal,Medium
E07864,2026-01-20 06:00:00,T1080,Connection Failure,Low
E07865,2026-01-29 06:00:00,T1083,Connection Failure,Low
E07866,2026-01-08 12:00:00,T1048,Packet Loss,High
E07867,2026-01-23 18:00:00,T1128,Connection Failure,Low
E07868,2026-01-23 18:00:00,T1075,Packet Loss,Critical
E07869,2026-01-03 00:00:00,T1056,Packet Loss,Low
E07870,2026-01-23 12:00:00,T1200,Packet Loss,Low
E07871,2026-01-07 12:00:00,T1035,High CPU,Low
E07872,2026-01-08 18:00:00,T1219,Low Signal,Low
E07873,2026-01-30 06:00:00,T1268,Call Drop,Low
E07874,2026-01-29 00:00:00,T1317,High CPU,Medium
E07875,2026-01-04 06:00:00,T1273,Packet Loss,Medium
E07876,2026-01-16 06:00:00,T1403,Packet Loss,Medium
E07877,2026-01-17 06:00:00,T1283,Low Signal,Medium
E07878,2026-01-06 18:00:00,T1316,Call Drop,Low
E07879,2026-01-07 18:00:00,T1397,High Latency,Low
E07880,2026-01-10 12:00:00,T1163,High Latency,Medium
E07881,2026-01-23 12:00:00,T1171,Connection Failure,Low
E07882,2026-01-06 12:00:00,T1098,High Latency,High
E07883,2026-01-27 00:00:00,T1215,Traffic Spike,Low
E07884,2026-01-28 06:00:00,T1407,Low Signal,Medium
E07885,2026-01-20 00:00:00,T1298,Call Drop,Medium
E07886,2026-01-23 18:00:00,T1006,Traffic Spike,Low
E07887,2026-01-18 18:00:00,T1418,High CPU,Medium
E07888,2026-01-25 12:00:00,T1253,Low Signal,Low
E07889,2026-01-30 00:00:00,T1195,High Latency,Low
E07890,2026-01-11 12:00:00,T1397,Call Drop,Low
E07891,2026-01-05 18:00:00,T1144,Traffic Spike,Low
E07892,2026-01-07 18:00:00,T1238,Packet Loss,Low
E07893,2026-01-28 12:00:00,T1203,Packet Loss,Low
E07894,2026-01-10 12:00:00,T1130,High CPU,High
E07895,2026-01-04 06:00:00,T1370,Packet Loss,Low
E07896,2026-01-11 00:00:00,T1302,Call Drop,Medium
E07897,2026-01-29 06:00:00,T1326,Connection Failure,Medium
E07898,2026-01-29 00:00:00,T1473,High Latency,Medium
E07899,2026-01-05 12:00:00,T1397,Low Signal,High
E07900,2026-01-08 12:00:00,T1191,Low Signal,High
E07901,2026-01-20 18:00:00,T1068,High Latency,Medium
E07902,2026-01-12 06:00:00,T1294,High CPU,Critical
E07903,2026-01-20 18:00:00,T1361,High Latency,High
E07904,2026-01-09 00:00:00,T1339,High Latency,Low
E07905,2026-01-16 12:00:00,T1441,High CPU,Medium
E07906,2026-01-16 06:00:00,T1426,Connection Failure,High
E07907,2026-01-16 18:00:00,T1463,High CPU,Low
E07908,2026-01-03 00:00:00,T1203,Call Drop,Medium
E07909,2026-01-21 06:00:00,T1292,High Latency,Medium
E07910,2026-01-10 12:00:00,T1011,Traffic Spike,Low
E07911,2026-01-01 12:00:00,T1145,High Latency,Medium
E07912,2026-01-11 00:00:00,T1352,Call Drop,Medium
E07913,2026-01-01 18:00:00,T1309,Traffic Spike,Low
E07914,2026-01-11 18:00:00,T1478,Low Signal,Medium
E07915,2026-01-15 00:00:00,T1082,Connection Failure,Low
E07916,2026-01-12 00:00:00,T1336,High Latency,Critical
E07917,2026-01-04 18:00:00,T1306,Traffic Spike,Low
E07918,2026-01-20 12:00:00,T1479,Packet Loss,Low
E07919,2026-01-29 00:00:00,T1284,Connection Failure,Low
E07920,2026-01-09 00:00:00,T1382,High CPU,Medium
E07921,2026-01-10 18:00:00,T1268,High CPU,Low
E07922,2026-01-07 00:00:00,T1336,Traffic Spike,Medium
E07923,2026-01-12 12:00:00,T1060,Call Drop,High
E07924,2026-01-03 18:00:00,T1382,Call Drop,Low
E07925,2026-01-23 06:00:00,T1124,High CPU,Medium
E07926,2026-01-28 18:00:00,T1197,High Latency,Low
E07927,2026-01-09 00:00:00,T1233,Traffic Spike,High
E07928,2026-01-14 06:00:00,T1280,Traffic Spike,Medium
E07929,2026-01-23 18:00:00,T1454,Low Signal,Low
E07930,2026-01-04 18:00:00,T1474,Traffic Spike,Low
E07931,2026-01-22 06:00:00,T1396,High Latency,Medium
E07932,2026-01-23 12:00:00,T1174,Traffic Spike,Low
E07933,2026-01-14 00:00:00,T1281,Connection Failure,Low
E07934,2026-01-09 00:00:00,T1283,Low Signal,Medium
E07935,2026-01-01 00:00:00,T1427,Low Signal,High
E07936,2026-01-30 06:00:00,T1104,Packet Loss,Low
E07937,2026-01-13 06:00:00,T1149,High Latency,Low
E07938,2026-01-16 06:00:00,T1219,High CPU,Critical
E07939,2026-01-14 00:00:00,T1123,High CPU,Medium
E07940,2026-01-03 00:00:00,T1365,Packet Loss,High
E07941,2026-01-22 06:00:00,T1359,High CPU,Low
E07942,2026-01-25 00:00:00,T1369,Packet Loss,Low
E07943,2026-01-20 06:00:00,T1387,Traffic Spike,High
E07944,2026-01-02 06:00:00,T1286,High Latency,Low
E07945,2026-01-29 06:00:00,T1321,Packet Loss,Medium
E07946,2026-01-21 00:00:00,T1161,Low Signal,Medium
E07947,2026-01-06 06:00:00,T1236,Call Drop,Low
E07948,2026-01-14 06:00:00,T1100,Connection Failure,Medium
E07949,2026-01-08 00:00:00,T1065,Call Drop,Medium
E07950,2026-01-27 12:00:00,T1076,Packet Loss,Low
E07951,2026-01-03 00:00:00,T1020,High CPU,Medium
E07952,2026-01-06 06:00:00,T1454,High Latency,Low
E07953,2026-01-17 00:00:00,T1268,Traffic Spike,Low
E07954,2026-01-06 00:00:00,T1072,Packet Loss,Low
E07955,2026-01-24 18:00:00,T1101,Call Drop,High
E07956,2026-01-27 00:00:00,T1486,High Latency,Low
E07957,2026-01-26 12:00:00,T1226,Call Drop,Low
E07958,2026-01-02 12:00:00,T1442,Low Signal,Low
E07959,2026-01-30 00:00:00,T1301,High Latency,Medium
E07960,2026-01-15 00:00:00,T1370,Call Drop,Medium
E07961,2026-01-26 12:00:00,T1261,Low Signal,Low
E07962,2026-01-23 00:00:00,T1497,Traffic Spike,High
E07963,2026-01-29 12:00:00,T1482,High Latency,Medium
E07964,2026-01-04 06:00:00,T1155,Traffic Spike,Low
E07965,2026-01-11 00:00:00,T1437,Traffic Spike,Low
E07966,2026-01-06 18:00:00,T1499,Traffic Spike,Medium
E07967,2026-01-02 06:00:00,T1169,Connection Failure,Low
E07968,2026-01-07 00:00:00,T1021,High CPU,Low
E07969,2026-01-01 18:00:00,T1285,High CPU,Medium
E07970,2026-01-20 06:00:00,T1145,Connection Failure,High
E07971,2026-01-04 00:00:00,T1497,High Latency,Low
E07972,2026-01-10 00:00:00,T1056,Call Drop,Low
E07973,2026-01-17 00:00:00,T1275,Traffic Spike,Low
E07974,2026-01-14 00:00:00,T1384,High Latency,Medium
E07975,2026-01-08 12:00:00,T1284,High CPU,Medium
E07976,2026-01-30 00:00:00,T1173,Traffic Spike,Low
E07977,2026-01-29 06:00:00,T1171,Connection Failure,Medium
E07978,2026-01-30 18:00:00,T1154,High CPU,Critical
E07979,2026-01-02 12:00:00,T1380,Packet Loss,Medium
E07980,2026-01-07 12:00:00,T1349,Connection Failure,Low
E07981,2026-01-25 00:00:00,T1412,Connection Failure,Medium
E07982,2026-01-24 18:00:00,T1182,Packet Loss,High
E07983,2026-01-30 12:00:00,T1193,Traffic Spike,Low
E07984,2026-01-30 12:00:00,T1322,High CPU,High
E07985,2026-01-18 00:00:00,T1259,High Latency,Medium
E07986,2026-01-15 18:00:00,T1179,High Latency,Low
E07987,2026-01-15 18:00:00,T1011,Call Drop,Low
E07988,2026-01-14 06:00:00,T1459,Connection Failure,Low
E07989,2026-01-26 18:00:00,T1435,High Latency,High
E07990,2026-01-06 00:00:00,T1145,Packet Loss,Low
E07991,2026-01-30 12:00:00,T1105,Packet Loss,Medium
E07992,2026-01-05 00:00:00,T1270,Call Drop,Medium
E07993,2026-01-15 00:00:00,T1490,High Latency,Medium
E07994,2026-01-28 18:00:00,T1476,High Latency,High
E07995,2026-01-20 00:00:00,T1219,High Latency,High
E07996,2026-01-08 12:00:00,T1162,Low Signal,Low
E07997,2026-01-02 18:00:00,T1161,Call Drop,Critical
E07998,2026-01-09 12:00:00,T1050,Call Drop,Low
E07999,2026-01-09 12:00:00,T1302,Connection Failure,Medium
E08000,2026-01-13 18:00:00,T1086,Packet Loss,Low
E08001,2026-01-20 12:00:00,T1110,High Latency,Medium
E08002,2026-01-17 00:00:00,T1356,Low Signal,High
E08003,2026-01-29 06:00:00,T1273,Packet Loss,Low
E08004,2026-01-28 12:00:00,T1358,High Latency,Low
E08005,2026-01-29 06:00:00,T1172,High CPU,Medium
E08006,2026-01-20 06:00:00,T1435,Connection Failure,Low
E08007,2026-01-15 00:00:00,T1347,Packet Loss,Low
E08008,2026-01-20 18:00:00,T1316,High Latency,High
E08009,2026-01-01 00:00:00,T1200,High Latency,Low
E08010,2026-01-08 18:00:00,T1059,High CPU,Low
E08011,2026-01-18 18:00:00,T1410,Low Signal,Medium
E08012,2026-01-22 06:00:00,T1236,High CPU,High
E08013,2026-01-19 00:00:00,T1029,Traffic Spike,Low
E08014,2026-01-05 12:00:00,T1241,High CPU,Low
E08015,2026-01-26 00:00:00,T1417,High CPU,Medium
E08016,2026-01-14 06:00:00,T1438,Low Signal,Low
E08017,2026-01-25 12:00:00,T1299,Connection Failure,Medium
E08018,2026-01-13 00:00:00,T1341,Call Drop,High
E08019,2026-01-01 18:00:00,T1443,High CPU,Medium
E08020,2026-01-26 06:00:00,T1479,Traffic Spike,Low
E08021,2026-01-24 06:00:00,T1189,Traffic Spike,Medium
E08022,2026-01-25 18:00:00,T1393,Packet Loss,Low
E08023,2026-01-09 00:00:00,T1286,Connection Failure,Medium
E08024,2026-01-29 00:00:00,T1134,High CPU,Low
E08025,2026-01-27 00:00:00,T1137,Connection Failure,Critical
E08026,2026-01-04 18:00:00,T1397,Connection Failure,Critical
E08027,2026-01-16 18:00:00,T1097,Traffic Spike,Low
E08028,2026-01-28 00:00:00,T1290,Call Drop,High
E08029,2026-01-27 06:00:00,T1414,Traffic Spike,Low
E08030,2026-01-19 06:00:00,T1345,Call Drop,Low
E08031,2026-01-17 18:00:00,T1432,Call Drop,Low
E08032,2026-01-17 12:00:00,T1132,Low Signal,Medium
E08033,2026-01-06 06:00:00,T1023,High Latency,Low
E08034,2026-01-30 12:00:00,T1230,Low Signal,Low
E08035,2026-01-04 12:00:00,T1250,Connection Failure,Low
E08036,2026-01-27 18:00:00,T1111,High Latency,Low
E08037,2026-01-23 00:00:00,T1377,High Latency,Low
E08038,2026-01-17 06:00:00,T1284,High CPU,Low
E08039,2026-01-05 00:00:00,T1275,High Latency,Low
E08040,2026-01-23 00:00:00,T1073,Call Drop,High
E08041,2026-01-30 06:00:00,T1207,High Latency,Low
E08042,2026-01-22 18:00:00,T1472,Low Signal,Low
E08043,2026-01-23 18:00:00,T1186,Call Drop,Medium
E08044,2026-01-24 18:00:00,T1053,High CPU,Medium
E08045,2026-01-05 12:00:00,T1229,High Latency,High
E08046,2026-01-28 18:00:00,T1223,Packet Loss,Low
E08047,2026-01-26 18:00:00,T1480,Traffic Spike,Medium
E08048,2026-01-19 12:00:00,T1362,High CPU,Medium
E08049,2026-01-29 06:00:00,T1436,High Latency,Medium
E08050,2026-01-04 00:00:00,T1055,Low Signal,Medium
E08051,2026-01-16 06:00:00,T1412,High Latency,Critical
E08052,2026-01-28 18:00:00,T1168,High Latency,High
E08053,2026-01-19 06:00:00,T1030,Low Signal,Medium
E08054,2026-01-24 00:00:00,T1217,Connection Failure,Critical
E08055,2026-01-17 00:00:00,T1184,High CPU,Medium
E08056,2026-01-26 06:00:00,T1453,Traffic Spike,Low
E08057,2026-01-01 18:00:00,T1193,High Latency,Medium
E08058,2026-01-03 06:00:00,T1230,Call Drop,Low
E08059,2026-01-29 18:00:00,T1028,Call Drop,Medium
E08060,2026-01-07 00:00:00,T1293,Traffic Spike,Medium
E08061,2026-01-18 06:00:00,T1489,Traffic Spike,High
E08062,2026-01-09 00:00:00,T1214,Traffic Spike,Medium
E08063,2026-01-09 12:00:00,T1100,Call Drop,Low
E08064,2026-01-06 12:00:00,T1031,Low Signal,Critical
E08065,2026-01-19 00:00:00,T1160,High Latency,Medium
E08066,2026-01-04 18:00:00,T1231,Call Drop,High
E08067,2026-01-24 06:00:00,T1193,Call Drop,Low
E08068,2026-01-27 06:00:00,T1000,Traffic Spike,Medium
E08069,2026-01-18 18:00:00,T1035,Traffic Spike,Medium
E08070,2026-01-02 00:00:00,T1082,Connection Failure,Critical
E08071,2026-01-18 18:00:00,T1104,Call Drop,High
E08072,2026-01-15 00:00:00,T1119,High Latency,Low
E08073,2026-01-13 06:00:00,T1493,High CPU,Medium
E08074,2026-01-05 06:00:00,T1331,Call Drop,Medium
E08075,2026-01-14 00:00:00,T1227,High CPU,Medium
E08076,2026-01-10 18:00:00,T1112,Connection Failure,Medium
E08077,2026-01-02 00:00:00,T1195,Packet Loss,Low
E08078,2026-01-20 18:00:00,T1365,Packet Loss,Low
E08079,2026-01-03 00:00:00,T1101,Call Drop,Medium
E08080,2026-01-18 06:00:00,T1054,Traffic Spike,Low
E08081,2026-01-06 18:00:00,T1068,High Latency,Medium
E08082,2026-01-17 12:00:00,T1206,Connection Failure,Low
E08083,2026-01-29 18:00:00,T1443,Call Drop,High
E08084,2026-01-18 12:00:00,T1187,High Latency,Low
E08085,2026-01-23 00:00:00,T1325,Low Signal,Low
E08086,2026-01-15 12:00:00,T1422,High CPU,High
E08087,2026-01-14 12:00:00,T1099,Call Drop,Low
E08088,2026-01-03 06:00:00,T1499,Traffic Spike,Low
E08089,2026-01-10 18:00:00,T1082,Connection Failure,Medium
E08090,2026-01-03 12:00:00,T1154,Call Drop,Low
E08091,2026-01-29 06:00:00,T1443,High Latency,Medium
E08092,2026-01-30 00:00:00,T1490,Low Signal,Critical
E08093,2026-01-08 18:00:00,T1042,High CPU,High
E08094,2026-01-19 00:00:00,T1410,Packet Loss,Medium
E08095,2026-01-06 18:00:00,T1256,Connection Failure,Low
E08096,2026-01-06 00:00:00,T1090,Connection Failure,High
E08097,2026-01-25 00:00:00,T1043,Packet Loss,High
E08098,2026-01-27 06:00:00,T1014,Packet Loss,Low
E08099,2026-01-25 12:00:00,T1265,Traffic Spike,Medium
E08100,2026-01-05 18:00:00,T1309,High CPU,Low
E08101,2026-01-16 12:00:00,T1243,Call Drop,Low
E08102,2026-01-10 12:00:00,T1086,Connection Failure,Low
E08103,2026-01-19 12:00:00,T1475,Traffic Spike,Low
E08104,2026-01-25 18:00:00,T1289,High CPU,Low
E08105,2026-01-15 18:00:00,T1080,High Latency,Low
E08106,2026-01-24 06:00:00,T1470,High CPU,Low
E08107,2026-01-04 18:00:00,T1255,High Latency,Low
E08108,2026-01-19 12:00:00,T1299,Call Drop,Low
E08109,2026-01-18 06:00:00,T1330,High CPU,Low
E08110,2026-01-27 06:00:00,T1481,Call Drop,Low
E08111,2026-01-01 12:00:00,T1462,Packet Loss,Medium
E08112,2026-01-12 12:00:00,T1336,Low Signal,Medium
E08113,2026-01-04 06:00:00,T1240,High Latency,Low
E08114,2026-01-03 18:00:00,T1118,High CPU,Low
E08115,2026-01-13 06:00:00,T1022,Call Drop,Low
E08116,2026-01-21 18:00:00,T1316,Low Signal,Low
E08117,2026-01-16 12:00:00,T1355,Packet Loss,Low
E08118,2026-01-19 06:00:00,T1319,High CPU,Low
E08119,2026-01-23 12:00:00,T1245,High CPU,Medium
E08120,2026-01-17 12:00:00,T1185,High Latency,Medium
E08121,2026-01-25 12:00:00,T1331,High CPU,Low
E08122,2026-01-27 12:00:00,T1213,Low Signal,High
E08123,2026-01-04 00:00:00,T1394,Traffic Spike,Medium
E08124,2026-01-27 06:00:00,T1002,Low Signal,Low
E08125,2026-01-02 00:00:00,T1231,Connection Failure,Low
E08126,2026-01-20 06:00:00,T1216,High CPU,Medium
E08127,2026-01-08 00:00:00,T1251,High Latency,Medium
E08128,2026-01-08 18:00:00,T1202,Traffic Spike,Low
E08129,2026-01-15 06:00:00,T1350,High Latency,Medium
E08130,2026-01-18 06:00:00,T1018,Packet Loss,Low
E08131,2026-01-08 12:00:00,T1204,High Latency,Low
E08132,2026-01-10 12:00:00,T1199,High CPU,Low
E08133,2026-01-16 12:00:00,T1057,Packet Loss,High
E08134,2026-01-23 00:00:00,T1031,High Latency,Low
E08135,2026-01-01 12:00:00,T1185,High CPU,Medium
E08136,2026-01-15 00:00:00,T1166,Call Drop,Low
E08137,2026-01-16 18:00:00,T1490,High Latency,Low
E08138,2026-01-24 12:00:00,T1406,Packet Loss,Low
E08139,2026-01-17 18:00:00,T1449,High CPU,High
E08140,2026-01-18 06:00:00,T1338,Traffic Spike,Medium
E08141,2026-01-04 06:00:00,T1304,Traffic Spike,Low
E08142,2026-01-04 00:00:00,T1344,Low Signal,Medium
E08143,2026-01-09 00:00:00,T1251,High Latency,Medium
E08144,2026-01-08 06:00:00,T1129,Connection Failure,Low
E08145,2026-01-24 12:00:00,T1461,Packet Loss,Low
E08146,2026-01-22 18:00:00,T1114,Connection Failure,Low
E08147,2026-01-21 06:00:00,T1372,Call Drop,Low
E08148,2026-01-05 12:00:00,T1494,Call Drop,High
E08149,2026-01-27 18:00:00,T1146,Packet Loss,High
E08150,2026-01-29 18:00:00,T1080,Call Drop,High
E08151,2026-01-17 06:00:00,T1076,Low Signal,Low
E08152,2026-01-24 06:00:00,T1156,Packet Loss,Medium
E08153,2026-01-25 06:00:00,T1022,Packet Loss,Low
E08154,2026-01-15 12:00:00,T1337,Connection Failure,Low
E08155,2026-01-29 12:00:00,T1333,High CPU,Low
E08156,2026-01-09 00:00:00,T1349,Traffic Spike,Low
E08157,2026-01-20 00:00:00,T1012,Low Signal,Medium
E08158,2026-01-03 06:00:00,T1384,Call Drop,Medium
E08159,2026-01-22 06:00:00,T1442,Call Drop,Low
E08160,2026-01-06 18:00:00,T1435,Packet Loss,Low
E08161,2026-01-16 12:00:00,T1308,Packet Loss,Low
E08162,2026-01-17 06:00:00,T1356,Packet Loss,Low
E08163,2026-01-08 18:00:00,T1317,Traffic Spike,Low
E08164,2026-01-02 00:00:00,T1280,Traffic Spike,Medium
E08165,2026-01-20 06:00:00,T1090,Connection Failure,Low
E08166,2026-01-12 00:00:00,T1273,Call Drop,High
E08167,2026-01-09 12:00:00,T1175,Call Drop,Low
E08168,2026-01-05 18:00:00,T1156,Packet Loss,Low
E08169,2026-01-18 06:00:00,T1219,Packet Loss,Medium
E08170,2026-01-26 12:00:00,T1104,High CPU,Low
E08171,2026-01-22 12:00:00,T1248,Call Drop,Critical
E08172,2026-01-21 06:00:00,T1229,Connection Failure,Medium
E08173,2026-01-08 06:00:00,T1047,High Latency,Low
E08174,2026-01-13 12:00:00,T1465,Packet Loss,Low
E08175,2026-01-30 18:00:00,T1440,Call Drop,Low
E08176,2026-01-23 18:00:00,T1195,Connection Failure,High
E08177,2026-01-15 00:00:00,T1429,Call Drop,Low
E08178,2026-01-28 18:00:00,T1420,High Latency,Low
E08179,2026-01-03 06:00:00,T1330,Packet Loss,Medium
E08180,2026-01-08 12:00:00,T1115,Connection Failure,Low
E08181,2026-01-21 12:00:00,T1323,Call Drop,Low
E08182,2026-01-11 12:00:00,T1105,High Latency,Medium
E08183,2026-01-23 06:00:00,T1028,Low Signal,Low
E08184,2026-01-29 06:00:00,T1039,Connection Failure,Low
E08185,2026-01-05 00:00:00,T1338,Low Signal,Medium
E08186,2026-01-05 00:00:00,T1065,High Latency,Critical
E08187,2026-01-08 06:00:00,T1233,Traffic Spike,Low
E08188,2026-01-25 00:00:00,T1220,Traffic Spike,Low
E08189,2026-01-21 18:00:00,T1201,Connection Failure,Low
E08190,2026-01-16 00:00:00,T1384,High CPU,Medium
E08191,2026-01-26 12:00:00,T1211,High CPU,Critical
E08192,2026-01-26 06:00:00,T1208,High CPU,Medium
E08193,2026-01-28 18:00:00,T1260,Call Drop,Critical
E08194,2026-01-04 06:00:00,T1287,High CPU,Medium
E08195,2026-01-19 00:00:00,T1169,High Latency,Critical
E08196,2026-01-20 12:00:00,T1065,High CPU,Medium
E08197,2026-01-28 06:00:00,T1269,Call Drop,Low
E08198,2026-01-08 06:00:00,T1291,Connection Failure,Low
E08199,2026-01-20 18:00:00,T1065,High CPU,Low
E08200,2026-01-24 18:00:00,T1256,Packet Loss,High
E08201,2026-01-05 00:00:00,T1338,Low Signal,High
E08202,2026-01-08 00:00:00,T1432,Traffic Spike,Low
E08203,2026-01-25 06:00:00,T1165,Packet Loss,Low
E08204,2026-01-23 18:00:00,T1307,Traffic Spike,Critical
E08205,2026-01-27 00:00:00,T1036,Low Signal,Medium
E08206,2026-01-10 00:00:00,T1194,High Latency,Low
E08207,2026-01-13 12:00:00,T1383,Traffic Spike,Medium
E08208,2026-01-27 12:00:00,T1342,Connection Failure,Medium
E08209,2026-01-28 06:00:00,T1309,Packet Loss,Medium
E08210,2026-01-12 18:00:00,T1397,High CPU,Low
E08211,2026-01-01 00:00:00,T1299,High CPU,Low
E08212,2026-01-15 00:00:00,T1144,Packet Loss,Low
E08213,2026-01-02 00:00:00,T1213,Traffic Spike,Medium
E08214,2026-01-28 12:00:00,T1395,Traffic Spike,High
E08215,2026-01-30 00:00:00,T1097,Packet Loss,Medium
E08216,2026-01-20 18:00:00,T1136,Packet Loss,Low
E08217,2026-01-27 00:00:00,T1453,Call Drop,Low
E08218,2026-01-17 06:00:00,T1265,High Latency,Medium
E08219,2026-01-23 00:00:00,T1319,Call Drop,High
E08220,2026-01-09 06:00:00,T1376,High CPU,High
E08221,2026-01-05 06:00:00,T1419,Low Signal,Low
E08222,2026-01-02 00:00:00,T1220,High Latency,Medium
E08223,2026-01-30 18:00:00,T1318,Packet Loss,Medium
E08224,2026-01-18 06:00:00,T1430,Low Signal,Medium
E08225,2026-01-05 00:00:00,T1035,High Latency,Low
E08226,2026-01-25 00:00:00,T1185,High Latency,High
E08227,2026-01-02 18:00:00,T1497,Traffic Spike,Medium
E08228,2026-01-16 00:00:00,T1288,Call Drop,High
E08229,2026-01-05 00:00:00,T1327,High CPU,Low
E08230,2026-01-15 18:00:00,T1438,Traffic Spike,High
E08231,2026-01-27 06:00:00,T1343,High Latency,Critical
E08232,2026-01-20 12:00:00,T1025,Call Drop,Low
E08233,2026-01-24 12:00:00,T1305,Packet Loss,Low
E08234,2026-01-13 12:00:00,T1109,Low Signal,High
E08235,2026-01-16 00:00:00,T1084,Call Drop,High
E08236,2026-01-25 06:00:00,T1246,Low Signal,Medium
E08237,2026-01-16 18:00:00,T1006,Traffic Spike,Low
E08238,2026-01-27 06:00:00,T1116,Traffic Spike,Low
E08239,2026-01-12 00:00:00,T1494,High CPU,Medium
E08240,2026-01-10 12:00:00,T1464,High CPU,Low
E08241,2026-01-30 12:00:00,T1253,Low Signal,Medium
E08242,2026-01-07 18:00:00,T1435,High Latency,Medium
E08243,2026-01-13 00:00:00,T1037,Connection Failure,Medium
E08244,2026-01-24 18:00:00,T1242,Packet Loss,Medium
E08245,2026-01-16 06:00:00,T1474,Connection Failure,Low
E08246,2026-01-29 12:00:00,T1430,Connection Failure,Low
E08247,2026-01-17 06:00:00,T1133,Connection Failure,Low
E08248,2026-01-15 00:00:00,T1060,High Latency,High
E08249,2026-01-17 00:00:00,T1403,High Latency,Low
E08250,2026-01-27 18:00:00,T1164,High CPU,Medium
E08251,2026-01-22 06:00:00,T1088,Packet Loss,Medium
E08252,2026-01-28 12:00:00,T1437,High CPU,Low
E08253,2026-01-09 06:00:00,T1109,Low Signal,Low
E08254,2026-01-10 06:00:00,T1422,Packet Loss,Low
E08255,2026-01-01 00:00:00,T1038,Call Drop,Medium
E08256,2026-01-26 06:00:00,T1487,Packet Loss,High
E08257,2026-01-13 18:00:00,T1185,Traffic Spike,Low
E08258,2026-01-15 18:00:00,T1224,High Latency,Medium
E08259,2026-01-04 06:00:00,T1206,Call Drop,Critical
E08260,2026-01-09 06:00:00,T1248,Call Drop,Low
E08261,2026-01-18 12:00:00,T1014,Packet Loss,Critical
E08262,2026-01-27 06:00:00,T1274,Low Signal,Critical
E08263,2026-01-08 00:00:00,T1013,Connection Failure,Medium
E08264,2026-01-13 18:00:00,T1133,High CPU,Low
E08265,2026-01-05 18:00:00,T1487,Low Signal,High
E08266,2026-01-16 12:00:00,T1284,Low Signal,Medium
E08267,2026-01-21 00:00:00,T1056,Connection Failure,High
E08268,2026-01-22 18:00:00,T1217,High Latency,Low
E08269,2026-01-26 18:00:00,T1251,Low Signal,Critical
E08270,2026-01-26 18:00:00,T1166,Connection Failure,Low
E08271,2026-01-14 06:00:00,T1401,Connection Failure,Low
E08272,2026-01-29 00:00:00,T1346,Packet Loss,Medium
E08273,2026-01-16 18:00:00,T1081,Low Signal,Low
E08274,2026-01-25 12:00:00,T1314,Low Signal,Medium
E08275,2026-01-23 12:00:00,T1170,Traffic Spike,Low
E08276,2026-01-08 12:00:00,T1194,Call Drop,High
E08277,2026-01-18 06:00:00,T1342,High Latency,Low
E08278,2026-01-16 18:00:00,T1098,High CPU,Low
E08279,2026-01-29 06:00:00,T1474,Low Signal,Medium
E08280,2026-01-03 06:00:00,T1267,Connection Failure,Low
E08281,2026-01-06 00:00:00,T1135,Call Drop,Low
E08282,2026-01-08 12:00:00,T1187,Packet Loss,Low
E08283,2026-01-21 00:00:00,T1252,Call Drop,High
E08284,2026-01-16 06:00:00,T1422,Connection Failure,Medium
E08285,2026-01-19 06:00:00,T1232,High Latency,High
E08286,2026-01-05 00:00:00,T1024,Packet Loss,Low
E08287,2026-01-07 00:00:00,T1097,Traffic Spike,Low
E08288,2026-01-27 00:00:00,T1289,Low Signal,Low
E08289,2026-01-05 00:00:00,T1047,Traffic Spike,Low
E08290,2026-01-06 06:00:00,T1099,High CPU,Medium
E08291,2026-01-28 12:00:00,T1031,Call Drop,Low
E08292,2026-01-26 18:00:00,T1475,Traffic Spike,Low
E08293,2026-01-18 00:00:00,T1062,High Latency,Low
E08294,2026-01-20 12:00:00,T1036,Call Drop,Low
E08295,2026-01-02 18:00:00,T1278,Connection Failure,Low
E08296,2026-01-13 12:00:00,T1373,Low Signal,Critical
E08297,2026-01-21 00:00:00,T1071,Low Signal,High
E08298,2026-01-23 18:00:00,T1396,Call Drop,Low
E08299,2026-01-03 06:00:00,T1178,Connection Failure,Low
E08300,2026-01-09 18:00:00,T1444,Traffic Spike,Low
E08301,2026-01-09 06:00:00,T1019,Traffic Spike,Medium
E08302,2026-01-10 00:00:00,T1402,Call Drop,Low
E08303,2026-01-15 18:00:00,T1284,Traffic Spike,Medium
E08304,2026-01-26 00:00:00,T1252,Traffic Spike,Low
E08305,2026-01-17 12:00:00,T1290,Call Drop,High
E08306,2026-01-14 06:00:00,T1028,Traffic Spike,Low
E08307,2026-01-13 06:00:00,T1243,Low Signal,Low
E08308,2026-01-21 00:00:00,T1441,Packet Loss,Low
E08309,2026-01-27 12:00:00,T1165,Low Signal,High
E08310,2026-01-21 06:00:00,T1496,Connection Failure,Low
E08311,2026-01-05 00:00:00,T1201,Packet Loss,Low
E08312,2026-01-02 06:00:00,T1211,Low Signal,High
E08313,2026-01-16 00:00:00,T1322,Connection Failure,Low
E08314,2026-01-29 18:00:00,T1121,Connection Failure,High
E08315,2026-01-08 00:00:00,T1022,Connection Failure,High
E08316,2026-01-15 18:00:00,T1329,High Latency,Low
E08317,2026-01-01 12:00:00,T1310,Connection Failure,Medium
E08318,2026-01-02 12:00:00,T1011,Call Drop,Medium
E08319,2026-01-24 00:00:00,T1121,High CPU,Medium
E08320,2026-01-07 12:00:00,T1293,Call Drop,Medium
E08321,2026-01-03 18:00:00,T1311,High Latency,Low
E08322,2026-01-06 18:00:00,T1022,High CPU,Medium
E08323,2026-01-05 18:00:00,T1451,Low Signal,Low
E08324,2026-01-11 12:00:00,T1483,Call Drop,Low
E08325,2026-01-29 00:00:00,T1155,High CPU,High
E08326,2026-01-12 00:00:00,T1368,High CPU,Medium
E08327,2026-01-02 18:00:00,T1313,Connection Failure,Low
E08328,2026-01-08 12:00:00,T1212,High Latency,Medium
E08329,2026-01-23 18:00:00,T1045,High Latency,High
E08330,2026-01-07 00:00:00,T1289,Packet Loss,High
E08331,2026-01-07 06:00:00,T1443,Connection Failure,Low
E08332,2026-01-26 06:00:00,T1165,High CPU,Low
E08333,2026-01-08 06:00:00,T1340,Packet Loss,Medium
E08334,2026-01-09 12:00:00,T1197,Call Drop,High
E08335,2026-01-17 00:00:00,T1401,Connection Failure,Low
E08336,2026-01-09 18:00:00,T1498,High Latency,Medium
E08337,2026-01-06 18:00:00,T1448,High CPU,Low
E08338,2026-01-30 00:00:00,T1499,Call Drop,Low
E08339,2026-01-21 00:00:00,T1154,Low Signal,Low
E08340,2026-01-19 12:00:00,T1423,High CPU,Low
E08341,2026-01-23 00:00:00,T1334,Connection Failure,Low
E08342,2026-01-18 00:00:00,T1375,Packet Loss,Low
E08343,2026-01-02 18:00:00,T1438,High Latency,Low
E08344,2026-01-17 06:00:00,T1315,Packet Loss,Low
E08345,2026-01-19 18:00:00,T1281,High Latency,Low
E08346,2026-01-14 18:00:00,T1026,Call Drop,Medium
E08347,2026-01-11 00:00:00,T1417,Traffic Spike,High
E08348,2026-01-22 00:00:00,T1396,Packet Loss,High
E08349,2026-01-19 18:00:00,T1347,High CPU,Low
E08350,2026-01-25 18:00:00,T1395,Call Drop,Medium
E08351,2026-01-01 12:00:00,T1227,Low Signal,Medium
E08352,2026-01-01 00:00:00,T1339,Connection Failure,Low
E08353,2026-01-05 12:00:00,T1035,Connection Failure,Low
E08354,2026-01-14 12:00:00,T1170,High Latency,Low
E08355,2026-01-03 18:00:00,T1190,Traffic Spike,High
E08356,2026-01-17 00:00:00,T1069,Packet Loss,Low
E08357,2026-01-26 12:00:00,T1055,Packet Loss,High
E08358,2026-01-17 12:00:00,T1416,Connection Failure,Low
E08359,2026-01-16 12:00:00,T1300,High Latency,Low
E08360,2026-01-17 00:00:00,T1491,High CPU,Low
E08361,2026-01-18 00:00:00,T1397,Low Signal,Low
E08362,2026-01-13 06:00:00,T1375,Call Drop,Medium
E08363,2026-01-02 00:00:00,T1492,Low Signal,Medium
E08364,2026-01-30 18:00:00,T1068,Traffic Spike,Low
E08365,2026-01-15 00:00:00,T1047,Call Drop,Low
E08366,2026-01-04 06:00:00,T1068,High CPU,Low
E08367,2026-01-12 12:00:00,T1499,High Latency,Medium
E08368,2026-01-13 06:00:00,T1100,Connection Failure,Medium
E08369,2026-01-23 06:00:00,T1393,High Latency,Medium
E08370,2026-01-10 12:00:00,T1352,Connection Failure,Low
E08371,2026-01-03 06:00:00,T1262,High CPU,Low
E08372,2026-01-30 06:00:00,T1458,High Latency,Critical
E08373,2026-01-08 12:00:00,T1339,Packet Loss,Low
E08374,2026-01-20 06:00:00,T1473,High Latency,Critical
E08375,2026-01-30 06:00:00,T1159,Traffic Spike,Low
E08376,2026-01-12 12:00:00,T1040,Connection Failure,High
E08377,2026-01-23 18:00:00,T1297,Low Signal,Medium
E08378,2026-01-01 12:00:00,T1422,Traffic Spike,Medium
E08379,2026-01-22 06:00:00,T1320,High Latency,Medium
E08380,2026-01-30 06:00:00,T1363,High Latency,Low
E08381,2026-01-11 06:00:00,T1018,High CPU,Low
E08382,2026-01-10 06:00:00,T1406,Traffic Spike,Medium
E08383,2026-01-17 12:00:00,T1463,Call Drop,High
E08384,2026-01-30 06:00:00,T1039,Traffic Spike,Medium
E08385,2026-01-19 06:00:00,T1388,High CPU,Low
E08386,2026-01-30 12:00:00,T1267,Packet Loss,Low
E08387,2026-01-10 00:00:00,T1224,Call Drop,Critical
E08388,2026-01-15 18:00:00,T1270,Traffic Spike,Low
E08389,2026-01-07 00:00:00,T1226,High Latency,Medium
E08390,2026-01-27 00:00:00,T1026,High CPU,Medium
E08391,2026-01-02 18:00:00,T1248,Low Signal,High
E08392,2026-01-21 06:00:00,T1381,Packet Loss,Medium
E08393,2026-01-27 12:00:00,T1075,High Latency,Low
E08394,2026-01-06 00:00:00,T1193,High Latency,Medium
E08395,2026-01-26 00:00:00,T1276,Connection Failure,Low
E08396,2026-01-30 00:00:00,T1087,Traffic Spike,Medium
E08397,2026-01-12 00:00:00,T1452,Connection Failure,Low
E08398,2026-01-17 00:00:00,T1037,Connection Failure,Low
E08399,2026-01-12 00:00:00,T1459,Low Signal,Low
E08400,2026-01-29 12:00:00,T1185,Packet Loss,Low
E08401,2026-01-30 00:00:00,T1458,High Latency,Medium
E08402,2026-01-22 18:00:00,T1222,High Latency,Low
E08403,2026-01-05 18:00:00,T1232,Connection Failure,Low
E08404,2026-01-20 12:00:00,T1345,Call Drop,High
E08405,2026-01-03 18:00:00,T1347,High Latency,High
E08406,2026-01-14 00:00:00,T1276,Call Drop,Medium
E08407,2026-01-06 00:00:00,T1461,High CPU,Low
E08408,2026-01-19 06:00:00,T1092,High Latency,High
E08409,2026-01-10 12:00:00,T1450,High CPU,Low
E08410,2026-01-19 12:00:00,T1463,Connection Failure,Medium
E08411,2026-01-20 18:00:00,T1282,Connection Failure,Medium
E08412,2026-01-27 18:00:00,T1208,Traffic Spike,Low
E08413,2026-01-12 18:00:00,T1274,High Latency,Medium
E08414,2026-01-27 00:00:00,T1047,Traffic Spike,Medium
E08415,2026-01-30 18:00:00,T1030,Packet Loss,Low
E08416,2026-01-23 18:00:00,T1468,Connection Failure,Low
E08417,2026-01-29 18:00:00,T1342,High Latency,Medium
E08418,2026-01-11 18:00:00,T1487,Packet Loss,Medium
E08419,2026-01-09 00:00:00,T1097,Low Signal,Low
E08420,2026-01-26 12:00:00,T1214,High Latency,Low
E08421,2026-01-16 06:00:00,T1498,Low Signal,Low
E08422,2026-01-16 06:00:00,T1408,Call Drop,High
E08423,2026-01-23 00:00:00,T1408,Connection Failure,High
E08424,2026-01-20 06:00:00,T1176,High Latency,Low
E08425,2026-01-23 12:00:00,T1060,High Latency,Medium
E08426,2026-01-01 00:00:00,T1023,Packet Loss,Medium
E08427,2026-01-17 06:00:00,T1301,Low Signal,High
E08428,2026-01-30 18:00:00,T1267,High Latency,Low
E08429,2026-01-04 00:00:00,T1042,Packet Loss,High
E08430,2026-01-17 00:00:00,T1465,Connection Failure,Low
E08431,2026-01-03 00:00:00,T1352,High CPU,Low
E08432,2026-01-30 12:00:00,T1029,Low Signal,Low
E08433,2026-01-19 06:00:00,T1344,High CPU,Low
E08434,2026-01-20 18:00:00,T1184,Packet Loss,Medium
E08435,2026-01-11 06:00:00,T1154,Call Drop,Medium
E08436,2026-01-13 00:00:00,T1441,High CPU,Low
E08437,2026-01-27 06:00:00,T1088,Traffic Spike,Medium
E08438,2026-01-01 06:00:00,T1024,Traffic Spike,Low
E08439,2026-01-07 18:00:00,T1200,Traffic Spike,High
E08440,2026-01-27 12:00:00,T1498,Connection Failure,High
E08441,2026-01-02 00:00:00,T1416,Call Drop,Low
E08442,2026-01-27 00:00:00,T1275,Low Signal,Medium
E08443,2026-01-29 06:00:00,T1253,Packet Loss,Medium
E08444,2026-01-06 18:00:00,T1269,High Latency,Low
E08445,2026-01-23 12:00:00,T1428,Connection Failure,Low
E08446,2026-01-27 12:00:00,T1396,Call Drop,Low
E08447,2026-01-08 00:00:00,T1456,High Latency,High
E08448,2026-01-05 18:00:00,T1478,Traffic Spike,Low
E08449,2026-01-20 18:00:00,T1286,Call Drop,High
E08450,2026-01-16 12:00:00,T1093,Connection Failure,High
E08451,2026-01-17 00:00:00,T1139,Packet Loss,Critical
E08452,2026-01-05 00:00:00,T1179,Low Signal,Low
E08453,2026-01-26 18:00:00,T1103,High CPU,Low
E08454,2026-01-09 00:00:00,T1231,High Latency,Medium
E08455,2026-01-29 12:00:00,T1368,High CPU,Medium
E08456,2026-01-30 18:00:00,T1419,High CPU,High
E08457,2026-01-30 06:00:00,T1144,Connection Failure,High
E08458,2026-01-09 12:00:00,T1184,Traffic Spike,Medium
E08459,2026-01-17 06:00:00,T1446,Traffic Spike,High
E08460,2026-01-27 06:00:00,T1441,Call Drop,Low
E08461,2026-01-05 06:00:00,T1437,High Latency,Critical
E08462,2026-01-19 00:00:00,T1376,Packet Loss,Low
E08463,2026-01-24 12:00:00,T1496,Packet Loss,Medium
E08464,2026-01-24 12:00:00,T1053,High Latency,Low
E08465,2026-01-27 06:00:00,T1076,High CPU,Low
E08466,2026-01-22 06:00:00,T1158,Low Signal,Medium
E08467,2026-01-02 12:00:00,T1028,High Latency,Low
E08468,2026-01-16 12:00:00,T1423,High CPU,Medium
E08469,2026-01-19 06:00:00,T1049,High CPU,Low
E08470,2026-01-19 12:00:00,T1151,Traffic Spike,Low
E08471,2026-01-19 18:00:00,T1003,Low Signal,High
E08472,2026-01-01 06:00:00,T1231,Call Drop,Medium
E08473,2026-01-25 18:00:00,T1037,High CPU,High
E08474,2026-01-26 12:00:00,T1114,Low Signal,Low
E08475,2026-01-25 18:00:00,T1285,Connection Failure,Low
E08476,2026-01-16 12:00:00,T1311,Low Signal,High
E08477,2026-01-20 06:00:00,T1225,High Latency,Medium
E08478,2026-01-05 00:00:00,T1236,Traffic Spike,Medium
E08479,2026-01-27 06:00:00,T1248,High Latency,Medium
E08480,2026-01-22 06:00:00,T1358,Connection Failure,Medium
E08481,2026-01-23 00:00:00,T1014,Connection Failure,Medium
E08482,2026-01-09 18:00:00,T1333,Call Drop,Low
E08483,2026-01-08 12:00:00,T1255,Call Drop,Medium
E08484,2026-01-13 06:00:00,T1477,Low Signal,Critical
E08485,2026-01-28 18:00:00,T1262,Packet Loss,Low
E08486,2026-01-28 06:00:00,T1043,Call Drop,Low
E08487,2026-01-06 12:00:00,T1313,High CPU,Low
E08488,2026-01-11 18:00:00,T1140,Traffic Spike,Critical
E08489,2026-01-10 06:00:00,T1148,High Latency,Low
E08490,2026-01-18 00:00:00,T1465,Traffic Spike,Medium
E08491,2026-01-13 00:00:00,T1477,Packet Loss,Low
E08492,2026-01-08 06:00:00,T1095,Low Signal,Medium
E08493,2026-01-23 00:00:00,T1318,Low Signal,Low
E08494,2026-01-01 12:00:00,T1220,Connection Failure,Medium
E08495,2026-01-15 12:00:00,T1343,High Latency,Low
E08496,2026-01-27 00:00:00,T1147,Traffic Spike,Medium
E08497,2026-01-16 18:00:00,T1263,High Latency,Medium
E08498,2026-01-30 00:00:00,T1249,High CPU,Medium
E08499,2026-01-03 12:00:00,T1285,Low Signal,Critical
E08500,2026-01-15 00:00:00,T1250,High Latency,Low
E08501,2026-01-06 18:00:00,T1464,Call Drop,Medium
E08502,2026-01-21 06:00:00,T1238,Traffic Spike,Low
E08503,2026-01-27 06:00:00,T1435,Packet Loss,Low
E08504,2026-01-26 18:00:00,T1029,Traffic Spike,Low
E08505,2026-01-27 06:00:00,T1083,Packet Loss,Low
E08506,2026-01-17 00:00:00,T1329,Low Signal,High
E08507,2026-01-19 18:00:00,T1377,High CPU,Medium
E08508,2026-01-03 00:00:00,T1443,Traffic Spike,Low
E08509,2026-01-16 06:00:00,T1013,Connection Failure,Low
E08510,2026-01-25 18:00:00,T1408,Connection Failure,High
E08511,2026-01-15 18:00:00,T1296,Traffic Spike,Critical
E08512,2026-01-17 00:00:00,T1224,Connection Failure,Low
E08513,2026-01-16 00:00:00,T1194,Traffic Spike,Low
E08514,2026-01-26 06:00:00,T1221,Connection Failure,Medium
E08515,2026-01-19 18:00:00,T1186,High Latency,Low
E08516,2026-01-30 06:00:00,T1110,High Latency,Critical
E08517,2026-01-15 00:00:00,T1070,Low Signal,Medium
E08518,2026-01-03 12:00:00,T1071,High Latency,Medium
E08519,2026-01-15 00:00:00,T1409,High CPU,High
E08520,2026-01-05 18:00:00,T1386,Packet Loss,Low
E08521,2026-01-16 06:00:00,T1219,Traffic Spike,Low
E08522,2026-01-20 06:00:00,T1290,High CPU,High
E08523,2026-01-14 18:00:00,T1073,High CPU,Low
E08524,2026-01-27 18:00:00,T1047,High CPU,High
E08525,2026-01-11 12:00:00,T1004,High CPU,Low
E08526,2026-01-04 06:00:00,T1332,High Latency,Low
E08527,2026-01-24 18:00:00,T1064,High CPU,High
E08528,2026-01-08 18:00:00,T1448,High Latency,Low
E08529,2026-01-20 18:00:00,T1136,Connection Failure,Low
E08530,2026-01-23 12:00:00,T1358,High CPU,Medium
E08531,2026-01-20 06:00:00,T1491,Traffic Spike,High
E08532,2026-01-16 00:00:00,T1496,Low Signal,Low
E08533,2026-01-20 06:00:00,T1183,Packet Loss,Medium
E08534,2026-01-22 00:00:00,T1288,High CPU,Low
E08535,2026-01-22 06:00:00,T1370,Connection Failure,Medium
E08536,2026-01-27 12:00:00,T1463,Packet Loss,Low
E08537,2026-01-03 06:00:00,T1034,Low Signal,High
E08538,2026-01-01 00:00:00,T1034,Low Signal,Low
E08539,2026-01-05 18:00:00,T1364,Connection Failure,Low
E08540,2026-01-30 12:00:00,T1337,Packet Loss,Medium
E08541,2026-01-18 06:00:00,T1408,Connection Failure,Low
E08542,2026-01-21 18:00:00,T1320,Packet Loss,High
E08543,2026-01-14 12:00:00,T1080,Packet Loss,Low
E08544,2026-01-25 18:00:00,T1212,Connection Failure,Low
E08545,2026-01-09 06:00:00,T1044,Traffic Spike,Low
E08546,2026-01-05 18:00:00,T1337,Low Signal,Medium
E08547,2026-01-08 12:00:00,T1137,High Latency,Critical
E08548,2026-01-03 18:00:00,T1234,Packet Loss,Medium
E08549,2026-01-13 18:00:00,T1248,Call Drop,Low
E08550,2026-01-28 12:00:00,T1365,High CPU,Low
E08551,2026-01-11 18:00:00,T1328,Call Drop,Critical
E08552,2026-01-08 00:00:00,T1060,Low Signal,Low
E08553,2026-01-13 00:00:00,T1205,Low Signal,Low
E08554,2026-01-28 18:00:00,T1359,Packet Loss,Medium
E08555,2026-01-04 06:00:00,T1170,Low Signal,Low
E08556,2026-01-01 00:00:00,T1210,High Latency,Medium
E08557,2026-01-17 00:00:00,T1407,Connection Failure,Medium
E08558,2026-01-29 18:00:00,T1029,Low Signal,Low
E08559,2026-01-27 12:00:00,T1303,Low Signal,Low
E08560,2026-01-21 18:00:00,T1104,Traffic Spike,Low
E08561,2026-01-05 18:00:00,T1400,Packet Loss,Critical
E08562,2026-01-11 00:00:00,T1243,Call Drop,Critical
E08563,2026-01-21 12:00:00,T1429,Packet Loss,Low
E08564,2026-01-24 18:00:00,T1094,High Latency,Critical
E08565,2026-01-18 12:00:00,T1246,Connection Failure,High
E08566,2026-01-06 12:00:00,T1471,Traffic Spike,Low
E08567,2026-01-23 06:00:00,T1461,Connection Failure,High
E08568,2026-01-24 12:00:00,T1304,Low Signal,Low
E08569,2026-01-28 00:00:00,T1247,Traffic Spike,Low
E08570,2026-01-01 18:00:00,T1384,Low Signal,Medium
E08571,2026-01-24 12:00:00,T1022,Connection Failure,Low
E08572,2026-01-01 18:00:00,T1379,Connection Failure,High
E08573,2026-01-12 18:00:00,T1054,Connection Failure,Medium
E08574,2026-01-05 12:00:00,T1344,Low Signal,Low
E08575,2026-01-16 12:00:00,T1274,Traffic Spike,Low
E08576,2026-01-28 12:00:00,T1386,High Latency,Low
E08577,2026-01-14 12:00:00,T1251,Call Drop,Medium
E08578,2026-01-08 06:00:00,T1320,High Latency,Low
E08579,2026-01-04 18:00:00,T1408,Call Drop,Low
E08580,2026-01-23 00:00:00,T1141,Traffic Spike,Low
E08581,2026-01-13 12:00:00,T1100,Call Drop,Medium
E08582,2026-01-19 00:00:00,T1040,Low Signal,High
E08583,2026-01-02 00:00:00,T1218,Low Signal,Low
E08584,2026-01-05 18:00:00,T1070,Low Signal,Critical
E08585,2026-01-30 18:00:00,T1169,Connection Failure,High
E08586,2026-01-06 18:00:00,T1316,Connection Failure,Low
E08587,2026-01-28 12:00:00,T1117,Low Signal,Medium
E08588,2026-01-29 18:00:00,T1049,Traffic Spike,Medium
E08589,2026-01-03 12:00:00,T1336,High CPU,Medium
E08590,2026-01-18 18:00:00,T1021,Call Drop,Critical
E08591,2026-01-30 18:00:00,T1332,High Latency,Low
E08592,2026-01-05 00:00:00,T1313,Low Signal,Low
E08593,2026-01-08 18:00:00,T1298,High CPU,Low
E08594,2026-01-16 12:00:00,T1185,High Latency,Low
E08595,2026-01-23 18:00:00,T1088,Connection Failure,Low
E08596,2026-01-09 12:00:00,T1347,Call Drop,High
E08597,2026-01-03 18:00:00,T1411,High CPU,Low
E08598,2026-01-08 00:00:00,T1032,Call Drop,Low
E08599,2026-01-17 18:00:00,T1026,Packet Loss,Medium
E08600,2026-01-25 06:00:00,T1266,Call Drop,Medium
E08601,2026-01-21 18:00:00,T1167,High Latency,Low
E08602,2026-01-02 06:00:00,T1239,High Latency,Medium
E08603,2026-01-06 00:00:00,T1372,Packet Loss,Low
E08604,2026-01-19 12:00:00,T1335,Packet Loss,High
E08605,2026-01-21 06:00:00,T1109,Low Signal,Critical
E08606,2026-01-06 18:00:00,T1061,Connection Failure,Low
E08607,2026-01-22 00:00:00,T1091,Connection Failure,Medium
E08608,2026-01-13 18:00:00,T1167,Traffic Spike,Medium
E08609,2026-01-02 00:00:00,T1389,Low Signal,Low
E08610,2026-01-11 12:00:00,T1280,High Latency,Low
E08611,2026-01-23 00:00:00,T1039,Low Signal,Low
E08612,2026-01-12 00:00:00,T1046,Packet Loss,Medium
E08613,2026-01-03 12:00:00,T1449,Call Drop,High
E08614,2026-01-24 06:00:00,T1130,Connection Failure,Critical
E08615,2026-01-15 00:00:00,T1353,Low Signal,Low
E08616,2026-01-02 12:00:00,T1457,Call Drop,Low
E08617,2026-01-18 18:00:00,T1266,Connection Failure,Low
E08618,2026-01-17 00:00:00,T1221,Traffic Spike,High
E08619,2026-01-01 12:00:00,T1316,High CPU,Medium
E08620,2026-01-13 00:00:00,T1079,Call Drop,Medium
E08621,2026-01-24 12:00:00,T1055,Traffic Spike,Low
E08622,2026-01-13 12:00:00,T1378,High Latency,High
E08623,2026-01-05 00:00:00,T1248,High Latency,Low
E08624,2026-01-03 12:00:00,T1106,Call Drop,Medium
E08625,2026-01-08 18:00:00,T1207,Connection Failure,Medium
E08626,2026-01-20 12:00:00,T1089,Call Drop,Low
E08627,2026-01-11 18:00:00,T1278,Call Drop,High
E08628,2026-01-06 18:00:00,T1478,Call Drop,High
E08629,2026-01-16 00:00:00,T1390,Traffic Spike,Low
E08630,2026-01-05 12:00:00,T1210,Call Drop,High
E08631,2026-01-29 06:00:00,T1098,High CPU,Medium
E08632,2026-01-30 00:00:00,T1363,Low Signal,Low
E08633,2026-01-23 18:00:00,T1022,Packet Loss,Medium
E08634,2026-01-19 12:00:00,T1126,Low Signal,Medium
E08635,2026-01-21 18:00:00,T1383,High Latency,Low
E08636,2026-01-11 00:00:00,T1047,High Latency,High
E08637,2026-01-07 18:00:00,T1003,Call Drop,Medium
E08638,2026-01-19 06:00:00,T1435,High Latency,Medium
E08639,2026-01-20 18:00:00,T1004,High CPU,High
E08640,2026-01-13 00:00:00,T1398,High Latency,Medium
E08641,2026-01-15 12:00:00,T1254,Connection Failure,High
E08642,2026-01-12 12:00:00,T1185,Connection Failure,Low
E08643,2026-01-07 12:00:00,T1353,Connection Failure,Low
E08644,2026-01-14 00:00:00,T1457,Low Signal,Low
E08645,2026-01-15 12:00:00,T1172,High CPU,High
E08646,2026-01-22 00:00:00,T1445,High CPU,Low
E08647,2026-01-24 00:00:00,T1308,High CPU,Low
E08648,2026-01-25 00:00:00,T1316,Call Drop,Low
E08649,2026-01-07 06:00:00,T1436,Connection Failure,High
E08650,2026-01-13 06:00:00,T1429,Low Signal,Medium
E08651,2026-01-04 00:00:00,T1375,Packet Loss,Low
E08652,2026-01-08 00:00:00,T1436,High CPU,Low
E08653,2026-01-08 06:00:00,T1017,High Latency,High
E08654,2026-01-09 18:00:00,T1083,Connection Failure,High
E08655,2026-01-22 18:00:00,T1214,High CPU,Medium
E08656,2026-01-28 18:00:00,T1471,Low Signal,Low
E08657,2026-01-10 00:00:00,T1480,High Latency,Medium
E08658,2026-01-22 00:00:00,T1318,High Latency,Low
E08659,2026-01-29 18:00:00,T1079,Connection Failure,Low
E08660,2026-01-25 12:00:00,T1145,Call Drop,Low
E08661,2026-01-21 18:00:00,T1432,High Latency,High
E08662,2026-01-07 12:00:00,T1132,Traffic Spike,Medium
E08663,2026-01-26 00:00:00,T1224,Low Signal,Low
E08664,2026-01-21 12:00:00,T1119,Traffic Spike,Low
E08665,2026-01-02 12:00:00,T1320,High CPU,Low
E08666,2026-01-30 12:00:00,T1112,Traffic Spike,Medium
E08667,2026-01-08 18:00:00,T1143,Call Drop,Low
E08668,2026-01-14 06:00:00,T1030,Connection Failure,High
E08669,2026-01-11 06:00:00,T1490,High CPU,Medium
E08670,2026-01-23 06:00:00,T1461,High CPU,Low
E08671,2026-01-13 06:00:00,T1104,Call Drop,Critical
E08672,2026-01-03 12:00:00,T1040,Packet Loss,Low
E08673,2026-01-26 00:00:00,T1137,Low Signal,Low
E08674,2026-01-02 18:00:00,T1480,Traffic Spike,Low
E08675,2026-01-08 00:00:00,T1361,Call Drop,Low
E08676,2026-01-24 18:00:00,T1384,High CPU,Low
E08677,2026-01-09 06:00:00,T1051,Connection Failure,High
E08678,2026-01-06 18:00:00,T1285,Packet Loss,Low
E08679,2026-01-27 06:00:00,T1390,High CPU,Low
E08680,2026-01-19 06:00:00,T1031,Low Signal,Low
E08681,2026-01-25 00:00:00,T1441,High Latency,Low
E08682,2026-01-12 12:00:00,T1060,Low Signal,Low
E08683,2026-01-16 06:00:00,T1480,High Latency,Medium
E08684,2026-01-10 06:00:00,T1406,Traffic Spike,Low
E08685,2026-01-05 00:00:00,T1175,Traffic Spike,Medium
E08686,2026-01-19 06:00:00,T1439,Traffic Spike,Low
E08687,2026-01-29 06:00:00,T1307,Connection Failure,Low
E08688,2026-01-16 00:00:00,T1300,Connection Failure,Low
E08689,2026-01-20 12:00:00,T1315,Call Drop,Low
E08690,2026-01-01 06:00:00,T1047,Low Signal,High
E08691,2026-01-14 18:00:00,T1275,Packet Loss,Low
E08692,2026-01-04 06:00:00,T1151,Packet Loss,Low
E08693,2026-01-16 12:00:00,T1407,Connection Failure,Medium
E08694,2026-01-11 06:00:00,T1154,Connection Failure,High
E08695,2026-01-02 18:00:00,T1250,Call Drop,Critical
E08696,2026-01-12 18:00:00,T1069,Packet Loss,Medium
E08697,2026-01-03 18:00:00,T1186,High Latency,Critical
E08698,2026-01-05 00:00:00,T1056,Traffic Spike,Medium
E08699,2026-01-10 12:00:00,T1041,Packet Loss,Medium
E08700,2026-01-30 00:00:00,T1277,Call Drop,Low
E08701,2026-01-02 06:00:00,T1141,Packet Loss,Low
E08702,2026-01-04 12:00:00,T1139,Call Drop,Low
E08703,2026-01-05 12:00:00,T1093,Call Drop,Medium
E08704,2026-01-05 18:00:00,T1446,High Latency,High
E08705,2026-01-21 00:00:00,T1093,Connection Failure,Low
E08706,2026-01-22 00:00:00,T1040,Call Drop,Medium
E08707,2026-01-06 18:00:00,T1197,High CPU,High
E08708,2026-01-21 12:00:00,T1067,Call Drop,Low
E08709,2026-01-25 06:00:00,T1059,Traffic Spike,Medium
E08710,2026-01-29 18:00:00,T1063,Connection Failure,High
E08711,2026-01-09 00:00:00,T1439,Low Signal,High
E08712,2026-01-25 00:00:00,T1412,Low Signal,Medium
E08713,2026-01-30 06:00:00,T1299,Low Signal,Low
E08714,2026-01-15 00:00:00,T1375,High Latency,Low
E08715,2026-01-12 00:00:00,T1038,High CPU,High
E08716,2026-01-26 18:00:00,T1330,Traffic Spike,Low
E08717,2026-01-02 00:00:00,T1407,High Latency,Low
E08718,2026-01-08 00:00:00,T1351,Low Signal,Low
E08719,2026-01-23 18:00:00,T1083,Call Drop,Medium
E08720,2026-01-08 06:00:00,T1095,Connection Failure,Low
E08721,2026-01-10 12:00:00,T1324,Traffic Spike,Low
E08722,2026-01-08 06:00:00,T1489,Call Drop,Low
E08723,2026-01-09 12:00:00,T1334,Packet Loss,Medium
E08724,2026-01-05 12:00:00,T1096,Packet Loss,Medium
E08725,2026-01-21 12:00:00,T1243,Traffic Spike,Low
E08726,2026-01-14 18:00:00,T1327,High Latency,Low
E08727,2026-01-09 06:00:00,T1280,Traffic Spike,Low
E08728,2026-01-12 12:00:00,T1146,Low Signal,Medium
E08729,2026-01-13 00:00:00,T1068,Call Drop,Low
E08730,2026-01-12 12:00:00,T1257,Call Drop,Medium
E08731,2026-01-19 00:00:00,T1173,Low Signal,High
E08732,2026-01-17 00:00:00,T1325,Packet Loss,High
E08733,2026-01-15 12:00:00,T1241,Call Drop,Medium
E08734,2026-01-12 12:00:00,T1295,Packet Loss,Medium
E08735,2026-01-25 00:00:00,T1388,High Latency,Medium
E08736,2026-01-27 00:00:00,T1407,Packet Loss,High
E08737,2026-01-18 06:00:00,T1412,Packet Loss,Medium
E08738,2026-01-03 06:00:00,T1470,High Latency,High
E08739,2026-01-14 00:00:00,T1394,Traffic Spike,Medium
E08740,2026-01-29 18:00:00,T1331,Connection Failure,Low
E08741,2026-01-03 18:00:00,T1484,Packet Loss,High
E08742,2026-01-21 00:00:00,T1051,Packet Loss,Medium
E08743,2026-01-20 06:00:00,T1339,Packet Loss,Critical
E08744,2026-01-14 12:00:00,T1073,Traffic Spike,Low
E08745,2026-01-04 00:00:00,T1256,High Latency,High
E08746,2026-01-26 18:00:00,T1145,High Latency,High
E08747,2026-01-09 12:00:00,T1182,High Latency,Low
E08748,2026-01-28 00:00:00,T1125,High Latency,Medium
E08749,2026-01-14 18:00:00,T1194,Call Drop,Medium
E08750,2026-01-03 12:00:00,T1335,Traffic Spike,Low
E08751,2026-01-13 06:00:00,T1127,Packet Loss,High
E08752,2026-01-25 06:00:00,T1123,High CPU,Critical
E08753,2026-01-09 18:00:00,T1197,High CPU,Low
E08754,2026-01-22 12:00:00,T1290,Connection Failure,High
E08755,2026-01-30 06:00:00,T1356,High Latency,Low
E08756,2026-01-18 12:00:00,T1267,High Latency,Low
E08757,2026-01-05 12:00:00,T1108,Connection Failure,Medium
E08758,2026-01-06 00:00:00,T1209,Traffic Spike,Low
E08759,2026-01-06 18:00:00,T1244,High CPU,Low
E08760,2026-01-07 06:00:00,T1095,High Latency,Medium
E08761,2026-01-13 18:00:00,T1333,Packet Loss,Low
E08762,2026-01-29 06:00:00,T1456,Call Drop,Medium
E08763,2026-01-01 00:00:00,T1249,Packet Loss,Medium
E08764,2026-01-28 12:00:00,T1006,High Latency,Low
E08765,2026-01-30 06:00:00,T1479,Packet Loss,Low
E08766,2026-01-22 12:00:00,T1065,High CPU,Low
E08767,2026-01-08 00:00:00,T1315,Connection Failure,Medium
E08768,2026-01-17 18:00:00,T1171,High CPU,High
E08769,2026-01-16 06:00:00,T1476,Call Drop,Low
E08770,2026-01-08 18:00:00,T1179,Connection Failure,Critical
E08771,2026-01-15 18:00:00,T1206,High Latency,Medium
E08772,2026-01-16 06:00:00,T1447,Connection Failure,Medium
E08773,2026-01-30 18:00:00,T1207,Traffic Spike,Low
E08774,2026-01-02 06:00:00,T1425,Connection Failure,Low
E08775,2026-01-23 12:00:00,T1062,Low Signal,Low
E08776,2026-01-27 00:00:00,T1189,High Latency,Low
E08777,2026-01-16 06:00:00,T1172,Packet Loss,Low
E08778,2026-01-09 18:00:00,T1315,High Latency,High
E08779,2026-01-10 00:00:00,T1112,Connection Failure,Low
E08780,2026-01-20 12:00:00,T1072,Low Signal,Low
E08781,2026-01-10 00:00:00,T1159,Call Drop,Medium
E08782,2026-01-26 18:00:00,T1242,Connection Failure,High
E08783,2026-01-11 12:00:00,T1150,High Latency,Medium
E08784,2026-01-13 00:00:00,T1116,High CPU,Medium
E08785,2026-01-30 00:00:00,T1269,High CPU,Medium
E08786,2026-01-01 18:00:00,T1085,High CPU,Low
E08787,2026-01-24 00:00:00,T1149,Connection Failure,High
E08788,2026-01-27 12:00:00,T1486,Packet Loss,High
E08789,2026-01-23 06:00:00,T1427,High CPU,Critical
E08790,2026-01-06 12:00:00,T1320,Call Drop,Low
E08791,2026-01-01 00:00:00,T1164,Traffic Spike,High
E08792,2026-01-18 18:00:00,T1026,Packet Loss,Critical
E08793,2026-01-28 18:00:00,T1243,High Latency,Medium
E08794,2026-01-17 18:00:00,T1240,High Latency,Critical
E08795,2026-01-28 06:00:00,T1492,Packet Loss,High
E08796,2026-01-27 12:00:00,T1058,Traffic Spike,High
E08797,2026-01-07 18:00:00,T1395,Packet Loss,Low
E08798,2026-01-28 06:00:00,T1361,High CPU,High
E08799,2026-01-24 18:00:00,T1268,Connection Failure,Critical
E08800,2026-01-21 18:00:00,T1114,High Latency,Low
E08801,2026-01-20 06:00:00,T1350,Packet Loss,Low
E08802,2026-01-18 00:00:00,T1376,Connection Failure,Medium
E08803,2026-01-01 18:00:00,T1162,Traffic Spike,Low
E08804,2026-01-10 18:00:00,T1302,High Latency,Medium
E08805,2026-01-17 00:00:00,T1261,Low Signal,Medium
E08806,2026-01-20 12:00:00,T1344,High Latency,High
E08807,2026-01-03 00:00:00,T1119,Traffic Spike,Low
E08808,2026-01-14 18:00:00,T1289,Packet Loss,Medium
E08809,2026-01-09 18:00:00,T1228,Traffic Spike,High
E08810,2026-01-13 06:00:00,T1372,High CPU,Critical
E08811,2026-01-13 00:00:00,T1151,High Latency,High
E08812,2026-01-15 00:00:00,T1381,Packet Loss,Low
E08813,2026-01-20 12:00:00,T1435,High CPU,Low
E08814,2026-01-11 12:00:00,T1217,High CPU,High
E08815,2026-01-17 06:00:00,T1282,Packet Loss,High
E08816,2026-01-14 06:00:00,T1033,Connection Failure,Low
E08817,2026-01-04 12:00:00,T1319,Low Signal,Low
E08818,2026-01-25 12:00:00,T1478,Connection Failure,High
E08819,2026-01-08 06:00:00,T1121,High CPU,High
E08820,2026-01-08 00:00:00,T1345,Connection Failure,Low
E08821,2026-01-02 00:00:00,T1297,Packet Loss,Low
E08822,2026-01-27 12:00:00,T1471,Low Signal,Low
E08823,2026-01-24 12:00:00,T1030,High Latency,Medium
E08824,2026-01-03 06:00:00,T1183,High Latency,Low
E08825,2026-01-12 06:00:00,T1167,High CPU,Low
E08826,2026-01-07 12:00:00,T1004,High CPU,High
E08827,2026-01-01 12:00:00,T1327,Connection Failure,Medium
E08828,2026-01-02 06:00:00,T1446,High CPU,Medium
E08829,2026-01-22 06:00:00,T1423,Connection Failure,Low
E08830,2026-01-01 06:00:00,T1371,High Latency,Low
E08831,2026-01-25 06:00:00,T1438,Low Signal,Low
E08832,2026-01-21 18:00:00,T1430,Traffic Spike,Low
E08833,2026-01-20 12:00:00,T1372,Traffic Spike,Medium
E08834,2026-01-05 12:00:00,T1051,Low Signal,High
E08835,2026-01-29 00:00:00,T1312,Traffic Spike,Medium
E08836,2026-01-07 00:00:00,T1096,Low Signal,Low
E08837,2026-01-27 06:00:00,T1014,High Latency,Medium
E08838,2026-01-20 06:00:00,T1313,Low Signal,Medium
E08839,2026-01-13 06:00:00,T1190,Low Signal,Low
E08840,2026-01-10 00:00:00,T1044,Traffic Spike,Low
E08841,2026-01-12 06:00:00,T1048,High Latency,Critical
E08842,2026-01-01 12:00:00,T1412,High Latency,Low
E08843,2026-01-14 00:00:00,T1431,Connection Failure,High
E08844,2026-01-04 06:00:00,T1279,Traffic Spike,Medium
E08845,2026-01-19 06:00:00,T1262,Packet Loss,Low
E08846,2026-01-30 12:00:00,T1141,Call Drop,Low
E08847,2026-01-25 06:00:00,T1074,Low Signal,Medium
E08848,2026-01-16 18:00:00,T1382,High CPU,Low
E08849,2026-01-06 00:00:00,T1198,Low Signal,Low
E08850,2026-01-16 18:00:00,T1081,Call Drop,Medium
E08851,2026-01-15 00:00:00,T1173,Connection Failure,Low
E08852,2026-01-23 12:00:00,T1034,High Latency,Low
E08853,2026-01-11 00:00:00,T1442,Low Signal,Low
E08854,2026-01-06 00:00:00,T1145,High Latency,Low
E08855,2026-01-04 12:00:00,T1061,High Latency,Critical
E08856,2026-01-13 12:00:00,T1382,Call Drop,Low
E08857,2026-01-06 00:00:00,T1257,High Latency,Medium
E08858,2026-01-25 00:00:00,T1130,Low Signal,Low
E08859,2026-01-09 12:00:00,T1138,High Latency,Low
E08860,2026-01-10 18:00:00,T1305,Call Drop,Low
E08861,2026-01-01 06:00:00,T1237,Packet Loss,Medium
E08862,2026-01-16 06:00:00,T1342,Traffic Spike,High
E08863,2026-01-08 06:00:00,T1320,Traffic Spike,Medium
E08864,2026-01-23 18:00:00,T1124,Connection Failure,Low
E08865,2026-01-20 12:00:00,T1012,Packet Loss,High
E08866,2026-01-12 00:00:00,T1075,Connection Failure,Low
E08867,2026-01-26 12:00:00,T1098,High CPU,Medium
E08868,2026-01-22 06:00:00,T1046,High Latency,Low
E08869,2026-01-25 12:00:00,T1471,Packet Loss,Low
E08870,2026-01-20 06:00:00,T1295,Traffic Spike,Low
E08871,2026-01-17 18:00:00,T1384,High Latency,Low
E08872,2026-01-04 18:00:00,T1388,High Latency,High
E08873,2026-01-01 12:00:00,T1267,Traffic Spike,High
E08874,2026-01-03 00:00:00,T1424,Low Signal,Critical
E08875,2026-01-28 00:00:00,T1454,Low Signal,Low
E08876,2026-01-02 00:00:00,T1062,Connection Failure,Medium
E08877,2026-01-23 06:00:00,T1024,Low Signal,Medium
E08878,2026-01-13 18:00:00,T1466,Call Drop,High
E08879,2026-01-23 18:00:00,T1440,Connection Failure,Medium
E08880,2026-01-10 06:00:00,T1099,High Latency,Low
E08881,2026-01-24 06:00:00,T1119,Low Signal,High
E08882,2026-01-08 12:00:00,T1278,Call Drop,Low
E08883,2026-01-01 12:00:00,T1295,Connection Failure,Low
E08884,2026-01-16 00:00:00,T1454,Connection Failure,Low
E08885,2026-01-11 18:00:00,T1163,Call Drop,Medium
E08886,2026-01-13 12:00:00,T1353,Packet Loss,Low
E08887,2026-01-09 18:00:00,T1365,High CPU,Low
E08888,2026-01-26 00:00:00,T1054,Call Drop,High
E08889,2026-01-20 18:00:00,T1304,High Latency,Medium
E08890,2026-01-23 06:00:00,T1100,Connection Failure,Low
E08891,2026-01-02 06:00:00,T1100,Connection Failure,Low
E08892,2026-01-10 06:00:00,T1416,Call Drop,Low
E08893,2026-01-30 12:00:00,T1412,Packet Loss,Low
E08894,2026-01-07 00:00:00,T1392,High Latency,Low
E08895,2026-01-27 18:00:00,T1267,Packet Loss,Medium
E08896,2026-01-21 06:00:00,T1355,Call Drop,Medium
E08897,2026-01-11 06:00:00,T1050,Call Drop,Medium
E08898,2026-01-28 18:00:00,T1484,Traffic Spike,Low
E08899,2026-01-08 00:00:00,T1423,Packet Loss,Low
E08900,2026-01-19 18:00:00,T1198,Traffic Spike,Low
E08901,2026-01-04 12:00:00,T1266,Low Signal,High
E08902,2026-01-02 18:00:00,T1128,Packet Loss,Medium
E08903,2026-01-08 00:00:00,T1148,High CPU,Low
E08904,2026-01-26 12:00:00,T1476,Low Signal,Low
E08905,2026-01-09 18:00:00,T1108,High CPU,Critical
E08906,2026-01-30 18:00:00,T1387,Low Signal,Low
E08907,2026-01-18 18:00:00,T1350,High Latency,Low
E08908,2026-01-23 12:00:00,T1168,Packet Loss,High
E08909,2026-01-22 18:00:00,T1068,High Latency,Medium
E08910,2026-01-24 12:00:00,T1464,Call Drop,Low
E08911,2026-01-21 06:00:00,T1449,High Latency,High
E08912,2026-01-02 12:00:00,T1450,Low Signal,Low
E08913,2026-01-18 00:00:00,T1398,High CPU,Medium
E08914,2026-01-08 12:00:00,T1139,Low Signal,Medium
E08915,2026-01-27 06:00:00,T1125,High Latency,Low
E08916,2026-01-16 18:00:00,T1240,Connection Failure,Medium
E08917,2026-01-28 12:00:00,T1083,Low Signal,Critical
E08918,2026-01-03 00:00:00,T1373,Call Drop,Low
E08919,2026-01-20 00:00:00,T1001,Packet Loss,Medium
E08920,2026-01-02 18:00:00,T1371,Packet Loss,High
E08921,2026-01-06 00:00:00,T1204,Connection Failure,Medium
E08922,2026-01-29 06:00:00,T1393,Connection Failure,Low
E08923,2026-01-29 12:00:00,T1490,Connection Failure,High
E08924,2026-01-19 18:00:00,T1422,Connection Failure,Low
E08925,2026-01-15 00:00:00,T1006,Connection Failure,Low
E08926,2026-01-05 12:00:00,T1302,Packet Loss,Low
E08927,2026-01-22 12:00:00,T1177,Call Drop,Medium
E08928,2026-01-11 18:00:00,T1227,Connection Failure,High
E08929,2026-01-04 00:00:00,T1263,Packet Loss,High
E08930,2026-01-01 00:00:00,T1428,Traffic Spike,Low
E08931,2026-01-11 12:00:00,T1429,Call Drop,High
E08932,2026-01-24 12:00:00,T1024,High Latency,Low
E08933,2026-01-09 06:00:00,T1368,Low Signal,High
E08934,2026-01-17 18:00:00,T1104,Packet Loss,High
E08935,2026-01-28 00:00:00,T1230,Connection Failure,Medium
E08936,2026-01-20 06:00:00,T1185,Packet Loss,Low
E08937,2026-01-27 06:00:00,T1334,Call Drop,Low
E08938,2026-01-10 12:00:00,T1285,High CPU,High
E08939,2026-01-08 06:00:00,T1066,High CPU,Medium
E08940,2026-01-24 18:00:00,T1049,High Latency,Low
E08941,2026-01-16 00:00:00,T1103,Low Signal,High
E08942,2026-01-18 18:00:00,T1062,High CPU,High
E08943,2026-01-08 06:00:00,T1414,High CPU,Medium
E08944,2026-01-30 12:00:00,T1431,Traffic Spike,Low
E08945,2026-01-21 12:00:00,T1141,Traffic Spike,Low
E08946,2026-01-03 06:00:00,T1353,Traffic Spike,Medium
E08947,2026-01-26 06:00:00,T1028,Traffic Spike,Medium
E08948,2026-01-02 12:00:00,T1386,High CPU,High
E08949,2026-01-26 00:00:00,T1237,Call Drop,High
E08950,2026-01-29 00:00:00,T1376,High CPU,Low
E08951,2026-01-18 18:00:00,T1058,Packet Loss,Low
E08952,2026-01-07 12:00:00,T1378,High Latency,Medium
E08953,2026-01-02 18:00:00,T1168,Packet Loss,Low
E08954,2026-01-10 12:00:00,T1126,High Latency,Medium
E08955,2026-01-28 06:00:00,T1495,Traffic Spike,Medium
E08956,2026-01-18 06:00:00,T1315,Packet Loss,Critical
E08957,2026-01-15 18:00:00,T1107,Packet Loss,Medium
E08958,2026-01-11 00:00:00,T1117,Call Drop,High
E08959,2026-01-06 12:00:00,T1281,High CPU,Medium
E08960,2026-01-10 00:00:00,T1034,Call Drop,High
E08961,2026-01-03 12:00:00,T1171,Call Drop,Low
E08962,2026-01-13 12:00:00,T1140,Packet Loss,High
E08963,2026-01-06 18:00:00,T1449,Packet Loss,Low
E08964,2026-01-08 18:00:00,T1212,Call Drop,Low
E08965,2026-01-26 18:00:00,T1142,High Latency,Low
E08966,2026-01-17 00:00:00,T1071,Call Drop,High
E08967,2026-01-29 00:00:00,T1276,High CPU,Low
E08968,2026-01-29 12:00:00,T1149,Connection Failure,Low
E08969,2026-01-21 18:00:00,T1100,Connection Failure,Medium
E08970,2026-01-29 06:00:00,T1293,High CPU,Low
E08971,2026-01-25 18:00:00,T1130,Traffic Spike,Low
E08972,2026-01-27 00:00:00,T1124,Packet Loss,Critical
E08973,2026-01-28 00:00:00,T1220,Call Drop,Medium
E08974,2026-01-29 00:00:00,T1300,Low Signal,Low
E08975,2026-01-15 00:00:00,T1289,Traffic Spike,Low
E08976,2026-01-29 18:00:00,T1296,Packet Loss,Low
E08977,2026-01-02 06:00:00,T1258,Connection Failure,Medium
E08978,2026-01-14 06:00:00,T1116,Traffic Spike,High
E08979,2026-01-11 12:00:00,T1464,Connection Failure,Medium
E08980,2026-01-19 00:00:00,T1036,Packet Loss,Low
E08981,2026-01-03 00:00:00,T1068,Packet Loss,High
E08982,2026-01-17 18:00:00,T1259,High CPU,Medium
E08983,2026-01-03 18:00:00,T1381,Connection Failure,High
E08984,2026-01-16 00:00:00,T1450,High CPU,Medium
E08985,2026-01-23 12:00:00,T1040,Connection Failure,Low
E08986,2026-01-03 18:00:00,T1129,High CPU,Low
E08987,2026-01-22 12:00:00,T1259,Call Drop,Medium
E08988,2026-01-24 18:00:00,T1106,High CPU,Critical
E08989,2026-01-03 00:00:00,T1338,Call Drop,Low
E08990,2026-01-10 00:00:00,T1446,Call Drop,Low
E08991,2026-01-27 12:00:00,T1254,High CPU,Low
E08992,2026-01-21 06:00:00,T1421,High Latency,Medium
E08993,2026-01-25 00:00:00,T1033,Connection Failure,Medium
E08994,2026-01-29 06:00:00,T1298,Call Drop,Low
E08995,2026-01-03 06:00:00,T1183,High CPU,Medium
E08996,2026-01-16 06:00:00,T1429,Connection Failure,Low
E08997,2026-01-28 12:00:00,T1153,Traffic Spike,Low
E08998,2026-01-20 18:00:00,T1115,Packet Loss,Low
E08999,2026-01-19 00:00:00,T1293,Connection Failure,High
E09000,2026-01-01 06:00:00,T1431,Connection Failure,Low
E09001,2026-01-28 06:00:00,T1095,Connection Failure,Low
E09002,2026-01-28 06:00:00,T1437,Low Signal,Low
E09003,2026-01-07 18:00:00,T1211,High Latency,High
E09004,2026-01-04 18:00:00,T1239,High CPU,Low
E09005,2026-01-18 06:00:00,T1387,Call Drop,Medium
E09006,2026-01-16 00:00:00,T1402,High Latency,Medium
E09007,2026-01-10 12:00:00,T1078,High Latency,Low
E09008,2026-01-21 06:00:00,T1232,Call Drop,Low
E09009,2026-01-25 00:00:00,T1036,Low Signal,High
E09010,2026-01-21 12:00:00,T1450,Connection Failure,Medium
E09011,2026-01-03 12:00:00,T1202,Call Drop,Low
E09012,2026-01-11 18:00:00,T1030,High CPU,Medium
E09013,2026-01-18 12:00:00,T1309,Packet Loss,Low
E09014,2026-01-06 06:00:00,T1174,Connection Failure,Medium
E09015,2026-01-03 00:00:00,T1318,High Latency,Medium
E09016,2026-01-14 12:00:00,T1156,Call Drop,High
E09017,2026-01-12 06:00:00,T1207,High Latency,Low
E09018,2026-01-28 00:00:00,T1484,High Latency,Low
E09019,2026-01-13 12:00:00,T1383,Low Signal,Low
E09020,2026-01-02 12:00:00,T1080,Packet Loss,High
E09021,2026-01-10 06:00:00,T1328,Packet Loss,High
E09022,2026-01-29 00:00:00,T1238,Call Drop,Low
E09023,2026-01-10 12:00:00,T1480,High Latency,Critical
E09024,2026-01-13 18:00:00,T1102,Packet Loss,Low
E09025,2026-01-18 06:00:00,T1010,Packet Loss,Medium
E09026,2026-01-01 12:00:00,T1433,Low Signal,Medium
E09027,2026-01-27 18:00:00,T1348,Call Drop,Low
E09028,2026-01-19 06:00:00,T1450,Packet Loss,Low
E09029,2026-01-09 18:00:00,T1152,Call Drop,Low
E09030,2026-01-05 00:00:00,T1010,Low Signal,High
E09031,2026-01-01 18:00:00,T1068,Connection Failure,Medium
E09032,2026-01-17 06:00:00,T1470,Low Signal,Low
E09033,2026-01-21 18:00:00,T1058,High CPU,Medium
E09034,2026-01-01 06:00:00,T1069,Connection Failure,Medium
E09035,2026-01-20 06:00:00,T1253,Call Drop,Medium
E09036,2026-01-19 12:00:00,T1089,High CPU,Low
E09037,2026-01-05 18:00:00,T1135,High CPU,Medium
E09038,2026-01-15 12:00:00,T1061,High Latency,Low
E09039,2026-01-12 12:00:00,T1244,Connection Failure,High
E09040,2026-01-08 00:00:00,T1016,Connection Failure,High
E09041,2026-01-23 00:00:00,T1412,Call Drop,Low
E09042,2026-01-14 12:00:00,T1218,Low Signal,Low
E09043,2026-01-24 18:00:00,T1311,High CPU,Low
E09044,2026-01-01 00:00:00,T1089,Packet Loss,Medium
E09045,2026-01-28 00:00:00,T1492,Low Signal,Medium
E09046,2026-01-02 12:00:00,T1373,Connection Failure,Low
E09047,2026-01-20 12:00:00,T1492,Call Drop,High
E09048,2026-01-29 00:00:00,T1147,High CPU,Medium
E09049,2026-01-11 00:00:00,T1256,Packet Loss,High
E09050,2026-01-03 06:00:00,T1083,High Latency,Low
E09051,2026-01-18 00:00:00,T1047,High CPU,Medium
E09052,2026-01-05 18:00:00,T1285,High Latency,Medium
E09053,2026-01-14 06:00:00,T1145,High Latency,High
E09054,2026-01-16 06:00:00,T1281,Traffic Spike,Medium
E09055,2026-01-05 06:00:00,T1112,High Latency,Low
E09056,2026-01-08 12:00:00,T1200,Packet Loss,Critical
E09057,2026-01-23 18:00:00,T1451,Connection Failure,High
E09058,2026-01-21 12:00:00,T1073,Packet Loss,High
E09059,2026-01-04 12:00:00,T1259,Traffic Spike,Low
E09060,2026-01-30 06:00:00,T1157,Low Signal,Low
E09061,2026-01-20 12:00:00,T1330,Call Drop,High
E09062,2026-01-11 06:00:00,T1181,Traffic Spike,High
E09063,2026-01-12 00:00:00,T1117,Connection Failure,High
E09064,2026-01-30 12:00:00,T1355,High Latency,Low
E09065,2026-01-27 00:00:00,T1294,Connection Failure,Medium
E09066,2026-01-28 12:00:00,T1140,Packet Loss,Low
E09067,2026-01-19 06:00:00,T1248,Low Signal,Medium
E09068,2026-01-29 06:00:00,T1095,Packet Loss,Low
E09069,2026-01-08 18:00:00,T1073,Low Signal,Low
E09070,2026-01-05 06:00:00,T1117,High CPU,Medium
E09071,2026-01-20 18:00:00,T1273,Traffic Spike,Low
E09072,2026-01-22 18:00:00,T1092,High Latency,Low
E09073,2026-01-05 00:00:00,T1180,Connection Failure,High
E09074,2026-01-01 12:00:00,T1058,High Latency,High
E09075,2026-01-26 18:00:00,T1414,Traffic Spike,Medium
E09076,2026-01-23 18:00:00,T1337,Connection Failure,Medium
E09077,2026-01-11 06:00:00,T1236,Packet Loss,Low
E09078,2026-01-07 18:00:00,T1201,Connection Failure,Low
E09079,2026-01-24 12:00:00,T1206,Packet Loss,Low
E09080,2026-01-11 18:00:00,T1279,Packet Loss,High
E09081,2026-01-24 00:00:00,T1263,Traffic Spike,Medium
E09082,2026-01-23 06:00:00,T1360,Connection Failure,Medium
E09083,2026-01-24 12:00:00,T1224,Traffic Spike,Low
E09084,2026-01-18 00:00:00,T1108,Traffic Spike,Critical
E09085,2026-01-14 00:00:00,T1274,High CPU,Critical
E09086,2026-01-02 00:00:00,T1267,Connection Failure,Low
E09087,2026-01-23 06:00:00,T1168,Low Signal,Low
E09088,2026-01-21 06:00:00,T1163,Connection Failure,High
E09089,2026-01-01 12:00:00,T1455,High Latency,High
E09090,2026-01-24 06:00:00,T1088,Packet Loss,High
E09091,2026-01-06 18:00:00,T1395,Call Drop,High
E09092,2026-01-13 06:00:00,T1035,Connection Failure,Low
E09093,2026-01-08 06:00:00,T1025,Low Signal,Medium
E09094,2026-01-08 18:00:00,T1343,Low Signal,Low
E09095,2026-01-26 06:00:00,T1010,Connection Failure,Medium
E09096,2026-01-03 18:00:00,T1230,High CPU,Medium
E09097,2026-01-05 06:00:00,T1250,High Latency,Medium
E09098,2026-01-02 00:00:00,T1038,High CPU,Low
E09099,2026-01-09 00:00:00,T1180,Call Drop,Medium
E09100,2026-01-09 12:00:00,T1385,High CPU,Low
E09101,2026-01-29 06:00:00,T1011,High CPU,Low
E09102,2026-01-16 00:00:00,T1459,Connection Failure,High
E09103,2026-01-10 00:00:00,T1247,Traffic Spike,High
E09104,2026-01-20 06:00:00,T1242,Packet Loss,Low
E09105,2026-01-07 06:00:00,T1189,Connection Failure,Low
E09106,2026-01-07 00:00:00,T1074,Low Signal,Low
E09107,2026-01-13 06:00:00,T1227,Traffic Spike,Medium
E09108,2026-01-28 18:00:00,T1359,Packet Loss,Low
E09109,2026-01-27 06:00:00,T1208,High Latency,High
E09110,2026-01-12 12:00:00,T1367,Packet Loss,Critical
E09111,2026-01-04 18:00:00,T1333,Packet Loss,Low
E09112,2026-01-12 18:00:00,T1307,Packet Loss,Medium
E09113,2026-01-22 18:00:00,T1482,Call Drop,Low
E09114,2026-01-07 12:00:00,T1130,High CPU,Low
E09115,2026-01-28 06:00:00,T1426,Traffic Spike,Low
E09116,2026-01-25 06:00:00,T1197,Connection Failure,Low
E09117,2026-01-10 12:00:00,T1468,Call Drop,Medium
E09118,2026-01-09 00:00:00,T1003,High Latency,High
E09119,2026-01-11 18:00:00,T1157,High Latency,Low
E09120,2026-01-21 18:00:00,T1115,Connection Failure,Medium
E09121,2026-01-18 18:00:00,T1086,Connection Failure,Low
E09122,2026-01-14 18:00:00,T1386,Low Signal,Medium
E09123,2026-01-26 18:00:00,T1012,Packet Loss,Low
E09124,2026-01-23 18:00:00,T1356,Traffic Spike,Low
E09125,2026-01-04 18:00:00,T1237,High CPU,Low
E09126,2026-01-11 00:00:00,T1180,Packet Loss,Low
E09127,2026-01-05 06:00:00,T1243,Packet Loss,Low
E09128,2026-01-14 12:00:00,T1453,Traffic Spike,Low
E09129,2026-01-01 18:00:00,T1077,Connection Failure,Low
E09130,2026-01-19 18:00:00,T1249,Connection Failure,Medium
E09131,2026-01-17 00:00:00,T1178,Low Signal,Low
E09132,2026-01-25 12:00:00,T1116,Low Signal,Low
E09133,2026-01-28 18:00:00,T1480,Traffic Spike,Medium
E09134,2026-01-06 06:00:00,T1382,Connection Failure,Medium
E09135,2026-01-13 18:00:00,T1291,Low Signal,Low
E09136,2026-01-29 18:00:00,T1281,High Latency,Low
E09137,2026-01-01 12:00:00,T1488,Call Drop,Critical
E09138,2026-01-16 18:00:00,T1252,Connection Failure,High
E09139,2026-01-26 12:00:00,T1328,High Latency,Low
E09140,2026-01-30 00:00:00,T1178,Connection Failure,Medium
E09141,2026-01-21 06:00:00,T1473,Call Drop,High
E09142,2026-01-20 00:00:00,T1383,High Latency,Low
E09143,2026-01-14 12:00:00,T1191,Traffic Spike,High
E09144,2026-01-20 06:00:00,T1090,Connection Failure,Medium
E09145,2026-01-21 06:00:00,T1063,Connection Failure,Low
E09146,2026-01-18 00:00:00,T1348,Traffic Spike,Medium
E09147,2026-01-16 18:00:00,T1221,High CPU,Low
E09148,2026-01-18 06:00:00,T1101,High CPU,Low
E09149,2026-01-02 06:00:00,T1373,Low Signal,High
E09150,2026-01-13 06:00:00,T1286,Low Signal,High
E09151,2026-01-28 00:00:00,T1103,Call Drop,High
E09152,2026-01-11 00:00:00,T1116,Packet Loss,Medium
E09153,2026-01-15 12:00:00,T1310,High Latency,Low
E09154,2026-01-06 00:00:00,T1036,Traffic Spike,High
E09155,2026-01-25 00:00:00,T1037,Connection Failure,Low
E09156,2026-01-08 18:00:00,T1249,High CPU,Low
E09157,2026-01-08 18:00:00,T1346,Traffic Spike,Medium
E09158,2026-01-30 18:00:00,T1158,Connection Failure,Low
E09159,2026-01-11 12:00:00,T1171,High CPU,Critical
E09160,2026-01-16 06:00:00,T1389,High CPU,High
E09161,2026-01-01 00:00:00,T1004,High Latency,High
E09162,2026-01-28 06:00:00,T1182,High Latency,Low
E09163,2026-01-22 18:00:00,T1010,Connection Failure,Medium
E09164,2026-01-17 18:00:00,T1246,Low Signal,Medium
E09165,2026-01-18 18:00:00,T1314,Traffic Spike,Critical
E09166,2026-01-12 06:00:00,T1148,Packet Loss,Medium
E09167,2026-01-08 06:00:00,T1233,High Latency,Low
E09168,2026-01-27 12:00:00,T1224,Connection Failure,Low
E09169,2026-01-03 00:00:00,T1098,Connection Failure,Low
E09170,2026-01-21 12:00:00,T1097,Packet Loss,Low
E09171,2026-01-09 00:00:00,T1209,Call Drop,High
E09172,2026-01-06 18:00:00,T1046,Traffic Spike,Medium
E09173,2026-01-27 00:00:00,T1245,Packet Loss,Low
E09174,2026-01-02 06:00:00,T1071,Call Drop,Low
E09175,2026-01-03 06:00:00,T1186,High Latency,Critical
E09176,2026-01-15 12:00:00,T1271,Call Drop,Low
E09177,2026-01-13 18:00:00,T1382,Traffic Spike,Medium
E09178,2026-01-10 18:00:00,T1005,Call Drop,Medium
E09179,2026-01-02 00:00:00,T1235,Packet Loss,Medium
E09180,2026-01-01 18:00:00,T1265,High Latency,Low
E09181,2026-01-30 00:00:00,T1051,Connection Failure,Low
E09182,2026-01-03 00:00:00,T1214,High Latency,Low
E09183,2026-01-02 00:00:00,T1102,Call Drop,Low
E09184,2026-01-30 06:00:00,T1385,Traffic Spike,Medium
E09185,2026-01-18 00:00:00,T1499,High Latency,High
E09186,2026-01-14 00:00:00,T1167,High CPU,Medium
E09187,2026-01-26 12:00:00,T1098,High Latency,Medium
E09188,2026-01-05 12:00:00,T1196,Traffic Spike,Low
E09189,2026-01-09 12:00:00,T1306,Connection Failure,Low
E09190,2026-01-01 12:00:00,T1317,Connection Failure,Medium
E09191,2026-01-06 00:00:00,T1127,Traffic Spike,Medium
E09192,2026-01-11 18:00:00,T1292,Connection Failure,Medium
E09193,2026-01-29 12:00:00,T1454,Packet Loss,Medium
E09194,2026-01-07 12:00:00,T1118,Connection Failure,Low
E09195,2026-01-04 12:00:00,T1136,High Latency,Low
E09196,2026-01-18 18:00:00,T1391,Packet Loss,Low
E09197,2026-01-19 06:00:00,T1332,Connection Failure,Medium
E09198,2026-01-25 12:00:00,T1316,Connection Failure,Medium
E09199,2026-01-28 18:00:00,T1369,Low Signal,Low
E09200,2026-01-15 12:00:00,T1103,Connection Failure,Medium
E09201,2026-01-02 12:00:00,T1413,Low Signal,Medium
E09202,2026-01-14 18:00:00,T1337,Call Drop,Low
E09203,2026-01-13 06:00:00,T1479,Low Signal,Medium
E09204,2026-01-17 18:00:00,T1155,High CPU,Critical
E09205,2026-01-24 12:00:00,T1193,Traffic Spike,High
E09206,2026-01-01 00:00:00,T1266,High Latency,Low
E09207,2026-01-21 00:00:00,T1059,High CPU,Low
E09208,2026-01-05 18:00:00,T1473,Call Drop,Low
E09209,2026-01-06 06:00:00,T1002,Traffic Spike,High
E09210,2026-01-18 06:00:00,T1187,Call Drop,Medium
E09211,2026-01-21 18:00:00,T1165,Traffic Spike,Medium
E09212,2026-01-23 06:00:00,T1010,Call Drop,Low
E09213,2026-01-06 18:00:00,T1438,Packet Loss,Critical
E09214,2026-01-30 06:00:00,T1340,Connection Failure,Low
E09215,2026-01-01 18:00:00,T1423,Low Signal,Medium
E09216,2026-01-13 06:00:00,T1018,Call Drop,Critical
E09217,2026-01-20 00:00:00,T1476,Traffic Spike,Medium
E09218,2026-01-21 06:00:00,T1373,Traffic Spike,Low
E09219,2026-01-04 00:00:00,T1050,High CPU,Medium
E09220,2026-01-14 00:00:00,T1466,Traffic Spike,Low
E09221,2026-01-20 06:00:00,T1293,Low Signal,Low
E09222,2026-01-24 06:00:00,T1070,Connection Failure,Low
E09223,2026-01-08 18:00:00,T1472,Low Signal,Low
E09224,2026-01-24 00:00:00,T1130,High Latency,Medium
E09225,2026-01-16 06:00:00,T1374,High Latency,Low
E09226,2026-01-06 00:00:00,T1394,Traffic Spike,Medium
E09227,2026-01-15 06:00:00,T1446,Packet Loss,Low
E09228,2026-01-03 18:00:00,T1123,Call Drop,Medium
E09229,2026-01-04 06:00:00,T1320,High CPU,Medium
E09230,2026-01-15 06:00:00,T1338,Packet Loss,Critical
E09231,2026-01-27 00:00:00,T1464,High CPU,Medium
E09232,2026-01-13 06:00:00,T1275,Call Drop,Low
E09233,2026-01-06 06:00:00,T1299,Traffic Spike,Low
E09234,2026-01-26 18:00:00,T1399,Packet Loss,Low
E09235,2026-01-24 18:00:00,T1297,Connection Failure,High
E09236,2026-01-01 18:00:00,T1302,Call Drop,Low
E09237,2026-01-14 06:00:00,T1197,Packet Loss,Medium
E09238,2026-01-20 00:00:00,T1321,Packet Loss,Low
E09239,2026-01-01 00:00:00,T1449,Packet Loss,High
E09240,2026-01-16 00:00:00,T1328,Low Signal,Medium
E09241,2026-01-22 18:00:00,T1385,High Latency,Medium
E09242,2026-01-25 06:00:00,T1453,High Latency,Low
E09243,2026-01-22 06:00:00,T1234,Low Signal,High
E09244,2026-01-04 06:00:00,T1199,Packet Loss,Medium
E09245,2026-01-18 00:00:00,T1103,High CPU,Medium
E09246,2026-01-21 12:00:00,T1175,Low Signal,Medium
E09247,2026-01-30 18:00:00,T1298,Call Drop,High
E09248,2026-01-26 12:00:00,T1352,Packet Loss,Low
E09249,2026-01-22 12:00:00,T1271,High CPU,Medium
E09250,2026-01-12 00:00:00,T1077,Traffic Spike,Medium
E09251,2026-01-15 00:00:00,T1195,Packet Loss,Low
E09252,2026-01-22 06:00:00,T1443,Connection Failure,High
E09253,2026-01-24 00:00:00,T1360,High CPU,Low
E09254,2026-01-04 06:00:00,T1121,Call Drop,High
E09255,2026-01-10 06:00:00,T1159,High CPU,Low
E09256,2026-01-11 06:00:00,T1042,Packet Loss,Medium
E09257,2026-01-18 06:00:00,T1171,Traffic Spike,Critical
E09258,2026-01-23 06:00:00,T1096,Traffic Spike,Medium
E09259,2026-01-02 00:00:00,T1184,High Latency,Low
E09260,2026-01-03 12:00:00,T1270,Low Signal,Medium
E09261,2026-01-08 18:00:00,T1313,Call Drop,Low
E09262,2026-01-26 00:00:00,T1444,Packet Loss,High
E09263,2026-01-02 00:00:00,T1345,Connection Failure,Low
E09264,2026-01-26 00:00:00,T1467,Low Signal,High
E09265,2026-01-10 18:00:00,T1103,High CPU,Medium
E09266,2026-01-21 00:00:00,T1195,Connection Failure,Low
E09267,2026-01-05 00:00:00,T1033,Low Signal,High
E09268,2026-01-10 18:00:00,T1430,Packet Loss,Critical
E09269,2026-01-06 06:00:00,T1248,Call Drop,High
E09270,2026-01-18 18:00:00,T1222,Connection Failure,Low
E09271,2026-01-29 12:00:00,T1396,Low Signal,Low
E09272,2026-01-13 18:00:00,T1213,Low Signal,Low
E09273,2026-01-07 12:00:00,T1227,Low Signal,Critical
E09274,2026-01-18 00:00:00,T1052,Low Signal,Medium
E09275,2026-01-22 06:00:00,T1314,High Latency,Low
E09276,2026-01-20 06:00:00,T1471,Traffic Spike,Medium
E09277,2026-01-16 12:00:00,T1368,Packet Loss,Critical
E09278,2026-01-05 00:00:00,T1154,Call Drop,Low
E09279,2026-01-01 18:00:00,T1257,Packet Loss,High
E09280,2026-01-27 06:00:00,T1415,Connection Failure,Low
E09281,2026-01-13 12:00:00,T1492,Packet Loss,Medium
E09282,2026-01-28 00:00:00,T1482,Call Drop,Low
E09283,2026-01-02 06:00:00,T1475,Connection Failure,Low
E09284,2026-01-01 12:00:00,T1416,Low Signal,Low
E09285,2026-01-30 00:00:00,T1323,Traffic Spike,Medium
E09286,2026-01-01 00:00:00,T1055,High Latency,High
E09287,2026-01-20 12:00:00,T1367,High Latency,Low
E09288,2026-01-26 18:00:00,T1411,Packet Loss,Low
E09289,2026-01-14 06:00:00,T1446,Connection Failure,Low
E09290,2026-01-15 12:00:00,T1462,Traffic Spike,Low
E09291,2026-01-12 06:00:00,T1004,Traffic Spike,Critical
E09292,2026-01-28 12:00:00,T1429,Traffic Spike,Low
E09293,2026-01-27 18:00:00,T1189,Low Signal,Low
E09294,2026-01-16 12:00:00,T1296,Packet Loss,Low
E09295,2026-01-10 06:00:00,T1237,Low Signal,Low
E09296,2026-01-04 12:00:00,T1301,High CPU,High
E09297,2026-01-25 12:00:00,T1251,Connection Failure,Critical
E09298,2026-01-19 12:00:00,T1045,Connection Failure,Medium
E09299,2026-01-13 06:00:00,T1191,Low Signal,Low
E09300,2026-01-01 06:00:00,T1202,Packet Loss,Medium
E09301,2026-01-18 12:00:00,T1338,Low Signal,Medium
E09302,2026-01-16 12:00:00,T1293,High Latency,Medium
E09303,2026-01-16 06:00:00,T1467,Connection Failure,Medium
E09304,2026-01-23 12:00:00,T1354,Packet Loss,Medium
E09305,2026-01-29 00:00:00,T1070,Low Signal,Medium
E09306,2026-01-28 06:00:00,T1082,High Latency,Low
E09307,2026-01-28 00:00:00,T1339,Low Signal,Critical
E09308,2026-01-05 00:00:00,T1178,High Latency,Medium
E09309,2026-01-19 00:00:00,T1397,Call Drop,Low
E09310,2026-01-19 00:00:00,T1212,High CPU,Low
E09311,2026-01-29 12:00:00,T1088,Packet Loss,Low
E09312,2026-01-22 00:00:00,T1253,High CPU,Medium
E09313,2026-01-29 12:00:00,T1227,Low Signal,Low
E09314,2026-01-03 18:00:00,T1222,High Latency,Low
E09315,2026-01-05 00:00:00,T1333,Connection Failure,High
E09316,2026-01-22 00:00:00,T1273,Connection Failure,Medium
E09317,2026-01-14 18:00:00,T1200,High CPU,Medium
E09318,2026-01-25 06:00:00,T1137,Packet Loss,High
E09319,2026-01-30 06:00:00,T1449,High CPU,High
E09320,2026-01-10 12:00:00,T1498,Call Drop,Low
E09321,2026-01-15 12:00:00,T1046,Call Drop,Medium
E09322,2026-01-30 18:00:00,T1188,Traffic Spike,Low
E09323,2026-01-27 00:00:00,T1492,Connection Failure,Medium
E09324,2026-01-20 12:00:00,T1150,Low Signal,Medium
E09325,2026-01-21 00:00:00,T1332,Call Drop,High
E09326,2026-01-04 12:00:00,T1197,Call Drop,High
E09327,2026-01-22 06:00:00,T1351,High Latency,High
E09328,2026-01-05 00:00:00,T1117,Traffic Spike,Medium
E09329,2026-01-23 18:00:00,T1056,Traffic Spike,Low
E09330,2026-01-10 00:00:00,T1020,Call Drop,Low
E09331,2026-01-01 00:00:00,T1055,Connection Failure,Low
E09332,2026-01-15 18:00:00,T1031,High CPU,Medium
E09333,2026-01-03 18:00:00,T1180,Call Drop,Critical
E09334,2026-01-30 00:00:00,T1453,Low Signal,High
E09335,2026-01-02 00:00:00,T1147,Call Drop,Medium
E09336,2026-01-24 12:00:00,T1471,Call Drop,Low
E09337,2026-01-26 06:00:00,T1370,High CPU,High
E09338,2026-01-26 06:00:00,T1246,High CPU,Low
E09339,2026-01-29 00:00:00,T1081,High Latency,High
E09340,2026-01-30 18:00:00,T1481,Traffic Spike,Medium
E09341,2026-01-28 18:00:00,T1415,Packet Loss,Medium
E09342,2026-01-24 06:00:00,T1268,Traffic Spike,Low
E09343,2026-01-20 12:00:00,T1407,Connection Failure,Low
E09344,2026-01-12 00:00:00,T1282,Traffic Spike,Critical
E09345,2026-01-07 18:00:00,T1112,Call Drop,Medium
E09346,2026-01-07 06:00:00,T1395,Call Drop,Low
E09347,2026-01-06 06:00:00,T1282,High CPU,Medium
E09348,2026-01-16 00:00:00,T1257,Connection Failure,Medium
E09349,2026-01-24 18:00:00,T1196,Traffic Spike,Low
E09350,2026-01-29 06:00:00,T1287,Traffic Spike,Medium
E09351,2026-01-06 12:00:00,T1418,Low Signal,Medium
E09352,2026-01-17 00:00:00,T1208,Connection Failure,Low
E09353,2026-01-22 18:00:00,T1240,Call Drop,High
E09354,2026-01-07 00:00:00,T1037,Call Drop,Medium
E09355,2026-01-07 18:00:00,T1214,Connection Failure,Medium
E09356,2026-01-05 00:00:00,T1489,Packet Loss,Medium
E09357,2026-01-01 18:00:00,T1418,Packet Loss,Medium
E09358,2026-01-23 12:00:00,T1420,Call Drop,Low
E09359,2026-01-06 18:00:00,T1486,Packet Loss,Low
E09360,2026-01-22 18:00:00,T1165,Connection Failure,Medium
E09361,2026-01-18 18:00:00,T1299,Call Drop,Low
E09362,2026-01-10 06:00:00,T1319,Low Signal,Low
E09363,2026-01-13 06:00:00,T1113,High CPU,Medium
E09364,2026-01-14 00:00:00,T1441,High Latency,Low
E09365,2026-01-16 00:00:00,T1139,Call Drop,Critical
E09366,2026-01-19 18:00:00,T1378,Connection Failure,Medium
E09367,2026-01-19 12:00:00,T1038,Low Signal,Low
E09368,2026-01-12 18:00:00,T1318,High Latency,Low
E09369,2026-01-20 18:00:00,T1448,Connection Failure,High
E09370,2026-01-30 12:00:00,T1043,High Latency,High
E09371,2026-01-30 18:00:00,T1072,Call Drop,High
E09372,2026-01-28 06:00:00,T1166,Call Drop,Low
E09373,2026-01-08 06:00:00,T1306,Packet Loss,Critical
E09374,2026-01-19 18:00:00,T1207,Packet Loss,Medium
E09375,2026-01-11 18:00:00,T1030,Packet Loss,Low
E09376,2026-01-09 12:00:00,T1220,Traffic Spike,Critical
E09377,2026-01-08 06:00:00,T1347,Low Signal,Low
E09378,2026-01-13 00:00:00,T1423,Connection Failure,Critical
E09379,2026-01-19 06:00:00,T1131,Low Signal,Medium
E09380,2026-01-12 06:00:00,T1142,Packet Loss,Low
E09381,2026-01-19 00:00:00,T1486,High CPU,High
E09382,2026-01-11 12:00:00,T1181,Traffic Spike,Low
E09383,2026-01-23 18:00:00,T1028,Traffic Spike,Medium
E09384,2026-01-16 06:00:00,T1270,Traffic Spike,Medium
E09385,2026-01-05 18:00:00,T1320,Low Signal,Low
E09386,2026-01-12 18:00:00,T1417,Low Signal,Low
E09387,2026-01-13 12:00:00,T1470,High Latency,Medium
E09388,2026-01-14 06:00:00,T1231,Traffic Spike,Medium
E09389,2026-01-15 00:00:00,T1082,Low Signal,Low
E09390,2026-01-18 06:00:00,T1406,Traffic Spike,High
E09391,2026-01-08 00:00:00,T1210,High Latency,Medium
E09392,2026-01-25 18:00:00,T1207,Packet Loss,Low
E09393,2026-01-02 18:00:00,T1153,Connection Failure,Medium
E09394,2026-01-18 00:00:00,T1129,Connection Failure,High
E09395,2026-01-30 00:00:00,T1077,Call Drop,Low
E09396,2026-01-17 00:00:00,T1429,Packet Loss,Critical
E09397,2026-01-07 00:00:00,T1248,Traffic Spike,Low
E09398,2026-01-10 06:00:00,T1237,Low Signal,Low
E09399,2026-01-21 12:00:00,T1309,Packet Loss,Low
E09400,2026-01-18 18:00:00,T1348,Packet Loss,Low
E09401,2026-01-12 00:00:00,T1236,Call Drop,Low
E09402,2026-01-11 00:00:00,T1195,Low Signal,Low
E09403,2026-01-27 12:00:00,T1004,Packet Loss,Low
E09404,2026-01-10 18:00:00,T1453,High Latency,Low
E09405,2026-01-21 12:00:00,T1459,High CPU,Medium
E09406,2026-01-30 18:00:00,T1441,Call Drop,Low
E09407,2026-01-02 18:00:00,T1138,Low Signal,Medium
E09408,2026-01-07 06:00:00,T1480,High CPU,Medium
E09409,2026-01-13 06:00:00,T1176,Packet Loss,Low
E09410,2026-01-03 18:00:00,T1268,High Latency,High
E09411,2026-01-02 06:00:00,T1487,Packet Loss,High
E09412,2026-01-18 00:00:00,T1427,High CPU,Low
E09413,2026-01-07 12:00:00,T1109,High CPU,Medium
E09414,2026-01-12 06:00:00,T1234,Packet Loss,Low
E09415,2026-01-18 06:00:00,T1398,Call Drop,Medium
E09416,2026-01-10 12:00:00,T1435,Call Drop,Medium
E09417,2026-01-18 18:00:00,T1344,Connection Failure,Medium
E09418,2026-01-04 06:00:00,T1268,High CPU,Medium
E09419,2026-01-05 06:00:00,T1456,Low Signal,Medium
E09420,2026-01-23 00:00:00,T1444,High CPU,Low
E09421,2026-01-16 18:00:00,T1365,Low Signal,Low
E09422,2026-01-22 06:00:00,T1161,Packet Loss,Low
E09423,2026-01-08 06:00:00,T1194,High CPU,Low
E09424,2026-01-01 18:00:00,T1228,Low Signal,High
E09425,2026-01-29 18:00:00,T1297,Connection Failure,Low
E09426,2026-01-02 12:00:00,T1120,Packet Loss,Medium
E09427,2026-01-11 00:00:00,T1258,Connection Failure,High
E09428,2026-01-21 06:00:00,T1019,Packet Loss,Low
E09429,2026-01-22 00:00:00,T1045,Low Signal,Medium
E09430,2026-01-14 06:00:00,T1445,Connection Failure,Medium
E09431,2026-01-24 00:00:00,T1072,High Latency,High
E09432,2026-01-27 12:00:00,T1176,Connection Failure,Low
E09433,2026-01-09 00:00:00,T1037,Low Signal,Low
E09434,2026-01-18 18:00:00,T1093,Low Signal,Low
E09435,2026-01-22 12:00:00,T1053,Low Signal,Low
E09436,2026-01-21 12:00:00,T1327,Traffic Spike,Medium
E09437,2026-01-21 18:00:00,T1076,Low Signal,Medium
E09438,2026-01-04 00:00:00,T1347,High CPU,Low
E09439,2026-01-17 00:00:00,T1481,Traffic Spike,Low
E09440,2026-01-21 06:00:00,T1092,High Latency,Low
E09441,2026-01-21 06:00:00,T1399,High Latency,Medium
E09442,2026-01-21 00:00:00,T1379,High CPU,High
E09443,2026-01-05 12:00:00,T1035,High CPU,Low
E09444,2026-01-04 12:00:00,T1487,Low Signal,Low
E09445,2026-01-24 18:00:00,T1375,Traffic Spike,Low
E09446,2026-01-20 00:00:00,T1395,Connection Failure,Low
E09447,2026-01-16 06:00:00,T1074,High CPU,Low
E09448,2026-01-23 12:00:00,T1213,High CPU,Low
E09449,2026-01-14 06:00:00,T1185,Packet Loss,Medium
E09450,2026-01-12 12:00:00,T1426,Low Signal,Low
E09451,2026-01-08 18:00:00,T1184,High Latency,Low
E09452,2026-01-17 00:00:00,T1216,Traffic Spike,Low
E09453,2026-01-01 12:00:00,T1320,Low Signal,Low
E09454,2026-01-23 18:00:00,T1230,Packet Loss,Medium
E09455,2026-01-14 06:00:00,T1289,Packet Loss,Medium
E09456,2026-01-24 12:00:00,T1116,Low Signal,Medium
E09457,2026-01-04 12:00:00,T1246,Call Drop,Low
E09458,2026-01-15 06:00:00,T1336,Packet Loss,Low
E09459,2026-01-01 18:00:00,T1124,Connection Failure,Medium
E09460,2026-01-22 18:00:00,T1322,Connection Failure,High
E09461,2026-01-21 00:00:00,T1129,High Latency,Low
E09462,2026-01-24 12:00:00,T1265,Connection Failure,Medium
E09463,2026-01-21 18:00:00,T1446,Connection Failure,Medium
E09464,2026-01-24 12:00:00,T1421,Packet Loss,Low
E09465,2026-01-01 18:00:00,T1192,High Latency,Low
E09466,2026-01-30 00:00:00,T1462,High CPU,Critical
E09467,2026-01-16 18:00:00,T1343,Call Drop,Medium
E09468,2026-01-01 12:00:00,T1449,Connection Failure,Low
E09469,2026-01-10 18:00:00,T1351,High Latency,Medium
E09470,2026-01-21 00:00:00,T1096,Traffic Spike,Medium
E09471,2026-01-21 06:00:00,T1148,Connection Failure,Low
E09472,2026-01-10 12:00:00,T1462,Low Signal,Medium
E09473,2026-01-02 18:00:00,T1194,Low Signal,Low
E09474,2026-01-01 18:00:00,T1484,Call Drop,Low
E09475,2026-01-25 18:00:00,T1354,Call Drop,Medium
E09476,2026-01-05 06:00:00,T1486,Traffic Spike,Low
E09477,2026-01-01 18:00:00,T1259,Connection Failure,Low
E09478,2026-01-10 00:00:00,T1423,High CPU,Medium
E09479,2026-01-01 00:00:00,T1102,Connection Failure,Low
E09480,2026-01-26 18:00:00,T1342,High CPU,Critical
E09481,2026-01-05 18:00:00,T1139,Packet Loss,High
E09482,2026-01-03 00:00:00,T1223,Packet Loss,Low
E09483,2026-01-20 18:00:00,T1459,Call Drop,Low
E09484,2026-01-05 18:00:00,T1238,Traffic Spike,Medium
E09485,2026-01-24 12:00:00,T1336,Low Signal,Low
E09486,2026-01-28 18:00:00,T1155,Connection Failure,Low
E09487,2026-01-22 06:00:00,T1402,High CPU,Low
E09488,2026-01-27 18:00:00,T1201,High Latency,Medium
E09489,2026-01-10 18:00:00,T1304,High Latency,Medium
E09490,2026-01-22 18:00:00,T1236,High Latency,High
E09491,2026-01-29 12:00:00,T1208,High Latency,Medium
E09492,2026-01-30 18:00:00,T1134,High Latency,Low
E09493,2026-01-22 00:00:00,T1338,Packet Loss,Medium
E09494,2026-01-08 18:00:00,T1465,Packet Loss,Medium
E09495,2026-01-17 00:00:00,T1075,Low Signal,Medium
E09496,2026-01-15 00:00:00,T1310,Traffic Spike,High
E09497,2026-01-07 12:00:00,T1037,Connection Failure,Low
E09498,2026-01-02 18:00:00,T1423,Connection Failure,High
E09499,2026-01-24 18:00:00,T1275,Connection Failure,Low
E09500,2026-01-20 18:00:00,T1034,Call Drop,Low
E09501,2026-01-13 18:00:00,T1418,High Latency,Low
E09502,2026-01-28 06:00:00,T1319,Connection Failure,Low
E09503,2026-01-20 00:00:00,T1489,Call Drop,Low
E09504,2026-01-08 18:00:00,T1278,Low Signal,Low
E09505,2026-01-11 06:00:00,T1000,High Latency,Medium
E09506,2026-01-07 06:00:00,T1320,Traffic Spike,Low
E09507,2026-01-02 00:00:00,T1447,Call Drop,Low
E09508,2026-01-27 18:00:00,T1427,High Latency,Low
E09509,2026-01-21 06:00:00,T1042,Connection Failure,Low
E09510,2026-01-24 06:00:00,T1081,Call Drop,Medium
E09511,2026-01-03 06:00:00,T1313,Connection Failure,Low
E09512,2026-01-07 18:00:00,T1454,Call Drop,Low
E09513,2026-01-21 18:00:00,T1229,Connection Failure,Medium
E09514,2026-01-24 06:00:00,T1471,High CPU,High
E09515,2026-01-18 00:00:00,T1009,High CPU,Critical
E09516,2026-01-11 12:00:00,T1254,Low Signal,Medium
E09517,2026-01-16 18:00:00,T1080,Call Drop,Medium
E09518,2026-01-27 18:00:00,T1462,High CPU,Low
E09519,2026-01-15 00:00:00,T1087,High Latency,Critical
E09520,2026-01-09 18:00:00,T1077,Connection Failure,Low
E09521,2026-01-16 18:00:00,T1161,Packet Loss,Low
E09522,2026-01-30 00:00:00,T1061,High CPU,Low
E09523,2026-01-28 18:00:00,T1060,High Latency,Critical
E09524,2026-01-30 00:00:00,T1233,Connection Failure,Low
E09525,2026-01-26 00:00:00,T1270,Connection Failure,Low
E09526,2026-01-22 18:00:00,T1410,Connection Failure,Low
E09527,2026-01-06 12:00:00,T1167,Packet Loss,Medium
E09528,2026-01-14 12:00:00,T1052,Call Drop,Low
E09529,2026-01-23 12:00:00,T1359,Call Drop,Low
E09530,2026-01-21 18:00:00,T1083,Packet Loss,Low
E09531,2026-01-28 18:00:00,T1327,Call Drop,Medium
E09532,2026-01-20 18:00:00,T1405,Low Signal,Medium
E09533,2026-01-24 06:00:00,T1352,Low Signal,Low
E09534,2026-01-29 06:00:00,T1144,High CPU,Low
E09535,2026-01-16 06:00:00,T1494,Call Drop,Medium
E09536,2026-01-29 18:00:00,T1374,High CPU,Low
E09537,2026-01-11 00:00:00,T1341,Connection Failure,Low
E09538,2026-01-28 00:00:00,T1061,Connection Failure,Low
E09539,2026-01-30 18:00:00,T1269,Call Drop,Low
E09540,2026-01-30 00:00:00,T1177,Packet Loss,Low
E09541,2026-01-18 00:00:00,T1189,Traffic Spike,High
E09542,2026-01-02 00:00:00,T1346,Connection Failure,Low
E09543,2026-01-12 18:00:00,T1015,Traffic Spike,Medium
E09544,2026-01-16 18:00:00,T1389,Low Signal,Medium
E09545,2026-01-04 06:00:00,T1327,Connection Failure,Low
E09546,2026-01-26 12:00:00,T1275,Low Signal,Medium
E09547,2026-01-18 00:00:00,T1109,High Latency,High
E09548,2026-01-08 06:00:00,T1217,Connection Failure,Medium
E09549,2026-01-28 06:00:00,T1398,Connection Failure,Medium
E09550,2026-01-04 00:00:00,T1486,High CPU,Medium
E09551,2026-01-29 18:00:00,T1371,Low Signal,Medium
E09552,2026-01-27 00:00:00,T1086,High CPU,Low
E09553,2026-01-07 00:00:00,T1196,Low Signal,Medium
E09554,2026-01-29 00:00:00,T1314,Connection Failure,Low
E09555,2026-01-18 00:00:00,T1214,High Latency,Low
E09556,2026-01-06 00:00:00,T1246,Call Drop,Low
E09557,2026-01-29 00:00:00,T1241,High Latency,Medium
E09558,2026-01-17 18:00:00,T1169,High Latency,Low
E09559,2026-01-29 06:00:00,T1030,High Latency,Low
E09560,2026-01-12 12:00:00,T1372,Low Signal,Low
E09561,2026-01-29 00:00:00,T1334,Low Signal,Medium
E09562,2026-01-17 00:00:00,T1482,High Latency,Medium
E09563,2026-01-06 12:00:00,T1476,Packet Loss,Low
E09564,2026-01-12 12:00:00,T1181,Traffic Spike,Low
E09565,2026-01-09 06:00:00,T1100,Low Signal,Medium
E09566,2026-01-21 00:00:00,T1089,Packet Loss,Medium
E09567,2026-01-26 00:00:00,T1101,Packet Loss,Low
E09568,2026-01-21 06:00:00,T1336,Packet Loss,Medium
E09569,2026-01-13 00:00:00,T1111,Packet Loss,Low
E09570,2026-01-29 18:00:00,T1251,Low Signal,Medium
E09571,2026-01-09 18:00:00,T1456,Low Signal,Low
E09572,2026-01-29 06:00:00,T1254,High Latency,Medium
E09573,2026-01-17 00:00:00,T1369,High Latency,High
E09574,2026-01-24 18:00:00,T1429,Low Signal,Medium
E09575,2026-01-26 18:00:00,T1006,Connection Failure,High
E09576,2026-01-17 12:00:00,T1246,Call Drop,Low
E09577,2026-01-07 12:00:00,T1474,Low Signal,Medium
E09578,2026-01-08 12:00:00,T1373,Low Signal,Medium
E09579,2026-01-10 06:00:00,T1262,Connection Failure,Low
E09580,2026-01-22 00:00:00,T1035,High CPU,Medium
E09581,2026-01-02 06:00:00,T1349,Packet Loss,Medium
E09582,2026-01-28 00:00:00,T1204,Packet Loss,Low
E09583,2026-01-23 12:00:00,T1246,High Latency,Low
E09584,2026-01-02 06:00:00,T1160,Packet Loss,Critical
E09585,2026-01-12 00:00:00,T1475,Traffic Spike,Medium
E09586,2026-01-08 18:00:00,T1202,High CPU,Medium
E09587,2026-01-10 12:00:00,T1429,Low Signal,High
E09588,2026-01-08 18:00:00,T1320,Traffic Spike,High
E09589,2026-01-29 06:00:00,T1179,High Latency,Low
E09590,2026-01-21 06:00:00,T1339,Traffic Spike,Low
E09591,2026-01-01 06:00:00,T1443,Connection Failure,High
E09592,2026-01-30 06:00:00,T1095,Connection Failure,High
E09593,2026-01-05 18:00:00,T1311,Packet Loss,Medium
E09594,2026-01-01 06:00:00,T1237,Packet Loss,Medium
E09595,2026-01-01 00:00:00,T1381,High CPU,Medium
E09596,2026-01-03 00:00:00,T1169,High Latency,Medium
E09597,2026-01-08 12:00:00,T1291,High Latency,Medium
E09598,2026-01-19 18:00:00,T1404,Call Drop,Low
E09599,2026-01-27 12:00:00,T1437,Low Signal,Low
E09600,2026-01-24 12:00:00,T1459,High CPU,Critical
E09601,2026-01-17 00:00:00,T1483,Traffic Spike,High
E09602,2026-01-07 00:00:00,T1032,Packet Loss,Low
E09603,2026-01-05 12:00:00,T1303,Call Drop,Low
E09604,2026-01-04 06:00:00,T1085,High CPU,Low
E09605,2026-01-07 06:00:00,T1104,High Latency,Medium
E09606,2026-01-27 06:00:00,T1449,Traffic Spike,Low
E09607,2026-01-21 00:00:00,T1031,Call Drop,Medium
E09608,2026-01-20 12:00:00,T1084,Connection Failure,Low
E09609,2026-01-25 06:00:00,T1014,High CPU,Low
E09610,2026-01-19 12:00:00,T1000,Traffic Spike,Medium
E09611,2026-01-06 00:00:00,T1328,Packet Loss,Low
E09612,2026-01-12 06:00:00,T1231,High Latency,Low
E09613,2026-01-06 12:00:00,T1355,Call Drop,Low
E09614,2026-01-03 18:00:00,T1108,High Latency,Low
E09615,2026-01-08 00:00:00,T1082,Call Drop,Low
E09616,2026-01-10 12:00:00,T1245,Packet Loss,Low
E09617,2026-01-01 12:00:00,T1125,Packet Loss,Critical
E09618,2026-01-14 06:00:00,T1315,Connection Failure,Low
E09619,2026-01-02 18:00:00,T1007,Connection Failure,Medium
E09620,2026-01-25 06:00:00,T1476,Call Drop,Low
E09621,2026-01-08 18:00:00,T1336,Connection Failure,Low
E09622,2026-01-09 00:00:00,T1394,Packet Loss,High
E09623,2026-01-09 06:00:00,T1048,Traffic Spike,Low
E09624,2026-01-16 12:00:00,T1497,Traffic Spike,Low
E09625,2026-01-10 00:00:00,T1484,Traffic Spike,Low
E09626,2026-01-27 12:00:00,T1035,High Latency,Low
E09627,2026-01-17 18:00:00,T1301,Low Signal,Medium
E09628,2026-01-20 12:00:00,T1082,Packet Loss,Medium
E09629,2026-01-24 18:00:00,T1103,High Latency,Medium
E09630,2026-01-09 06:00:00,T1300,High CPU,High
E09631,2026-01-26 12:00:00,T1006,Connection Failure,Medium
E09632,2026-01-01 06:00:00,T1256,Low Signal,Medium
E09633,2026-01-05 00:00:00,T1171,Packet Loss,Medium
E09634,2026-01-27 12:00:00,T1025,Low Signal,Low
E09635,2026-01-30 12:00:00,T1136,Low Signal,Low
E09636,2026-01-12 12:00:00,T1463,High CPU,High
E09637,2026-01-18 18:00:00,T1133,Traffic Spike,Low
E09638,2026-01-27 06:00:00,T1445,High Latency,Medium
E09639,2026-01-08 12:00:00,T1007,Low Signal,Low
E09640,2026-01-18 12:00:00,T1341,Packet Loss,Medium
E09641,2026-01-28 12:00:00,T1341,High CPU,Low
E09642,2026-01-24 00:00:00,T1069,Connection Failure,Medium
E09643,2026-01-02 18:00:00,T1355,High CPU,Low
E09644,2026-01-21 18:00:00,T1175,Packet Loss,Medium
E09645,2026-01-13 06:00:00,T1497,Packet Loss,Low
E09646,2026-01-14 06:00:00,T1147,Connection Failure,Low
E09647,2026-01-04 12:00:00,T1210,Low Signal,Low
E09648,2026-01-05 06:00:00,T1230,Call Drop,Medium
E09649,2026-01-03 18:00:00,T1435,Packet Loss,Low
E09650,2026-01-23 12:00:00,T1486,Connection Failure,High
E09651,2026-01-06 18:00:00,T1349,High Latency,High
E09652,2026-01-20 12:00:00,T1296,Call Drop,Low
E09653,2026-01-08 12:00:00,T1230,Packet Loss,Low
E09654,2026-01-23 12:00:00,T1214,Call Drop,Low
E09655,2026-01-01 18:00:00,T1348,Low Signal,Medium
E09656,2026-01-01 00:00:00,T1157,Low Signal,Low
E09657,2026-01-05 18:00:00,T1015,Low Signal,Low
E09658,2026-01-30 18:00:00,T1371,Traffic Spike,Low
E09659,2026-01-14 12:00:00,T1013,High CPU,Low
E09660,2026-01-05 06:00:00,T1391,Packet Loss,High
E09661,2026-01-25 18:00:00,T1344,High CPU,Medium
E09662,2026-01-29 00:00:00,T1321,High Latency,Medium
E09663,2026-01-30 00:00:00,T1274,Call Drop,Medium
E09664,2026-01-21 12:00:00,T1277,Connection Failure,Medium
E09665,2026-01-11 12:00:00,T1425,High Latency,Medium
E09666,2026-01-09 06:00:00,T1092,Packet Loss,Medium
E09667,2026-01-02 18:00:00,T1488,Traffic Spike,Medium
E09668,2026-01-26 06:00:00,T1127,Traffic Spike,Medium
E09669,2026-01-23 06:00:00,T1242,Low Signal,Medium
E09670,2026-01-27 06:00:00,T1160,Low Signal,Low
E09671,2026-01-14 18:00:00,T1210,High CPU,High
E09672,2026-01-26 18:00:00,T1108,Connection Failure,Low
E09673,2026-01-15 18:00:00,T1368,Low Signal,Low
E09674,2026-01-22 18:00:00,T1148,Packet Loss,Low
E09675,2026-01-27 12:00:00,T1241,Call Drop,Medium
E09676,2026-01-30 00:00:00,T1227,Traffic Spike,High
E09677,2026-01-17 18:00:00,T1394,Low Signal,Low
E09678,2026-01-17 00:00:00,T1366,High CPU,Medium
E09679,2026-01-30 18:00:00,T1009,Packet Loss,Low
E09680,2026-01-18 18:00:00,T1322,Call Drop,Critical
E09681,2026-01-23 18:00:00,T1078,Traffic Spike,Medium
E09682,2026-01-07 06:00:00,T1369,Traffic Spike,Low
E09683,2026-01-04 06:00:00,T1265,Connection Failure,Low
E09684,2026-01-22 06:00:00,T1489,Connection Failure,Low
E09685,2026-01-23 18:00:00,T1247,Packet Loss,Low
E09686,2026-01-21 06:00:00,T1499,Low Signal,Medium
E09687,2026-01-27 00:00:00,T1486,Connection Failure,Low
E09688,2026-01-29 12:00:00,T1300,Low Signal,Medium
E09689,2026-01-24 12:00:00,T1092,High Latency,Medium
E09690,2026-01-25 06:00:00,T1471,Call Drop,Low
E09691,2026-01-24 00:00:00,T1471,Low Signal,Low
E09692,2026-01-27 00:00:00,T1346,Call Drop,Medium
E09693,2026-01-09 06:00:00,T1042,High Latency,High
E09694,2026-01-05 12:00:00,T1266,Traffic Spike,High
E09695,2026-01-25 12:00:00,T1490,Low Signal,Medium
E09696,2026-01-04 12:00:00,T1411,Packet Loss,Low
E09697,2026-01-30 06:00:00,T1277,Call Drop,Low
E09698,2026-01-30 18:00:00,T1269,Low Signal,Medium
E09699,2026-01-19 06:00:00,T1392,High Latency,Low
E09700,2026-01-07 12:00:00,T1030,Low Signal,Medium
E09701,2026-01-19 12:00:00,T1184,Traffic Spike,Critical
E09702,2026-01-26 06:00:00,T1399,Low Signal,Critical
E09703,2026-01-10 12:00:00,T1096,Packet Loss,Medium
E09704,2026-01-27 06:00:00,T1180,Connection Failure,Low
E09705,2026-01-15 18:00:00,T1005,Low Signal,Medium
E09706,2026-01-09 18:00:00,T1038,Connection Failure,Low
E09707,2026-01-13 00:00:00,T1118,Connection Failure,High
E09708,2026-01-02 06:00:00,T1329,Traffic Spike,High
E09709,2026-01-06 06:00:00,T1159,Packet Loss,Low
E09710,2026-01-21 18:00:00,T1235,High CPU,Critical
E09711,2026-01-05 00:00:00,T1394,Low Signal,Low
E09712,2026-01-02 12:00:00,T1030,Packet Loss,Low
E09713,2026-01-20 18:00:00,T1440,High Latency,Medium
E09714,2026-01-06 18:00:00,T1048,Traffic Spike,Low
E09715,2026-01-27 00:00:00,T1087,High CPU,Medium
E09716,2026-01-30 00:00:00,T1147,Packet Loss,Low
E09717,2026-01-21 12:00:00,T1017,Packet Loss,Critical
E09718,2026-01-06 00:00:00,T1179,High Latency,Medium
E09719,2026-01-27 18:00:00,T1311,High Latency,Low
E09720,2026-01-27 18:00:00,T1267,Low Signal,Low
E09721,2026-01-21 18:00:00,T1457,Low Signal,High
E09722,2026-01-14 06:00:00,T1188,Connection Failure,Medium
E09723,2026-01-13 12:00:00,T1487,Low Signal,Low
E09724,2026-01-11 00:00:00,T1340,Call Drop,Medium
E09725,2026-01-19 18:00:00,T1192,High Latency,Medium
E09726,2026-01-30 06:00:00,T1212,High CPU,Low
E09727,2026-01-27 18:00:00,T1197,Traffic Spike,Low
E09728,2026-01-18 00:00:00,T1087,High CPU,Critical
E09729,2026-01-16 00:00:00,T1493,Traffic Spike,Medium
E09730,2026-01-23 06:00:00,T1417,Low Signal,Low
E09731,2026-01-25 12:00:00,T1179,Packet Loss,Critical
E09732,2026-01-08 00:00:00,T1119,High Latency,Medium
E09733,2026-01-30 18:00:00,T1351,Low Signal,Low
E09734,2026-01-26 12:00:00,T1369,Call Drop,Low
E09735,2026-01-29 06:00:00,T1452,Traffic Spike,Medium
E09736,2026-01-19 00:00:00,T1335,Call Drop,High
E09737,2026-01-20 00:00:00,T1242,High Latency,Low
E09738,2026-01-07 06:00:00,T1374,Traffic Spike,Low
E09739,2026-01-04 18:00:00,T1311,High Latency,Critical
E09740,2026-01-23 00:00:00,T1171,Packet Loss,Medium
E09741,2026-01-15 00:00:00,T1204,Traffic Spike,Low
E09742,2026-01-28 00:00:00,T1144,High CPU,Low
E09743,2026-01-23 12:00:00,T1015,Connection Failure,Low
E09744,2026-01-23 00:00:00,T1431,Call Drop,Critical
E09745,2026-01-19 06:00:00,T1196,Connection Failure,Low
E09746,2026-01-10 06:00:00,T1176,High CPU,Low
E09747,2026-01-16 12:00:00,T1177,High Latency,High
E09748,2026-01-28 12:00:00,T1257,High Latency,Low
E09749,2026-01-10 12:00:00,T1135,High Latency,Low
E09750,2026-01-17 06:00:00,T1390,Call Drop,Medium
E09751,2026-01-24 06:00:00,T1092,Traffic Spike,Medium
E09752,2026-01-05 18:00:00,T1175,Packet Loss,Low
E09753,2026-01-18 00:00:00,T1125,Traffic Spike,Low
E09754,2026-01-16 18:00:00,T1051,High CPU,Medium
E09755,2026-01-02 12:00:00,T1288,Traffic Spike,Medium
E09756,2026-01-23 00:00:00,T1273,High Latency,Low
E09757,2026-01-04 00:00:00,T1110,Call Drop,High
E09758,2026-01-24 12:00:00,T1323,High Latency,Low
E09759,2026-01-04 12:00:00,T1206,High Latency,Medium
E09760,2026-01-14 18:00:00,T1263,High Latency,High
E09761,2026-01-20 00:00:00,T1222,Connection Failure,High
E09762,2026-01-28 06:00:00,T1123,High CPU,Low
E09763,2026-01-02 06:00:00,T1054,High Latency,Low
E09764,2026-01-04 12:00:00,T1055,High CPU,Medium
E09765,2026-01-05 00:00:00,T1308,Low Signal,Low
E09766,2026-01-29 00:00:00,T1178,High CPU,Critical
E09767,2026-01-17 12:00:00,T1492,Connection Failure,Medium
E09768,2026-01-17 06:00:00,T1314,Low Signal,Low
E09769,2026-01-09 18:00:00,T1497,High CPU,Low
E09770,2026-01-21 00:00:00,T1215,High Latency,Medium
E09771,2026-01-08 06:00:00,T1018,High CPU,Medium
E09772,2026-01-25 06:00:00,T1470,Low Signal,High
E09773,2026-01-21 06:00:00,T1282,Packet Loss,Low
E09774,2026-01-15 12:00:00,T1108,Call Drop,Medium
E09775,2026-01-15 00:00:00,T1069,Call Drop,Medium
E09776,2026-01-21 12:00:00,T1386,High Latency,Medium
E09777,2026-01-18 18:00:00,T1486,Packet Loss,Low
E09778,2026-01-13 12:00:00,T1315,Traffic Spike,Medium
E09779,2026-01-15 18:00:00,T1405,Connection Failure,Low
E09780,2026-01-25 18:00:00,T1372,High CPU,High
E09781,2026-01-16 00:00:00,T1258,Packet Loss,High
E09782,2026-01-21 12:00:00,T1262,Traffic Spike,Critical
E09783,2026-01-20 18:00:00,T1107,Packet Loss,Low
E09784,2026-01-13 18:00:00,T1020,Packet Loss,Low
E09785,2026-01-14 18:00:00,T1171,Call Drop,Low
E09786,2026-01-25 06:00:00,T1256,Connection Failure,Low
E09787,2026-01-21 00:00:00,T1416,Connection Failure,Medium
E09788,2026-01-23 18:00:00,T1290,Call Drop,Low
E09789,2026-01-17 00:00:00,T1111,Traffic Spike,Medium
E09790,2026-01-21 00:00:00,T1152,Call Drop,Low
E09791,2026-01-18 00:00:00,T1285,High Latency,Low
E09792,2026-01-03 12:00:00,T1104,High Latency,Low
E09793,2026-01-23 06:00:00,T1184,Call Drop,Medium
E09794,2026-01-23 12:00:00,T1154,Low Signal,High
E09795,2026-01-26 06:00:00,T1150,Call Drop,Low
E09796,2026-01-09 00:00:00,T1035,Low Signal,Low
E09797,2026-01-10 06:00:00,T1266,Traffic Spike,Medium
E09798,2026-01-01 00:00:00,T1199,Traffic Spike,Medium
E09799,2026-01-07 06:00:00,T1499,Traffic Spike,Low
E09800,2026-01-19 00:00:00,T1347,Low Signal,Low
E09801,2026-01-23 06:00:00,T1181,Low Signal,High
E09802,2026-01-09 18:00:00,T1076,Traffic Spike,High
E09803,2026-01-25 18:00:00,T1097,High Latency,Low
E09804,2026-01-06 12:00:00,T1366,High CPU,High
E09805,2026-01-09 00:00:00,T1010,High Latency,Medium
E09806,2026-01-30 12:00:00,T1123,Low Signal,High
E09807,2026-01-17 00:00:00,T1294,Low Signal,Medium
E09808,2026-01-10 06:00:00,T1372,Low Signal,Low
E09809,2026-01-10 12:00:00,T1417,Connection Failure,Medium
E09810,2026-01-08 12:00:00,T1423,Low Signal,Low
E09811,2026-01-12 00:00:00,T1302,Packet Loss,High
E09812,2026-01-13 12:00:00,T1285,Packet Loss,Medium
E09813,2026-01-08 06:00:00,T1364,High Latency,Critical
E09814,2026-01-05 18:00:00,T1222,High CPU,Medium
E09815,2026-01-04 00:00:00,T1069,High Latency,Medium
E09816,2026-01-11 00:00:00,T1114,High Latency,Low
E09817,2026-01-27 12:00:00,T1375,Traffic Spike,High
E09818,2026-01-21 12:00:00,T1011,Call Drop,Medium
E09819,2026-01-26 12:00:00,T1043,High CPU,Low
E09820,2026-01-25 06:00:00,T1142,Traffic Spike,Critical
E09821,2026-01-29 12:00:00,T1093,High CPU,Low
E09822,2026-01-18 12:00:00,T1267,Traffic Spike,Low
E09823,2026-01-07 06:00:00,T1227,High CPU,Low
E09824,2026-01-21 18:00:00,T1086,High Latency,Medium
E09825,2026-01-02 06:00:00,T1181,Low Signal,Low
E09826,2026-01-27 12:00:00,T1389,Traffic Spike,High
E09827,2026-01-04 12:00:00,T1313,Traffic Spike,Medium
E09828,2026-01-27 06:00:00,T1391,Traffic Spike,Medium
E09829,2026-01-26 12:00:00,T1111,High CPU,High
E09830,2026-01-20 00:00:00,T1208,Connection Failure,Critical
E09831,2026-01-01 18:00:00,T1485,High Latency,Low
E09832,2026-01-16 06:00:00,T1359,Connection Failure,Low
E09833,2026-01-29 00:00:00,T1112,High Latency,Low
E09834,2026-01-06 18:00:00,T1333,Connection Failure,Critical
E09835,2026-01-10 00:00:00,T1239,High Latency,Medium
E09836,2026-01-18 18:00:00,T1140,High CPU,Medium
E09837,2026-01-12 06:00:00,T1008,High CPU,Low
E09838,2026-01-10 12:00:00,T1434,High Latency,Medium
E09839,2026-01-28 06:00:00,T1031,Call Drop,High
E09840,2026-01-17 18:00:00,T1475,High CPU,Low
E09841,2026-01-15 06:00:00,T1443,High Latency,Critical
E09842,2026-01-06 06:00:00,T1011,Traffic Spike,High
E09843,2026-01-08 18:00:00,T1489,Traffic Spike,High
E09844,2026-01-21 12:00:00,T1476,Call Drop,Low
E09845,2026-01-12 06:00:00,T1400,Packet Loss,Medium
E09846,2026-01-25 00:00:00,T1129,Traffic Spike,Critical
E09847,2026-01-09 18:00:00,T1213,High CPU,Medium
E09848,2026-01-02 18:00:00,T1340,High Latency,Medium
E09849,2026-01-08 06:00:00,T1368,Connection Failure,Low
E09850,2026-01-13 12:00:00,T1274,High CPU,High
E09851,2026-01-01 06:00:00,T1036,Low Signal,High
E09852,2026-01-24 00:00:00,T1487,Traffic Spike,Medium
E09853,2026-01-11 12:00:00,T1205,High CPU,High
E09854,2026-01-26 06:00:00,T1288,Packet Loss,Critical
E09855,2026-01-28 00:00:00,T1085,Traffic Spike,High
E09856,2026-01-03 12:00:00,T1478,Packet Loss,Medium
E09857,2026-01-01 00:00:00,T1440,High CPU,High
E09858,2026-01-16 18:00:00,T1224,High CPU,Low
E09859,2026-01-10 18:00:00,T1433,Low Signal,Medium
E09860,2026-01-28 18:00:00,T1005,Packet Loss,Low
E09861,2026-01-27 00:00:00,T1416,High Latency,High
E09862,2026-01-16 12:00:00,T1416,High CPU,Low
E09863,2026-01-10 00:00:00,T1351,High CPU,High
E09864,2026-01-28 06:00:00,T1101,Connection Failure,High
E09865,2026-01-10 12:00:00,T1358,Connection Failure,Low
E09866,2026-01-24 00:00:00,T1497,Connection Failure,Low
E09867,2026-01-12 18:00:00,T1372,High CPU,Low
E09868,2026-01-05 18:00:00,T1164,Packet Loss,Medium
E09869,2026-01-26 06:00:00,T1403,High Latency,Medium
E09870,2026-01-24 12:00:00,T1081,High CPU,Medium
E09871,2026-01-05 00:00:00,T1081,High CPU,Medium
E09872,2026-01-15 00:00:00,T1274,High Latency,Low
E09873,2026-01-22 12:00:00,T1079,Low Signal,Low
E09874,2026-01-03 18:00:00,T1176,High CPU,High
E09875,2026-01-07 18:00:00,T1042,High Latency,Low
E09876,2026-01-27 12:00:00,T1015,High CPU,Low
E09877,2026-01-08 00:00:00,T1165,Call Drop,Medium
E09878,2026-01-28 06:00:00,T1409,Low Signal,Low
E09879,2026-01-08 06:00:00,T1149,High CPU,Medium
E09880,2026-01-28 00:00:00,T1059,Low Signal,Medium
E09881,2026-01-09 12:00:00,T1180,High CPU,Low
E09882,2026-01-01 18:00:00,T1276,Packet Loss,Low
E09883,2026-01-11 06:00:00,T1343,Low Signal,Medium
E09884,2026-01-11 18:00:00,T1314,High Latency,Low
E09885,2026-01-02 06:00:00,T1181,Packet Loss,Medium
E09886,2026-01-23 06:00:00,T1340,Traffic Spike,High
E09887,2026-01-02 18:00:00,T1075,Traffic Spike,Medium
E09888,2026-01-05 00:00:00,T1408,Call Drop,Low
E09889,2026-01-17 12:00:00,T1414,Call Drop,Medium
E09890,2026-01-04 06:00:00,T1284,Call Drop,Medium
E09891,2026-01-11 18:00:00,T1263,Call Drop,High
E09892,2026-01-28 06:00:00,T1430,Packet Loss,Low
E09893,2026-01-02 06:00:00,T1043,High CPU,Low
E09894,2026-01-17 18:00:00,T1060,Packet Loss,Low
E09895,2026-01-26 00:00:00,T1163,Low Signal,Low
E09896,2026-01-28 12:00:00,T1406,High Latency,Low
E09897,2026-01-19 18:00:00,T1450,Traffic Spike,Low
E09898,2026-01-06 18:00:00,T1152,Call Drop,Medium
E09899,2026-01-25 18:00:00,T1255,High Latency,Low
E09900,2026-01-10 12:00:00,T1111,Connection Failure,Low
E09901,2026-01-12 12:00:00,T1182,Packet Loss,Low
E09902,2026-01-05 00:00:00,T1131,Connection Failure,Medium
E09903,2026-01-19 12:00:00,T1052,Traffic Spike,Low
E09904,2026-01-19 12:00:00,T1418,High Latency,Medium
E09905,2026-01-01 12:00:00,T1373,Call Drop,Low
E09906,2026-01-02 18:00:00,T1294,Call Drop,Low
E09907,2026-01-16 06:00:00,T1442,High CPU,Low
E09908,2026-01-21 18:00:00,T1028,Traffic Spike,Low
E09909,2026-01-30 00:00:00,T1037,Traffic Spike,Medium
E09910,2026-01-15 00:00:00,T1436,Traffic Spike,Low
E09911,2026-01-20 00:00:00,T1137,High Latency,Low
E09912,2026-01-02 06:00:00,T1281,Traffic Spike,Low
E09913,2026-01-04 12:00:00,T1097,Call Drop,Low
E09914,2026-01-15 12:00:00,T1237,Packet Loss,Low
E09915,2026-01-14 06:00:00,T1450,Call Drop,Medium
E09916,2026-01-06 12:00:00,T1473,Low Signal,Low
E09917,2026-01-25 12:00:00,T1496,High Latency,Low
E09918,2026-01-10 18:00:00,T1165,High CPU,Critical
E09919,2026-01-19 00:00:00,T1262,Traffic Spike,Low
E09920,2026-01-20 06:00:00,T1190,High CPU,Medium
E09921,2026-01-16 12:00:00,T1238,Low Signal,High
E09922,2026-01-28 12:00:00,T1060,Packet Loss,Low
E09923,2026-01-17 00:00:00,T1367,Connection Failure,Medium
E09924,2026-01-06 00:00:00,T1074,Packet Loss,Low
E09925,2026-01-25 18:00:00,T1098,Low Signal,Low
E09926,2026-01-01 00:00:00,T1211,High Latency,Low
E09927,2026-01-30 06:00:00,T1095,Packet Loss,Low
E09928,2026-01-20 00:00:00,T1389,Traffic Spike,Low
E09929,2026-01-29 00:00:00,T1326,Call Drop,Medium
E09930,2026-01-19 06:00:00,T1249,Low Signal,Medium
E09931,2026-01-17 12:00:00,T1112,Packet Loss,Low
E09932,2026-01-03 12:00:00,T1247,Connection Failure,Low
E09933,2026-01-01 06:00:00,T1310,Low Signal,Low
E09934,2026-01-09 00:00:00,T1332,Low Signal,Low
E09935,2026-01-08 00:00:00,T1472,Packet Loss,Medium
E09936,2026-01-13 00:00:00,T1453,Traffic Spike,Low
E09937,2026-01-05 00:00:00,T1242,Low Signal,Low
E09938,2026-01-03 12:00:00,T1045,Traffic Spike,Medium
E09939,2026-01-14 18:00:00,T1367,Traffic Spike,Critical
E09940,2026-01-06 06:00:00,T1350,High CPU,High
E09941,2026-01-18 06:00:00,T1183,Connection Failure,Low
E09942,2026-01-26 00:00:00,T1013,Low Signal,Low
E09943,2026-01-17 00:00:00,T1039,Packet Loss,Low
E09944,2026-01-22 06:00:00,T1404,High CPU,Low
E09945,2026-01-25 12:00:00,T1297,Packet Loss,Low
E09946,2026-01-30 12:00:00,T1345,High Latency,Medium
E09947,2026-01-25 18:00:00,T1150,Call Drop,Low
E09948,2026-01-27 18:00:00,T1170,High CPU,Medium
E09949,2026-01-06 06:00:00,T1479,High CPU,High
E09950,2026-01-23 00:00:00,T1036,Packet Loss,Medium
E09951,2026-01-01 00:00:00,T1321,Traffic Spike,High
E09952,2026-01-15 18:00:00,T1043,Low Signal,Low
E09953,2026-01-27 06:00:00,T1294,Traffic Spike,Low
E09954,2026-01-26 00:00:00,T1330,Connection Failure,Medium
E09955,2026-01-16 12:00:00,T1207,Low Signal,Medium
E09956,2026-01-13 18:00:00,T1418,High Latency,Low
E09957,2026-01-15 18:00:00,T1364,Low Signal,Medium
E09958,2026-01-24 12:00:00,T1144,Call Drop,Low
E09959,2026-01-13 12:00:00,T1429,Connection Failure,Low
E09960,2026-01-29 18:00:00,T1485,Call Drop,Critical
E09961,2026-01-20 06:00:00,T1446,Call Drop,High
E09962,2026-01-07 06:00:00,T1038,High CPU,Medium
E09963,2026-01-17 00:00:00,T1059,Traffic Spike,Low
E09964,2026-01-20 12:00:00,T1092,Call Drop,Medium
E09965,2026-01-09 12:00:00,T1341,Connection Failure,High
E09966,2026-01-06 18:00:00,T1166,Call Drop,Low
E09967,2026-01-04 12:00:00,T1228,Traffic Spike,Medium
E09968,2026-01-03 06:00:00,T1292,High Latency,Low
E09969,2026-01-30 12:00:00,T1220,Packet Loss,Low
E09970,2026-01-24 12:00:00,T1028,Call Drop,Low
E09971,2026-01-09 06:00:00,T1164,High Latency,Medium
E09972,2026-01-02 06:00:00,T1294,High CPU,High
E09973,2026-01-11 00:00:00,T1216,Packet Loss,Medium
E09974,2026-01-15 06:00:00,T1130,High CPU,Medium
E09975,2026-01-25 06:00:00,T1207,Packet Loss,Low
E09976,2026-01-21 00:00:00,T1462,High CPU,Low
E09977,2026-01-07 00:00:00,T1035,Low Signal,High
E09978,2026-01-05 06:00:00,T1429,Connection Failure,Medium
E09979,2026-01-04 12:00:00,T1221,High CPU,Low
E09980,2026-01-12 00:00:00,T1077,High Latency,High
E09981,2026-01-25 18:00:00,T1277,Low Signal,Low
E09982,2026-01-06 06:00:00,T1092,High Latency,Medium
E09983,2026-01-07 00:00:00,T1259,Low Signal,Medium
E09984,2026-01-20 18:00:00,T1087,Call Drop,Low
E09985,2026-01-10 00:00:00,T1102,High CPU,Low
E09986,2026-01-24 00:00:00,T1060,Call Drop,High
E09987,2026-01-10 06:00:00,T1189,Connection Failure,Low
E09988,2026-01-15 12:00:00,T1396,High CPU,High
E09989,2026-01-04 18:00:00,T1373,Packet Loss,Low
E09990,2026-01-18 12:00:00,T1371,Packet Loss,Medium
E09991,2026-01-10 06:00:00,T1221,Traffic Spike,High
E09992,2026-01-21 18:00:00,T1129,High CPU,Low
E09993,2026-01-05 18:00:00,T1302,High Latency,Low
E09994,2026-01-22 12:00:00,T1475,Low Signal,Medium
E09995,2026-01-13 06:00:00,T1422,Connection Failure,Medium
E09996,2026-01-06 00:00:00,T1145,Traffic Spike,Medium
E09997,2026-01-20 00:00:00,T1114,Connection Failure,Low
E09998,2026-01-17 00:00:00,T1070,High Latency,High
E09999,2026-01-04 18:00:00,T1484,High Latency,Low
E10000,2026-01-23 18:00:00,T1148,High CPU,Medium
