fault_id,tower_id,timestamp,fault_type,severity,duration_minutes,resolved
F00001,T1043,2026-01-11 00:00:00,Power Issue,Low,138,True
F00002,T1247,2026-01-28 12:00:00,Configuration Error,Low,310,True
F00003,T1495,2026-01-08 06:00:00,Radio Degradation,Low,40,True
F00004,T1494,2026-01-08 18:00:00,Configuration Error,Low,75,True
F00005,T1072,2026-01-13 00:00:00,Configuration Error,Medium,242,True
F00006,T1404,2026-01-14 18:00:00,Hardware Failure,Medium,9,True
F00007,T1369,2026-01-23 00:00:00,Radio Degradation,Low,5,True
F00008,T1159,2026-01-12 12:00:00,Network Congestion,Medium,177,True
F00009,T1265,2026-01-17 12:00:00,Radio Degradation,Low,22,True
F00010,T1472,2026-01-12 12:00:00,Backhaul Failure,Medium,7,True
F00011,T1393,2026-01-26 12:00:00,Radio Degradation,Medium,58,True
F00012,T1356,2026-01-04 06:00:00,Power Issue,Low,77,True
F00013,T1285,2026-01-17 18:00:00,Backhaul Failure,Medium,15,True
F00014,T1407,2026-01-06 18:00:00,Configuration Error,Medium,94,False
F00015,T1129,2026-01-18 06:00:00,Backhaul Failure,Low,99,True
F00016,T1043,2026-01-20 00:00:00,Power Issue,Critical,86,True
F00017,T1169,2026-01-27 18:00:00,Radio Degradation,Medium,39,True
F00018,T1346,2026-01-16 18:00:00,Configuration Error,High,77,True
F00019,T1445,2026-01-19 00:00:00,Network Congestion,Low,60,True
F00020,T1049,2026-01-10 06:00:00,Backhaul Failure,Medium,120,True
F00021,T1059,2026-01-18 00:00:00,Radio Degradation,Low,8,True
F00022,T1373,2026-01-18 00:00:00,Configuration Error,Medium,5,True
F00023,T1407,2026-01-04 06:00:00,Power Issue,High,92,True
F00024,T1261,2026-01-12 00:00:00,Backhaul Failure,High,13,True
F00025,T1326,2026-01-07 12:00:00,Configuration Error,Medium,93,True
F00026,T1298,2026-01-05 06:00:00,Network Congestion,High,20,True
F00027,T1049,2026-01-09 06:00:00,Power Issue,Critical,98,True
F00028,T1245,2026-01-09 00:00:00,Network Congestion,Critical,5,True
F00029,T1229,2026-01-09 06:00:00,Configuration Error,High,31,True
F00030,T1204,2026-01-11 06:00:00,Configuration Error,Low,86,True
F00031,T1301,2026-01-09 18:00:00,Backhaul Failure,Medium,77,True
F00032,T1395,2026-01-13 12:00:00,Configuration Error,High,19,True
F00033,T1265,2026-01-11 00:00:00,Configuration Error,Low,248,False
F00034,T1359,2026-01-22 12:00:00,Hardware Failure,High,26,True
F00035,T1407,2026-01-27 06:00:00,Backhaul Failure,Low,21,True
F00036,T1078,2026-01-18 06:00:00,Radio Degradation,High,52,True
F00037,T1346,2026-01-25 00:00:00,Hardware Failure,Low,312,True
F00038,T1266,2026-01-01 00:00:00,Network Congestion,Medium,15,True
F00039,T1407,2026-01-07 06:00:00,Configuration Error,Low,52,True
F00040,T1352,2026-01-03 12:00:00,Power Issue,Low,27,True
F00041,T1178,2026-01-06 00:00:00,Backhaul Failure,Medium,12,True
F00042,T1369,2026-01-08 18:00:00,Configuration Error,Low,19,True
F00043,T1151,2026-01-16 00:00:00,Network Congestion,Medium,21,True
F00044,T1018,2026-01-01 00:00:00,Configuration Error,Low,63,True
F00045,T1407,2026-01-23 06:00:00,Backhaul Failure,Low,75,True
F00046,T1050,2026-01-26 00:00:00,Hardware Failure,Low,138,True
F00047,T1085,2026-01-13 06:00:00,Configuration Error,Critical,63,True
F00048,T1353,2026-01-19 00:00:00,Radio Degradation,Medium,206,True
F00049,T1401,2026-01-07 06:00:00,Backhaul Failure,Medium,14,True
F00050,T1151,2026-01-03 00:00:00,Network Congestion,High,25,True
F00051,T1184,2026-01-12 18:00:00,Power Issue,High,53,True
F00052,T1012,2026-01-03 06:00:00,Radio Degradation,Medium,64,True
F00053,T1054,2026-01-25 00:00:00,Configuration Error,High,5,True
F00054,T1005,2026-01-17 06:00:00,Configuration Error,Low,5,True
F00055,T1326,2026-01-16 18:00:00,Hardware Failure,Low,5,True
F00056,T1105,2026-01-17 00:00:00,Power Issue,High,5,True
F00057,T1205,2026-01-14 12:00:00,Radio Degradation,Medium,35,True
F00058,T1105,2026-01-01 00:00:00,Hardware Failure,Low,91,True
F00059,T1229,2026-01-26 18:00:00,Radio Degradation,Low,192,True
F00060,T1200,2026-01-14 18:00:00,Hardware Failure,Medium,33,True
F00061,T1347,2026-01-09 00:00:00,Power Issue,Low,51,False
F00062,T1347,2026-01-18 12:00:00,Backhaul Failure,Medium,16,True
F00063,T1178,2026-01-22 00:00:00,Power Issue,Medium,58,True
F00064,T1326,2026-01-02 06:00:00,Hardware Failure,High,288,True
F00065,T1298,2026-01-20 00:00:00,Power Issue,Medium,15,True
F00066,T1129,2026-01-04 00:00:00,Configuration Error,Low,45,True
F00067,T1059,2026-01-12 12:00:00,Network Congestion,Low,13,True
F00068,T1415,2026-01-24 00:00:00,Hardware Failure,Low,34,True
F00069,T1353,2026-01-03 12:00:00,Configuration Error,Critical,49,True
F00070,T1059,2026-01-15 12:00:00,Hardware Failure,Medium,66,True
F00071,T1132,2026-01-06 12:00:00,Hardware Failure,High,149,True
F00072,T1472,2026-01-08 00:00:00,Hardware Failure,High,77,True
F00073,T1337,2026-01-16 12:00:00,Backhaul Failure,High,84,True
F00074,T1306,2026-01-18 18:00:00,Network Congestion,Low,69,True
F00075,T1401,2026-01-11 12:00:00,Hardware Failure,Medium,26,True
F00076,T1273,2026-01-29 00:00:00,Network Congestion,Low,158,True
F00077,T1337,2026-01-13 00:00:00,Backhaul Failure,High,76,True
F00078,T1382,2026-01-11 00:00:00,Radio Degradation,Medium,5,True
F00079,T1385,2026-01-19 12:00:00,Configuration Error,Medium,63,True
F00080,T1404,2026-01-16 06:00:00,Configuration Error,High,20,True
F00081,T1037,2026-01-05 00:00:00,Backhaul Failure,Low,85,True
F00082,T1359,2026-01-27 00:00:00,Power Issue,Low,246,True
F00083,T1495,2026-01-24 12:00:00,Hardware Failure,Low,32,False
F00084,T1200,2026-01-16 00:00:00,Network Congestion,Medium,42,True
F00085,T1288,2026-01-29 18:00:00,Configuration Error,High,13,True
F00086,T1354,2026-01-03 00:00:00,Radio Degradation,Low,29,True
F00087,T1105,2026-01-19 00:00:00,Backhaul Failure,Medium,82,True
F00088,T1385,2026-01-09 12:00:00,Backhaul Failure,Medium,53,True
F00089,T1356,2026-01-15 12:00:00,Network Congestion,Low,109,True
F00090,T1304,2026-01-04 06:00:00,Hardware Failure,Low,91,True
F00091,T1237,2026-01-04 12:00:00,Network Congestion,Medium,19,True
F00092,T1214,2026-01-03 06:00:00,Configuration Error,Low,15,True
F00093,T1005,2026-01-02 06:00:00,Power Issue,Low,6,True
F00094,T1193,2026-01-13 00:00:00,Configuration Error,Low,8,True
F00095,T1129,2026-01-01 18:00:00,Backhaul Failure,Medium,37,True
F00096,T1259,2026-01-15 00:00:00,Network Congestion,Low,6,True
F00097,T1220,2026-01-05 06:00:00,Backhaul Failure,Low,24,True
F00098,T1012,2026-01-03 12:00:00,Hardware Failure,Low,18,True
F00099,T1012,2026-01-15 06:00:00,Hardware Failure,High,292,True
F00100,T1471,2026-01-04 00:00:00,Backhaul Failure,Low,19,False
F00101,T1072,2026-01-27 18:00:00,Backhaul Failure,Low,63,True
F00102,T1129,2026-01-12 06:00:00,Network Congestion,Low,49,True
F00103,T1347,2026-01-02 06:00:00,Configuration Error,Low,5,True
F00104,T1330,2026-01-16 00:00:00,Hardware Failure,Low,22,True
F00105,T1256,2026-01-21 06:00:00,Configuration Error,Critical,22,True
F00106,T1247,2026-01-13 12:00:00,Backhaul Failure,Medium,91,True
F00107,T1205,2026-01-17 12:00:00,Backhaul Failure,Low,22,True
F00108,T1127,2026-01-08 00:00:00,Power Issue,Low,5,False
F00109,T1353,2026-01-12 06:00:00,Network Congestion,Low,24,True
F00110,T1415,2026-01-18 00:00:00,Network Congestion,Medium,62,False
F00111,T1184,2026-01-12 06:00:00,Network Congestion,Low,117,True
F00112,T1495,2026-01-23 12:00:00,Radio Degradation,Low,42,True
F00113,T1205,2026-01-19 06:00:00,Radio Degradation,High,34,True
F00114,T1059,2026-01-18 12:00:00,Network Congestion,Medium,5,True
F00115,T1288,2026-01-20 06:00:00,Hardware Failure,Medium,5,True
F00116,T1298,2026-01-07 06:00:00,Power Issue,Medium,10,False
F00117,T1278,2026-01-02 00:00:00,Network Congestion,Medium,90,False
F00118,T1472,2026-01-28 12:00:00,Hardware Failure,Low,224,False
F00119,T1053,2026-01-19 00:00:00,Power Issue,Low,101,True
F00120,T1425,2026-01-24 18:00:00,Configuration Error,Critical,115,True
F00121,T1129,2026-01-23 12:00:00,Network Congestion,Medium,26,True
F00122,T1243,2026-01-10 12:00:00,Network Congestion,Low,74,True
F00123,T1458,2026-01-19 18:00:00,Radio Degradation,Low,10,True
F00124,T1298,2026-01-08 00:00:00,Backhaul Failure,Low,7,True
F00125,T1326,2026-01-12 12:00:00,Network Congestion,Medium,65,False
F00126,T1393,2026-01-22 12:00:00,Backhaul Failure,Low,65,True
F00127,T1113,2026-01-03 12:00:00,Power Issue,High,16,True
F00128,T1224,2026-01-13 18:00:00,Configuration Error,Medium,5,True
F00129,T1237,2026-01-16 18:00:00,Power Issue,Medium,132,True
F00130,T1175,2026-01-26 06:00:00,Network Congestion,Medium,92,True
F00131,T1306,2026-01-10 00:00:00,Power Issue,Low,107,True
F00132,T1078,2026-01-06 18:00:00,Network Congestion,Medium,11,True
F00133,T1395,2026-01-11 18:00:00,Configuration Error,Low,18,False
F00134,T1123,2026-01-20 18:00:00,Network Congestion,Low,55,True
F00135,T1169,2026-01-14 12:00:00,Configuration Error,Low,19,True
F00136,T1224,2026-01-13 18:00:00,Network Congestion,Low,5,True
F00137,T1395,2026-01-10 18:00:00,Network Congestion,Low,79,True
F00138,T1359,2026-01-10 00:00:00,Backhaul Failure,High,62,True
F00139,T1053,2026-01-16 18:00:00,Configuration Error,Low,5,True
F00140,T1184,2026-01-06 12:00:00,Backhaul Failure,Low,253,True
F00141,T1261,2026-01-15 18:00:00,Power Issue,Low,141,True
F00142,T1229,2026-01-05 00:00:00,Hardware Failure,Medium,244,True
F00143,T1237,2026-01-25 06:00:00,Radio Degradation,Low,32,True
F00144,T1294,2026-01-14 18:00:00,Radio Degradation,High,5,True
F00145,T1445,2026-01-13 00:00:00,Radio Degradation,Medium,169,True
F00146,T1245,2026-01-22 06:00:00,Hardware Failure,High,28,True
F00147,T1123,2026-01-07 06:00:00,Network Congestion,Low,89,True
F00148,T1346,2026-01-14 06:00:00,Configuration Error,Low,18,True
F00149,T1356,2026-01-30 00:00:00,Hardware Failure,Low,36,True
F00150,T1278,2026-01-28 12:00:00,Radio Degradation,Medium,53,True
F00151,T1458,2026-01-20 18:00:00,Hardware Failure,Medium,16,True
F00152,T1404,2026-01-19 00:00:00,Hardware Failure,Medium,14,True
F00153,T1054,2026-01-28 12:00:00,Backhaul Failure,Low,53,True
F00154,T1245,2026-01-20 18:00:00,Hardware Failure,Low,7,True
F00155,T1313,2026-01-20 18:00:00,Hardware Failure,Low,21,True
F00156,T1113,2026-01-08 00:00:00,Configuration Error,Medium,46,True
F00157,T1132,2026-01-01 12:00:00,Power Issue,Low,52,True
F00158,T1458,2026-01-22 00:00:00,Network Congestion,Low,93,False
F00159,T1018,2026-01-25 12:00:00,Power Issue,Medium,86,True
F00160,T1395,2026-01-07 18:00:00,Network Congestion,High,200,True
F00161,T1265,2026-01-25 12:00:00,Hardware Failure,Medium,69,True
F00162,T1382,2026-01-23 18:00:00,Network Congestion,High,16,True
F00163,T1205,2026-01-01 06:00:00,Network Congestion,High,7,True
F00164,T1229,2026-01-08 00:00:00,Backhaul Failure,Low,32,True
F00165,T1256,2026-01-09 12:00:00,Backhaul Failure,Medium,13,True
F00166,T1214,2026-01-22 00:00:00,Network Congestion,Low,6,True
F00167,T1129,2026-01-28 18:00:00,Radio Degradation,Medium,8,True
F00168,T1261,2026-01-24 00:00:00,Power Issue,Low,154,True
F00169,T1245,2026-01-25 06:00:00,Network Congestion,Medium,25,True
F00170,T1415,2026-01-21 18:00:00,Radio Degradation,Low,41,True
F00171,T1346,2026-01-01 18:00:00,Network Congestion,Medium,58,True
F00172,T1336,2026-01-08 12:00:00,Radio Degradation,High,120,True
F00173,T1393,2026-01-21 12:00:00,Backhaul Failure,High,16,True
F00174,T1266,2026-01-09 06:00:00,Backhaul Failure,Low,51,True
F00175,T1313,2026-01-13 00:00:00,Hardware Failure,Medium,98,True
F00176,T1132,2026-01-18 12:00:00,Power Issue,Medium,132,True
F00177,T1078,2026-01-09 12:00:00,Power Issue,Low,20,True
F00178,T1178,2026-01-10 06:00:00,Network Congestion,Medium,11,True
F00179,T1229,2026-01-26 18:00:00,Configuration Error,Low,5,True
F00180,T1297,2026-01-21 18:00:00,Power Issue,Low,29,True
F00181,T1184,2026-01-24 00:00:00,Radio Degradation,Medium,5,True
F00182,T1169,2026-01-11 06:00:00,Configuration Error,Medium,136,True
F00183,T1055,2026-01-12 12:00:00,Network Congestion,High,5,True
F00184,T1159,2026-01-10 00:00:00,Backhaul Failure,Low,33,True
F00185,T1481,2026-01-25 06:00:00,Configuration Error,High,79,True
F00186,T1220,2026-01-12 06:00:00,Configuration Error,High,6,True
F00187,T1471,2026-01-12 12:00:00,Radio Degradation,Low,189,True
F00188,T1228,2026-01-02 00:00:00,Backhaul Failure,High,16,True
F00189,T1346,2026-01-13 12:00:00,Backhaul Failure,Low,32,True
F00190,T1085,2026-01-07 12:00:00,Backhaul Failure,Critical,306,True
F00191,T1266,2026-01-05 12:00:00,Configuration Error,Low,125,True
F00192,T1471,2026-01-21 06:00:00,Power Issue,Medium,42,True
F00193,T1352,2026-01-07 06:00:00,Radio Degradation,High,13,True
F00194,T1212,2026-01-25 00:00:00,Network Congestion,Medium,30,True
F00195,T1274,2026-01-14 18:00:00,Backhaul Failure,Low,122,True
F00196,T1050,2026-01-12 00:00:00,Power Issue,High,39,True
F00197,T1247,2026-01-22 00:00:00,Configuration Error,Medium,39,True
F00198,T1492,2026-01-10 06:00:00,Hardware Failure,Low,42,True
F00199,T1123,2026-01-03 00:00:00,Power Issue,High,58,True
F00200,T1294,2026-01-20 12:00:00,Backhaul Failure,High,25,False
F00201,T1078,2026-01-29 18:00:00,Power Issue,High,30,True
F00202,T1274,2026-01-01 06:00:00,Network Congestion,Medium,91,True
F00203,T1050,2026-01-01 06:00:00,Hardware Failure,Low,13,True
F00204,T1306,2026-01-13 12:00:00,Radio Degradation,Medium,283,True
F00205,T1224,2026-01-22 00:00:00,Configuration Error,High,53,True
F00206,T1472,2026-01-14 18:00:00,Backhaul Failure,Low,5,True
F00207,T1458,2026-01-05 06:00:00,Configuration Error,Medium,14,True
F00208,T1200,2026-01-22 00:00:00,Configuration Error,Medium,6,True
F00209,T1458,2026-01-05 18:00:00,Hardware Failure,Medium,18,True
F00210,T1054,2026-01-04 00:00:00,Backhaul Failure,Low,7,True
F00211,T1261,2026-01-27 06:00:00,Power Issue,Medium,99,True
F00212,T1337,2026-01-18 18:00:00,Network Congestion,Medium,15,True
F00213,T1326,2026-01-01 00:00:00,Configuration Error,Low,28,True
F00214,T1245,2026-01-22 18:00:00,Network Congestion,High,5,True
F00215,T1105,2026-01-24 00:00:00,Power Issue,Medium,93,True
F00216,T1385,2026-01-09 18:00:00,Hardware Failure,Low,9,True
F00217,T1337,2026-01-28 12:00:00,Power Issue,High,14,True
F00218,T1495,2026-01-04 00:00:00,Hardware Failure,Low,200,True
F00219,T1012,2026-01-06 12:00:00,Power Issue,High,92,False
F00220,T1415,2026-01-29 00:00:00,Power Issue,High,26,True
F00221,T1274,2026-01-13 18:00:00,Power Issue,High,7,True
F00222,T1175,2026-01-26 18:00:00,Configuration Error,High,82,True
F00223,T1468,2026-01-23 00:00:00,Network Congestion,Low,15,False
F00224,T1175,2026-01-26 18:00:00,Network Congestion,Medium,130,True
F00225,T1298,2026-01-01 06:00:00,Backhaul Failure,High,27,True
F00226,T1237,2026-01-15 00:00:00,Hardware Failure,Low,77,True
F00227,T1393,2026-01-28 06:00:00,Configuration Error,High,18,True
F00228,T1113,2026-01-23 00:00:00,Backhaul Failure,Medium,73,True
F00229,T1492,2026-01-22 18:00:00,Network Congestion,High,43,True
F00230,T1298,2026-01-02 00:00:00,Configuration Error,High,11,True
F00231,T1228,2026-01-28 18:00:00,Network Congestion,Low,148,True
F00232,T1326,2026-01-11 12:00:00,Hardware Failure,Medium,11,True
F00233,T1243,2026-01-13 06:00:00,Hardware Failure,Medium,21,True
F00234,T1043,2026-01-03 18:00:00,Backhaul Failure,Low,43,False
F00235,T1354,2026-01-21 00:00:00,Hardware Failure,Medium,85,True
F00236,T1330,2026-01-01 00:00:00,Radio Degradation,Critical,26,True
F00237,T1233,2026-01-18 06:00:00,Configuration Error,Medium,26,False
F00238,T1373,2026-01-27 00:00:00,Network Congestion,High,5,True
F00239,T1313,2026-01-20 18:00:00,Configuration Error,Medium,26,True
F00240,T1472,2026-01-04 06:00:00,Hardware Failure,Low,88,True
F00241,T1385,2026-01-18 12:00:00,Configuration Error,Low,5,True
F00242,T1059,2026-01-05 18:00:00,Hardware Failure,Low,40,True
F00243,T1214,2026-01-30 18:00:00,Network Congestion,Medium,70,True
F00244,T1204,2026-01-11 00:00:00,Backhaul Failure,Low,33,True
F00245,T1273,2026-01-19 00:00:00,Backhaul Failure,Medium,32,True
F00246,T1366,2026-01-05 18:00:00,Hardware Failure,Medium,18,True
F00247,T1072,2026-01-27 18:00:00,Radio Degradation,High,32,False
F00248,T1113,2026-01-19 06:00:00,Configuration Error,High,35,True
F00249,T1340,2026-01-20 12:00:00,Radio Degradation,High,130,True
F00250,T1005,2026-01-30 06:00:00,Power Issue,Low,42,True
F00251,T1385,2026-01-15 06:00:00,Network Congestion,Medium,346,True
F00252,T1354,2026-01-17 12:00:00,Configuration Error,Medium,24,True
F00253,T1495,2026-01-30 06:00:00,Network Congestion,Low,27,True
F00254,T1346,2026-01-12 06:00:00,Configuration Error,Medium,21,False
F00255,T1366,2026-01-18 12:00:00,Configuration Error,Low,29,True
F00256,T1175,2026-01-19 18:00:00,Configuration Error,Medium,5,True
F00257,T1054,2026-01-29 18:00:00,Hardware Failure,Medium,13,True
F00258,T1285,2026-01-02 00:00:00,Network Congestion,Low,5,True
F00259,T1054,2026-01-22 12:00:00,Network Congestion,High,5,True
F00260,T1385,2026-01-07 00:00:00,Power Issue,High,162,True
F00261,T1273,2026-01-24 06:00:00,Configuration Error,Medium,5,True
F00262,T1233,2026-01-26 12:00:00,Configuration Error,Medium,42,False
F00263,T1184,2026-01-14 12:00:00,Radio Degradation,Low,32,True
F00264,T1256,2026-01-20 18:00:00,Network Congestion,High,16,True
F00265,T1012,2026-01-12 06:00:00,Configuration Error,Critical,68,True
F00266,T1129,2026-01-22 00:00:00,Network Congestion,Critical,125,True
F00267,T1214,2026-01-13 00:00:00,Backhaul Failure,Low,12,True
F00268,T1425,2026-01-19 12:00:00,Hardware Failure,Low,6,True
F00269,T1347,2026-01-02 06:00:00,Power Issue,Medium,99,True
F00270,T1301,2026-01-20 12:00:00,Backhaul Failure,High,30,True
F00271,T1105,2026-01-26 12:00:00,Radio Degradation,Low,128,True
F00272,T1331,2026-01-26 06:00:00,Backhaul Failure,Medium,17,True
F00273,T1492,2026-01-08 06:00:00,Configuration Error,Low,5,True
F00274,T1151,2026-01-25 18:00:00,Radio Degradation,High,15,False
F00275,T1336,2026-01-04 12:00:00,Backhaul Failure,Low,20,True
F00276,T1313,2026-01-08 00:00:00,Configuration Error,High,34,True
F00277,T1472,2026-01-13 12:00:00,Radio Degradation,Medium,75,True
F00278,T1294,2026-01-27 12:00:00,Radio Degradation,High,5,True
F00279,T1337,2026-01-10 06:00:00,Power Issue,Medium,259,False
F00280,T1123,2026-01-25 00:00:00,Configuration Error,Low,30,True
F00281,T1151,2026-01-28 18:00:00,Hardware Failure,Low,5,True
F00282,T1495,2026-01-25 18:00:00,Configuration Error,High,65,True
F00283,T1346,2026-01-05 00:00:00,Backhaul Failure,Medium,84,True
F00284,T1105,2026-01-02 06:00:00,Power Issue,Medium,34,True
F00285,T1288,2026-01-30 12:00:00,Backhaul Failure,Low,97,True
F00286,T1072,2026-01-11 00:00:00,Backhaul Failure,Medium,29,True
F00287,T1012,2026-01-24 00:00:00,Configuration Error,Medium,14,True
F00288,T1105,2026-01-12 00:00:00,Power Issue,High,15,True
F00289,T1395,2026-01-10 18:00:00,Backhaul Failure,Low,19,True
F00290,T1228,2026-01-06 06:00:00,Network Congestion,Medium,5,True
F00291,T1191,2026-01-10 06:00:00,Power Issue,Medium,6,False
F00292,T1050,2026-01-21 12:00:00,Hardware Failure,Medium,17,True
F00293,T1214,2026-01-02 00:00:00,Radio Degradation,Medium,45,True
F00294,T1445,2026-01-10 06:00:00,Configuration Error,Medium,50,True
F00295,T1151,2026-01-14 06:00:00,Network Congestion,Low,188,True
F00296,T1022,2026-01-07 00:00:00,Network Congestion,Medium,32,True
F00297,T1224,2026-01-28 18:00:00,Configuration Error,Medium,38,True
F00298,T1331,2026-01-09 00:00:00,Network Congestion,Medium,58,True
F00299,T1471,2026-01-12 06:00:00,Configuration Error,Medium,59,True
F00300,T1313,2026-01-03 06:00:00,Power Issue,Medium,5,True
F00301,T1340,2026-01-10 06:00:00,Radio Degradation,Medium,282,True
F00302,T1407,2026-01-06 00:00:00,Power Issue,Low,27,True
F00303,T1495,2026-01-21 18:00:00,Power Issue,High,10,True
F00304,T1050,2026-01-11 18:00:00,Backhaul Failure,Medium,27,True
F00305,T1265,2026-01-18 00:00:00,Network Congestion,Medium,17,True
F00306,T1352,2026-01-28 06:00:00,Radio Degradation,Low,44,True
F00307,T1301,2026-01-03 00:00:00,Hardware Failure,High,14,True
F00308,T1304,2026-01-19 18:00:00,Radio Degradation,Low,100,True
F00309,T1261,2026-01-18 18:00:00,Configuration Error,High,93,True
F00310,T1220,2026-01-29 12:00:00,Network Congestion,Medium,34,True
F00311,T1053,2026-01-12 00:00:00,Configuration Error,Low,41,False
F00312,T1298,2026-01-22 06:00:00,Radio Degradation,Low,28,True
F00313,T1205,2026-01-19 06:00:00,Configuration Error,Medium,213,False
F00314,T1337,2026-01-08 18:00:00,Network Congestion,Low,17,True
F00315,T1337,2026-01-22 06:00:00,Radio Degradation,High,6,True
F00316,T1228,2026-01-30 18:00:00,Hardware Failure,Low,123,True
F00317,T1216,2026-01-23 12:00:00,Configuration Error,Low,49,True
F00318,T1129,2026-01-13 18:00:00,Power Issue,Medium,19,True
F00319,T1105,2026-01-17 12:00:00,Backhaul Failure,Critical,5,True
F00320,T1274,2026-01-12 12:00:00,Backhaul Failure,High,11,True
F00321,T1176,2026-01-17 06:00:00,Backhaul Failure,Low,5,True
F00322,T1012,2026-01-09 06:00:00,Network Congestion,Low,6,True
F00323,T1204,2026-01-27 00:00:00,Configuration Error,Low,35,True
F00324,T1401,2026-01-04 18:00:00,Configuration Error,Medium,187,True
F00325,T1425,2026-01-21 18:00:00,Hardware Failure,Low,91,True
F00326,T1404,2026-01-06 06:00:00,Configuration Error,Medium,37,True
F00327,T1285,2026-01-02 06:00:00,Power Issue,High,11,True
F00328,T1274,2026-01-20 00:00:00,Configuration Error,Medium,18,True
F00329,T1445,2026-01-07 18:00:00,Radio Degradation,Critical,12,True
F00330,T1123,2026-01-08 18:00:00,Radio Degradation,Low,21,True
F00331,T1159,2026-01-20 12:00:00,Network Congestion,Medium,21,True
F00332,T1266,2026-01-20 00:00:00,Network Congestion,Low,58,True
F00333,T1247,2026-01-07 18:00:00,Network Congestion,Medium,262,True
F00334,T1298,2026-01-20 00:00:00,Radio Degradation,Medium,25,True
F00335,T1175,2026-01-22 06:00:00,Radio Degradation,Medium,78,True
F00336,T1273,2026-01-21 18:00:00,Radio Degradation,Medium,101,True
F00337,T1458,2026-01-17 18:00:00,Network Congestion,High,93,True
F00338,T1243,2026-01-12 00:00:00,Backhaul Failure,Low,32,True
F00339,T1288,2026-01-30 00:00:00,Power Issue,Medium,148,True
F00340,T1022,2026-01-07 00:00:00,Configuration Error,Medium,21,True
F00341,T1294,2026-01-04 00:00:00,Backhaul Failure,Medium,17,True
F00342,T1356,2026-01-14 12:00:00,Hardware Failure,Low,23,True
F00343,T1022,2026-01-09 18:00:00,Radio Degradation,Low,64,True
F00344,T1346,2026-01-13 06:00:00,Backhaul Failure,Medium,17,True
F00345,T1129,2026-01-12 18:00:00,Power Issue,Critical,31,True
F00346,T1393,2026-01-13 06:00:00,Configuration Error,Low,54,True
F00347,T1458,2026-01-06 00:00:00,Network Congestion,Medium,145,True
F00348,T1330,2026-01-20 00:00:00,Network Congestion,Low,40,True
F00349,T1395,2026-01-27 06:00:00,Backhaul Failure,High,77,True
F00350,T1331,2026-01-09 06:00:00,Power Issue,Low,13,True
F00351,T1184,2026-01-30 18:00:00,Radio Degradation,Medium,11,True
F00352,T1127,2026-01-02 06:00:00,Configuration Error,Medium,26,True
F00353,T1340,2026-01-30 12:00:00,Network Congestion,Low,5,True
F00354,T1294,2026-01-23 06:00:00,Radio Degradation,Low,115,True
F00355,T1326,2026-01-21 00:00:00,Network Congestion,Low,11,True
F00356,T1274,2026-01-12 18:00:00,Backhaul Failure,Medium,14,True
F00357,T1495,2026-01-23 00:00:00,Hardware Failure,Medium,12,True
F00358,T1481,2026-01-30 12:00:00,Power Issue,Critical,16,True
F00359,T1005,2026-01-07 18:00:00,Backhaul Failure,Medium,50,True
F00360,T1237,2026-01-17 00:00:00,Radio Degradation,Low,31,True
F00361,T1472,2026-01-26 12:00:00,Radio Degradation,High,5,True
F00362,T1113,2026-01-15 18:00:00,Radio Degradation,Medium,70,True
F00363,T1078,2026-01-25 18:00:00,Configuration Error,Medium,56,True
F00364,T1297,2026-01-16 00:00:00,Power Issue,Low,13,True
F00365,T1220,2026-01-22 06:00:00,Power Issue,Medium,16,True
F00366,T1049,2026-01-01 12:00:00,Network Congestion,Low,26,True
F00367,T1354,2026-01-27 12:00:00,Hardware Failure,Medium,109,True
F00368,T1356,2026-01-12 06:00:00,Radio Degradation,Low,31,False
F00369,T1346,2026-01-30 06:00:00,Backhaul Failure,Medium,118,True
F00370,T1326,2026-01-28 12:00:00,Network Congestion,Low,29,True
F00371,T1313,2026-01-12 06:00:00,Hardware Failure,Low,5,True
F00372,T1340,2026-01-16 00:00:00,Radio Degradation,Critical,40,True
F00373,T1132,2026-01-20 12:00:00,Backhaul Failure,High,10,True
F00374,T1245,2026-01-28 12:00:00,Backhaul Failure,Low,23,True
F00375,T1233,2026-01-09 18:00:00,Network Congestion,High,96,True
F00376,T1353,2026-01-26 18:00:00,Backhaul Failure,High,5,True
F00377,T1492,2026-01-13 06:00:00,Backhaul Failure,Critical,5,True
F00378,T1266,2026-01-11 00:00:00,Hardware Failure,Medium,5,True
F00379,T1259,2026-01-11 12:00:00,Radio Degradation,High,9,True
F00380,T1261,2026-01-08 12:00:00,Backhaul Failure,Critical,41,True
F00381,T1159,2026-01-16 18:00:00,Network Congestion,Medium,29,True
F00382,T1373,2026-01-28 18:00:00,Power Issue,Medium,238,True
F00383,T1245,2026-01-22 06:00:00,Hardware Failure,Medium,48,True
F00384,T1481,2026-01-14 18:00:00,Network Congestion,Low,58,False
F00385,T1347,2026-01-16 00:00:00,Network Congestion,Medium,161,True
F00386,T1301,2026-01-17 12:00:00,Backhaul Failure,Low,22,True
F00387,T1205,2026-01-02 18:00:00,Hardware Failure,Medium,78,True
F00388,T1022,2026-01-16 00:00:00,Backhaul Failure,Medium,171,True
F00389,T1373,2026-01-18 12:00:00,Power Issue,Low,60,True
F00390,T1273,2026-01-20 06:00:00,Radio Degradation,Medium,18,True
F00391,T1129,2026-01-25 12:00:00,Power Issue,Low,52,True
F00392,T1495,2026-01-15 00:00:00,Backhaul Failure,Medium,127,True
F00393,T1285,2026-01-28 06:00:00,Configuration Error,High,91,True
F00394,T1301,2026-01-20 18:00:00,Hardware Failure,Low,14,True
F00395,T1356,2026-01-11 12:00:00,Configuration Error,Low,16,True
F00396,T1415,2026-01-29 18:00:00,Power Issue,Medium,62,True
F00397,T1043,2026-01-14 06:00:00,Network Congestion,High,5,True
F00398,T1326,2026-01-22 12:00:00,Configuration Error,Medium,226,True
F00399,T1123,2026-01-13 00:00:00,Hardware Failure,Low,138,True
F00400,T1330,2026-01-02 00:00:00,Backhaul Failure,Medium,179,False
F00401,T1216,2026-01-09 06:00:00,Hardware Failure,Medium,413,True
F00402,T1382,2026-01-08 06:00:00,Configuration Error,Low,25,True
F00403,T1468,2026-01-17 06:00:00,Hardware Failure,Low,10,True
F00404,T1278,2026-01-28 18:00:00,Backhaul Failure,Critical,5,True
F00405,T1415,2026-01-18 18:00:00,Network Congestion,Critical,41,True
F00406,T1129,2026-01-19 18:00:00,Configuration Error,Medium,23,True
F00407,T1072,2026-01-17 12:00:00,Power Issue,Medium,163,True
F00408,T1395,2026-01-15 12:00:00,Power Issue,Medium,129,True
F00409,T1336,2026-01-01 06:00:00,Power Issue,Low,99,True
F00410,T1113,2026-01-30 18:00:00,Backhaul Failure,Low,149,True
F00411,T1385,2026-01-20 06:00:00,Hardware Failure,Medium,207,True
F00412,T1481,2026-01-14 18:00:00,Network Congestion,Low,29,True
F00413,T1184,2026-01-27 18:00:00,Network Congestion,Low,78,True
F00414,T1326,2026-01-17 12:00:00,Power Issue,Medium,10,True
F00415,T1415,2026-01-14 06:00:00,Hardware Failure,Low,141,True
F00416,T1359,2026-01-15 18:00:00,Power Issue,Medium,27,True
F00417,T1278,2026-01-01 06:00:00,Hardware Failure,Critical,56,True
F00418,T1216,2026-01-10 12:00:00,Network Congestion,Medium,133,True
F00419,T1288,2026-01-03 06:00:00,Hardware Failure,Medium,50,True
F00420,T1382,2026-01-26 18:00:00,Power Issue,Medium,40,True
F00421,T1471,2026-01-03 06:00:00,Hardware Failure,Low,25,True
F00422,T1191,2026-01-16 06:00:00,Network Congestion,High,11,True
F00423,T1243,2026-01-27 00:00:00,Hardware Failure,Critical,115,True
F00424,T1184,2026-01-25 18:00:00,Network Congestion,Medium,50,True
F00425,T1266,2026-01-24 00:00:00,Radio Degradation,Medium,31,True
F00426,T1184,2026-01-22 12:00:00,Power Issue,Low,19,True
F00427,T1354,2026-01-30 00:00:00,Power Issue,Medium,28,True
F00428,T1373,2026-01-29 00:00:00,Configuration Error,Low,60,True
F00429,T1359,2026-01-14 12:00:00,Hardware Failure,Low,167,True
F00430,T1214,2026-01-13 06:00:00,Hardware Failure,Critical,38,True
F00431,T1113,2026-01-16 06:00:00,Power Issue,High,79,True
F00432,T1059,2026-01-03 12:00:00,Configuration Error,Low,6,True
F00433,T1347,2026-01-23 00:00:00,Network Congestion,Medium,39,True
F00434,T1481,2026-01-26 12:00:00,Backhaul Failure,Medium,29,True
F00435,T1243,2026-01-12 06:00:00,Power Issue,High,86,True
F00436,T1018,2026-01-18 12:00:00,Radio Degradation,Medium,5,True
F00437,T1159,2026-01-18 12:00:00,Power Issue,Medium,79,True
F00438,T1127,2026-01-30 06:00:00,Hardware Failure,Medium,15,True
F00439,T1261,2026-01-18 12:00:00,Backhaul Failure,Low,29,True
F00440,T1243,2026-01-24 06:00:00,Hardware Failure,Medium,16,True
F00441,T1313,2026-01-08 12:00:00,Configuration Error,Low,5,False
F00442,T1184,2026-01-07 18:00:00,Radio Degradation,Low,10,True
F00443,T1237,2026-01-21 12:00:00,Hardware Failure,Low,106,True
F00444,T1337,2026-01-27 06:00:00,Network Congestion,High,44,True
F00445,T1265,2026-01-07 00:00:00,Hardware Failure,Medium,5,True
F00446,T1340,2026-01-16 12:00:00,Hardware Failure,Low,342,True
F00447,T1105,2026-01-01 06:00:00,Configuration Error,Medium,5,True
F00448,T1445,2026-01-15 00:00:00,Power Issue,Medium,190,False
F00449,T1200,2026-01-27 12:00:00,Configuration Error,Low,103,True
F00450,T1353,2026-01-02 00:00:00,Power Issue,Low,99,True
F00451,T1294,2026-01-04 00:00:00,Configuration Error,Low,130,True
F00452,T1169,2026-01-17 06:00:00,Radio Degradation,Medium,67,True
F00453,T1354,2026-01-18 18:00:00,Configuration Error,Low,9,True
F00454,T1193,2026-01-22 18:00:00,Configuration Error,Medium,225,True
F00455,T1123,2026-01-26 06:00:00,Radio Degradation,Medium,123,True
F00456,T1425,2026-01-18 18:00:00,Power Issue,High,24,True
F00457,T1278,2026-01-28 12:00:00,Backhaul Failure,High,72,True
F00458,T1401,2026-01-11 06:00:00,Radio Degradation,Medium,32,True
F00459,T1330,2026-01-30 12:00:00,Power Issue,Critical,79,True
F00460,T1053,2026-01-01 00:00:00,Power Issue,Medium,132,True
F00461,T1077,2026-01-01 12:00:00,Network Congestion,Low,171,True
F00462,T1113,2026-01-27 12:00:00,Radio Degradation,Medium,118,True
F00463,T1245,2026-01-05 00:00:00,Hardware Failure,Medium,6,True
F00464,T1261,2026-01-12 06:00:00,Network Congestion,Low,126,True
F00465,T1245,2026-01-13 06:00:00,Configuration Error,Low,9,True
F00466,T1175,2026-01-06 18:00:00,Configuration Error,Medium,13,True
F00467,T1259,2026-01-20 12:00:00,Hardware Failure,Medium,9,True
F00468,T1445,2026-01-25 00:00:00,Power Issue,Low,13,True
F00469,T1200,2026-01-30 00:00:00,Network Congestion,Medium,6,True
F00470,T1336,2026-01-21 18:00:00,Hardware Failure,Low,47,True
F00471,T1191,2026-01-19 06:00:00,Power Issue,Medium,10,True
F00472,T1224,2026-01-22 18:00:00,Backhaul Failure,High,45,True
F00473,T1395,2026-01-08 18:00:00,Power Issue,High,90,True
F00474,T1078,2026-01-03 18:00:00,Radio Degradation,Medium,62,True
F00475,T1261,2026-01-03 18:00:00,Radio Degradation,Medium,29,True
F00476,T1212,2026-01-05 18:00:00,Radio Degradation,Low,34,True
F00477,T1245,2026-01-07 06:00:00,Network Congestion,Low,182,True
F00478,T1278,2026-01-22 00:00:00,Hardware Failure,Medium,79,True
F00479,T1492,2026-01-07 12:00:00,Power Issue,Medium,66,True
F00480,T1382,2026-01-06 12:00:00,Radio Degradation,High,30,True
F00481,T1313,2026-01-05 18:00:00,Hardware Failure,High,80,True
F00482,T1346,2026-01-12 06:00:00,Configuration Error,High,7,True
F00483,T1224,2026-01-08 06:00:00,Power Issue,Low,51,True
F00484,T1472,2026-01-10 18:00:00,Backhaul Failure,Low,63,True
F00485,T1049,2026-01-07 06:00:00,Radio Degradation,Medium,47,True
F00486,T1175,2026-01-20 06:00:00,Configuration Error,Medium,30,True
F00487,T1304,2026-01-29 00:00:00,Power Issue,Low,156,True
F00488,T1458,2026-01-20 12:00:00,Hardware Failure,Medium,14,False
F00489,T1331,2026-01-13 12:00:00,Configuration Error,High,57,True
F00490,T1216,2026-01-01 12:00:00,Configuration Error,Low,11,False
F00491,T1233,2026-01-23 00:00:00,Power Issue,Medium,10,True
F00492,T1395,2026-01-06 06:00:00,Radio Degradation,Critical,5,True
F00493,T1204,2026-01-01 00:00:00,Network Congestion,High,54,True
F00494,T1265,2026-01-13 06:00:00,Hardware Failure,Low,130,True
F00495,T1301,2026-01-10 06:00:00,Radio Degradation,Low,21,True
F00496,T1022,2026-01-29 18:00:00,Hardware Failure,High,7,False
F00497,T1220,2026-01-05 12:00:00,Backhaul Failure,Medium,5,True
F00498,T1243,2026-01-17 06:00:00,Backhaul Failure,Low,41,True
F00499,T1382,2026-01-30 12:00:00,Backhaul Failure,Medium,229,True
F00500,T1085,2026-01-19 06:00:00,Network Congestion,Low,60,True
F00501,T1353,2026-01-30 06:00:00,Backhaul Failure,Critical,279,False
F00502,T1285,2026-01-21 06:00:00,Power Issue,Low,10,True
F00503,T1401,2026-01-04 06:00:00,Power Issue,High,150,True
F00504,T1297,2026-01-25 12:00:00,Backhaul Failure,Critical,57,True
F00505,T1354,2026-01-30 12:00:00,Network Congestion,High,66,True
F00506,T1159,2026-01-01 12:00:00,Radio Degradation,Medium,158,True
F00507,T1288,2026-01-08 00:00:00,Power Issue,Low,156,True
F00508,T1085,2026-01-17 18:00:00,Configuration Error,Medium,137,True
F00509,T1184,2026-01-16 18:00:00,Network Congestion,Low,14,True
F00510,T1237,2026-01-25 00:00:00,Power Issue,Critical,34,True
F00511,T1055,2026-01-07 06:00:00,Hardware Failure,Low,5,False
F00512,T1018,2026-01-28 18:00:00,Configuration Error,Low,62,True
F00513,T1037,2026-01-14 18:00:00,Hardware Failure,Medium,11,True
F00514,T1401,2026-01-11 18:00:00,Radio Degradation,High,57,True
F00515,T1049,2026-01-17 00:00:00,Radio Degradation,Low,57,True
F00516,T1337,2026-01-29 06:00:00,Radio Degradation,Medium,74,False
F00517,T1337,2026-01-18 18:00:00,Radio Degradation,High,40,False
F00518,T1169,2026-01-10 18:00:00,Backhaul Failure,High,29,True
F00519,T1054,2026-01-15 06:00:00,Backhaul Failure,Low,5,False
F00520,T1113,2026-01-17 06:00:00,Backhaul Failure,High,127,True
F00521,T1401,2026-01-17 00:00:00,Network Congestion,High,33,False
F00522,T1458,2026-01-18 06:00:00,Backhaul Failure,Medium,41,True
F00523,T1129,2026-01-15 06:00:00,Backhaul Failure,Low,72,True
F00524,T1178,2026-01-30 06:00:00,Configuration Error,Medium,110,True
F00525,T1393,2026-01-15 12:00:00,Hardware Failure,Medium,50,True
F00526,T1233,2026-01-20 06:00:00,Backhaul Failure,Medium,74,True
F00527,T1123,2026-01-30 12:00:00,Radio Degradation,High,41,True
F00528,T1425,2026-01-28 06:00:00,Network Congestion,High,78,True
F00529,T1382,2026-01-10 18:00:00,Power Issue,Medium,352,True
F00530,T1468,2026-01-07 00:00:00,Radio Degradation,High,10,True
F00531,T1059,2026-01-28 18:00:00,Radio Degradation,High,11,True
F00532,T1059,2026-01-08 06:00:00,Radio Degradation,Medium,120,True
F00533,T1018,2026-01-03 00:00:00,Network Congestion,High,81,True
F00534,T1301,2026-01-18 06:00:00,Hardware Failure,Low,8,True
F00535,T1492,2026-01-02 06:00:00,Hardware Failure,Medium,5,True
F00536,T1077,2026-01-11 00:00:00,Hardware Failure,Low,14,False
F00537,T1425,2026-01-22 12:00:00,Radio Degradation,Medium,47,True
F00538,T1245,2026-01-26 06:00:00,Backhaul Failure,Medium,33,True
F00539,T1306,2026-01-03 12:00:00,Power Issue,Low,31,True
F00540,T1331,2026-01-25 18:00:00,Radio Degradation,Low,111,True
F00541,T1214,2026-01-23 12:00:00,Power Issue,Medium,105,True
F00542,T1458,2026-01-07 00:00:00,Hardware Failure,Medium,5,False
F00543,T1353,2026-01-03 18:00:00,Configuration Error,Medium,31,False
F00544,T1393,2026-01-10 18:00:00,Radio Degradation,High,46,True
F00545,T1245,2026-01-20 12:00:00,Network Congestion,Medium,5,True
F00546,T1050,2026-01-21 18:00:00,Backhaul Failure,High,22,True
F00547,T1288,2026-01-23 12:00:00,Network Congestion,Low,26,True
F00548,T1301,2026-01-26 00:00:00,Configuration Error,High,49,True
F00549,T1200,2026-01-14 00:00:00,Power Issue,Low,44,True
F00550,T1151,2026-01-01 06:00:00,Configuration Error,Low,12,True
F00551,T1382,2026-01-10 12:00:00,Hardware Failure,Low,141,True
F00552,T1053,2026-01-24 00:00:00,Network Congestion,Low,41,True
F00553,T1273,2026-01-16 18:00:00,Hardware Failure,Medium,92,True
F00554,T1301,2026-01-15 12:00:00,Backhaul Failure,High,7,True
F00555,T1354,2026-01-02 12:00:00,Radio Degradation,Medium,10,True
F00556,T1049,2026-01-01 06:00:00,Radio Degradation,Medium,23,True
F00557,T1193,2026-01-03 06:00:00,Power Issue,High,170,True
F00558,T1243,2026-01-21 06:00:00,Radio Degradation,Medium,40,True
F00559,T1472,2026-01-28 12:00:00,Configuration Error,High,50,True
F00560,T1415,2026-01-14 00:00:00,Backhaul Failure,High,18,True
F00561,T1077,2026-01-07 12:00:00,Network Congestion,Low,69,True
F00562,T1256,2026-01-30 00:00:00,Backhaul Failure,Medium,5,True
F00563,T1366,2026-01-05 06:00:00,Power Issue,High,11,True
F00564,T1353,2026-01-10 12:00:00,Network Congestion,High,36,True
F00565,T1294,2026-01-22 06:00:00,Network Congestion,Medium,251,True
F00566,T1204,2026-01-28 00:00:00,Hardware Failure,Low,5,True
F00567,T1127,2026-01-28 00:00:00,Power Issue,Medium,43,True
F00568,T1294,2026-01-25 12:00:00,Hardware Failure,Medium,54,True
F00569,T1181,2026-01-11 06:00:00,Network Congestion,Low,75,True
F00570,T1018,2026-01-22 00:00:00,Power Issue,Low,5,True
F00571,T1336,2026-01-20 00:00:00,Network Congestion,Medium,134,True
F00572,T1415,2026-01-05 12:00:00,Radio Degradation,Low,110,True
F00573,T1298,2026-01-29 12:00:00,Radio Degradation,Medium,160,True
F00574,T1228,2026-01-29 00:00:00,Hardware Failure,Low,30,True
F00575,T1053,2026-01-06 18:00:00,Radio Degradation,Low,19,True
F00576,T1256,2026-01-23 00:00:00,Backhaul Failure,Medium,55,True
F00577,T1458,2026-01-15 00:00:00,Backhaul Failure,Low,42,True
F00578,T1494,2026-01-16 06:00:00,Network Congestion,Low,107,True
F00579,T1261,2026-01-30 12:00:00,Backhaul Failure,Low,27,False
F00580,T1471,2026-01-26 12:00:00,Backhaul Failure,Medium,180,True
F00581,T1472,2026-01-12 18:00:00,Backhaul Failure,High,89,True
F00582,T1492,2026-01-20 06:00:00,Radio Degradation,Low,8,True
F00583,T1216,2026-01-11 00:00:00,Power Issue,Medium,58,True
F00584,T1237,2026-01-08 06:00:00,Radio Degradation,Low,16,True
F00585,T1331,2026-01-11 06:00:00,Configuration Error,Medium,14,True
F00586,T1072,2026-01-19 12:00:00,Radio Degradation,Medium,29,True
F00587,T1055,2026-01-03 18:00:00,Hardware Failure,Medium,33,True
F00588,T1481,2026-01-04 18:00:00,Network Congestion,Low,14,True
F00589,T1127,2026-01-04 18:00:00,Power Issue,Medium,43,True
F00590,T1395,2026-01-07 06:00:00,Radio Degradation,High,13,True
F00591,T1176,2026-01-25 06:00:00,Configuration Error,Low,119,True
F00592,T1184,2026-01-20 18:00:00,Network Congestion,Low,5,True
F00593,T1077,2026-01-19 12:00:00,Backhaul Failure,Medium,19,False
F00594,T1395,2026-01-19 00:00:00,Radio Degradation,Critical,81,True
F00595,T1468,2026-01-28 12:00:00,Hardware Failure,Low,225,True
F00596,T1224,2026-01-01 12:00:00,Hardware Failure,High,64,True
F00597,T1326,2026-01-14 18:00:00,Configuration Error,Low,39,True
F00598,T1243,2026-01-14 06:00:00,Configuration Error,Low,103,True
F00599,T1481,2026-01-13 12:00:00,Backhaul Failure,Low,5,False
F00600,T1055,2026-01-05 06:00:00,Hardware Failure,Low,18,True
F00601,T1401,2026-01-29 18:00:00,Configuration Error,Medium,5,False
F00602,T1445,2026-01-05 18:00:00,Backhaul Failure,High,37,True
F00603,T1407,2026-01-20 06:00:00,Backhaul Failure,Medium,36,True
F00604,T1043,2026-01-13 12:00:00,Network Congestion,Low,16,True
F00605,T1245,2026-01-16 06:00:00,Configuration Error,Medium,334,True
F00606,T1191,2026-01-19 12:00:00,Hardware Failure,Critical,24,True
F00607,T1393,2026-01-12 00:00:00,Radio Degradation,Medium,42,True
F00608,T1285,2026-01-24 12:00:00,Backhaul Failure,Medium,14,True
F00609,T1298,2026-01-03 06:00:00,Backhaul Failure,Medium,22,True
F00610,T1055,2026-01-03 12:00:00,Radio Degradation,Low,182,True
F00611,T1336,2026-01-16 18:00:00,Radio Degradation,High,19,True
F00612,T1471,2026-01-14 12:00:00,Power Issue,Low,153,True
F00613,T1127,2026-01-24 12:00:00,Configuration Error,High,5,True
F00614,T1301,2026-01-16 06:00:00,Radio Degradation,Low,51,False
F00615,T1495,2026-01-20 00:00:00,Power Issue,Medium,126,True
F00616,T1105,2026-01-28 12:00:00,Power Issue,Low,38,True
F00617,T1022,2026-01-01 00:00:00,Radio Degradation,Low,137,True
F00618,T1347,2026-01-22 18:00:00,Power Issue,High,179,True
F00619,T1458,2026-01-08 18:00:00,Network Congestion,High,5,True
F00620,T1078,2026-01-03 06:00:00,Radio Degradation,High,145,True
F00621,T1059,2026-01-25 18:00:00,Backhaul Failure,Low,33,True
F00622,T1359,2026-01-06 06:00:00,Radio Degradation,Medium,12,True
F00623,T1012,2026-01-09 00:00:00,Hardware Failure,Low,110,True
F00624,T1077,2026-01-16 06:00:00,Backhaul Failure,Medium,45,True
F00625,T1261,2026-01-05 18:00:00,Hardware Failure,Low,75,True
F00626,T1243,2026-01-22 12:00:00,Radio Degradation,Medium,54,True
F00627,T1049,2026-01-21 12:00:00,Backhaul Failure,Medium,235,True
F00628,T1415,2026-01-11 12:00:00,Power Issue,High,5,True
F00629,T1304,2026-01-13 18:00:00,Configuration Error,Medium,28,True
F00630,T1404,2026-01-25 06:00:00,Radio Degradation,Low,94,True
F00631,T1159,2026-01-11 00:00:00,Configuration Error,Low,14,True
F00632,T1237,2026-01-04 00:00:00,Configuration Error,Medium,26,True
F00633,T1054,2026-01-09 06:00:00,Hardware Failure,Low,43,True
F00634,T1127,2026-01-22 06:00:00,Radio Degradation,Medium,7,True
F00635,T1214,2026-01-03 06:00:00,Backhaul Failure,Medium,140,True
F00636,T1205,2026-01-26 06:00:00,Hardware Failure,Medium,23,True
F00637,T1494,2026-01-22 00:00:00,Configuration Error,Medium,111,False
F00638,T1407,2026-01-23 12:00:00,Power Issue,Low,102,True
F00639,T1229,2026-01-13 18:00:00,Power Issue,Critical,15,True
F00640,T1261,2026-01-06 18:00:00,Hardware Failure,Medium,16,False
F00641,T1298,2026-01-13 06:00:00,Configuration Error,Medium,148,True
F00642,T1072,2026-01-07 00:00:00,Backhaul Failure,Medium,67,True
F00643,T1105,2026-01-03 12:00:00,Backhaul Failure,Low,131,True
F00644,T1178,2026-01-21 00:00:00,Hardware Failure,Medium,7,True
F00645,T1458,2026-01-11 18:00:00,Radio Degradation,Low,48,True
F00646,T1265,2026-01-16 18:00:00,Backhaul Failure,High,30,True
F00647,T1331,2026-01-18 06:00:00,Hardware Failure,Low,86,True
F00648,T1175,2026-01-04 12:00:00,Power Issue,Medium,87,True
F00649,T1301,2026-01-21 00:00:00,Power Issue,Medium,45,False
F00650,T1445,2026-01-27 18:00:00,Power Issue,Medium,116,True
F00651,T1337,2026-01-13 06:00:00,Power Issue,Medium,22,True
F00652,T1301,2026-01-23 12:00:00,Backhaul Failure,Low,24,True
F00653,T1495,2026-01-07 06:00:00,Hardware Failure,Low,42,True
F00654,T1404,2026-01-08 18:00:00,Backhaul Failure,Low,54,True
F00655,T1382,2026-01-16 18:00:00,Hardware Failure,Low,13,True
F00656,T1401,2026-01-02 18:00:00,Hardware Failure,Low,194,True
F00657,T1294,2026-01-15 06:00:00,Configuration Error,Medium,114,False
F00658,T1306,2026-01-24 06:00:00,Backhaul Failure,Medium,65,True
F00659,T1313,2026-01-02 06:00:00,Configuration Error,Medium,71,True
F00660,T1301,2026-01-02 12:00:00,Hardware Failure,Medium,22,True
F00661,T1404,2026-01-03 00:00:00,Hardware Failure,Medium,30,True
F00662,T1220,2026-01-03 06:00:00,Backhaul Failure,Low,47,True
F00663,T1495,2026-01-22 18:00:00,Power Issue,Low,28,True
F00664,T1191,2026-01-05 12:00:00,Network Congestion,High,69,True
F00665,T1471,2026-01-03 00:00:00,Power Issue,Low,95,True
F00666,T1458,2026-01-12 06:00:00,Backhaul Failure,Low,6,True
F00667,T1085,2026-01-04 18:00:00,Network Congestion,Low,121,True
F00668,T1176,2026-01-01 06:00:00,Hardware Failure,Medium,48,True
F00669,T1054,2026-01-14 18:00:00,Configuration Error,Low,5,True
F00670,T1415,2026-01-17 18:00:00,Backhaul Failure,Low,5,True
F00671,T1113,2026-01-02 06:00:00,Configuration Error,Medium,5,False
F00672,T1301,2026-01-27 12:00:00,Power Issue,Medium,87,True
F00673,T1169,2026-01-04 00:00:00,Radio Degradation,Low,74,True
F00674,T1191,2026-01-17 06:00:00,Backhaul Failure,High,110,True
F00675,T1352,2026-01-02 06:00:00,Hardware Failure,High,170,True
F00676,T1228,2026-01-16 06:00:00,Network Congestion,Medium,209,True
F00677,T1012,2026-01-12 12:00:00,Network Congestion,Medium,71,True
F00678,T1212,2026-01-15 00:00:00,Hardware Failure,Medium,36,False
F00679,T1129,2026-01-06 00:00:00,Backhaul Failure,Medium,210,True
F00680,T1326,2026-01-24 18:00:00,Radio Degradation,Medium,103,True
F00681,T1354,2026-01-22 12:00:00,Network Congestion,High,36,True
F00682,T1259,2026-01-08 18:00:00,Network Congestion,Low,22,True
F00683,T1228,2026-01-19 18:00:00,Hardware Failure,High,152,True
F00684,T1298,2026-01-15 06:00:00,Backhaul Failure,Low,61,True
F00685,T1169,2026-01-21 12:00:00,Power Issue,Low,237,True
F00686,T1113,2026-01-19 00:00:00,Power Issue,Low,43,True
F00687,T1266,2026-01-14 06:00:00,Power Issue,Low,10,True
F00688,T1425,2026-01-26 06:00:00,Radio Degradation,Critical,57,True
F00689,T1395,2026-01-14 18:00:00,Network Congestion,Medium,8,True
F00690,T1352,2026-01-01 18:00:00,Configuration Error,High,20,True
F00691,T1072,2026-01-19 06:00:00,Radio Degradation,High,12,False
F00692,T1176,2026-01-14 00:00:00,Hardware Failure,Critical,17,True
F00693,T1366,2026-01-02 18:00:00,Radio Degradation,Low,59,True
F00694,T1458,2026-01-27 00:00:00,Backhaul Failure,Medium,5,True
F00695,T1369,2026-01-01 18:00:00,Network Congestion,Low,32,True
F00696,T1012,2026-01-03 00:00:00,Backhaul Failure,Medium,164,True
F00697,T1266,2026-01-28 00:00:00,Backhaul Failure,Medium,13,True
F00698,T1393,2026-01-13 06:00:00,Power Issue,Medium,5,True
F00699,T1176,2026-01-28 00:00:00,Backhaul Failure,High,63,True
F00700,T1306,2026-01-10 18:00:00,Power Issue,Medium,98,True
F00701,T1245,2026-01-26 06:00:00,Configuration Error,Low,45,True
F00702,T1495,2026-01-30 00:00:00,Radio Degradation,High,123,True
F00703,T1224,2026-01-04 18:00:00,Power Issue,Medium,5,True
F00704,T1373,2026-01-06 00:00:00,Radio Degradation,Medium,55,True
F00705,T1471,2026-01-08 00:00:00,Configuration Error,Medium,56,False
F00706,T1304,2026-01-28 06:00:00,Configuration Error,High,5,True
F00707,T1415,2026-01-17 18:00:00,Power Issue,Low,51,True
F00708,T1043,2026-01-16 00:00:00,Backhaul Failure,Medium,153,True
F00709,T1049,2026-01-29 12:00:00,Backhaul Failure,Medium,22,True
F00710,T1113,2026-01-26 00:00:00,Network Congestion,High,76,True
F00711,T1445,2026-01-13 06:00:00,Power Issue,Critical,6,True
F00712,T1123,2026-01-09 00:00:00,Configuration Error,Low,179,True
F00713,T1181,2026-01-17 00:00:00,Power Issue,Medium,46,True
F00714,T1468,2026-01-16 12:00:00,Backhaul Failure,Medium,15,True
F00715,T1385,2026-01-07 00:00:00,Hardware Failure,High,139,True
F00716,T1294,2026-01-21 12:00:00,Backhaul Failure,Medium,100,True
F00717,T1278,2026-01-16 18:00:00,Backhaul Failure,Low,6,True
F00718,T1382,2026-01-06 12:00:00,Network Congestion,Medium,108,False
F00719,T1224,2026-01-05 12:00:00,Power Issue,Medium,53,True
F00720,T1425,2026-01-23 12:00:00,Network Congestion,Critical,74,True
F00721,T1113,2026-01-29 06:00:00,Network Congestion,Low,10,True
F00722,T1356,2026-01-19 06:00:00,Backhaul Failure,Low,21,True
F00723,T1481,2026-01-23 00:00:00,Configuration Error,Low,81,True
F00724,T1132,2026-01-15 06:00:00,Radio Degradation,Low,26,False
F00725,T1274,2026-01-30 18:00:00,Network Congestion,High,48,False
F00726,T1347,2026-01-01 12:00:00,Configuration Error,Medium,40,True
F00727,T1385,2026-01-25 06:00:00,Radio Degradation,Medium,33,False
F00728,T1078,2026-01-23 00:00:00,Configuration Error,Medium,90,True
F00729,T1273,2026-01-18 00:00:00,Power Issue,Low,98,True
F00730,T1220,2026-01-15 12:00:00,Hardware Failure,Low,45,True
F00731,T1169,2026-01-19 06:00:00,Power Issue,Low,93,True
F00732,T1043,2026-01-22 00:00:00,Radio Degradation,Low,45,True
F00733,T1005,2026-01-20 00:00:00,Configuration Error,Low,30,True
F00734,T1407,2026-01-12 18:00:00,Power Issue,Low,65,True
F00735,T1382,2026-01-15 00:00:00,Network Congestion,Medium,101,True
F00736,T1200,2026-01-26 18:00:00,Power Issue,Low,75,True
F00737,T1407,2026-01-24 18:00:00,Network Congestion,High,55,True
F00738,T1285,2026-01-07 12:00:00,Backhaul Failure,Critical,9,True
F00739,T1471,2026-01-03 18:00:00,Hardware Failure,Low,12,True
F00740,T1415,2026-01-14 06:00:00,Radio Degradation,Medium,59,True
F00741,T1085,2026-01-07 06:00:00,Backhaul Failure,Low,70,True
F00742,T1077,2026-01-27 12:00:00,Backhaul Failure,Medium,108,True
F00743,T1297,2026-01-26 00:00:00,Network Congestion,Low,125,False
F00744,T1359,2026-01-16 00:00:00,Configuration Error,Medium,424,True
F00745,T1129,2026-01-16 06:00:00,Hardware Failure,Low,102,True
F00746,T1331,2026-01-20 12:00:00,Radio Degradation,Medium,56,True
F00747,T1261,2026-01-21 18:00:00,Configuration Error,High,22,True
F00748,T1050,2026-01-19 00:00:00,Power Issue,Low,42,True
F00749,T1356,2026-01-15 06:00:00,Power Issue,Low,12,True
F00750,T1200,2026-01-21 12:00:00,Hardware Failure,Low,59,True
F00751,T1105,2026-01-17 06:00:00,Configuration Error,Low,18,True
F00752,T1369,2026-01-06 12:00:00,Power Issue,High,62,True
F00753,T1077,2026-01-09 12:00:00,Hardware Failure,Medium,31,True
F00754,T1285,2026-01-01 06:00:00,Radio Degradation,Low,32,True
F00755,T1237,2026-01-11 06:00:00,Hardware Failure,Low,36,True
F00756,T1169,2026-01-26 00:00:00,Backhaul Failure,Medium,133,True
F00757,T1468,2026-01-30 00:00:00,Backhaul Failure,Low,42,True
F00758,T1085,2026-01-27 18:00:00,Radio Degradation,Medium,91,False
F00759,T1129,2026-01-23 12:00:00,Hardware Failure,Medium,42,True
F00760,T1468,2026-01-28 06:00:00,Configuration Error,Low,121,True
F00761,T1468,2026-01-03 18:00:00,Configuration Error,High,134,True
F00762,T1247,2026-01-25 18:00:00,Backhaul Failure,Low,29,True
F00763,T1340,2026-01-17 00:00:00,Backhaul Failure,Low,33,True
F00764,T1331,2026-01-10 00:00:00,Hardware Failure,High,9,False
F00765,T1181,2026-01-19 06:00:00,Network Congestion,Medium,60,True
F00766,T1285,2026-01-28 12:00:00,Radio Degradation,Low,100,True
F00767,T1366,2026-01-25 06:00:00,Radio Degradation,Medium,5,True
F00768,T1304,2026-01-25 00:00:00,Radio Degradation,Low,13,True
F00769,T1054,2026-01-06 00:00:00,Configuration Error,Low,131,True
F00770,T1366,2026-01-28 18:00:00,Power Issue,Medium,151,True
F00771,T1273,2026-01-04 06:00:00,Power Issue,Critical,13,True
F00772,T1233,2026-01-08 18:00:00,Hardware Failure,High,5,True
F00773,T1494,2026-01-04 06:00:00,Backhaul Failure,High,73,True
F00774,T1481,2026-01-24 00:00:00,Hardware Failure,Low,124,True
F00775,T1054,2026-01-15 12:00:00,Configuration Error,Critical,29,True
F00776,T1330,2026-01-14 12:00:00,Backhaul Failure,Low,5,True
F00777,T1228,2026-01-22 12:00:00,Network Congestion,Low,9,True
F00778,T1273,2026-01-04 18:00:00,Backhaul Failure,Medium,21,True
F00779,T1214,2026-01-05 18:00:00,Backhaul Failure,Medium,17,False
F00780,T1495,2026-01-30 06:00:00,Hardware Failure,Low,20,True
F00781,T1256,2026-01-20 18:00:00,Hardware Failure,Low,87,True
F00782,T1059,2026-01-09 12:00:00,Configuration Error,High,7,True
F00783,T1055,2026-01-20 18:00:00,Backhaul Failure,Medium,55,True
F00784,T1266,2026-01-04 00:00:00,Power Issue,Medium,9,True
F00785,T1085,2026-01-01 00:00:00,Configuration Error,Low,60,True
F00786,T1273,2026-01-01 06:00:00,Backhaul Failure,Medium,15,True
F00787,T1077,2026-01-20 00:00:00,Hardware Failure,Medium,50,True
F00788,T1059,2026-01-26 18:00:00,Network Congestion,Low,99,True
F00789,T1366,2026-01-09 12:00:00,Radio Degradation,Medium,72,False
F00790,T1306,2026-01-14 00:00:00,Backhaul Failure,Medium,94,True
F00791,T1018,2026-01-15 00:00:00,Hardware Failure,Low,72,True
F00792,T1077,2026-01-29 06:00:00,Backhaul Failure,Medium,7,True
F00793,T1184,2026-01-16 00:00:00,Radio Degradation,Medium,22,True
F00794,T1346,2026-01-18 18:00:00,Backhaul Failure,Medium,67,True
F00795,T1229,2026-01-13 12:00:00,Backhaul Failure,Medium,43,True
F00796,T1273,2026-01-12 12:00:00,Power Issue,Low,7,True
F00797,T1468,2026-01-27 12:00:00,Power Issue,High,39,True
F00798,T1212,2026-01-29 12:00:00,Backhaul Failure,Low,213,True
F00799,T1193,2026-01-14 12:00:00,Hardware Failure,Medium,93,True
F00800,T1012,2026-01-10 00:00:00,Configuration Error,Low,160,True
F00801,T1078,2026-01-06 00:00:00,Radio Degradation,Low,12,True
F00802,T1407,2026-01-19 18:00:00,Power Issue,Low,21,True
F00803,T1247,2026-01-11 18:00:00,Radio Degradation,Low,114,True
F00804,T1265,2026-01-04 06:00:00,Power Issue,Medium,9,True
F00805,T1055,2026-01-11 06:00:00,Radio Degradation,Low,33,False
F00806,T1256,2026-01-16 00:00:00,Radio Degradation,Low,37,True
F00807,T1077,2026-01-19 18:00:00,Network Congestion,Medium,45,False
F00808,T1204,2026-01-28 00:00:00,Radio Degradation,Low,123,True
F00809,T1353,2026-01-16 18:00:00,Network Congestion,Low,38,True
F00810,T1077,2026-01-17 12:00:00,Backhaul Failure,Medium,74,True
F00811,T1200,2026-01-13 12:00:00,Radio Degradation,Medium,10,True
F00812,T1330,2026-01-06 00:00:00,Configuration Error,Medium,13,True
F00813,T1245,2026-01-16 06:00:00,Configuration Error,Critical,20,True
F00814,T1494,2026-01-09 18:00:00,Radio Degradation,Medium,24,True
F00815,T1256,2026-01-12 18:00:00,Network Congestion,Low,53,True
F00816,T1212,2026-01-10 18:00:00,Backhaul Failure,Low,45,True
F00817,T1331,2026-01-21 06:00:00,Backhaul Failure,Low,162,True
F00818,T1425,2026-01-09 06:00:00,Backhaul Failure,Low,20,True
F00819,T1297,2026-01-08 12:00:00,Backhaul Failure,Medium,34,False
F00820,T1407,2026-01-21 00:00:00,Network Congestion,Low,55,True
F00821,T1261,2026-01-26 12:00:00,Configuration Error,Medium,40,True
F00822,T1337,2026-01-24 18:00:00,Hardware Failure,Low,72,True
F00823,T1356,2026-01-20 12:00:00,Hardware Failure,High,15,True
F00824,T1373,2026-01-22 00:00:00,Backhaul Failure,High,36,True
F00825,T1085,2026-01-08 00:00:00,Radio Degradation,Medium,122,False
F00826,T1294,2026-01-22 12:00:00,Backhaul Failure,High,5,True
F00827,T1214,2026-01-25 12:00:00,Power Issue,High,66,True
F00828,T1354,2026-01-24 06:00:00,Backhaul Failure,Low,15,True
F00829,T1151,2026-01-09 18:00:00,Backhaul Failure,Low,5,True
F00830,T1265,2026-01-18 12:00:00,Configuration Error,High,74,True
F00831,T1407,2026-01-16 06:00:00,Power Issue,High,86,False
F00832,T1373,2026-01-16 12:00:00,Power Issue,Low,9,False
F00833,T1005,2026-01-02 00:00:00,Configuration Error,High,50,True
F00834,T1022,2026-01-18 18:00:00,Power Issue,Medium,76,True
F00835,T1346,2026-01-04 06:00:00,Backhaul Failure,Low,58,False
F00836,T1053,2026-01-30 12:00:00,Power Issue,Low,5,True
F00837,T1326,2026-01-10 06:00:00,Network Congestion,High,16,True
F00838,T1012,2026-01-14 00:00:00,Power Issue,High,32,True
F00839,T1265,2026-01-16 18:00:00,Power Issue,Medium,122,True
F00840,T1259,2026-01-27 06:00:00,Configuration Error,Low,58,True
F00841,T1200,2026-01-20 12:00:00,Backhaul Failure,Medium,19,True
F00842,T1012,2026-01-21 06:00:00,Configuration Error,Medium,8,True
F00843,T1176,2026-01-13 06:00:00,Configuration Error,Low,32,True
F00844,T1472,2026-01-06 06:00:00,Radio Degradation,Medium,122,True
F00845,T1178,2026-01-25 06:00:00,Radio Degradation,Medium,14,True
F00846,T1356,2026-01-15 18:00:00,Configuration Error,Low,176,True
F00847,T1404,2026-01-27 12:00:00,Power Issue,Low,23,True
F00848,T1159,2026-01-13 18:00:00,Radio Degradation,Low,87,False
F00849,T1481,2026-01-21 06:00:00,Hardware Failure,Critical,9,True
F00850,T1458,2026-01-28 06:00:00,Hardware Failure,Medium,5,True
F00851,T1261,2026-01-05 00:00:00,Power Issue,Low,91,True
F00852,T1336,2026-01-23 18:00:00,Backhaul Failure,High,87,True
F00853,T1220,2026-01-23 06:00:00,Network Congestion,High,86,True
F00854,T1415,2026-01-10 18:00:00,Backhaul Failure,Low,214,True
F00855,T1127,2026-01-07 12:00:00,Configuration Error,Medium,5,True
F00856,T1237,2026-01-26 06:00:00,Hardware Failure,Low,5,True
F00857,T1313,2026-01-15 06:00:00,Power Issue,Medium,198,True
F00858,T1445,2026-01-01 18:00:00,Network Congestion,High,80,False
F00859,T1053,2026-01-22 06:00:00,Configuration Error,Low,48,True
F00860,T1127,2026-01-09 00:00:00,Hardware Failure,Medium,78,True
F00861,T1326,2026-01-16 12:00:00,Radio Degradation,High,29,False
F00862,T1127,2026-01-23 00:00:00,Hardware Failure,Low,78,True
F00863,T1077,2026-01-13 12:00:00,Network Congestion,Critical,71,True
F00864,T1304,2026-01-06 12:00:00,Network Congestion,Medium,58,False
F00865,T1494,2026-01-05 00:00:00,Power Issue,Medium,85,True
F00866,T1261,2026-01-04 12:00:00,Hardware Failure,Critical,63,True
F00867,T1352,2026-01-24 12:00:00,Backhaul Failure,Low,5,True
F00868,T1298,2026-01-27 12:00:00,Radio Degradation,Low,5,True
F00869,T1356,2026-01-24 18:00:00,Network Congestion,Medium,150,False
F00870,T1359,2026-01-26 18:00:00,Hardware Failure,Low,116,True
F00871,T1159,2026-01-02 18:00:00,Power Issue,Low,108,True
F00872,T1472,2026-01-29 18:00:00,Hardware Failure,Medium,34,False
F00873,T1481,2026-01-16 18:00:00,Backhaul Failure,Low,15,True
F00874,T1285,2026-01-04 12:00:00,Hardware Failure,Low,85,True
F00875,T1123,2026-01-24 12:00:00,Radio Degradation,High,39,True
F00876,T1304,2026-01-01 06:00:00,Backhaul Failure,High,7,True
F00877,T1059,2026-01-22 00:00:00,Power Issue,Low,188,True
F00878,T1346,2026-01-04 18:00:00,Power Issue,Medium,23,False
F00879,T1278,2026-01-05 00:00:00,Hardware Failure,Medium,93,True
F00880,T1175,2026-01-15 12:00:00,Radio Degradation,Medium,46,True
F00881,T1337,2026-01-21 18:00:00,Power Issue,High,138,False
F00882,T1205,2026-01-05 06:00:00,Hardware Failure,High,42,True
F00883,T1229,2026-01-24 00:00:00,Radio Degradation,Critical,19,True
F00884,T1274,2026-01-09 06:00:00,Network Congestion,Critical,16,True
F00885,T1395,2026-01-01 06:00:00,Network Congestion,Low,20,True
F00886,T1012,2026-01-25 06:00:00,Hardware Failure,Low,60,True
F00887,T1495,2026-01-26 12:00:00,Configuration Error,Medium,113,True
F00888,T1259,2026-01-27 12:00:00,Radio Degradation,Low,9,True
F00889,T1184,2026-01-16 12:00:00,Radio Degradation,Medium,49,True
F00890,T1407,2026-01-26 12:00:00,Radio Degradation,Low,63,True
F00891,T1395,2026-01-02 12:00:00,Backhaul Failure,Medium,5,True
F00892,T1204,2026-01-05 18:00:00,Radio Degradation,Medium,22,True
F00893,T1385,2026-01-15 18:00:00,Hardware Failure,High,85,True
F00894,T1347,2026-01-05 12:00:00,Network Congestion,Medium,5,True
F00895,T1224,2026-01-18 00:00:00,Hardware Failure,Medium,120,True
F00896,T1237,2026-01-04 18:00:00,Configuration Error,Medium,27,True
F00897,T1193,2026-01-09 00:00:00,Radio Degradation,Low,10,True
F00898,T1494,2026-01-06 06:00:00,Backhaul Failure,Low,143,True
F00899,T1393,2026-01-10 12:00:00,Radio Degradation,Medium,20,True
F00900,T1043,2026-01-20 12:00:00,Power Issue,Critical,39,True
F00901,T1159,2026-01-07 06:00:00,Hardware Failure,Medium,15,True
F00902,T1273,2026-01-04 18:00:00,Radio Degradation,Low,105,True
F00903,T1336,2026-01-06 18:00:00,Backhaul Failure,Medium,34,True
F00904,T1354,2026-01-20 18:00:00,Power Issue,Medium,48,False
F00905,T1373,2026-01-23 18:00:00,Power Issue,Low,56,True
F00906,T1169,2026-01-04 00:00:00,Configuration Error,Critical,105,True
F00907,T1181,2026-01-16 06:00:00,Configuration Error,Low,59,True
F00908,T1049,2026-01-07 00:00:00,Power Issue,High,5,True
F00909,T1407,2026-01-01 00:00:00,Network Congestion,High,5,True
F00910,T1018,2026-01-16 18:00:00,Hardware Failure,High,26,True
F00911,T1256,2026-01-10 18:00:00,Hardware Failure,Low,84,True
F00912,T1204,2026-01-14 18:00:00,Backhaul Failure,Medium,25,True
F00913,T1330,2026-01-10 00:00:00,Backhaul Failure,Low,129,True
F00914,T1401,2026-01-20 18:00:00,Network Congestion,Medium,23,True
F00915,T1407,2026-01-19 12:00:00,Radio Degradation,Low,95,True
F00916,T1200,2026-01-29 18:00:00,Hardware Failure,Medium,5,False
F00917,T1492,2026-01-15 18:00:00,Hardware Failure,Low,12,True
F00918,T1228,2026-01-12 18:00:00,Network Congestion,Medium,104,True
F00919,T1346,2026-01-11 18:00:00,Network Congestion,High,13,True
F00920,T1184,2026-01-14 12:00:00,Backhaul Failure,High,55,True
F00921,T1313,2026-01-07 12:00:00,Configuration Error,Medium,56,True
F00922,T1468,2026-01-06 06:00:00,Network Congestion,Medium,33,True
F00923,T1200,2026-01-16 12:00:00,Network Congestion,Low,11,True
F00924,T1247,2026-01-12 12:00:00,Power Issue,Medium,52,True
F00925,T1366,2026-01-02 00:00:00,Power Issue,Medium,75,True
F00926,T1214,2026-01-18 06:00:00,Backhaul Failure,Low,63,True
F00927,T1193,2026-01-25 00:00:00,Radio Degradation,Low,7,True
F00928,T1113,2026-01-28 00:00:00,Configuration Error,Low,5,False
F00929,T1266,2026-01-27 00:00:00,Hardware Failure,High,15,True
F00930,T1216,2026-01-27 00:00:00,Radio Degradation,Low,7,True
F00931,T1181,2026-01-30 12:00:00,Network Congestion,Medium,11,True
F00932,T1212,2026-01-17 18:00:00,Configuration Error,High,69,True
F00933,T1373,2026-01-11 06:00:00,Hardware Failure,High,22,True
F00934,T1200,2026-01-25 00:00:00,Network Congestion,High,74,True
F00935,T1054,2026-01-17 06:00:00,Hardware Failure,Low,44,True
F00936,T1200,2026-01-12 06:00:00,Network Congestion,High,116,True
F00937,T1288,2026-01-05 18:00:00,Backhaul Failure,High,35,True
F00938,T1294,2026-01-26 12:00:00,Hardware Failure,Medium,27,True
F00939,T1204,2026-01-26 00:00:00,Hardware Failure,Low,93,True
F00940,T1123,2026-01-14 00:00:00,Backhaul Failure,High,5,True
F00941,T1012,2026-01-05 00:00:00,Configuration Error,Critical,69,True
F00942,T1294,2026-01-10 18:00:00,Backhaul Failure,High,47,True
F00943,T1077,2026-01-24 12:00:00,Power Issue,Low,94,True
F00944,T1353,2026-01-20 06:00:00,Configuration Error,Medium,20,True
F00945,T1191,2026-01-20 18:00:00,Configuration Error,Low,5,True
F00946,T1178,2026-01-13 06:00:00,Power Issue,Low,13,True
F00947,T1184,2026-01-24 06:00:00,Radio Degradation,Critical,5,True
F00948,T1395,2026-01-17 12:00:00,Radio Degradation,Low,17,True
F00949,T1247,2026-01-01 12:00:00,Network Congestion,High,79,True
F00950,T1407,2026-01-17 00:00:00,Configuration Error,Low,5,True
F00951,T1301,2026-01-17 12:00:00,Hardware Failure,Low,149,True
F00952,T1214,2026-01-15 12:00:00,Radio Degradation,Medium,78,True
F00953,T1326,2026-01-26 06:00:00,Power Issue,Low,76,True
F00954,T1204,2026-01-19 06:00:00,Configuration Error,Low,145,True
F00955,T1216,2026-01-11 06:00:00,Power Issue,Medium,35,True
F00956,T1407,2026-01-27 18:00:00,Hardware Failure,Low,142,True
F00957,T1468,2026-01-16 06:00:00,Backhaul Failure,Low,46,True
F00958,T1274,2026-01-19 18:00:00,Power Issue,Medium,107,True
F00959,T1018,2026-01-23 18:00:00,Configuration Error,Critical,52,True
F00960,T1285,2026-01-17 06:00:00,Backhaul Failure,Medium,27,True
F00961,T1393,2026-01-17 00:00:00,Configuration Error,Low,126,True
F00962,T1354,2026-01-06 12:00:00,Hardware Failure,Medium,33,True
F00963,T1214,2026-01-12 12:00:00,Hardware Failure,Medium,159,True
F00964,T1382,2026-01-12 12:00:00,Power Issue,Medium,8,True
F00965,T1285,2026-01-26 18:00:00,Hardware Failure,High,23,True
F00966,T1054,2026-01-07 06:00:00,Configuration Error,Medium,93,True
F00967,T1492,2026-01-03 00:00:00,Backhaul Failure,Medium,6,True
F00968,T1043,2026-01-29 12:00:00,Backhaul Failure,Medium,81,True
F00969,T1005,2026-01-05 06:00:00,Radio Degradation,Medium,42,True
F00970,T1055,2026-01-15 06:00:00,Configuration Error,Low,33,True
F00971,T1055,2026-01-20 18:00:00,Backhaul Failure,Low,32,True
F00972,T1191,2026-01-02 18:00:00,Configuration Error,Low,123,True
F00973,T1123,2026-01-23 00:00:00,Radio Degradation,Medium,46,True
F00974,T1382,2026-01-18 00:00:00,Configuration Error,Medium,6,True
F00975,T1313,2026-01-18 00:00:00,Radio Degradation,Medium,8,True
F00976,T1366,2026-01-29 00:00:00,Hardware Failure,Medium,20,True
F00977,T1247,2026-01-09 06:00:00,Network Congestion,High,115,True
F00978,T1304,2026-01-15 00:00:00,Radio Degradation,Medium,5,True
F00979,T1337,2026-01-16 00:00:00,Power Issue,Medium,113,True
F00980,T1353,2026-01-11 18:00:00,Power Issue,Low,135,False
F00981,T1191,2026-01-06 12:00:00,Network Congestion,Low,20,True
F00982,T1347,2026-01-10 18:00:00,Configuration Error,Low,257,True
F00983,T1278,2026-01-06 00:00:00,Configuration Error,Low,29,True
F00984,T1356,2026-01-05 18:00:00,Power Issue,Low,110,False
F00985,T1214,2026-01-02 06:00:00,Network Congestion,High,150,True
F00986,T1059,2026-01-17 18:00:00,Hardware Failure,Low,37,True
F00987,T1330,2026-01-14 00:00:00,Backhaul Failure,Low,201,True
F00988,T1247,2026-01-09 00:00:00,Network Congestion,High,106,True
F00989,T1468,2026-01-10 18:00:00,Backhaul Failure,Low,6,True
F00990,T1181,2026-01-26 06:00:00,Power Issue,Medium,19,True
F00991,T1037,2026-01-18 18:00:00,Radio Degradation,Medium,76,True
F00992,T1494,2026-01-27 12:00:00,Configuration Error,Critical,5,True
F00993,T1175,2026-01-09 12:00:00,Configuration Error,Low,7,True
F00994,T1301,2026-01-07 12:00:00,Hardware Failure,Low,209,True
F00995,T1331,2026-01-10 00:00:00,Backhaul Failure,Medium,5,True
F00996,T1401,2026-01-18 12:00:00,Backhaul Failure,Low,17,True
F00997,T1356,2026-01-29 12:00:00,Configuration Error,Low,64,True
F00998,T1043,2026-01-09 06:00:00,Configuration Error,Critical,33,True
F00999,T1266,2026-01-20 12:00:00,Hardware Failure,High,9,True
F01000,T1176,2026-01-20 18:00:00,Hardware Failure,High,18,True
F01001,T1237,2026-01-18 18:00:00,Backhaul Failure,Medium,98,True
F01002,T1178,2026-01-21 00:00:00,Radio Degradation,Low,100,True
F01003,T1055,2026-01-15 00:00:00,Power Issue,Critical,18,True
F01004,T1127,2026-01-12 18:00:00,Network Congestion,High,70,True
F01005,T1336,2026-01-04 18:00:00,Power Issue,High,29,True
F01006,T1220,2026-01-24 00:00:00,Power Issue,Medium,62,True
F01007,T1169,2026-01-03 12:00:00,Configuration Error,Low,134,False
F01008,T1373,2026-01-02 12:00:00,Backhaul Failure,High,97,True
F01009,T1181,2026-01-01 06:00:00,Configuration Error,Low,38,True
F01010,T1205,2026-01-17 18:00:00,Network Congestion,Medium,94,True
F01011,T1205,2026-01-22 06:00:00,Hardware Failure,Medium,5,True
F01012,T1468,2026-01-09 06:00:00,Radio Degradation,Medium,37,True
F01013,T1273,2026-01-01 12:00:00,Configuration Error,Medium,41,True
F01014,T1407,2026-01-21 00:00:00,Power Issue,Medium,160,False
F01015,T1352,2026-01-04 18:00:00,Backhaul Failure,Low,7,True
F01016,T1401,2026-01-08 00:00:00,Power Issue,High,31,True
F01017,T1356,2026-01-01 18:00:00,Network Congestion,Low,39,True
F01018,T1297,2026-01-24 06:00:00,Configuration Error,Medium,84,True
F01019,T1037,2026-01-07 06:00:00,Power Issue,Low,37,True
F01020,T1259,2026-01-01 18:00:00,Backhaul Failure,High,59,True
F01021,T1301,2026-01-30 12:00:00,Power Issue,Low,5,True
F01022,T1078,2026-01-27 00:00:00,Power Issue,Medium,63,True
F01023,T1105,2026-01-25 18:00:00,Hardware Failure,Medium,40,True
F01024,T1445,2026-01-02 00:00:00,Backhaul Failure,Low,96,True
F01025,T1331,2026-01-26 06:00:00,Hardware Failure,High,23,True
F01026,T1077,2026-01-20 18:00:00,Hardware Failure,Low,77,True
F01027,T1224,2026-01-10 18:00:00,Backhaul Failure,Low,100,True
F01028,T1288,2026-01-28 00:00:00,Backhaul Failure,Low,30,True
F01029,T1313,2026-01-20 00:00:00,Power Issue,Medium,85,True
F01030,T1297,2026-01-15 12:00:00,Radio Degradation,Low,47,True
F01031,T1127,2026-01-23 00:00:00,Radio Degradation,High,80,True
F01032,T1245,2026-01-05 12:00:00,Power Issue,Medium,16,True
F01033,T1018,2026-01-06 06:00:00,Network Congestion,High,22,True
F01034,T1382,2026-01-19 18:00:00,Radio Degradation,Critical,15,True
F01035,T1382,2026-01-19 06:00:00,Network Congestion,Medium,25,True
F01036,T1385,2026-01-12 00:00:00,Radio Degradation,Medium,5,True
F01037,T1229,2026-01-08 00:00:00,Backhaul Failure,Low,125,False
F01038,T1359,2026-01-30 06:00:00,Hardware Failure,Low,12,True
F01039,T1113,2026-01-23 18:00:00,Radio Degradation,Medium,113,True
F01040,T1205,2026-01-11 12:00:00,Backhaul Failure,Low,129,True
F01041,T1337,2026-01-16 06:00:00,Hardware Failure,Medium,48,True
F01042,T1494,2026-01-20 06:00:00,Network Congestion,Medium,32,True
F01043,T1471,2026-01-26 18:00:00,Network Congestion,Medium,173,True
F01044,T1176,2026-01-12 00:00:00,Hardware Failure,Low,5,True
F01045,T1285,2026-01-10 18:00:00,Network Congestion,Medium,96,False
F01046,T1373,2026-01-02 00:00:00,Network Congestion,Low,83,True
F01047,T1261,2026-01-24 06:00:00,Power Issue,High,94,True
F01048,T1256,2026-01-01 06:00:00,Power Issue,High,26,True
F01049,T1273,2026-01-05 18:00:00,Configuration Error,High,20,True
F01050,T1181,2026-01-10 18:00:00,Network Congestion,Low,113,True
F01051,T1123,2026-01-17 18:00:00,Configuration Error,Low,110,True
F01052,T1468,2026-01-26 06:00:00,Network Congestion,Medium,53,True
F01053,T1356,2026-01-20 18:00:00,Configuration Error,Low,89,True
F01054,T1298,2026-01-19 06:00:00,Radio Degradation,Low,25,True
F01055,T1037,2026-01-02 12:00:00,Network Congestion,High,25,False
F01056,T1265,2026-01-07 00:00:00,Backhaul Failure,High,35,True
F01057,T1123,2026-01-17 18:00:00,Configuration Error,High,5,True
F01058,T1294,2026-01-15 06:00:00,Power Issue,Medium,62,True
F01059,T1175,2026-01-23 18:00:00,Backhaul Failure,Low,22,True
F01060,T1304,2026-01-21 00:00:00,Network Congestion,Low,10,True
F01061,T1326,2026-01-13 06:00:00,Power Issue,Medium,10,True
F01062,T1425,2026-01-30 12:00:00,Power Issue,Medium,9,True
F01063,T1445,2026-01-10 18:00:00,Radio Degradation,Low,17,True
F01064,T1494,2026-01-17 12:00:00,Backhaul Failure,Medium,46,True
F01065,T1132,2026-01-26 18:00:00,Power Issue,Low,46,True
F01066,T1018,2026-01-08 12:00:00,Configuration Error,Low,25,False
F01067,T1385,2026-01-27 00:00:00,Power Issue,High,12,True
F01068,T1105,2026-01-12 00:00:00,Radio Degradation,Low,58,True
F01069,T1471,2026-01-09 12:00:00,Configuration Error,High,75,True
F01070,T1352,2026-01-07 06:00:00,Configuration Error,Medium,8,False
F01071,T1336,2026-01-25 12:00:00,Power Issue,High,101,True
F01072,T1274,2026-01-13 00:00:00,Backhaul Failure,Medium,13,False
F01073,T1347,2026-01-28 18:00:00,Network Congestion,Low,43,True
F01074,T1228,2026-01-08 18:00:00,Configuration Error,High,7,True
F01075,T1445,2026-01-11 06:00:00,Backhaul Failure,High,78,True
F01076,T1181,2026-01-15 18:00:00,Radio Degradation,Low,20,True
F01077,T1468,2026-01-10 00:00:00,Backhaul Failure,High,39,True
F01078,T1078,2026-01-08 18:00:00,Backhaul Failure,Medium,13,True
F01079,T1113,2026-01-18 12:00:00,Power Issue,Medium,23,True
F01080,T1306,2026-01-30 06:00:00,Network Congestion,Critical,7,False
F01081,T1205,2026-01-21 18:00:00,Backhaul Failure,Low,5,True
F01082,T1049,2026-01-13 06:00:00,Backhaul Failure,Low,34,True
F01083,T1043,2026-01-21 12:00:00,Hardware Failure,Low,21,True
F01084,T1129,2026-01-02 18:00:00,Hardware Failure,Low,25,True
F01085,T1184,2026-01-10 06:00:00,Network Congestion,Low,14,True
F01086,T1266,2026-01-02 12:00:00,Radio Degradation,Low,31,True
F01087,T1237,2026-01-13 06:00:00,Hardware Failure,Low,5,True
F01088,T1354,2026-01-03 18:00:00,Network Congestion,Low,11,True
F01089,T1072,2026-01-27 18:00:00,Network Congestion,Medium,33,False
F01090,T1404,2026-01-07 18:00:00,Power Issue,Low,61,False
F01091,T1043,2026-01-03 18:00:00,Radio Degradation,High,5,True
F01092,T1205,2026-01-29 18:00:00,Backhaul Failure,Medium,79,True
F01093,T1395,2026-01-10 18:00:00,Power Issue,Medium,13,True
F01094,T1077,2026-01-13 06:00:00,Backhaul Failure,Low,81,True
F01095,T1050,2026-01-14 18:00:00,Backhaul Failure,High,15,True
F01096,T1205,2026-01-04 18:00:00,Configuration Error,High,332,True
F01097,T1425,2026-01-09 12:00:00,Configuration Error,High,139,True
F01098,T1401,2026-01-29 06:00:00,Backhaul Failure,Medium,108,True
F01099,T1214,2026-01-12 00:00:00,Hardware Failure,Medium,139,True
F01100,T1237,2026-01-15 06:00:00,Power Issue,Low,43,True
F01101,T1297,2026-01-03 18:00:00,Backhaul Failure,Low,224,True
F01102,T1169,2026-01-13 00:00:00,Hardware Failure,Low,100,True
F01103,T1085,2026-01-11 18:00:00,Backhaul Failure,Medium,6,True
F01104,T1340,2026-01-08 18:00:00,Network Congestion,Medium,47,True
F01105,T1425,2026-01-06 00:00:00,Radio Degradation,Low,25,True
F01106,T1049,2026-01-24 18:00:00,Network Congestion,Low,51,True
F01107,T1273,2026-01-09 06:00:00,Backhaul Failure,Low,72,True
F01108,T1306,2026-01-29 06:00:00,Backhaul Failure,Medium,31,True
F01109,T1294,2026-01-21 00:00:00,Backhaul Failure,Medium,124,True
F01110,T1127,2026-01-01 00:00:00,Backhaul Failure,High,73,False
F01111,T1132,2026-01-30 06:00:00,Network Congestion,Low,12,True
F01112,T1336,2026-01-11 06:00:00,Configuration Error,Medium,97,True
F01113,T1259,2026-01-26 06:00:00,Configuration Error,Low,63,True
F01114,T1216,2026-01-27 12:00:00,Power Issue,Medium,5,True
F01115,T1181,2026-01-30 18:00:00,Backhaul Failure,Low,15,True
F01116,T1193,2026-01-11 06:00:00,Hardware Failure,Medium,41,True
F01117,T1184,2026-01-07 18:00:00,Network Congestion,Low,9,True
F01118,T1178,2026-01-20 12:00:00,Hardware Failure,Low,57,True
F01119,T1077,2026-01-25 18:00:00,Hardware Failure,Medium,5,True
F01120,T1205,2026-01-06 12:00:00,Hardware Failure,Medium,56,False
F01121,T1458,2026-01-13 06:00:00,Power Issue,Low,5,True
F01122,T1113,2026-01-11 18:00:00,Hardware Failure,Low,160,True
F01123,T1304,2026-01-15 18:00:00,Radio Degradation,Medium,78,True
F01124,T1404,2026-01-23 00:00:00,Network Congestion,Low,5,True
F01125,T1214,2026-01-10 06:00:00,Configuration Error,Medium,10,True
F01126,T1445,2026-01-02 06:00:00,Power Issue,Medium,163,True
F01127,T1243,2026-01-07 00:00:00,Network Congestion,High,16,True
F01128,T1018,2026-01-24 12:00:00,Network Congestion,Low,73,True
F01129,T1212,2026-01-02 18:00:00,Configuration Error,High,25,True
F01130,T1288,2026-01-28 12:00:00,Power Issue,Low,5,True
F01131,T1055,2026-01-08 06:00:00,Radio Degradation,High,10,True
F01132,T1159,2026-01-15 00:00:00,Hardware Failure,High,47,True
F01133,T1169,2026-01-02 06:00:00,Network Congestion,Low,91,True
F01134,T1330,2026-01-27 06:00:00,Network Congestion,Medium,134,True
F01135,T1494,2026-01-10 06:00:00,Configuration Error,Low,16,True
F01136,T1005,2026-01-08 12:00:00,Power Issue,Medium,27,False
F01137,T1256,2026-01-09 18:00:00,Hardware Failure,Critical,212,True
F01138,T1243,2026-01-06 18:00:00,Backhaul Failure,Medium,49,True
F01139,T1072,2026-01-25 06:00:00,Backhaul Failure,Low,24,True
F01140,T1445,2026-01-25 12:00:00,Radio Degradation,Medium,5,True
F01141,T1129,2026-01-09 18:00:00,Backhaul Failure,Low,57,True
F01142,T1481,2026-01-20 18:00:00,Hardware Failure,Low,57,True
F01143,T1256,2026-01-05 06:00:00,Hardware Failure,Low,10,True
F01144,T1401,2026-01-12 18:00:00,Backhaul Failure,High,102,False
F01145,T1354,2026-01-12 18:00:00,Backhaul Failure,Low,73,False
F01146,T1105,2026-01-14 00:00:00,Hardware Failure,Low,115,True
F01147,T1169,2026-01-25 18:00:00,Power Issue,High,70,True
F01148,T1492,2026-01-17 18:00:00,Configuration Error,Medium,50,True
F01149,T1178,2026-01-13 18:00:00,Configuration Error,Low,37,True
F01150,T1373,2026-01-21 00:00:00,Configuration Error,Medium,24,True
F01151,T1005,2026-01-15 06:00:00,Power Issue,Low,174,True
F01152,T1340,2026-01-27 06:00:00,Hardware Failure,Low,81,True
F01153,T1204,2026-01-30 18:00:00,Backhaul Failure,Medium,422,False
F01154,T1445,2026-01-17 06:00:00,Backhaul Failure,Low,5,True
F01155,T1113,2026-01-10 18:00:00,Radio Degradation,Low,70,True
F01156,T1050,2026-01-28 00:00:00,Hardware Failure,Medium,71,True
F01157,T1492,2026-01-27 06:00:00,Power Issue,Medium,5,False
F01158,T1053,2026-01-23 12:00:00,Hardware Failure,Critical,10,True
F01159,T1176,2026-01-04 00:00:00,Configuration Error,Medium,38,True
F01160,T1054,2026-01-24 18:00:00,Network Congestion,Low,18,True
F01161,T1085,2026-01-07 18:00:00,Network Congestion,Medium,18,True
F01162,T1205,2026-01-27 06:00:00,Network Congestion,Low,27,True
F01163,T1212,2026-01-07 12:00:00,Backhaul Failure,Medium,25,False
F01164,T1216,2026-01-28 06:00:00,Hardware Failure,Low,25,True
F01165,T1352,2026-01-03 12:00:00,Hardware Failure,Medium,65,True
F01166,T1273,2026-01-25 00:00:00,Hardware Failure,Low,116,True
F01167,T1176,2026-01-22 00:00:00,Hardware Failure,Low,26,True
F01168,T1243,2026-01-20 12:00:00,Backhaul Failure,Medium,52,True
F01169,T1407,2026-01-11 12:00:00,Configuration Error,High,9,False
F01170,T1326,2026-01-12 18:00:00,Backhaul Failure,Medium,50,False
F01171,T1471,2026-01-26 00:00:00,Hardware Failure,Medium,9,True
F01172,T1401,2026-01-27 06:00:00,Hardware Failure,Medium,21,True
F01173,T1352,2026-01-23 06:00:00,Power Issue,Medium,110,True
F01174,T1228,2026-01-17 18:00:00,Configuration Error,Low,106,False
F01175,T1278,2026-01-01 12:00:00,Hardware Failure,Critical,16,True
F01176,T1273,2026-01-15 06:00:00,Radio Degradation,Medium,109,True
F01177,T1445,2026-01-12 18:00:00,Backhaul Failure,Critical,22,True
F01178,T1259,2026-01-24 18:00:00,Power Issue,Medium,66,True
F01179,T1294,2026-01-29 00:00:00,Network Congestion,Medium,63,True
F01180,T1273,2026-01-18 18:00:00,Network Congestion,High,37,False
F01181,T1175,2026-01-22 06:00:00,Network Congestion,Low,18,True
F01182,T1340,2026-01-23 00:00:00,Hardware Failure,Medium,18,True
F01183,T1425,2026-01-30 12:00:00,Backhaul Failure,High,231,True
F01184,T1022,2026-01-22 18:00:00,Configuration Error,Low,13,True
F01185,T1049,2026-01-21 18:00:00,Hardware Failure,High,45,True
F01186,T1220,2026-01-30 00:00:00,Configuration Error,Low,5,False
F01187,T1354,2026-01-24 18:00:00,Configuration Error,Medium,90,True
F01188,T1072,2026-01-26 06:00:00,Network Congestion,Low,37,True
F01189,T1472,2026-01-03 12:00:00,Configuration Error,Medium,10,True
F01190,T1472,2026-01-19 12:00:00,Network Congestion,High,45,False
F01191,T1245,2026-01-24 00:00:00,Power Issue,Low,102,True
F01192,T1184,2026-01-14 12:00:00,Power Issue,High,34,False
F01193,T1468,2026-01-17 06:00:00,Hardware Failure,Low,5,True
F01194,T1266,2026-01-11 06:00:00,Power Issue,High,7,True
F01195,T1266,2026-01-05 12:00:00,Network Congestion,Medium,5,True
F01196,T1458,2026-01-02 12:00:00,Power Issue,Medium,146,True
F01197,T1352,2026-01-28 18:00:00,Configuration Error,High,65,True
F01198,T1393,2026-01-13 00:00:00,Power Issue,Low,17,True
F01199,T1050,2026-01-30 06:00:00,Configuration Error,Medium,6,False
F01200,T1129,2026-01-28 18:00:00,Configuration Error,Low,32,False
F01201,T1340,2026-01-30 06:00:00,Hardware Failure,Medium,16,True
F01202,T1273,2026-01-16 12:00:00,Backhaul Failure,Low,137,True
F01203,T1054,2026-01-10 06:00:00,Configuration Error,High,208,True
F01204,T1468,2026-01-11 00:00:00,Configuration Error,Low,65,True
F01205,T1245,2026-01-05 18:00:00,Configuration Error,Medium,54,True
F01206,T1181,2026-01-07 06:00:00,Configuration Error,Medium,5,True
F01207,T1245,2026-01-04 06:00:00,Backhaul Failure,Critical,159,True
F01208,T1123,2026-01-30 00:00:00,Hardware Failure,Low,9,True
F01209,T1224,2026-01-04 12:00:00,Radio Degradation,Medium,57,True
F01210,T1401,2026-01-13 06:00:00,Hardware Failure,Low,28,True
F01211,T1077,2026-01-23 06:00:00,Configuration Error,Medium,115,True
F01212,T1055,2026-01-22 00:00:00,Backhaul Failure,High,102,True
F01213,T1352,2026-01-21 18:00:00,Power Issue,Low,28,True
F01214,T1214,2026-01-16 06:00:00,Hardware Failure,Medium,11,False
F01215,T1175,2026-01-09 00:00:00,Radio Degradation,Low,62,True
F01216,T1012,2026-01-23 18:00:00,Power Issue,Medium,14,True
F01217,T1331,2026-01-23 06:00:00,Backhaul Failure,High,31,True
F01218,T1481,2026-01-27 18:00:00,Hardware Failure,Medium,64,True
F01219,T1204,2026-01-27 00:00:00,Network Congestion,Critical,17,True
F01220,T1159,2026-01-28 06:00:00,Hardware Failure,Medium,52,True
F01221,T1214,2026-01-02 06:00:00,Radio Degradation,Low,55,True
F01222,T1481,2026-01-09 00:00:00,Hardware Failure,Critical,32,True
F01223,T1373,2026-01-18 06:00:00,Backhaul Failure,Critical,13,True
F01224,T1037,2026-01-10 00:00:00,Radio Degradation,High,96,True
F01225,T1049,2026-01-15 06:00:00,Radio Degradation,Medium,78,True
F01226,T1193,2026-01-20 06:00:00,Configuration Error,Low,86,True
F01227,T1326,2026-01-02 06:00:00,Network Congestion,Low,111,True
F01228,T1085,2026-01-20 06:00:00,Radio Degradation,Low,74,True
F01229,T1313,2026-01-14 00:00:00,Radio Degradation,Low,6,True
F01230,T1425,2026-01-13 18:00:00,Hardware Failure,High,31,True
F01231,T1113,2026-01-05 06:00:00,Hardware Failure,Medium,5,True
F01232,T1359,2026-01-23 06:00:00,Configuration Error,Low,5,True
F01233,T1233,2026-01-20 06:00:00,Backhaul Failure,High,112,True
F01234,T1072,2026-01-13 00:00:00,Radio Degradation,Low,65,True
F01235,T1049,2026-01-04 18:00:00,Hardware Failure,Low,102,True
F01236,T1471,2026-01-25 12:00:00,Network Congestion,High,102,True
F01237,T1336,2026-01-04 18:00:00,Network Congestion,Low,45,True
F01238,T1214,2026-01-06 12:00:00,Radio Degradation,High,5,True
F01239,T1353,2026-01-12 12:00:00,Radio Degradation,Low,26,True
F01240,T1224,2026-01-06 12:00:00,Backhaul Failure,Low,41,True
F01241,T1273,2026-01-26 18:00:00,Backhaul Failure,Medium,27,True
F01242,T1346,2026-01-17 06:00:00,Configuration Error,Low,6,True
F01243,T1495,2026-01-09 00:00:00,Configuration Error,Medium,5,True
F01244,T1037,2026-01-22 18:00:00,Configuration Error,Medium,49,True
F01245,T1193,2026-01-26 18:00:00,Radio Degradation,Low,120,False
F01246,T1294,2026-01-23 06:00:00,Power Issue,Medium,140,True
F01247,T1382,2026-01-14 12:00:00,Hardware Failure,Medium,9,True
F01248,T1326,2026-01-03 06:00:00,Radio Degradation,Low,18,True
F01249,T1330,2026-01-30 18:00:00,Hardware Failure,Critical,24,True
F01250,T1233,2026-01-30 06:00:00,Backhaul Failure,Medium,32,True
F01251,T1273,2026-01-29 00:00:00,Backhaul Failure,Low,30,True
F01252,T1354,2026-01-01 18:00:00,Configuration Error,Medium,29,True
F01253,T1495,2026-01-22 00:00:00,Radio Degradation,Medium,193,True
F01254,T1212,2026-01-17 06:00:00,Network Congestion,Low,29,True
F01255,T1233,2026-01-12 00:00:00,Backhaul Failure,Medium,43,True
F01256,T1472,2026-01-11 06:00:00,Radio Degradation,High,27,True
F01257,T1385,2026-01-10 18:00:00,Power Issue,Low,79,True
F01258,T1301,2026-01-19 18:00:00,Network Congestion,High,105,False
F01259,T1012,2026-01-17 00:00:00,Backhaul Failure,High,7,True
F01260,T1229,2026-01-12 00:00:00,Radio Degradation,Medium,229,True
F01261,T1216,2026-01-01 12:00:00,Configuration Error,Low,41,True
F01262,T1259,2026-01-14 18:00:00,Network Congestion,Low,81,True
F01263,T1347,2026-01-14 00:00:00,Backhaul Failure,Low,28,True
F01264,T1022,2026-01-08 18:00:00,Backhaul Failure,Low,5,True
F01265,T1159,2026-01-18 12:00:00,Hardware Failure,Critical,65,True
F01266,T1018,2026-01-06 06:00:00,Power Issue,Medium,88,True
F01267,T1393,2026-01-07 00:00:00,Network Congestion,Low,71,True
F01268,T1200,2026-01-24 12:00:00,Hardware Failure,Low,190,True
F01269,T1175,2026-01-22 12:00:00,Hardware Failure,Medium,46,True
F01270,T1346,2026-01-23 06:00:00,Power Issue,High,39,True
F01271,T1274,2026-01-17 18:00:00,Network Congestion,Low,74,True
F01272,T1247,2026-01-05 06:00:00,Power Issue,Medium,5,True
F01273,T1326,2026-01-02 12:00:00,Backhaul Failure,Critical,72,True
F01274,T1072,2026-01-16 12:00:00,Power Issue,Medium,10,True
F01275,T1037,2026-01-20 06:00:00,Configuration Error,Medium,9,True
F01276,T1472,2026-01-28 12:00:00,Configuration Error,Low,44,True
F01277,T1256,2026-01-16 00:00:00,Configuration Error,Medium,61,True
F01278,T1169,2026-01-28 06:00:00,Network Congestion,Low,5,True
F01279,T1352,2026-01-07 06:00:00,Backhaul Failure,Low,31,True
F01280,T1224,2026-01-13 18:00:00,Radio Degradation,Low,21,True
F01281,T1288,2026-01-08 12:00:00,Backhaul Failure,Medium,34,True
F01282,T1012,2026-01-02 12:00:00,Hardware Failure,Low,24,True
F01283,T1492,2026-01-23 18:00:00,Network Congestion,Low,34,True
F01284,T1337,2026-01-01 00:00:00,Configuration Error,Medium,5,True
F01285,T1228,2026-01-09 00:00:00,Backhaul Failure,Low,17,False
F01286,T1373,2026-01-11 12:00:00,Hardware Failure,Low,15,True
F01287,T1330,2026-01-25 06:00:00,Power Issue,Low,50,True
F01288,T1354,2026-01-25 12:00:00,Network Congestion,Medium,194,True
F01289,T1184,2026-01-03 00:00:00,Network Congestion,Medium,86,True
F01290,T1337,2026-01-19 06:00:00,Network Congestion,Medium,35,False
F01291,T1105,2026-01-18 12:00:00,Power Issue,Medium,25,False
F01292,T1256,2026-01-18 06:00:00,Hardware Failure,Low,45,True
F01293,T1204,2026-01-09 12:00:00,Power Issue,Medium,25,True
F01294,T1072,2026-01-03 18:00:00,Backhaul Failure,Medium,55,False
F01295,T1247,2026-01-06 12:00:00,Configuration Error,Critical,105,True
F01296,T1205,2026-01-02 06:00:00,Configuration Error,High,5,True
F01297,T1049,2026-01-28 00:00:00,Network Congestion,Medium,7,True
F01298,T1481,2026-01-25 18:00:00,Backhaul Failure,Medium,67,True
F01299,T1176,2026-01-06 06:00:00,Radio Degradation,Medium,12,True
F01300,T1233,2026-01-15 12:00:00,Power Issue,High,20,True
F01301,T1415,2026-01-18 00:00:00,Network Congestion,Low,83,True
F01302,T1385,2026-01-02 06:00:00,Power Issue,High,29,True
F01303,T1224,2026-01-21 06:00:00,Network Congestion,Medium,137,True
F01304,T1492,2026-01-21 12:00:00,Power Issue,Low,51,True
F01305,T1330,2026-01-09 06:00:00,Backhaul Failure,High,81,True
F01306,T1229,2026-01-21 00:00:00,Power Issue,Low,48,False
F01307,T1129,2026-01-09 00:00:00,Radio Degradation,Medium,182,True
F01308,T1304,2026-01-04 18:00:00,Configuration Error,Low,98,True
F01309,T1005,2026-01-18 06:00:00,Backhaul Failure,Low,46,True
F01310,T1304,2026-01-21 18:00:00,Network Congestion,Medium,15,True
F01311,T1072,2026-01-12 06:00:00,Backhaul Failure,Low,10,True
F01312,T1159,2026-01-27 06:00:00,Network Congestion,Medium,40,False
F01313,T1159,2026-01-21 12:00:00,Hardware Failure,Low,40,True
F01314,T1053,2026-01-22 06:00:00,Hardware Failure,Low,5,True
F01315,T1266,2026-01-30 18:00:00,Hardware Failure,Medium,18,True
F01316,T1369,2026-01-26 00:00:00,Radio Degradation,Low,103,True
F01317,T1472,2026-01-27 00:00:00,Configuration Error,High,41,True
F01318,T1445,2026-01-09 06:00:00,Configuration Error,Medium,69,True
F01319,T1336,2026-01-26 00:00:00,Radio Degradation,Medium,77,True
F01320,T1393,2026-01-03 06:00:00,Network Congestion,Medium,23,True
F01321,T1018,2026-01-27 06:00:00,Power Issue,Low,5,True
F01322,T1229,2026-01-18 12:00:00,Configuration Error,Medium,98,True
F01323,T1337,2026-01-04 12:00:00,Hardware Failure,Medium,17,True
F01324,T1285,2026-01-01 06:00:00,Hardware Failure,Low,27,True
F01325,T1193,2026-01-21 12:00:00,Network Congestion,High,20,True
F01326,T1346,2026-01-29 00:00:00,Backhaul Failure,Low,110,True
F01327,T1216,2026-01-10 12:00:00,Hardware Failure,Medium,14,True
F01328,T1445,2026-01-29 00:00:00,Radio Degradation,Low,69,True
F01329,T1471,2026-01-20 06:00:00,Configuration Error,Medium,15,True
F01330,T1346,2026-01-10 12:00:00,Power Issue,High,47,True
F01331,T1059,2026-01-22 12:00:00,Power Issue,High,30,True
F01332,T1105,2026-01-26 00:00:00,Network Congestion,High,8,True
F01333,T1285,2026-01-13 18:00:00,Configuration Error,High,15,False
F01334,T1331,2026-01-04 18:00:00,Configuration Error,Low,5,True
F01335,T1468,2026-01-06 18:00:00,Power Issue,Low,72,True
F01336,T1113,2026-01-14 12:00:00,Network Congestion,High,33,True
F01337,T1037,2026-01-13 18:00:00,Radio Degradation,Medium,209,True
F01338,T1049,2026-01-18 06:00:00,Backhaul Failure,Low,128,True
F01339,T1353,2026-01-19 06:00:00,Configuration Error,Low,44,True
F01340,T1181,2026-01-28 00:00:00,Power Issue,Medium,133,False
F01341,T1472,2026-01-02 12:00:00,Power Issue,High,83,True
F01342,T1085,2026-01-10 18:00:00,Network Congestion,High,14,True
F01343,T1200,2026-01-08 06:00:00,Network Congestion,Low,144,True
F01344,T1458,2026-01-23 06:00:00,Backhaul Failure,Medium,43,True
F01345,T1407,2026-01-12 00:00:00,Configuration Error,Low,34,True
F01346,T1175,2026-01-27 06:00:00,Hardware Failure,Low,53,True
F01347,T1037,2026-01-03 00:00:00,Radio Degradation,High,75,True
F01348,T1212,2026-01-06 18:00:00,Configuration Error,Low,44,True
F01349,T1077,2026-01-16 18:00:00,Configuration Error,Low,16,True
F01350,T1113,2026-01-01 12:00:00,Hardware Failure,Low,12,True
F01351,T1306,2026-01-20 06:00:00,Radio Degradation,Low,23,True
F01352,T1407,2026-01-22 18:00:00,Radio Degradation,Medium,212,True
F01353,T1245,2026-01-17 12:00:00,Configuration Error,Low,17,False
F01354,T1415,2026-01-03 18:00:00,Network Congestion,Medium,51,True
F01355,T1229,2026-01-08 18:00:00,Network Congestion,High,28,False
F01356,T1005,2026-01-27 00:00:00,Configuration Error,Medium,38,True
F01357,T1012,2026-01-13 18:00:00,Network Congestion,Low,307,True
F01358,T1407,2026-01-07 12:00:00,Hardware Failure,Low,64,True
F01359,T1471,2026-01-01 06:00:00,Power Issue,Low,138,True
F01360,T1151,2026-01-20 00:00:00,Power Issue,Low,17,True
F01361,T1306,2026-01-08 12:00:00,Hardware Failure,Critical,22,True
F01362,T1205,2026-01-26 18:00:00,Hardware Failure,Low,63,True
F01363,T1382,2026-01-01 12:00:00,Power Issue,Critical,27,True
F01364,T1356,2026-01-25 18:00:00,Configuration Error,Low,140,True
F01365,T1273,2026-01-04 12:00:00,Backhaul Failure,High,5,True
F01366,T1366,2026-01-26 06:00:00,Hardware Failure,Medium,6,True
F01367,T1404,2026-01-28 00:00:00,Power Issue,Low,33,True
F01368,T1445,2026-01-29 00:00:00,Configuration Error,Low,44,True
F01369,T1346,2026-01-21 06:00:00,Configuration Error,Low,99,False
F01370,T1294,2026-01-24 12:00:00,Backhaul Failure,High,5,True
F01371,T1373,2026-01-20 18:00:00,Hardware Failure,High,22,True
F01372,T1184,2026-01-08 06:00:00,Radio Degradation,Medium,223,False
F01373,T1205,2026-01-21 18:00:00,Hardware Failure,High,94,True
F01374,T1382,2026-01-18 00:00:00,Backhaul Failure,Low,64,True
F01375,T1385,2026-01-06 00:00:00,Power Issue,Medium,17,True
F01376,T1105,2026-01-06 18:00:00,Power Issue,Critical,61,False
F01377,T1212,2026-01-29 18:00:00,Configuration Error,High,14,False
F01378,T1205,2026-01-16 00:00:00,Power Issue,High,66,True
F01379,T1313,2026-01-30 06:00:00,Backhaul Failure,Low,285,True
F01380,T1356,2026-01-12 00:00:00,Configuration Error,Medium,68,True
F01381,T1346,2026-01-02 00:00:00,Configuration Error,High,5,True
F01382,T1481,2026-01-01 06:00:00,Hardware Failure,Low,65,True
F01383,T1274,2026-01-28 00:00:00,Network Congestion,Low,135,True
F01384,T1395,2026-01-12 18:00:00,Backhaul Failure,Medium,229,False
F01385,T1494,2026-01-04 00:00:00,Network Congestion,Medium,57,False
F01386,T1053,2026-01-25 18:00:00,Network Congestion,Medium,26,True
F01387,T1078,2026-01-20 18:00:00,Network Congestion,Medium,351,True
F01388,T1352,2026-01-15 00:00:00,Radio Degradation,Low,5,True
F01389,T1359,2026-01-07 12:00:00,Radio Degradation,Low,146,True
F01390,T1243,2026-01-02 12:00:00,Backhaul Failure,Critical,12,True
F01391,T1151,2026-01-28 00:00:00,Configuration Error,Medium,28,True
F01392,T1129,2026-01-03 06:00:00,Hardware Failure,Low,239,True
F01393,T1204,2026-01-15 18:00:00,Radio Degradation,Low,5,True
F01394,T1159,2026-01-27 00:00:00,Hardware Failure,High,49,True
F01395,T1369,2026-01-10 06:00:00,Network Congestion,Low,42,True
F01396,T1228,2026-01-18 06:00:00,Configuration Error,Medium,36,False
F01397,T1245,2026-01-13 00:00:00,Radio Degradation,High,20,True
F01398,T1105,2026-01-24 06:00:00,Power Issue,Medium,29,True
F01399,T1050,2026-01-24 12:00:00,Hardware Failure,Low,5,True
F01400,T1285,2026-01-16 12:00:00,Hardware Failure,High,108,True
F01401,T1261,2026-01-17 00:00:00,Backhaul Failure,High,55,True
F01402,T1359,2026-01-15 00:00:00,Hardware Failure,Low,6,False
F01403,T1200,2026-01-23 06:00:00,Radio Degradation,Low,84,True
F01404,T1169,2026-01-22 00:00:00,Power Issue,High,14,True
F01405,T1382,2026-01-17 00:00:00,Configuration Error,Medium,187,False
F01406,T1237,2026-01-14 12:00:00,Power Issue,High,5,True
F01407,T1212,2026-01-11 00:00:00,Network Congestion,Medium,71,True
F01408,T1330,2026-01-20 06:00:00,Radio Degradation,Medium,96,True
F01409,T1340,2026-01-23 18:00:00,Configuration Error,Low,113,True
F01410,T1259,2026-01-03 00:00:00,Hardware Failure,Medium,19,True
F01411,T1237,2026-01-04 18:00:00,Configuration Error,High,41,False
F01412,T1259,2026-01-21 18:00:00,Radio Degradation,Medium,19,True
F01413,T1385,2026-01-28 18:00:00,Network Congestion,Low,5,True
F01414,T1243,2026-01-04 06:00:00,Backhaul Failure,Critical,17,True
F01415,T1494,2026-01-14 18:00:00,Hardware Failure,High,83,True
F01416,T1366,2026-01-10 12:00:00,Configuration Error,Low,104,True
F01417,T1200,2026-01-22 06:00:00,Hardware Failure,High,7,True
F01418,T1336,2026-01-01 06:00:00,Power Issue,High,27,True
F01419,T1495,2026-01-20 12:00:00,Power Issue,Low,5,True
F01420,T1072,2026-01-08 18:00:00,Network Congestion,Medium,201,True
F01421,T1224,2026-01-26 18:00:00,Network Congestion,High,48,True
F01422,T1050,2026-01-06 18:00:00,Power Issue,Medium,123,True
F01423,T1259,2026-01-23 06:00:00,Radio Degradation,Low,47,True
F01424,T1053,2026-01-27 12:00:00,Radio Degradation,Low,76,True
F01425,T1395,2026-01-03 00:00:00,Backhaul Failure,Low,39,True
F01426,T1347,2026-01-01 00:00:00,Radio Degradation,Low,105,True
F01427,T1468,2026-01-15 12:00:00,Network Congestion,Low,17,True
F01428,T1077,2026-01-07 06:00:00,Configuration Error,High,16,True
F01429,T1261,2026-01-22 00:00:00,Power Issue,Low,6,True
F01430,T1247,2026-01-21 00:00:00,Hardware Failure,Medium,56,True
F01431,T1216,2026-01-05 12:00:00,Power Issue,High,45,True
F01432,T1059,2026-01-28 12:00:00,Network Congestion,Low,5,True
F01433,T1247,2026-01-14 00:00:00,Backhaul Failure,Critical,32,True
F01434,T1346,2026-01-14 18:00:00,Power Issue,Medium,176,True
F01435,T1425,2026-01-06 12:00:00,Hardware Failure,High,69,True
F01436,T1301,2026-01-20 00:00:00,Hardware Failure,Critical,5,False
F01437,T1175,2026-01-20 00:00:00,Network Congestion,Medium,163,True
F01438,T1214,2026-01-07 00:00:00,Radio Degradation,Low,24,True
F01439,T1347,2026-01-07 12:00:00,Hardware Failure,High,90,True
F01440,T1085,2026-01-08 00:00:00,Configuration Error,Medium,63,True
F01441,T1352,2026-01-16 06:00:00,Hardware Failure,Low,16,True
F01442,T1385,2026-01-15 18:00:00,Backhaul Failure,Medium,170,True
F01443,T1169,2026-01-09 06:00:00,Network Congestion,Medium,5,True
F01444,T1352,2026-01-13 00:00:00,Radio Degradation,High,72,True
F01445,T1123,2026-01-26 06:00:00,Configuration Error,Medium,199,True
F01446,T1407,2026-01-20 12:00:00,Power Issue,Medium,56,True
F01447,T1407,2026-01-07 12:00:00,Power Issue,High,82,True
F01448,T1043,2026-01-06 00:00:00,Radio Degradation,Low,17,True
F01449,T1005,2026-01-27 12:00:00,Backhaul Failure,Low,10,True
F01450,T1278,2026-01-14 06:00:00,Power Issue,Low,15,True
F01451,T1132,2026-01-12 06:00:00,Power Issue,Low,173,True
F01452,T1336,2026-01-23 12:00:00,Network Congestion,Medium,5,True
F01453,T1288,2026-01-18 00:00:00,Backhaul Failure,Low,27,True
F01454,T1151,2026-01-04 12:00:00,Configuration Error,Medium,48,True
F01455,T1055,2026-01-03 18:00:00,Configuration Error,High,85,True
F01456,T1356,2026-01-07 06:00:00,Hardware Failure,High,120,True
F01457,T1352,2026-01-14 00:00:00,Hardware Failure,Medium,5,True
F01458,T1404,2026-01-13 06:00:00,Radio Degradation,Low,123,True
F01459,T1245,2026-01-01 18:00:00,Power Issue,Low,5,False
F01460,T1306,2026-01-29 00:00:00,Power Issue,Medium,5,True
F01461,T1259,2026-01-27 18:00:00,Configuration Error,Low,54,True
F01462,T1492,2026-01-13 00:00:00,Radio Degradation,High,31,True
F01463,T1224,2026-01-13 12:00:00,Configuration Error,Critical,17,True
F01464,T1012,2026-01-30 00:00:00,Power Issue,High,23,True
F01465,T1220,2026-01-02 00:00:00,Network Congestion,Low,174,True
F01466,T1113,2026-01-24 18:00:00,Network Congestion,Low,100,True
F01467,T1132,2026-01-27 00:00:00,Configuration Error,High,66,True
F01468,T1337,2026-01-04 00:00:00,Power Issue,Low,129,True
F01469,T1298,2026-01-26 18:00:00,Power Issue,Medium,7,False
F01470,T1304,2026-01-15 00:00:00,Network Congestion,Low,56,True
F01471,T1304,2026-01-29 18:00:00,Configuration Error,Medium,5,True
F01472,T1353,2026-01-08 18:00:00,Configuration Error,Medium,5,True
F01473,T1050,2026-01-16 06:00:00,Hardware Failure,Low,29,True
F01474,T1445,2026-01-12 06:00:00,Configuration Error,Medium,39,True
F01475,T1113,2026-01-03 00:00:00,Backhaul Failure,Low,24,True
F01476,T1151,2026-01-15 18:00:00,Network Congestion,Medium,33,True
F01477,T1404,2026-01-25 12:00:00,Power Issue,Medium,27,True
F01478,T1366,2026-01-04 06:00:00,Network Congestion,High,41,True
F01479,T1043,2026-01-28 06:00:00,Backhaul Failure,Low,16,True
F01480,T1123,2026-01-22 12:00:00,Radio Degradation,Medium,44,True
F01481,T1216,2026-01-24 00:00:00,Network Congestion,Low,80,True
F01482,T1415,2026-01-01 18:00:00,Configuration Error,Medium,5,True
F01483,T1214,2026-01-30 00:00:00,Power Issue,Medium,5,True
F01484,T1366,2026-01-14 12:00:00,Hardware Failure,Medium,81,True
F01485,T1224,2026-01-21 18:00:00,Configuration Error,High,16,True
F01486,T1169,2026-01-13 06:00:00,Radio Degradation,Low,5,True
F01487,T1294,2026-01-14 00:00:00,Configuration Error,Low,14,True
F01488,T1472,2026-01-08 00:00:00,Hardware Failure,High,59,True
F01489,T1326,2026-01-03 00:00:00,Power Issue,Low,79,True
F01490,T1204,2026-01-13 18:00:00,Backhaul Failure,Low,189,True
F01491,T1113,2026-01-09 18:00:00,Network Congestion,Low,32,True
F01492,T1359,2026-01-10 12:00:00,Configuration Error,Low,25,True
F01493,T1458,2026-01-20 18:00:00,Configuration Error,Low,34,False
F01494,T1326,2026-01-06 12:00:00,Configuration Error,Low,36,True
F01495,T1266,2026-01-05 00:00:00,Configuration Error,Medium,33,True
F01496,T1129,2026-01-09 00:00:00,Network Congestion,Medium,22,True
F01497,T1127,2026-01-12 18:00:00,Radio Degradation,Low,65,True
F01498,T1228,2026-01-04 00:00:00,Hardware Failure,Medium,60,False
F01499,T1288,2026-01-17 06:00:00,Network Congestion,High,7,True
F01500,T1495,2026-01-11 18:00:00,Backhaul Failure,Medium,62,False
F01501,T1022,2026-01-22 18:00:00,Power Issue,Low,40,True
F01502,T1193,2026-01-10 12:00:00,Radio Degradation,High,44,True
F01503,T1127,2026-01-16 00:00:00,Power Issue,Medium,53,True
F01504,T1247,2026-01-05 18:00:00,Network Congestion,Medium,5,True
F01505,T1059,2026-01-01 06:00:00,Radio Degradation,Medium,19,False
F01506,T1373,2026-01-07 00:00:00,Network Congestion,High,5,True
F01507,T1216,2026-01-09 18:00:00,Radio Degradation,Low,38,False
F01508,T1492,2026-01-29 12:00:00,Backhaul Failure,Medium,8,False
F01509,T1352,2026-01-10 06:00:00,Hardware Failure,Medium,122,True
F01510,T1298,2026-01-04 18:00:00,Backhaul Failure,Medium,104,True
F01511,T1492,2026-01-10 00:00:00,Hardware Failure,Medium,26,True
F01512,T1494,2026-01-22 06:00:00,Radio Degradation,Critical,30,True
F01513,T1055,2026-01-06 12:00:00,Backhaul Failure,Low,26,True
F01514,T1336,2026-01-15 00:00:00,Network Congestion,Low,15,True
F01515,T1224,2026-01-16 12:00:00,Hardware Failure,Medium,28,True
F01516,T1176,2026-01-02 12:00:00,Network Congestion,Low,110,True
F01517,T1366,2026-01-22 06:00:00,Hardware Failure,Medium,175,True
F01518,T1050,2026-01-07 18:00:00,Radio Degradation,High,59,True
F01519,T1306,2026-01-16 12:00:00,Network Congestion,High,72,True
F01520,T1407,2026-01-13 00:00:00,Power Issue,High,39,True
F01521,T1129,2026-01-19 18:00:00,Configuration Error,High,13,True
F01522,T1085,2026-01-22 06:00:00,Power Issue,Low,16,True
F01523,T1077,2026-01-10 00:00:00,Power Issue,Medium,9,True
F01524,T1191,2026-01-06 18:00:00,Backhaul Failure,Low,38,True
F01525,T1113,2026-01-11 12:00:00,Backhaul Failure,Low,12,True
F01526,T1237,2026-01-15 00:00:00,Radio Degradation,Low,78,True
F01527,T1395,2026-01-25 06:00:00,Radio Degradation,High,114,True
F01528,T1304,2026-01-17 12:00:00,Network Congestion,Medium,10,True
F01529,T1385,2026-01-02 18:00:00,Network Congestion,Medium,97,True
F01530,T1212,2026-01-28 18:00:00,Hardware Failure,Low,5,True
F01531,T1178,2026-01-04 12:00:00,Radio Degradation,Low,37,True
F01532,T1175,2026-01-23 12:00:00,Hardware Failure,Low,17,True
F01533,T1233,2026-01-24 00:00:00,Configuration Error,Low,74,True
F01534,T1495,2026-01-16 06:00:00,Network Congestion,High,13,True
F01535,T1347,2026-01-10 12:00:00,Configuration Error,Critical,51,True
F01536,T1265,2026-01-20 06:00:00,Hardware Failure,Low,92,True
F01537,T1214,2026-01-17 00:00:00,Network Congestion,Low,23,True
F01538,T1366,2026-01-15 18:00:00,Hardware Failure,High,66,True
F01539,T1175,2026-01-06 06:00:00,Radio Degradation,Low,35,True
F01540,T1018,2026-01-28 00:00:00,Backhaul Failure,Low,5,True
F01541,T1285,2026-01-27 06:00:00,Network Congestion,Medium,5,True
F01542,T1256,2026-01-16 18:00:00,Power Issue,Low,71,True
F01543,T1404,2026-01-16 12:00:00,Configuration Error,Low,37,True
F01544,T1216,2026-01-15 18:00:00,Backhaul Failure,Low,57,True
F01545,T1214,2026-01-19 18:00:00,Hardware Failure,Medium,5,True
F01546,T1178,2026-01-29 18:00:00,Hardware Failure,High,68,True
F01547,T1085,2026-01-15 18:00:00,Power Issue,Low,14,True
F01548,T1366,2026-01-28 06:00:00,Power Issue,High,112,True
F01549,T1233,2026-01-03 06:00:00,Configuration Error,Low,40,True
F01550,T1205,2026-01-11 18:00:00,Configuration Error,High,5,True
F01551,T1212,2026-01-22 12:00:00,Backhaul Failure,Low,13,True
F01552,T1175,2026-01-13 18:00:00,Radio Degradation,Medium,19,True
F01553,T1366,2026-01-25 12:00:00,Network Congestion,Medium,23,True
F01554,T1304,2026-01-12 18:00:00,Hardware Failure,Low,15,True
F01555,T1425,2026-01-08 00:00:00,Configuration Error,Low,17,False
F01556,T1228,2026-01-11 06:00:00,Configuration Error,High,119,True
F01557,T1129,2026-01-24 18:00:00,Backhaul Failure,High,99,True
F01558,T1022,2026-01-04 00:00:00,Configuration Error,Low,69,True
F01559,T1005,2026-01-21 00:00:00,Network Congestion,Low,183,True
F01560,T1243,2026-01-05 06:00:00,Network Congestion,Low,78,True
F01561,T1054,2026-01-08 06:00:00,Configuration Error,Low,16,True
F01562,T1169,2026-01-03 00:00:00,Configuration Error,Critical,15,True
F01563,T1306,2026-01-26 06:00:00,Hardware Failure,Low,76,True
F01564,T1191,2026-01-28 00:00:00,Power Issue,Low,134,True
F01565,T1050,2026-01-21 18:00:00,Network Congestion,High,42,True
F01566,T1228,2026-01-17 12:00:00,Power Issue,Medium,22,True
F01567,T1085,2026-01-26 00:00:00,Backhaul Failure,Medium,70,True
F01568,T1105,2026-01-19 00:00:00,Network Congestion,High,25,True
F01569,T1214,2026-01-16 06:00:00,Hardware Failure,Medium,15,True
F01570,T1220,2026-01-27 12:00:00,Power Issue,Low,49,True
F01571,T1425,2026-01-10 00:00:00,Radio Degradation,Medium,37,True
F01572,T1298,2026-01-17 12:00:00,Backhaul Failure,Medium,35,True
F01573,T1472,2026-01-19 18:00:00,Power Issue,Medium,13,True
F01574,T1200,2026-01-09 06:00:00,Power Issue,High,22,True
F01575,T1181,2026-01-18 12:00:00,Configuration Error,High,120,True
F01576,T1059,2026-01-03 00:00:00,Power Issue,Critical,5,False
F01577,T1127,2026-01-24 00:00:00,Radio Degradation,Medium,54,True
F01578,T1401,2026-01-02 00:00:00,Hardware Failure,Medium,101,True
F01579,T1492,2026-01-14 18:00:00,Power Issue,High,85,True
F01580,T1288,2026-01-01 00:00:00,Hardware Failure,High,81,True
F01581,T1049,2026-01-20 18:00:00,Configuration Error,Medium,111,True
F01582,T1175,2026-01-02 18:00:00,Backhaul Failure,Medium,67,True
F01583,T1407,2026-01-18 06:00:00,Hardware Failure,Medium,176,True
F01584,T1132,2026-01-12 06:00:00,Power Issue,Medium,282,True
F01585,T1288,2026-01-03 00:00:00,Network Congestion,Medium,48,True
F01586,T1049,2026-01-19 00:00:00,Hardware Failure,High,181,True
F01587,T1229,2026-01-03 00:00:00,Network Congestion,Medium,35,True
F01588,T1356,2026-01-12 06:00:00,Power Issue,Low,6,True
F01589,T1340,2026-01-04 00:00:00,Hardware Failure,Low,34,True
F01590,T1059,2026-01-23 12:00:00,Network Congestion,Medium,13,True
F01591,T1373,2026-01-25 12:00:00,Configuration Error,Low,71,True
F01592,T1356,2026-01-23 00:00:00,Hardware Failure,Low,187,True
F01593,T1313,2026-01-16 12:00:00,Hardware Failure,Low,32,True
F01594,T1294,2026-01-08 12:00:00,Configuration Error,Medium,129,True
F01595,T1401,2026-01-27 06:00:00,Hardware Failure,Critical,298,True
F01596,T1178,2026-01-25 18:00:00,Hardware Failure,Low,132,True
F01597,T1415,2026-01-09 18:00:00,Power Issue,High,143,True
F01598,T1352,2026-01-28 18:00:00,Backhaul Failure,Low,73,True
F01599,T1018,2026-01-02 06:00:00,Network Congestion,Low,103,True
F01600,T1049,2026-01-02 12:00:00,Hardware Failure,Medium,47,True
F01601,T1297,2026-01-30 12:00:00,Power Issue,High,43,True
F01602,T1369,2026-01-01 12:00:00,Configuration Error,High,5,True
F01603,T1407,2026-01-26 00:00:00,Hardware Failure,Medium,61,False
F01604,T1273,2026-01-10 18:00:00,Backhaul Failure,Medium,199,True
F01605,T1294,2026-01-09 06:00:00,Backhaul Failure,Medium,10,False
F01606,T1326,2026-01-05 00:00:00,Power Issue,High,81,False
F01607,T1445,2026-01-08 12:00:00,Power Issue,Medium,51,True
F01608,T1352,2026-01-12 12:00:00,Configuration Error,Low,50,True
F01609,T1005,2026-01-01 00:00:00,Power Issue,Medium,57,True
F01610,T1261,2026-01-28 06:00:00,Backhaul Failure,Medium,116,True
F01611,T1494,2026-01-02 12:00:00,Backhaul Failure,Medium,78,True
F01612,T1237,2026-01-02 00:00:00,Power Issue,High,126,True
F01613,T1331,2026-01-15 06:00:00,Power Issue,High,172,True
F01614,T1059,2026-01-05 06:00:00,Configuration Error,Low,56,True
F01615,T1178,2026-01-02 06:00:00,Hardware Failure,Medium,21,True
F01616,T1366,2026-01-28 18:00:00,Radio Degradation,Low,111,True
F01617,T1288,2026-01-02 12:00:00,Power Issue,Low,29,True
F01618,T1193,2026-01-18 00:00:00,Radio Degradation,Low,10,True
F01619,T1366,2026-01-15 00:00:00,Radio Degradation,Low,5,True
F01620,T1245,2026-01-12 18:00:00,Hardware Failure,Medium,39,True
F01621,T1285,2026-01-01 12:00:00,Radio Degradation,High,26,True
F01622,T1237,2026-01-29 12:00:00,Backhaul Failure,High,19,True
F01623,T1297,2026-01-06 12:00:00,Hardware Failure,Low,5,True
F01624,T1404,2026-01-01 00:00:00,Radio Degradation,Low,5,True
F01625,T1204,2026-01-25 12:00:00,Network Congestion,Low,41,True
F01626,T1340,2026-01-24 06:00:00,Backhaul Failure,High,10,True
F01627,T1105,2026-01-30 06:00:00,Radio Degradation,Medium,191,True
F01628,T1330,2026-01-24 18:00:00,Radio Degradation,Medium,22,True
F01629,T1353,2026-01-26 00:00:00,Radio Degradation,Medium,209,True
F01630,T1018,2026-01-11 12:00:00,Network Congestion,High,65,True
F01631,T1037,2026-01-11 06:00:00,Power Issue,Low,146,True
F01632,T1472,2026-01-23 06:00:00,Backhaul Failure,Medium,131,True
F01633,T1373,2026-01-03 12:00:00,Radio Degradation,Medium,5,False
F01634,T1178,2026-01-16 06:00:00,Backhaul Failure,High,20,True
F01635,T1468,2026-01-30 06:00:00,Backhaul Failure,Medium,19,True
F01636,T1005,2026-01-09 12:00:00,Power Issue,Low,9,True
F01637,T1200,2026-01-17 06:00:00,Radio Degradation,Medium,23,True
F01638,T1256,2026-01-29 06:00:00,Backhaul Failure,Low,72,True
F01639,T1261,2026-01-25 18:00:00,Configuration Error,Low,71,True
F01640,T1072,2026-01-01 06:00:00,Hardware Failure,Low,5,True
F01641,T1184,2026-01-29 18:00:00,Power Issue,Low,20,True
F01642,T1326,2026-01-23 12:00:00,Hardware Failure,Low,103,True
F01643,T1078,2026-01-19 00:00:00,Configuration Error,Low,47,True
F01644,T1193,2026-01-15 18:00:00,Configuration Error,Medium,42,True
F01645,T1385,2026-01-25 18:00:00,Configuration Error,Low,7,True
F01646,T1404,2026-01-30 00:00:00,Network Congestion,High,22,True
F01647,T1132,2026-01-22 18:00:00,Backhaul Failure,Low,36,True
F01648,T1401,2026-01-19 12:00:00,Hardware Failure,Low,5,True
F01649,T1224,2026-01-19 18:00:00,Power Issue,Low,48,True
F01650,T1129,2026-01-05 00:00:00,Configuration Error,High,226,True
F01651,T1072,2026-01-17 12:00:00,Radio Degradation,High,94,True
F01652,T1492,2026-01-10 06:00:00,Hardware Failure,Low,154,True
F01653,T1220,2026-01-29 06:00:00,Power Issue,High,24,True
F01654,T1005,2026-01-25 00:00:00,Network Congestion,Medium,88,True
F01655,T1181,2026-01-18 06:00:00,Hardware Failure,Medium,23,True
F01656,T1191,2026-01-18 06:00:00,Hardware Failure,Medium,74,True
F01657,T1132,2026-01-07 12:00:00,Radio Degradation,Medium,61,True
F01658,T1468,2026-01-27 18:00:00,Power Issue,High,121,True
F01659,T1214,2026-01-15 18:00:00,Backhaul Failure,Low,43,True
F01660,T1352,2026-01-24 00:00:00,Power Issue,High,26,True
F01661,T1220,2026-01-24 00:00:00,Power Issue,Low,54,True
F01662,T1266,2026-01-21 00:00:00,Configuration Error,Medium,84,True
F01663,T1306,2026-01-14 00:00:00,Configuration Error,High,85,True
F01664,T1481,2026-01-22 00:00:00,Configuration Error,Medium,36,True
F01665,T1404,2026-01-13 06:00:00,Configuration Error,Low,48,True
F01666,T1265,2026-01-27 06:00:00,Configuration Error,Medium,17,True
F01667,T1359,2026-01-29 00:00:00,Radio Degradation,High,6,True
F01668,T1176,2026-01-14 00:00:00,Backhaul Failure,Medium,108,True
F01669,T1129,2026-01-02 18:00:00,Configuration Error,Low,8,True
F01670,T1304,2026-01-08 12:00:00,Backhaul Failure,Medium,41,False
F01671,T1077,2026-01-27 06:00:00,Power Issue,Medium,17,True
F01672,T1301,2026-01-13 12:00:00,Radio Degradation,Medium,54,True
F01673,T1472,2026-01-29 12:00:00,Backhaul Failure,Critical,95,True
F01674,T1340,2026-01-14 00:00:00,Network Congestion,Medium,5,True
F01675,T1472,2026-01-12 18:00:00,Configuration Error,Low,30,True
F01676,T1265,2026-01-20 18:00:00,Configuration Error,Low,32,True
F01677,T1366,2026-01-07 18:00:00,Hardware Failure,Medium,5,True
F01678,T1273,2026-01-11 18:00:00,Backhaul Failure,High,37,True
F01679,T1261,2026-01-30 00:00:00,Power Issue,Medium,304,True
F01680,T1359,2026-01-27 00:00:00,Power Issue,Medium,16,True
F01681,T1123,2026-01-18 06:00:00,Configuration Error,Low,78,False
F01682,T1298,2026-01-11 06:00:00,Radio Degradation,Medium,15,False
F01683,T1247,2026-01-26 18:00:00,Hardware Failure,High,31,True
F01684,T1193,2026-01-25 00:00:00,Configuration Error,Low,131,True
F01685,T1049,2026-01-07 06:00:00,Radio Degradation,Low,34,True
F01686,T1385,2026-01-26 06:00:00,Power Issue,Low,91,True
F01687,T1050,2026-01-08 00:00:00,Hardware Failure,High,159,True
F01688,T1353,2026-01-04 18:00:00,Backhaul Failure,Low,5,True
F01689,T1297,2026-01-08 06:00:00,Hardware Failure,Low,68,True
F01690,T1243,2026-01-21 18:00:00,Network Congestion,High,6,True
F01691,T1445,2026-01-03 00:00:00,Radio Degradation,Medium,89,True
F01692,T1200,2026-01-01 00:00:00,Configuration Error,High,32,True
F01693,T1347,2026-01-04 18:00:00,Network Congestion,High,167,True
F01694,T1278,2026-01-14 00:00:00,Power Issue,Low,49,True
F01695,T1261,2026-01-21 18:00:00,Backhaul Failure,Low,239,True
F01696,T1237,2026-01-18 12:00:00,Backhaul Failure,Low,42,True
F01697,T1366,2026-01-08 18:00:00,Hardware Failure,Critical,28,True
F01698,T1132,2026-01-25 00:00:00,Backhaul Failure,Low,19,False
F01699,T1053,2026-01-25 06:00:00,Backhaul Failure,Low,5,True
F01700,T1012,2026-01-10 12:00:00,Network Congestion,High,5,False
F01701,T1259,2026-01-18 06:00:00,Network Congestion,High,58,True
F01702,T1037,2026-01-03 06:00:00,Backhaul Failure,Medium,29,True
F01703,T1401,2026-01-27 06:00:00,Hardware Failure,High,92,True
F01704,T1382,2026-01-24 12:00:00,Network Congestion,Low,120,True
F01705,T1127,2026-01-14 00:00:00,Power Issue,Medium,90,True
F01706,T1265,2026-01-18 18:00:00,Power Issue,Critical,9,True
F01707,T1494,2026-01-23 18:00:00,Radio Degradation,Medium,24,True
F01708,T1050,2026-01-03 00:00:00,Backhaul Failure,Medium,14,True
F01709,T1369,2026-01-01 06:00:00,Radio Degradation,Medium,69,True
F01710,T1018,2026-01-28 00:00:00,Hardware Failure,High,163,True
F01711,T1301,2026-01-26 18:00:00,Network Congestion,Medium,25,True
F01712,T1274,2026-01-01 12:00:00,Hardware Failure,Medium,53,True
F01713,T1273,2026-01-09 12:00:00,Radio Degradation,High,18,True
F01714,T1123,2026-01-05 12:00:00,Radio Degradation,Medium,18,True
F01715,T1204,2026-01-12 12:00:00,Backhaul Failure,Medium,9,False
F01716,T1354,2026-01-24 06:00:00,Network Congestion,Medium,114,True
F01717,T1336,2026-01-11 18:00:00,Network Congestion,Low,32,True
F01718,T1176,2026-01-10 06:00:00,Network Congestion,Medium,13,True
F01719,T1471,2026-01-04 00:00:00,Radio Degradation,Medium,54,True
F01720,T1492,2026-01-21 06:00:00,Power Issue,Medium,72,False
F01721,T1352,2026-01-10 18:00:00,Radio Degradation,Medium,20,True
F01722,T1274,2026-01-30 12:00:00,Radio Degradation,Medium,38,True
F01723,T1105,2026-01-19 06:00:00,Hardware Failure,Medium,83,True
F01724,T1261,2026-01-19 00:00:00,Network Congestion,High,20,True
F01725,T1184,2026-01-11 12:00:00,Configuration Error,High,11,True
F01726,T1228,2026-01-07 06:00:00,Hardware Failure,High,9,False
F01727,T1395,2026-01-30 06:00:00,Network Congestion,Low,13,True
F01728,T1278,2026-01-03 00:00:00,Network Congestion,Medium,46,True
F01729,T1055,2026-01-16 12:00:00,Power Issue,Medium,77,True
F01730,T1481,2026-01-13 18:00:00,Backhaul Failure,Medium,39,True
F01731,T1294,2026-01-11 00:00:00,Radio Degradation,High,79,False
F01732,T1359,2026-01-27 12:00:00,Configuration Error,Low,44,True
F01733,T1018,2026-01-16 12:00:00,Configuration Error,Low,31,True
F01734,T1178,2026-01-12 06:00:00,Hardware Failure,High,13,True
F01735,T1055,2026-01-12 18:00:00,Network Congestion,Medium,304,True
F01736,T1169,2026-01-13 12:00:00,Network Congestion,High,14,False
F01737,T1256,2026-01-15 12:00:00,Radio Degradation,Low,5,True
F01738,T1471,2026-01-04 12:00:00,Power Issue,Medium,23,True
F01739,T1415,2026-01-02 12:00:00,Configuration Error,Medium,85,True
F01740,T1458,2026-01-23 12:00:00,Power Issue,Medium,27,False
F01741,T1297,2026-01-28 18:00:00,Radio Degradation,Medium,5,True
F01742,T1228,2026-01-24 00:00:00,Hardware Failure,Low,6,True
F01743,T1204,2026-01-05 06:00:00,Network Congestion,Low,36,True
F01744,T1214,2026-01-02 18:00:00,Configuration Error,Medium,58,True
F01745,T1191,2026-01-09 06:00:00,Configuration Error,Medium,229,True
F01746,T1273,2026-01-28 12:00:00,Configuration Error,Low,48,False
F01747,T1401,2026-01-12 00:00:00,Configuration Error,Medium,14,True
F01748,T1055,2026-01-02 00:00:00,Network Congestion,High,5,True
F01749,T1050,2026-01-09 00:00:00,Network Congestion,Medium,73,True
F01750,T1256,2026-01-23 18:00:00,Network Congestion,Medium,121,True
F01751,T1176,2026-01-10 12:00:00,Radio Degradation,Low,32,True
F01752,T1205,2026-01-27 00:00:00,Radio Degradation,High,32,True
F01753,T1395,2026-01-06 00:00:00,Network Congestion,Low,43,True
F01754,T1247,2026-01-25 06:00:00,Hardware Failure,Low,69,True
F01755,T1445,2026-01-29 06:00:00,Power Issue,High,5,True
F01756,T1169,2026-01-24 06:00:00,Power Issue,Low,59,True
F01757,T1129,2026-01-09 06:00:00,Radio Degradation,Low,24,True
F01758,T1169,2026-01-09 06:00:00,Network Congestion,Critical,178,True
F01759,T1018,2026-01-09 00:00:00,Backhaul Failure,Low,64,True
F01760,T1012,2026-01-17 18:00:00,Configuration Error,Medium,60,True
F01761,T1304,2026-01-13 06:00:00,Radio Degradation,Medium,16,False
F01762,T1072,2026-01-12 12:00:00,Network Congestion,Low,157,False
F01763,T1330,2026-01-27 12:00:00,Hardware Failure,Medium,92,True
F01764,T1151,2026-01-15 12:00:00,Hardware Failure,High,232,True
F01765,T1301,2026-01-06 18:00:00,Network Congestion,Medium,66,True
F01766,T1205,2026-01-13 00:00:00,Power Issue,Medium,57,True
F01767,T1336,2026-01-06 18:00:00,Backhaul Failure,Low,17,True
F01768,T1259,2026-01-06 12:00:00,Power Issue,Low,102,True
F01769,T1369,2026-01-01 18:00:00,Radio Degradation,Medium,140,True
F01770,T1072,2026-01-24 18:00:00,Backhaul Failure,High,48,True
F01771,T1132,2026-01-20 12:00:00,Backhaul Failure,Medium,49,True
F01772,T1288,2026-01-25 00:00:00,Backhaul Failure,Medium,21,True
F01773,T1245,2026-01-13 00:00:00,Network Congestion,Medium,8,False
F01774,T1127,2026-01-23 06:00:00,Radio Degradation,High,70,True
F01775,T1471,2026-01-26 00:00:00,Hardware Failure,Low,47,True
F01776,T1492,2026-01-15 18:00:00,Network Congestion,Medium,5,True
F01777,T1256,2026-01-29 06:00:00,Power Issue,Low,7,True
F01778,T1181,2026-01-14 00:00:00,Configuration Error,Low,29,True
F01779,T1132,2026-01-01 18:00:00,Network Congestion,Low,37,True
F01780,T1346,2026-01-13 06:00:00,Backhaul Failure,Medium,8,True
F01781,T1393,2026-01-08 00:00:00,Backhaul Failure,Low,20,True
F01782,T1085,2026-01-13 12:00:00,Power Issue,High,20,True
F01783,T1407,2026-01-20 18:00:00,Radio Degradation,Low,65,True
F01784,T1495,2026-01-19 00:00:00,Network Congestion,High,83,True
F01785,T1326,2026-01-12 12:00:00,Power Issue,Medium,108,True
F01786,T1127,2026-01-25 18:00:00,Hardware Failure,Medium,59,True
F01787,T1169,2026-01-02 06:00:00,Power Issue,Medium,5,True
F01788,T1178,2026-01-06 18:00:00,Network Congestion,Low,16,True
F01789,T1175,2026-01-02 12:00:00,Backhaul Failure,Low,11,True
F01790,T1294,2026-01-27 00:00:00,Backhaul Failure,High,25,True
F01791,T1050,2026-01-04 18:00:00,Hardware Failure,Low,106,True
F01792,T1366,2026-01-13 18:00:00,Hardware Failure,Medium,36,False
F01793,T1274,2026-01-14 00:00:00,Power Issue,Medium,10,True
F01794,T1472,2026-01-20 18:00:00,Radio Degradation,Low,5,True
F01795,T1471,2026-01-28 12:00:00,Hardware Failure,High,102,False
F01796,T1049,2026-01-25 18:00:00,Configuration Error,Low,55,True
F01797,T1393,2026-01-19 12:00:00,Network Congestion,Medium,9,True
F01798,T1266,2026-01-14 00:00:00,Backhaul Failure,Low,5,True
F01799,T1265,2026-01-15 12:00:00,Hardware Failure,High,30,True
F01800,T1022,2026-01-14 12:00:00,Configuration Error,Low,13,True
F01801,T1191,2026-01-09 06:00:00,Power Issue,Low,51,True
F01802,T1278,2026-01-10 00:00:00,Radio Degradation,Low,217,True
F01803,T1049,2026-01-24 18:00:00,Network Congestion,Low,5,True
F01804,T1468,2026-01-24 06:00:00,Configuration Error,Medium,23,True
F01805,T1492,2026-01-15 06:00:00,Configuration Error,High,88,True
F01806,T1337,2026-01-03 12:00:00,Power Issue,Low,97,True
F01807,T1401,2026-01-21 00:00:00,Backhaul Failure,Medium,82,True
F01808,T1078,2026-01-30 12:00:00,Backhaul Failure,Medium,104,True
F01809,T1354,2026-01-09 00:00:00,Backhaul Failure,Critical,7,True
F01810,T1245,2026-01-09 12:00:00,Radio Degradation,Medium,23,True
F01811,T1037,2026-01-23 00:00:00,Power Issue,Medium,114,True
F01812,T1072,2026-01-09 06:00:00,Power Issue,Medium,46,True
F01813,T1274,2026-01-30 06:00:00,Configuration Error,Low,5,True
F01814,T1181,2026-01-01 18:00:00,Configuration Error,Low,26,True
F01815,T1127,2026-01-26 12:00:00,Hardware Failure,Low,16,True
F01816,T1278,2026-01-08 00:00:00,Radio Degradation,Low,5,True
F01817,T1266,2026-01-19 18:00:00,Configuration Error,Medium,102,True
F01818,T1228,2026-01-30 00:00:00,Power Issue,Low,19,True
F01819,T1018,2026-01-05 18:00:00,Configuration Error,Medium,5,True
F01820,T1123,2026-01-22 18:00:00,Power Issue,Medium,42,True
F01821,T1245,2026-01-03 18:00:00,Radio Degradation,Critical,47,True
F01822,T1354,2026-01-17 12:00:00,Power Issue,Low,6,True
F01823,T1273,2026-01-15 00:00:00,Network Congestion,Medium,10,True
F01824,T1193,2026-01-19 18:00:00,Backhaul Failure,Critical,150,True
F01825,T1054,2026-01-18 18:00:00,Network Congestion,Low,16,True
F01826,T1243,2026-01-20 00:00:00,Hardware Failure,Low,68,True
F01827,T1472,2026-01-19 12:00:00,Network Congestion,High,21,True
F01828,T1495,2026-01-13 18:00:00,Power Issue,High,29,True
F01829,T1127,2026-01-09 12:00:00,Power Issue,Medium,9,True
F01830,T1346,2026-01-21 12:00:00,Radio Degradation,Medium,126,True
F01831,T1274,2026-01-16 18:00:00,Power Issue,High,12,True
F01832,T1129,2026-01-13 12:00:00,Hardware Failure,Medium,21,True
F01833,T1494,2026-01-21 06:00:00,Configuration Error,High,11,True
F01834,T1178,2026-01-14 18:00:00,Backhaul Failure,Low,7,True
F01835,T1220,2026-01-05 00:00:00,Radio Degradation,Medium,7,True
F01836,T1247,2026-01-11 06:00:00,Network Congestion,Medium,30,True
F01837,T1395,2026-01-12 00:00:00,Configuration Error,Medium,46,True
F01838,T1184,2026-01-18 06:00:00,Network Congestion,Medium,36,True
F01839,T1326,2026-01-06 18:00:00,Configuration Error,High,6,True
F01840,T1385,2026-01-03 00:00:00,Network Congestion,Medium,66,True
F01841,T1346,2026-01-20 18:00:00,Network Congestion,High,32,False
F01842,T1366,2026-01-21 00:00:00,Radio Degradation,High,6,True
F01843,T1425,2026-01-08 18:00:00,Configuration Error,Critical,62,True
F01844,T1306,2026-01-22 18:00:00,Radio Degradation,Critical,29,True
F01845,T1105,2026-01-26 18:00:00,Power Issue,High,5,True
F01846,T1204,2026-01-25 00:00:00,Backhaul Failure,Medium,152,True
F01847,T1385,2026-01-26 18:00:00,Configuration Error,High,77,True
F01848,T1204,2026-01-30 18:00:00,Backhaul Failure,High,157,True
F01849,T1261,2026-01-25 00:00:00,Configuration Error,Low,13,True
F01850,T1078,2026-01-05 06:00:00,Backhaul Failure,Low,44,True
F01851,T1012,2026-01-23 00:00:00,Backhaul Failure,High,34,True
F01852,T1037,2026-01-25 12:00:00,Power Issue,Low,75,True
F01853,T1043,2026-01-23 12:00:00,Radio Degradation,Low,117,True
F01854,T1085,2026-01-05 12:00:00,Hardware Failure,Low,35,True
F01855,T1373,2026-01-23 12:00:00,Power Issue,High,205,True
F01856,T1359,2026-01-10 18:00:00,Configuration Error,Medium,129,True
F01857,T1354,2026-01-26 06:00:00,Network Congestion,Medium,71,True
F01858,T1022,2026-01-21 06:00:00,Hardware Failure,High,25,True
F01859,T1285,2026-01-19 00:00:00,Power Issue,Low,81,True
F01860,T1294,2026-01-13 18:00:00,Radio Degradation,High,13,False
F01861,T1012,2026-01-05 12:00:00,Radio Degradation,Low,154,True
F01862,T1265,2026-01-21 06:00:00,Radio Degradation,Medium,11,True
F01863,T1243,2026-01-01 00:00:00,Power Issue,Low,45,True
F01864,T1347,2026-01-09 00:00:00,Configuration Error,Low,36,True
F01865,T1205,2026-01-30 00:00:00,Configuration Error,High,133,True
F01866,T1353,2026-01-29 06:00:00,Configuration Error,Low,5,True
F01867,T1274,2026-01-21 00:00:00,Power Issue,Medium,45,True
F01868,T1049,2026-01-28 00:00:00,Hardware Failure,Medium,73,True
F01869,T1037,2026-01-09 06:00:00,Configuration Error,High,8,True
F01870,T1288,2026-01-23 18:00:00,Network Congestion,Low,7,True
F01871,T1330,2026-01-09 00:00:00,Configuration Error,Low,87,True
F01872,T1331,2026-01-29 06:00:00,Radio Degradation,Low,19,True
F01873,T1037,2026-01-19 18:00:00,Backhaul Failure,Low,303,True
F01874,T1224,2026-01-11 00:00:00,Network Congestion,Medium,31,True
F01875,T1228,2026-01-07 00:00:00,Radio Degradation,Medium,56,True
F01876,T1077,2026-01-19 00:00:00,Radio Degradation,Medium,90,False
F01877,T1401,2026-01-29 18:00:00,Configuration Error,Low,23,True
F01878,T1298,2026-01-25 18:00:00,Hardware Failure,Low,17,True
F01879,T1415,2026-01-16 06:00:00,Power Issue,Medium,259,True
F01880,T1012,2026-01-10 12:00:00,Radio Degradation,Low,54,True
F01881,T1481,2026-01-17 12:00:00,Configuration Error,Medium,19,False
F01882,T1159,2026-01-16 00:00:00,Power Issue,High,21,True
F01883,T1059,2026-01-06 06:00:00,Hardware Failure,High,42,True
F01884,T1259,2026-01-30 18:00:00,Power Issue,Medium,49,True
F01885,T1159,2026-01-07 00:00:00,Network Congestion,Low,35,True
F01886,T1356,2026-01-25 18:00:00,Hardware Failure,Medium,5,False
F01887,T1181,2026-01-19 06:00:00,Power Issue,Low,37,True
F01888,T1123,2026-01-28 06:00:00,Radio Degradation,Medium,5,True
F01889,T1294,2026-01-16 18:00:00,Configuration Error,Low,118,False
F01890,T1228,2026-01-30 12:00:00,Power Issue,Low,29,True
F01891,T1193,2026-01-27 12:00:00,Backhaul Failure,Low,5,True
F01892,T1212,2026-01-14 00:00:00,Backhaul Failure,Low,57,True
F01893,T1012,2026-01-26 06:00:00,Backhaul Failure,High,13,True
F01894,T1393,2026-01-07 06:00:00,Configuration Error,Medium,8,True
F01895,T1132,2026-01-01 12:00:00,Backhaul Failure,High,118,True
F01896,T1481,2026-01-24 06:00:00,Network Congestion,Medium,6,True
F01897,T1352,2026-01-04 00:00:00,Network Congestion,Low,15,True
F01898,T1401,2026-01-19 18:00:00,Hardware Failure,High,12,True
F01899,T1393,2026-01-16 06:00:00,Power Issue,Critical,263,True
F01900,T1229,2026-01-04 00:00:00,Configuration Error,Low,123,True
F01901,T1018,2026-01-30 12:00:00,Hardware Failure,Medium,15,True
F01902,T1105,2026-01-11 18:00:00,Network Congestion,High,26,True
F01903,T1245,2026-01-07 00:00:00,Backhaul Failure,Low,57,True
F01904,T1212,2026-01-22 12:00:00,Radio Degradation,Medium,64,True
F01905,T1247,2026-01-05 00:00:00,Configuration Error,Medium,56,True
F01906,T1373,2026-01-29 18:00:00,Configuration Error,High,45,True
F01907,T1494,2026-01-08 18:00:00,Power Issue,Low,91,True
F01908,T1393,2026-01-09 12:00:00,Radio Degradation,Medium,45,True
F01909,T1214,2026-01-21 18:00:00,Backhaul Failure,Low,51,True
F01910,T1224,2026-01-27 00:00:00,Radio Degradation,Low,23,True
F01911,T1306,2026-01-17 12:00:00,Radio Degradation,Medium,24,True
F01912,T1359,2026-01-03 00:00:00,Radio Degradation,Low,21,True
F01913,T1472,2026-01-18 06:00:00,Radio Degradation,High,100,True
F01914,T1494,2026-01-20 06:00:00,Hardware Failure,High,52,True
F01915,T1352,2026-01-15 18:00:00,Configuration Error,Low,97,True
F01916,T1159,2026-01-21 12:00:00,Backhaul Failure,Medium,28,True
F01917,T1072,2026-01-29 00:00:00,Backhaul Failure,Medium,45,True
F01918,T1184,2026-01-01 00:00:00,Network Congestion,Low,139,True
F01919,T1220,2026-01-19 12:00:00,Radio Degradation,Medium,30,True
F01920,T1245,2026-01-30 12:00:00,Configuration Error,High,20,True
F01921,T1285,2026-01-07 12:00:00,Network Congestion,Low,55,True
F01922,T1337,2026-01-25 06:00:00,Radio Degradation,Low,5,True
F01923,T1356,2026-01-30 06:00:00,Configuration Error,Low,22,True
F01924,T1407,2026-01-09 06:00:00,Network Congestion,High,41,True
F01925,T1018,2026-01-04 18:00:00,Hardware Failure,Medium,20,True
F01926,T1495,2026-01-07 18:00:00,Hardware Failure,Medium,133,True
F01927,T1181,2026-01-25 18:00:00,Radio Degradation,High,57,True
F01928,T1129,2026-01-17 00:00:00,Network Congestion,High,174,True
F01929,T1265,2026-01-24 12:00:00,Configuration Error,Critical,73,True
F01930,T1181,2026-01-03 12:00:00,Backhaul Failure,Low,212,True
F01931,T1266,2026-01-01 00:00:00,Backhaul Failure,High,13,True
F01932,T1259,2026-01-12 12:00:00,Power Issue,High,84,True
F01933,T1178,2026-01-10 06:00:00,Configuration Error,Low,5,True
F01934,T1184,2026-01-29 18:00:00,Hardware Failure,Critical,7,True
F01935,T1012,2026-01-29 12:00:00,Hardware Failure,Low,21,True
F01936,T1205,2026-01-01 06:00:00,Radio Degradation,Low,42,True
F01937,T1212,2026-01-02 00:00:00,Radio Degradation,High,90,True
F01938,T1340,2026-01-10 12:00:00,Radio Degradation,Medium,25,True
F01939,T1129,2026-01-06 06:00:00,Configuration Error,High,119,True
F01940,T1373,2026-01-29 00:00:00,Network Congestion,Low,46,True
F01941,T1274,2026-01-21 12:00:00,Power Issue,Medium,21,True
F01942,T1297,2026-01-11 00:00:00,Backhaul Failure,Low,30,True
F01943,T1237,2026-01-02 18:00:00,Radio Degradation,Medium,40,True
F01944,T1259,2026-01-01 12:00:00,Network Congestion,Low,69,False
F01945,T1472,2026-01-16 18:00:00,Backhaul Failure,High,55,True
F01946,T1085,2026-01-28 00:00:00,Power Issue,Medium,9,True
F01947,T1022,2026-01-05 12:00:00,Configuration Error,Medium,7,False
F01948,T1055,2026-01-23 00:00:00,Backhaul Failure,Medium,67,True
F01949,T1245,2026-01-07 06:00:00,Network Congestion,Medium,21,True
F01950,T1285,2026-01-08 00:00:00,Configuration Error,Low,56,True
F01951,T1298,2026-01-04 06:00:00,Network Congestion,Low,15,True
F01952,T1077,2026-01-11 18:00:00,Configuration Error,Medium,106,True
F01953,T1415,2026-01-25 06:00:00,Power Issue,Medium,46,True
F01954,T1304,2026-01-24 00:00:00,Configuration Error,High,41,True
F01955,T1224,2026-01-26 06:00:00,Network Congestion,Low,128,True
F01956,T1326,2026-01-06 18:00:00,Power Issue,Low,113,True
F01957,T1492,2026-01-07 18:00:00,Backhaul Failure,Critical,69,True
F01958,T1261,2026-01-18 18:00:00,Hardware Failure,Medium,86,True
F01959,T1233,2026-01-30 12:00:00,Power Issue,Critical,29,True
F01960,T1078,2026-01-26 18:00:00,Radio Degradation,Medium,25,True
F01961,T1078,2026-01-25 12:00:00,Hardware Failure,High,36,True
F01962,T1297,2026-01-18 06:00:00,Hardware Failure,Low,116,True
F01963,T1472,2026-01-04 12:00:00,Network Congestion,High,38,True
F01964,T1072,2026-01-18 00:00:00,Radio Degradation,Low,102,True
F01965,T1233,2026-01-07 06:00:00,Configuration Error,Low,21,True
F01966,T1050,2026-01-24 12:00:00,Radio Degradation,Medium,229,True
F01967,T1353,2026-01-17 00:00:00,Radio Degradation,Low,180,True
F01968,T1353,2026-01-06 12:00:00,Network Congestion,Low,5,True
F01969,T1359,2026-01-28 06:00:00,Configuration Error,Low,13,False
F01970,T1298,2026-01-14 06:00:00,Power Issue,Low,5,False
F01971,T1274,2026-01-10 18:00:00,Radio Degradation,Critical,16,True
F01972,T1494,2026-01-11 06:00:00,Configuration Error,High,38,True
F01973,T1022,2026-01-23 12:00:00,Network Congestion,High,111,True
F01974,T1331,2026-01-02 18:00:00,Network Congestion,Low,106,True
F01975,T1212,2026-01-26 06:00:00,Backhaul Failure,High,27,True
F01976,T1053,2026-01-19 06:00:00,Network Congestion,High,16,True
F01977,T1352,2026-01-05 18:00:00,Hardware Failure,Medium,34,True
F01978,T1273,2026-01-05 06:00:00,Backhaul Failure,Low,29,True
F01979,T1278,2026-01-01 00:00:00,Radio Degradation,Low,26,True
F01980,T1301,2026-01-20 18:00:00,Network Congestion,Medium,5,True
F01981,T1214,2026-01-18 18:00:00,Network Congestion,Low,25,False
F01982,T1401,2026-01-11 12:00:00,Hardware Failure,Low,202,True
F01983,T1472,2026-01-21 18:00:00,Backhaul Failure,Medium,63,True
F01984,T1113,2026-01-28 18:00:00,Power Issue,Low,53,True
F01985,T1050,2026-01-20 12:00:00,Network Congestion,High,20,True
F01986,T1458,2026-01-14 18:00:00,Hardware Failure,Medium,53,True
F01987,T1352,2026-01-27 12:00:00,Power Issue,Medium,92,True
F01988,T1055,2026-01-27 12:00:00,Power Issue,Low,52,True
F01989,T1265,2026-01-08 18:00:00,Network Congestion,Medium,295,True
F01990,T1216,2026-01-25 18:00:00,Radio Degradation,Medium,30,True
F01991,T1005,2026-01-17 18:00:00,Hardware Failure,Medium,94,True
F01992,T1012,2026-01-04 00:00:00,Hardware Failure,Critical,77,True
F01993,T1304,2026-01-22 18:00:00,Backhaul Failure,Medium,33,True
F01994,T1012,2026-01-26 18:00:00,Backhaul Failure,Medium,45,True
F01995,T1274,2026-01-27 18:00:00,Configuration Error,High,27,True
F01996,T1159,2026-01-01 12:00:00,Hardware Failure,Low,31,True
F01997,T1297,2026-01-24 18:00:00,Power Issue,Low,63,True
F01998,T1193,2026-01-08 12:00:00,Backhaul Failure,High,64,True
F01999,T1458,2026-01-21 12:00:00,Network Congestion,Low,206,True
F02000,T1330,2026-01-21 12:00:00,Configuration Error,Medium,24,True
F02001,T1129,2026-01-28 18:00:00,Hardware Failure,Low,47,True
F02002,T1495,2026-01-26 06:00:00,Power Issue,High,10,True
F02003,T1401,2026-01-03 18:00:00,Power Issue,Medium,57,True
F02004,T1369,2026-01-13 06:00:00,Power Issue,High,26,True
F02005,T1078,2026-01-26 18:00:00,Power Issue,High,18,False
F02006,T1278,2026-01-01 00:00:00,Network Congestion,Medium,65,False
F02007,T1458,2026-01-21 12:00:00,Radio Degradation,Medium,78,True
F02008,T1458,2026-01-03 06:00:00,Hardware Failure,Low,7,True
F02009,T1340,2026-01-13 12:00:00,Network Congestion,Medium,81,True
F02010,T1053,2026-01-05 18:00:00,Hardware Failure,High,53,True
F02011,T1385,2026-01-20 00:00:00,Power Issue,Critical,24,True
F02012,T1337,2026-01-08 06:00:00,Configuration Error,Critical,16,True
F02013,T1220,2026-01-27 06:00:00,Network Congestion,High,116,True
F02014,T1151,2026-01-05 00:00:00,Power Issue,Low,105,True
F02015,T1298,2026-01-16 18:00:00,Backhaul Failure,Medium,363,False
F02016,T1169,2026-01-14 06:00:00,Radio Degradation,Medium,46,True
F02017,T1184,2026-01-24 12:00:00,Configuration Error,High,21,True
F02018,T1261,2026-01-14 12:00:00,Power Issue,High,31,False
F02019,T1356,2026-01-18 12:00:00,Hardware Failure,Critical,47,True
F02020,T1458,2026-01-08 06:00:00,Hardware Failure,Critical,81,True
F02021,T1366,2026-01-23 18:00:00,Radio Degradation,Low,63,True
F02022,T1005,2026-01-08 12:00:00,Configuration Error,Medium,27,False
F02023,T1220,2026-01-15 12:00:00,Radio Degradation,High,104,True
F02024,T1018,2026-01-16 18:00:00,Hardware Failure,Critical,140,True
F02025,T1481,2026-01-15 00:00:00,Power Issue,Medium,49,True
F02026,T1331,2026-01-22 12:00:00,Hardware Failure,Critical,45,True
F02027,T1022,2026-01-29 00:00:00,Configuration Error,Medium,69,True
F02028,T1212,2026-01-05 18:00:00,Network Congestion,Medium,63,True
F02029,T1458,2026-01-22 12:00:00,Power Issue,Low,5,True
F02030,T1233,2026-01-14 06:00:00,Radio Degradation,Critical,38,True
F02031,T1176,2026-01-20 00:00:00,Configuration Error,High,5,True
F02032,T1105,2026-01-20 00:00:00,Radio Degradation,Medium,78,True
F02033,T1169,2026-01-08 06:00:00,Network Congestion,Low,37,False
F02034,T1050,2026-01-04 12:00:00,Hardware Failure,Low,36,True
F02035,T1458,2026-01-22 18:00:00,Backhaul Failure,Low,5,True
F02036,T1078,2026-01-06 00:00:00,Power Issue,Low,25,True
F02037,T1022,2026-01-16 00:00:00,Network Congestion,Low,26,True
F02038,T1492,2026-01-21 00:00:00,Power Issue,Medium,61,True
F02039,T1022,2026-01-01 00:00:00,Radio Degradation,Low,86,True
F02040,T1123,2026-01-01 00:00:00,Hardware Failure,Low,8,True
F02041,T1205,2026-01-19 12:00:00,Hardware Failure,Critical,62,True
F02042,T1313,2026-01-16 06:00:00,Radio Degradation,Low,153,True
F02043,T1346,2026-01-30 06:00:00,Radio Degradation,Low,30,True
F02044,T1018,2026-01-23 06:00:00,Radio Degradation,Low,21,True
F02045,T1297,2026-01-20 00:00:00,Radio Degradation,High,185,True
F02046,T1214,2026-01-26 12:00:00,Power Issue,Low,5,True
F02047,T1404,2026-01-17 06:00:00,Hardware Failure,Medium,30,True
F02048,T1298,2026-01-30 12:00:00,Backhaul Failure,High,55,True
F02049,T1184,2026-01-26 18:00:00,Hardware Failure,Medium,60,True
F02050,T1037,2026-01-12 06:00:00,Network Congestion,Critical,80,True
F02051,T1274,2026-01-02 12:00:00,Hardware Failure,High,13,False
F02052,T1340,2026-01-23 00:00:00,Radio Degradation,Low,74,True
F02053,T1353,2026-01-19 18:00:00,Radio Degradation,Medium,29,True
F02054,T1085,2026-01-15 06:00:00,Power Issue,High,93,True
F02055,T1072,2026-01-13 00:00:00,Backhaul Failure,Low,107,True
F02056,T1481,2026-01-16 18:00:00,Power Issue,Medium,42,True
F02057,T1054,2026-01-25 00:00:00,Radio Degradation,High,45,True
F02058,T1395,2026-01-10 06:00:00,Configuration Error,Low,97,True
F02059,T1297,2026-01-02 12:00:00,Backhaul Failure,Low,43,False
F02060,T1224,2026-01-27 18:00:00,Configuration Error,Medium,33,True
F02061,T1233,2026-01-12 00:00:00,Network Congestion,Low,114,False
F02062,T1220,2026-01-23 12:00:00,Hardware Failure,Medium,140,True
F02063,T1245,2026-01-21 00:00:00,Hardware Failure,High,31,True
F02064,T1113,2026-01-04 12:00:00,Hardware Failure,High,24,True
F02065,T1471,2026-01-06 18:00:00,Network Congestion,Low,54,True
F02066,T1337,2026-01-05 06:00:00,Radio Degradation,Low,48,True
F02067,T1407,2026-01-22 12:00:00,Network Congestion,High,5,True
F02068,T1415,2026-01-14 00:00:00,Backhaul Failure,High,11,True
F02069,T1169,2026-01-27 18:00:00,Power Issue,Medium,56,True
F02070,T1053,2026-01-02 18:00:00,Network Congestion,Medium,213,True
F02071,T1359,2026-01-04 00:00:00,Network Congestion,High,5,True
F02072,T1159,2026-01-18 12:00:00,Network Congestion,High,5,True
F02073,T1346,2026-01-23 18:00:00,Power Issue,Medium,13,True
F02074,T1205,2026-01-09 00:00:00,Hardware Failure,Low,5,True
F02075,T1256,2026-01-03 18:00:00,Network Congestion,Low,106,False
F02076,T1228,2026-01-16 00:00:00,Hardware Failure,Low,5,True
F02077,T1159,2026-01-03 00:00:00,Network Congestion,Medium,7,True
F02078,T1495,2026-01-05 18:00:00,Radio Degradation,High,42,True
F02079,T1366,2026-01-25 06:00:00,Network Congestion,Medium,37,True
F02080,T1336,2026-01-05 12:00:00,Power Issue,High,82,True
F02081,T1256,2026-01-29 00:00:00,Backhaul Failure,Low,335,False
F02082,T1366,2026-01-03 06:00:00,Network Congestion,Medium,17,True
F02083,T1401,2026-01-15 00:00:00,Backhaul Failure,Low,53,True
F02084,T1353,2026-01-10 06:00:00,Network Congestion,Medium,32,True
F02085,T1472,2026-01-22 00:00:00,Backhaul Failure,Medium,114,True
F02086,T1401,2026-01-06 12:00:00,Power Issue,Low,5,False
F02087,T1346,2026-01-08 00:00:00,Backhaul Failure,Low,26,True
F02088,T1184,2026-01-25 00:00:00,Network Congestion,High,100,True
F02089,T1191,2026-01-03 00:00:00,Configuration Error,High,31,True
F02090,T1245,2026-01-21 18:00:00,Power Issue,Medium,27,True
F02091,T1354,2026-01-08 18:00:00,Radio Degradation,Low,137,False
F02092,T1359,2026-01-15 18:00:00,Network Congestion,Medium,10,True
F02093,T1220,2026-01-05 12:00:00,Configuration Error,Medium,86,False
F02094,T1184,2026-01-09 06:00:00,Power Issue,Medium,215,True
F02095,T1077,2026-01-05 00:00:00,Backhaul Failure,Medium,29,True
F02096,T1288,2026-01-13 06:00:00,Configuration Error,Low,43,False
F02097,T1200,2026-01-29 18:00:00,Backhaul Failure,Medium,29,True
F02098,T1184,2026-01-15 12:00:00,Power Issue,Low,120,True
F02099,T1401,2026-01-17 06:00:00,Network Congestion,Low,115,True
F02100,T1169,2026-01-28 12:00:00,Backhaul Failure,Medium,150,True
F02101,T1237,2026-01-12 12:00:00,Network Congestion,Low,15,True
F02102,T1191,2026-01-21 18:00:00,Power Issue,High,18,False
F02103,T1313,2026-01-14 00:00:00,Network Congestion,Low,12,True
F02104,T1425,2026-01-22 18:00:00,Radio Degradation,Medium,86,False
F02105,T1297,2026-01-23 06:00:00,Backhaul Failure,Medium,26,True
F02106,T1354,2026-01-22 06:00:00,Configuration Error,Medium,11,True
F02107,T1256,2026-01-05 18:00:00,Power Issue,Medium,31,True
F02108,T1468,2026-01-25 18:00:00,Power Issue,Medium,57,True
F02109,T1353,2026-01-24 00:00:00,Configuration Error,Low,32,True
F02110,T1247,2026-01-01 00:00:00,Power Issue,High,14,True
F02111,T1193,2026-01-07 06:00:00,Network Congestion,Low,50,True
F02112,T1313,2026-01-30 12:00:00,Radio Degradation,High,111,True
F02113,T1078,2026-01-23 06:00:00,Power Issue,Low,71,True
F02114,T1425,2026-01-29 06:00:00,Network Congestion,Medium,8,True
F02115,T1313,2026-01-14 06:00:00,Radio Degradation,Medium,5,True
F02116,T1352,2026-01-23 06:00:00,Hardware Failure,Medium,15,True
F02117,T1018,2026-01-04 00:00:00,Network Congestion,High,74,True
F02118,T1175,2026-01-06 00:00:00,Radio Degradation,Medium,89,True
F02119,T1018,2026-01-19 06:00:00,Backhaul Failure,High,8,False
F02120,T1055,2026-01-19 12:00:00,Power Issue,Critical,44,True
F02121,T1331,2026-01-06 06:00:00,Radio Degradation,Low,26,True
F02122,T1347,2026-01-04 06:00:00,Configuration Error,Low,44,True
F02123,T1445,2026-01-12 18:00:00,Hardware Failure,Medium,17,True
F02124,T1123,2026-01-12 12:00:00,Network Congestion,Medium,25,False
F02125,T1297,2026-01-16 12:00:00,Network Congestion,Low,5,True
F02126,T1382,2026-01-09 18:00:00,Backhaul Failure,Low,71,True
F02127,T1212,2026-01-22 18:00:00,Configuration Error,Low,25,True
F02128,T1468,2026-01-28 00:00:00,Configuration Error,Medium,22,True
F02129,T1256,2026-01-29 18:00:00,Backhaul Failure,Low,27,True
F02130,T1415,2026-01-23 18:00:00,Power Issue,Low,27,True
F02131,T1407,2026-01-14 12:00:00,Network Congestion,High,20,True
F02132,T1330,2026-01-07 18:00:00,Power Issue,Low,33,False
F02133,T1055,2026-01-03 12:00:00,Radio Degradation,High,47,True
F02134,T1468,2026-01-26 00:00:00,Network Congestion,Low,25,True
F02135,T1347,2026-01-19 06:00:00,Hardware Failure,High,103,True
F02136,T1336,2026-01-24 12:00:00,Radio Degradation,Low,5,True
F02137,T1266,2026-01-21 12:00:00,Configuration Error,Low,61,True
F02138,T1393,2026-01-05 06:00:00,Configuration Error,High,77,True
F02139,T1204,2026-01-03 00:00:00,Backhaul Failure,High,8,True
F02140,T1224,2026-01-23 00:00:00,Backhaul Failure,Low,8,True
F02141,T1228,2026-01-27 06:00:00,Configuration Error,Critical,99,True
F02142,T1159,2026-01-16 12:00:00,Configuration Error,Medium,40,True
F02143,T1229,2026-01-15 06:00:00,Radio Degradation,Low,124,True
F02144,T1256,2026-01-09 06:00:00,Radio Degradation,Medium,16,True
F02145,T1214,2026-01-23 00:00:00,Network Congestion,Low,180,True
F02146,T1288,2026-01-06 18:00:00,Configuration Error,High,10,True
F02147,T1237,2026-01-17 12:00:00,Network Congestion,Medium,5,True
F02148,T1495,2026-01-08 00:00:00,Configuration Error,High,24,True
F02149,T1054,2026-01-25 06:00:00,Hardware Failure,Low,11,True
F02150,T1050,2026-01-02 18:00:00,Hardware Failure,Medium,37,True
F02151,T1043,2026-01-01 00:00:00,Power Issue,Medium,37,False
F02152,T1373,2026-01-23 00:00:00,Radio Degradation,Low,107,True
F02153,T1043,2026-01-12 18:00:00,Power Issue,Medium,5,True
F02154,T1356,2026-01-18 06:00:00,Network Congestion,Medium,20,True
F02155,T1193,2026-01-14 18:00:00,Backhaul Failure,Low,45,True
F02156,T1274,2026-01-15 18:00:00,Backhaul Failure,Low,37,True
F02157,T1184,2026-01-14 00:00:00,Network Congestion,High,256,True
F02158,T1301,2026-01-05 18:00:00,Power Issue,Low,8,True
F02159,T1340,2026-01-29 06:00:00,Network Congestion,Medium,35,True
F02160,T1259,2026-01-01 18:00:00,Backhaul Failure,Low,45,True
F02161,T1247,2026-01-16 18:00:00,Network Congestion,Low,5,False
F02162,T1330,2026-01-09 06:00:00,Network Congestion,Medium,145,True
F02163,T1072,2026-01-14 06:00:00,Backhaul Failure,Critical,10,True
F02164,T1216,2026-01-03 12:00:00,Configuration Error,Medium,44,True
F02165,T1326,2026-01-17 18:00:00,Network Congestion,Medium,62,True
F02166,T1382,2026-01-21 06:00:00,Power Issue,Medium,41,True
F02167,T1407,2026-01-20 00:00:00,Radio Degradation,Low,33,True
F02168,T1401,2026-01-12 06:00:00,Power Issue,Medium,98,True
F02169,T1247,2026-01-15 12:00:00,Backhaul Failure,Low,159,False
F02170,T1113,2026-01-08 12:00:00,Configuration Error,High,24,False
F02171,T1352,2026-01-18 12:00:00,Radio Degradation,High,5,True
F02172,T1468,2026-01-11 06:00:00,Configuration Error,Medium,103,True
F02173,T1037,2026-01-16 18:00:00,Hardware Failure,Low,5,True
F02174,T1184,2026-01-25 06:00:00,Radio Degradation,Low,24,True
F02175,T1494,2026-01-20 12:00:00,Hardware Failure,Medium,27,True
F02176,T1352,2026-01-23 06:00:00,Power Issue,High,14,True
F02177,T1037,2026-01-08 00:00:00,Power Issue,Low,63,True
F02178,T1481,2026-01-05 12:00:00,Power Issue,Medium,146,True
F02179,T1049,2026-01-07 06:00:00,Radio Degradation,Medium,108,True
F02180,T1229,2026-01-24 06:00:00,Radio Degradation,High,16,True
F02181,T1243,2026-01-14 00:00:00,Power Issue,Low,85,True
F02182,T1297,2026-01-01 18:00:00,Hardware Failure,Low,9,True
F02183,T1285,2026-01-15 18:00:00,Radio Degradation,Low,7,True
F02184,T1356,2026-01-04 12:00:00,Backhaul Failure,Low,33,True
F02185,T1266,2026-01-10 06:00:00,Radio Degradation,Low,159,False
F02186,T1214,2026-01-02 12:00:00,Radio Degradation,Medium,69,True
F02187,T1401,2026-01-13 00:00:00,Configuration Error,Medium,15,True
F02188,T1129,2026-01-11 00:00:00,Configuration Error,Low,70,True
F02189,T1205,2026-01-02 00:00:00,Configuration Error,Medium,24,True
F02190,T1331,2026-01-30 00:00:00,Network Congestion,Low,5,True
F02191,T1204,2026-01-08 00:00:00,Power Issue,Critical,37,True
F02192,T1237,2026-01-11 00:00:00,Backhaul Failure,Medium,7,True
F02193,T1200,2026-01-21 18:00:00,Configuration Error,Low,18,True
F02194,T1181,2026-01-15 06:00:00,Hardware Failure,High,5,True
F02195,T1288,2026-01-08 00:00:00,Configuration Error,Medium,12,True
F02196,T1012,2026-01-27 06:00:00,Backhaul Failure,Low,36,True
F02197,T1288,2026-01-05 06:00:00,Radio Degradation,Low,6,True
F02198,T1359,2026-01-22 18:00:00,Hardware Failure,Medium,59,True
F02199,T1297,2026-01-22 18:00:00,Radio Degradation,Low,84,True
F02200,T1306,2026-01-07 06:00:00,Radio Degradation,Medium,225,True
F02201,T1445,2026-01-19 12:00:00,Radio Degradation,High,41,True
F02202,T1151,2026-01-05 00:00:00,Configuration Error,Medium,60,True
F02203,T1481,2026-01-12 18:00:00,Network Congestion,High,97,True
F02204,T1022,2026-01-11 06:00:00,Power Issue,High,52,True
F02205,T1178,2026-01-10 18:00:00,Hardware Failure,Medium,79,False
F02206,T1055,2026-01-17 18:00:00,Network Congestion,Low,207,True
F02207,T1216,2026-01-24 06:00:00,Network Congestion,High,49,True
F02208,T1077,2026-01-27 06:00:00,Radio Degradation,High,142,True
F02209,T1224,2026-01-21 06:00:00,Radio Degradation,High,52,True
F02210,T1151,2026-01-17 00:00:00,Power Issue,Low,12,True
F02211,T1471,2026-01-07 18:00:00,Configuration Error,Low,98,True
F02212,T1053,2026-01-20 06:00:00,Backhaul Failure,Medium,46,True
F02213,T1055,2026-01-28 06:00:00,Hardware Failure,Medium,217,True
F02214,T1297,2026-01-20 00:00:00,Hardware Failure,High,95,False
F02215,T1077,2026-01-15 18:00:00,Configuration Error,Medium,90,True
F02216,T1224,2026-01-12 06:00:00,Configuration Error,Low,23,True
F02217,T1132,2026-01-03 12:00:00,Backhaul Failure,Medium,5,True
F02218,T1306,2026-01-29 00:00:00,Power Issue,Low,97,True
F02219,T1181,2026-01-04 00:00:00,Backhaul Failure,Low,28,True
F02220,T1401,2026-01-08 18:00:00,Radio Degradation,Medium,95,True
F02221,T1247,2026-01-23 18:00:00,Hardware Failure,Medium,26,True
F02222,T1331,2026-01-13 18:00:00,Hardware Failure,Low,74,True
F02223,T1494,2026-01-14 06:00:00,Hardware Failure,Medium,88,True
F02224,T1331,2026-01-25 12:00:00,Configuration Error,Low,44,True
F02225,T1415,2026-01-01 12:00:00,Network Congestion,Low,42,True
F02226,T1176,2026-01-21 00:00:00,Radio Degradation,High,6,True
F02227,T1458,2026-01-16 06:00:00,Configuration Error,High,72,True
F02228,T1373,2026-01-03 12:00:00,Backhaul Failure,High,53,True
F02229,T1132,2026-01-22 12:00:00,Configuration Error,Medium,5,True
F02230,T1495,2026-01-21 12:00:00,Backhaul Failure,Low,111,True
F02231,T1494,2026-01-12 12:00:00,Network Congestion,High,19,True
F02232,T1059,2026-01-22 18:00:00,Power Issue,Critical,69,True
F02233,T1022,2026-01-29 06:00:00,Power Issue,High,5,True
F02234,T1043,2026-01-25 06:00:00,Hardware Failure,Low,72,False
F02235,T1301,2026-01-05 12:00:00,Radio Degradation,Medium,41,True
F02236,T1245,2026-01-05 06:00:00,Configuration Error,Low,5,True
F02237,T1472,2026-01-17 00:00:00,Radio Degradation,Low,56,True
F02238,T1330,2026-01-22 06:00:00,Configuration Error,Low,23,True
F02239,T1471,2026-01-16 00:00:00,Power Issue,Medium,8,True
F02240,T1330,2026-01-30 18:00:00,Radio Degradation,Medium,45,True
F02241,T1245,2026-01-12 18:00:00,Configuration Error,High,5,True
F02242,T1359,2026-01-21 18:00:00,Network Congestion,High,31,True
F02243,T1169,2026-01-23 00:00:00,Radio Degradation,High,20,True
F02244,T1105,2026-01-23 12:00:00,Network Congestion,High,93,True
F02245,T1181,2026-01-18 00:00:00,Network Congestion,Low,11,True
F02246,T1214,2026-01-07 06:00:00,Configuration Error,Low,36,True
F02247,T1214,2026-01-14 12:00:00,Configuration Error,Medium,6,True
F02248,T1077,2026-01-11 18:00:00,Power Issue,Low,14,True
F02249,T1404,2026-01-30 18:00:00,Configuration Error,Medium,58,True
F02250,T1265,2026-01-02 18:00:00,Power Issue,Low,5,True
F02251,T1228,2026-01-28 18:00:00,Radio Degradation,High,238,True
F02252,T1404,2026-01-20 12:00:00,Configuration Error,Medium,22,True
F02253,T1306,2026-01-16 00:00:00,Backhaul Failure,Low,190,True
F02254,T1037,2026-01-24 00:00:00,Backhaul Failure,Low,202,True
F02255,T1005,2026-01-16 00:00:00,Power Issue,Low,53,True
F02256,T1043,2026-01-07 18:00:00,Hardware Failure,Low,22,True
F02257,T1273,2026-01-25 00:00:00,Radio Degradation,Medium,5,True
F02258,T1494,2026-01-09 18:00:00,Radio Degradation,Medium,125,True
F02259,T1304,2026-01-04 18:00:00,Network Congestion,High,39,True
F02260,T1425,2026-01-02 12:00:00,Radio Degradation,Low,111,True
F02261,T1347,2026-01-27 00:00:00,Network Congestion,Medium,73,True
F02262,T1184,2026-01-25 06:00:00,Backhaul Failure,Low,187,True
F02263,T1078,2026-01-28 18:00:00,Network Congestion,Medium,5,True
F02264,T1472,2026-01-04 06:00:00,Network Congestion,Low,119,False
F02265,T1005,2026-01-19 00:00:00,Backhaul Failure,Medium,66,True
F02266,T1072,2026-01-01 12:00:00,Configuration Error,Medium,25,True
F02267,T1306,2026-01-09 18:00:00,Radio Degradation,Medium,149,True
F02268,T1395,2026-01-09 12:00:00,Backhaul Failure,Medium,5,False
F02269,T1085,2026-01-04 00:00:00,Network Congestion,Low,38,True
F02270,T1256,2026-01-15 12:00:00,Radio Degradation,Low,5,True
F02271,T1340,2026-01-06 18:00:00,Hardware Failure,Medium,19,True
F02272,T1285,2026-01-10 06:00:00,Configuration Error,Medium,64,True
F02273,T1229,2026-01-17 00:00:00,Hardware Failure,Medium,106,True
F02274,T1353,2026-01-01 12:00:00,Network Congestion,Low,101,True
F02275,T1175,2026-01-26 06:00:00,Network Congestion,Medium,87,True
F02276,T1151,2026-01-04 06:00:00,Backhaul Failure,Medium,233,True
F02277,T1105,2026-01-05 06:00:00,Radio Degradation,Low,12,True
F02278,T1175,2026-01-17 00:00:00,Radio Degradation,Low,51,True
F02279,T1237,2026-01-27 12:00:00,Network Congestion,High,93,True
F02280,T1369,2026-01-14 00:00:00,Power Issue,High,162,True
F02281,T1055,2026-01-24 12:00:00,Backhaul Failure,Medium,5,True
F02282,T1220,2026-01-24 06:00:00,Backhaul Failure,Medium,20,True
F02283,T1237,2026-01-21 06:00:00,Network Congestion,Medium,50,True
F02284,T1105,2026-01-14 00:00:00,Backhaul Failure,Low,5,True
F02285,T1285,2026-01-25 00:00:00,Power Issue,Low,155,True
F02286,T1178,2026-01-26 12:00:00,Power Issue,High,76,True
F02287,T1382,2026-01-28 18:00:00,Radio Degradation,Medium,58,True
F02288,T1113,2026-01-19 06:00:00,Backhaul Failure,Low,36,True
F02289,T1078,2026-01-18 00:00:00,Power Issue,Medium,240,False
F02290,T1054,2026-01-20 06:00:00,Power Issue,High,52,True
F02291,T1326,2026-01-19 06:00:00,Power Issue,Critical,113,True
F02292,T1471,2026-01-17 18:00:00,Power Issue,Low,31,True
F02293,T1340,2026-01-07 06:00:00,Configuration Error,Low,38,True
F02294,T1373,2026-01-23 12:00:00,Network Congestion,High,8,True
F02295,T1129,2026-01-04 12:00:00,Configuration Error,Low,89,True
F02296,T1359,2026-01-27 12:00:00,Network Congestion,High,61,True
F02297,T1132,2026-01-08 18:00:00,Backhaul Failure,Medium,9,False
F02298,T1266,2026-01-18 12:00:00,Network Congestion,Low,22,True
F02299,T1214,2026-01-13 18:00:00,Hardware Failure,Low,71,True
F02300,T1022,2026-01-30 18:00:00,Backhaul Failure,High,17,True
F02301,T1352,2026-01-17 18:00:00,Network Congestion,Low,27,False
F02302,T1301,2026-01-16 00:00:00,Backhaul Failure,Medium,34,True
F02303,T1085,2026-01-06 00:00:00,Power Issue,High,97,False
F02304,T1337,2026-01-28 00:00:00,Power Issue,Low,6,True
F02305,T1468,2026-01-26 00:00:00,Configuration Error,Medium,55,True
F02306,T1340,2026-01-19 00:00:00,Hardware Failure,Low,81,False
F02307,T1401,2026-01-09 12:00:00,Backhaul Failure,Low,76,True
F02308,T1005,2026-01-19 12:00:00,Radio Degradation,Low,46,True
F02309,T1247,2026-01-18 12:00:00,Network Congestion,Low,121,False
F02310,T1184,2026-01-07 00:00:00,Network Congestion,Low,81,True
F02311,T1415,2026-01-26 18:00:00,Hardware Failure,Low,303,True
F02312,T1220,2026-01-08 18:00:00,Radio Degradation,Low,5,True
F02313,T1220,2026-01-09 00:00:00,Hardware Failure,Low,7,True
F02314,T1304,2026-01-28 18:00:00,Backhaul Failure,Low,21,True
F02315,T1445,2026-01-14 18:00:00,Backhaul Failure,Low,5,True
F02316,T1298,2026-01-25 18:00:00,Hardware Failure,Medium,16,True
F02317,T1273,2026-01-16 18:00:00,Radio Degradation,Low,180,True
F02318,T1366,2026-01-20 18:00:00,Backhaul Failure,Medium,18,True
F02319,T1393,2026-01-03 18:00:00,Network Congestion,High,66,True
F02320,T1356,2026-01-12 18:00:00,Power Issue,Low,31,True
F02321,T1288,2026-01-13 18:00:00,Hardware Failure,Medium,8,True
F02322,T1012,2026-01-23 00:00:00,Backhaul Failure,Medium,76,True
F02323,T1245,2026-01-12 12:00:00,Backhaul Failure,Low,97,True
F02324,T1043,2026-01-30 18:00:00,Hardware Failure,Medium,62,True
F02325,T1415,2026-01-12 12:00:00,Backhaul Failure,Low,29,True
F02326,T1304,2026-01-21 06:00:00,Hardware Failure,Critical,23,True
F02327,T1212,2026-01-08 00:00:00,Configuration Error,High,42,True
F02328,T1458,2026-01-18 00:00:00,Power Issue,Low,18,False
F02329,T1043,2026-01-05 12:00:00,Network Congestion,High,28,True
F02330,T1159,2026-01-08 18:00:00,Power Issue,Low,26,True
F02331,T1395,2026-01-20 00:00:00,Radio Degradation,Medium,166,True
F02332,T1495,2026-01-06 12:00:00,Radio Degradation,Medium,60,True
F02333,T1123,2026-01-08 00:00:00,Network Congestion,Medium,106,True
F02334,T1259,2026-01-09 06:00:00,Radio Degradation,Low,20,True
F02335,T1212,2026-01-12 06:00:00,Network Congestion,Medium,8,True
F02336,T1336,2026-01-11 06:00:00,Power Issue,Medium,113,True
F02337,T1366,2026-01-29 00:00:00,Backhaul Failure,Low,31,True
F02338,T1347,2026-01-28 06:00:00,Network Congestion,High,28,True
F02339,T1245,2026-01-26 12:00:00,Backhaul Failure,Low,24,True
F02340,T1472,2026-01-23 06:00:00,Network Congestion,Medium,22,True
F02341,T1331,2026-01-13 06:00:00,Hardware Failure,Low,262,True
F02342,T1265,2026-01-22 18:00:00,Radio Degradation,Medium,39,True
F02343,T1353,2026-01-15 12:00:00,Radio Degradation,Medium,46,True
F02344,T1274,2026-01-25 12:00:00,Radio Degradation,High,63,True
F02345,T1059,2026-01-05 00:00:00,Network Congestion,Low,62,False
F02346,T1077,2026-01-04 18:00:00,Backhaul Failure,Low,131,True
F02347,T1356,2026-01-16 06:00:00,Hardware Failure,Low,220,True
F02348,T1369,2026-01-05 18:00:00,Radio Degradation,High,278,True
F02349,T1178,2026-01-26 12:00:00,Backhaul Failure,Low,302,True
F02350,T1288,2026-01-29 18:00:00,Power Issue,Medium,124,True
F02351,T1494,2026-01-12 06:00:00,Backhaul Failure,Low,34,False
F02352,T1037,2026-01-05 00:00:00,Power Issue,Low,23,True
F02353,T1184,2026-01-29 18:00:00,Hardware Failure,Medium,125,True
F02354,T1233,2026-01-18 18:00:00,Hardware Failure,High,391,True
F02355,T1175,2026-01-03 12:00:00,Power Issue,Low,35,False
F02356,T1123,2026-01-01 00:00:00,Network Congestion,Medium,30,True
F02357,T1229,2026-01-01 06:00:00,Configuration Error,Medium,44,True
F02358,T1274,2026-01-11 18:00:00,Power Issue,Medium,191,True
F02359,T1224,2026-01-26 00:00:00,Backhaul Failure,High,30,True
F02360,T1233,2026-01-02 00:00:00,Network Congestion,High,19,True
F02361,T1340,2026-01-23 18:00:00,Configuration Error,Medium,10,True
F02362,T1285,2026-01-25 06:00:00,Hardware Failure,Medium,112,True
F02363,T1220,2026-01-02 00:00:00,Power Issue,Low,18,True
F02364,T1200,2026-01-19 06:00:00,Backhaul Failure,High,11,True
F02365,T1407,2026-01-18 12:00:00,Network Congestion,Low,61,True
F02366,T1306,2026-01-09 18:00:00,Hardware Failure,Low,64,False
F02367,T1123,2026-01-30 18:00:00,Hardware Failure,Low,139,True
F02368,T1078,2026-01-20 12:00:00,Backhaul Failure,Critical,54,True
F02369,T1481,2026-01-18 12:00:00,Configuration Error,Medium,17,True
F02370,T1055,2026-01-22 12:00:00,Radio Degradation,High,20,True
F02371,T1247,2026-01-14 18:00:00,Power Issue,Low,119,True
F02372,T1059,2026-01-24 18:00:00,Hardware Failure,Critical,116,True
F02373,T1022,2026-01-04 06:00:00,Radio Degradation,Low,82,True
F02374,T1037,2026-01-15 06:00:00,Hardware Failure,Medium,122,True
F02375,T1237,2026-01-24 18:00:00,Backhaul Failure,Medium,31,True
F02376,T1037,2026-01-06 18:00:00,Configuration Error,Low,101,True
F02377,T1229,2026-01-14 18:00:00,Backhaul Failure,Low,78,True
F02378,T1297,2026-01-11 12:00:00,Hardware Failure,Low,24,True
F02379,T1265,2026-01-30 18:00:00,Radio Degradation,Low,38,True
F02380,T1326,2026-01-10 06:00:00,Radio Degradation,High,239,True
F02381,T1127,2026-01-11 18:00:00,Hardware Failure,Low,18,True
F02382,T1495,2026-01-01 06:00:00,Radio Degradation,Medium,58,True
F02383,T1458,2026-01-21 06:00:00,Hardware Failure,Low,117,True
F02384,T1085,2026-01-10 12:00:00,Configuration Error,Medium,25,True
F02385,T1193,2026-01-22 00:00:00,Hardware Failure,Low,61,True
F02386,T1259,2026-01-02 00:00:00,Hardware Failure,Medium,30,True
F02387,T1169,2026-01-26 06:00:00,Backhaul Failure,High,104,True
F02388,T1415,2026-01-19 12:00:00,Radio Degradation,High,5,True
F02389,T1298,2026-01-10 06:00:00,Hardware Failure,Medium,130,True
F02390,T1425,2026-01-21 00:00:00,Backhaul Failure,Medium,213,True
F02391,T1306,2026-01-13 12:00:00,Configuration Error,Low,122,True
F02392,T1043,2026-01-12 12:00:00,Power Issue,Medium,25,True
F02393,T1200,2026-01-26 06:00:00,Power Issue,Medium,11,True
F02394,T1494,2026-01-05 06:00:00,Hardware Failure,Low,37,True
F02395,T1214,2026-01-05 00:00:00,Backhaul Failure,Low,9,True
F02396,T1054,2026-01-25 12:00:00,Configuration Error,Low,33,True
F02397,T1175,2026-01-14 18:00:00,Hardware Failure,High,6,True
F02398,T1055,2026-01-18 12:00:00,Configuration Error,Low,71,True
F02399,T1306,2026-01-12 06:00:00,Backhaul Failure,Low,76,True
F02400,T1306,2026-01-27 12:00:00,Backhaul Failure,Low,60,True
F02401,T1340,2026-01-13 12:00:00,Backhaul Failure,Low,5,True
F02402,T1393,2026-01-14 12:00:00,Radio Degradation,High,206,True
F02403,T1123,2026-01-09 18:00:00,Hardware Failure,Medium,18,False
F02404,T1285,2026-01-02 06:00:00,Network Congestion,Medium,205,True
F02405,T1352,2026-01-30 06:00:00,Configuration Error,Low,130,True
F02406,T1336,2026-01-21 12:00:00,Configuration Error,Low,86,True
F02407,T1078,2026-01-01 00:00:00,Backhaul Failure,High,7,False
F02408,T1256,2026-01-07 06:00:00,Power Issue,Medium,5,True
F02409,T1354,2026-01-17 12:00:00,Radio Degradation,Low,8,True
F02410,T1404,2026-01-20 06:00:00,Backhaul Failure,High,93,True
F02411,T1337,2026-01-15 12:00:00,Radio Degradation,Critical,177,True
F02412,T1054,2026-01-11 00:00:00,Backhaul Failure,Medium,27,False
F02413,T1331,2026-01-16 18:00:00,Backhaul Failure,High,32,True
F02414,T1288,2026-01-30 12:00:00,Radio Degradation,Low,25,True
F02415,T1178,2026-01-28 00:00:00,Network Congestion,Medium,126,True
F02416,T1053,2026-01-09 00:00:00,Radio Degradation,Low,61,True
F02417,T1043,2026-01-08 18:00:00,Hardware Failure,Medium,5,False
F02418,T1352,2026-01-18 18:00:00,Hardware Failure,Medium,6,False
F02419,T1359,2026-01-26 12:00:00,Radio Degradation,Medium,39,True
F02420,T1304,2026-01-07 12:00:00,Hardware Failure,High,28,False
F02421,T1184,2026-01-18 12:00:00,Network Congestion,Medium,16,True
F02422,T1346,2026-01-14 00:00:00,Power Issue,Medium,31,False
F02423,T1247,2026-01-04 06:00:00,Configuration Error,Medium,11,True
F02424,T1385,2026-01-22 12:00:00,Backhaul Failure,Low,11,True
F02425,T1050,2026-01-06 12:00:00,Hardware Failure,High,16,True
F02426,T1191,2026-01-23 00:00:00,Hardware Failure,Critical,27,True
F02427,T1176,2026-01-08 00:00:00,Power Issue,Critical,68,True
F02428,T1043,2026-01-11 00:00:00,Radio Degradation,High,38,True
F02429,T1494,2026-01-17 00:00:00,Backhaul Failure,Medium,13,True
F02430,T1445,2026-01-12 00:00:00,Power Issue,Low,94,True
F02431,T1191,2026-01-09 00:00:00,Radio Degradation,High,97,True
F02432,T1395,2026-01-03 06:00:00,Network Congestion,Low,6,True
F02433,T1113,2026-01-18 06:00:00,Backhaul Failure,Critical,5,True
F02434,T1492,2026-01-01 12:00:00,Backhaul Failure,High,27,True
F02435,T1233,2026-01-25 18:00:00,Network Congestion,Low,38,True
F02436,T1175,2026-01-25 00:00:00,Configuration Error,Low,19,True
F02437,T1059,2026-01-18 18:00:00,Backhaul Failure,Low,38,True
F02438,T1337,2026-01-02 18:00:00,Network Congestion,Low,71,True
F02439,T1055,2026-01-30 12:00:00,Configuration Error,Low,38,True
F02440,T1176,2026-01-11 18:00:00,Hardware Failure,Low,54,True
F02441,T1294,2026-01-18 00:00:00,Radio Degradation,Low,18,True
F02442,T1330,2026-01-24 12:00:00,Hardware Failure,Medium,38,True
F02443,T1359,2026-01-11 06:00:00,Power Issue,Medium,71,True
F02444,T1306,2026-01-28 00:00:00,Hardware Failure,High,30,True
F02445,T1085,2026-01-23 12:00:00,Backhaul Failure,Critical,106,True
F02446,T1237,2026-01-03 12:00:00,Hardware Failure,Medium,26,True
F02447,T1237,2026-01-01 00:00:00,Power Issue,Low,5,True
F02448,T1085,2026-01-30 00:00:00,Power Issue,Low,7,False
F02449,T1471,2026-01-11 00:00:00,Network Congestion,Medium,14,True
F02450,T1445,2026-01-08 00:00:00,Power Issue,Low,64,True
F02451,T1369,2026-01-18 00:00:00,Configuration Error,Medium,73,True
F02452,T1113,2026-01-18 12:00:00,Radio Degradation,Medium,20,True
F02453,T1274,2026-01-25 00:00:00,Power Issue,High,5,True
F02454,T1340,2026-01-11 12:00:00,Configuration Error,Low,9,True
F02455,T1404,2026-01-01 00:00:00,Backhaul Failure,Low,59,True
F02456,T1274,2026-01-18 00:00:00,Power Issue,Low,6,False
F02457,T1037,2026-01-03 12:00:00,Network Congestion,Low,153,False
F02458,T1458,2026-01-28 00:00:00,Configuration Error,High,29,True
F02459,T1050,2026-01-23 06:00:00,Network Congestion,Medium,92,True
F02460,T1346,2026-01-17 06:00:00,Backhaul Failure,Low,120,True
F02461,T1415,2026-01-19 06:00:00,Backhaul Failure,Medium,24,True
F02462,T1151,2026-01-20 18:00:00,Network Congestion,High,229,True
F02463,T1085,2026-01-13 18:00:00,Radio Degradation,Low,25,True
F02464,T1214,2026-01-23 18:00:00,Power Issue,Medium,187,True
F02465,T1472,2026-01-13 06:00:00,Configuration Error,Low,33,True
F02466,T1159,2026-01-27 00:00:00,Configuration Error,Low,52,True
F02467,T1288,2026-01-08 00:00:00,Configuration Error,Low,76,True
F02468,T1151,2026-01-09 00:00:00,Radio Degradation,Low,214,True
F02469,T1472,2026-01-27 00:00:00,Backhaul Failure,Low,147,True
F02470,T1285,2026-01-05 00:00:00,Power Issue,Low,54,True
F02471,T1340,2026-01-17 12:00:00,Backhaul Failure,Medium,99,True
F02472,T1285,2026-01-07 18:00:00,Power Issue,Low,32,True
F02473,T1340,2026-01-08 18:00:00,Backhaul Failure,High,35,True
F02474,T1022,2026-01-01 18:00:00,Backhaul Failure,Low,25,True
F02475,T1229,2026-01-24 18:00:00,Radio Degradation,Low,14,True
F02476,T1054,2026-01-05 12:00:00,Power Issue,Low,151,True
F02477,T1228,2026-01-26 00:00:00,Radio Degradation,Medium,49,True
F02478,T1220,2026-01-15 06:00:00,Configuration Error,High,56,True
F02479,T1184,2026-01-09 06:00:00,Backhaul Failure,Low,5,False
F02480,T1247,2026-01-25 06:00:00,Configuration Error,Medium,34,True
F02481,T1330,2026-01-17 06:00:00,Hardware Failure,Low,75,True
F02482,T1022,2026-01-23 00:00:00,Power Issue,High,66,True
F02483,T1382,2026-01-24 18:00:00,Hardware Failure,Low,26,False
F02484,T1216,2026-01-08 12:00:00,Power Issue,High,5,True
F02485,T1055,2026-01-30 06:00:00,Configuration Error,Medium,99,True
F02486,T1347,2026-01-01 12:00:00,Configuration Error,High,8,True
F02487,T1078,2026-01-01 18:00:00,Network Congestion,Low,39,True
F02488,T1401,2026-01-25 18:00:00,Power Issue,Medium,130,True
F02489,T1256,2026-01-21 18:00:00,Configuration Error,High,75,True
F02490,T1205,2026-01-12 00:00:00,Backhaul Failure,Medium,30,True
F02491,T1037,2026-01-11 00:00:00,Power Issue,Low,17,True
F02492,T1049,2026-01-11 18:00:00,Network Congestion,Medium,138,True
F02493,T1113,2026-01-03 00:00:00,Radio Degradation,High,41,True
F02494,T1337,2026-01-07 18:00:00,Backhaul Failure,Medium,308,True
F02495,T1216,2026-01-22 18:00:00,Configuration Error,Low,5,True
F02496,T1151,2026-01-12 00:00:00,Hardware Failure,Low,234,False
F02497,T1237,2026-01-04 12:00:00,Configuration Error,Medium,188,True
F02498,T1181,2026-01-03 12:00:00,Network Congestion,Medium,26,True
F02499,T1022,2026-01-26 06:00:00,Hardware Failure,Medium,111,True
F02500,T1123,2026-01-22 00:00:00,Backhaul Failure,High,32,True
F02501,T1237,2026-01-29 12:00:00,Hardware Failure,Low,26,True
F02502,T1245,2026-01-09 00:00:00,Backhaul Failure,Medium,26,False
F02503,T1369,2026-01-15 06:00:00,Hardware Failure,Medium,26,False
F02504,T1245,2026-01-01 12:00:00,Network Congestion,Low,185,True
F02505,T1495,2026-01-02 06:00:00,Network Congestion,High,45,True
F02506,T1385,2026-01-15 00:00:00,Configuration Error,Medium,10,True
F02507,T1306,2026-01-04 06:00:00,Power Issue,Medium,6,True
F02508,T1077,2026-01-27 18:00:00,Network Congestion,Medium,8,True
F02509,T1425,2026-01-16 18:00:00,Hardware Failure,Low,37,True
F02510,T1129,2026-01-22 18:00:00,Hardware Failure,Low,41,True
F02511,T1105,2026-01-05 18:00:00,Hardware Failure,Medium,9,True
F02512,T1123,2026-01-09 12:00:00,Backhaul Failure,Low,40,False
F02513,T1049,2026-01-22 06:00:00,Backhaul Failure,Medium,5,True
F02514,T1018,2026-01-09 12:00:00,Power Issue,Medium,16,False
F02515,T1247,2026-01-07 18:00:00,Power Issue,Low,11,True
F02516,T1395,2026-01-28 00:00:00,Configuration Error,Low,5,True
F02517,T1495,2026-01-23 00:00:00,Radio Degradation,Medium,27,False
F02518,T1304,2026-01-23 06:00:00,Hardware Failure,Medium,13,True
F02519,T1288,2026-01-26 06:00:00,Network Congestion,High,167,True
F02520,T1005,2026-01-18 00:00:00,Network Congestion,Medium,36,True
F02521,T1353,2026-01-18 00:00:00,Power Issue,Low,7,True
F02522,T1129,2026-01-02 18:00:00,Backhaul Failure,High,152,True
F02523,T1220,2026-01-23 00:00:00,Radio Degradation,Low,30,True
F02524,T1407,2026-01-24 00:00:00,Configuration Error,High,8,True
F02525,T1346,2026-01-09 12:00:00,Hardware Failure,Low,103,True
F02526,T1297,2026-01-25 00:00:00,Configuration Error,Low,77,True
F02527,T1369,2026-01-24 00:00:00,Hardware Failure,Medium,110,True
F02528,T1259,2026-01-15 12:00:00,Hardware Failure,High,11,True
F02529,T1005,2026-01-01 06:00:00,Power Issue,Low,19,True
F02530,T1366,2026-01-21 12:00:00,Power Issue,Low,5,True
F02531,T1285,2026-01-20 18:00:00,Power Issue,Medium,90,False
F02532,T1105,2026-01-05 06:00:00,Power Issue,Medium,77,True
F02533,T1356,2026-01-13 18:00:00,Hardware Failure,Medium,40,True
F02534,T1337,2026-01-20 00:00:00,Hardware Failure,Medium,22,True
F02535,T1243,2026-01-12 12:00:00,Hardware Failure,Low,72,True
F02536,T1353,2026-01-05 18:00:00,Backhaul Failure,Medium,5,True
F02537,T1347,2026-01-26 12:00:00,Radio Degradation,Low,20,True
F02538,T1340,2026-01-02 12:00:00,Power Issue,High,77,True
F02539,T1243,2026-01-24 00:00:00,Radio Degradation,Medium,39,True
F02540,T1224,2026-01-14 06:00:00,Network Congestion,Medium,43,True
F02541,T1481,2026-01-15 12:00:00,Hardware Failure,High,31,True
F02542,T1353,2026-01-06 06:00:00,Hardware Failure,Low,48,True
F02543,T1214,2026-01-28 18:00:00,Power Issue,High,5,True
F02544,T1481,2026-01-30 00:00:00,Power Issue,Medium,35,True
F02545,T1012,2026-01-06 18:00:00,Backhaul Failure,High,103,True
F02546,T1169,2026-01-13 06:00:00,Radio Degradation,Medium,61,True
F02547,T1037,2026-01-05 00:00:00,Network Congestion,Medium,20,True
F02548,T1385,2026-01-24 06:00:00,Radio Degradation,Medium,35,True
F02549,T1050,2026-01-10 18:00:00,Power Issue,Low,56,True
F02550,T1200,2026-01-25 06:00:00,Power Issue,Medium,24,True
F02551,T1072,2026-01-07 00:00:00,Power Issue,Critical,103,True
F02552,T1494,2026-01-28 00:00:00,Backhaul Failure,Low,8,False
F02553,T1184,2026-01-06 12:00:00,Power Issue,High,13,True
F02554,T1337,2026-01-06 18:00:00,Network Congestion,Medium,151,True
F02555,T1191,2026-01-22 06:00:00,Power Issue,Low,25,True
F02556,T1050,2026-01-01 00:00:00,Backhaul Failure,Low,5,True
F02557,T1352,2026-01-28 12:00:00,Radio Degradation,Medium,154,True
F02558,T1366,2026-01-30 00:00:00,Network Congestion,Medium,59,True
F02559,T1481,2026-01-23 06:00:00,Power Issue,Low,95,False
F02560,T1494,2026-01-20 00:00:00,Configuration Error,Medium,138,True
F02561,T1346,2026-01-21 00:00:00,Power Issue,Low,227,False
F02562,T1181,2026-01-25 12:00:00,Network Congestion,High,81,True
F02563,T1356,2026-01-29 00:00:00,Backhaul Failure,Medium,37,True
F02564,T1216,2026-01-03 00:00:00,Configuration Error,Medium,77,True
F02565,T1401,2026-01-29 00:00:00,Radio Degradation,Low,54,False
F02566,T1326,2026-01-19 00:00:00,Configuration Error,Medium,33,True
F02567,T1085,2026-01-13 12:00:00,Network Congestion,Low,23,True
F02568,T1306,2026-01-24 00:00:00,Hardware Failure,High,41,True
F02569,T1366,2026-01-16 12:00:00,Backhaul Failure,Low,56,False
F02570,T1237,2026-01-25 00:00:00,Hardware Failure,High,27,True
F02571,T1297,2026-01-26 00:00:00,Radio Degradation,Low,115,True
F02572,T1472,2026-01-18 06:00:00,Radio Degradation,Medium,10,True
F02573,T1113,2026-01-13 12:00:00,Backhaul Failure,Medium,23,True
F02574,T1050,2026-01-10 00:00:00,Configuration Error,High,6,False
F02575,T1313,2026-01-22 06:00:00,Backhaul Failure,Low,122,True
F02576,T1085,2026-01-29 00:00:00,Hardware Failure,Low,72,True
F02577,T1214,2026-01-28 12:00:00,Hardware Failure,Medium,24,True
F02578,T1053,2026-01-17 18:00:00,Power Issue,High,36,True
F02579,T1369,2026-01-14 06:00:00,Network Congestion,High,9,True
F02580,T1151,2026-01-20 06:00:00,Hardware Failure,Low,13,True
F02581,T1078,2026-01-14 00:00:00,Hardware Failure,Low,6,True
F02582,T1354,2026-01-28 12:00:00,Network Congestion,Medium,116,True
F02583,T1354,2026-01-02 12:00:00,Configuration Error,Low,6,True
F02584,T1326,2026-01-16 18:00:00,Backhaul Failure,Medium,44,True
F02585,T1337,2026-01-17 00:00:00,Hardware Failure,Medium,119,True
F02586,T1247,2026-01-02 06:00:00,Hardware Failure,Medium,123,True
F02587,T1184,2026-01-13 00:00:00,Hardware Failure,Low,31,True
F02588,T1105,2026-01-11 06:00:00,Hardware Failure,Critical,90,True
F02589,T1022,2026-01-29 12:00:00,Power Issue,Low,24,True
F02590,T1330,2026-01-06 18:00:00,Radio Degradation,Low,208,True
F02591,T1265,2026-01-14 06:00:00,Radio Degradation,Low,11,True
F02592,T1261,2026-01-10 00:00:00,Hardware Failure,Low,90,True
F02593,T1176,2026-01-26 18:00:00,Network Congestion,Low,47,True
F02594,T1055,2026-01-30 06:00:00,Backhaul Failure,Low,301,True
F02595,T1132,2026-01-20 00:00:00,Hardware Failure,Low,136,True
F02596,T1113,2026-01-23 00:00:00,Radio Degradation,High,40,True
F02597,T1205,2026-01-19 00:00:00,Power Issue,Low,35,True
F02598,T1247,2026-01-23 18:00:00,Power Issue,Medium,123,True
F02599,T1369,2026-01-20 18:00:00,Radio Degradation,Medium,31,True
F02600,T1340,2026-01-10 18:00:00,Hardware Failure,High,78,True
F02601,T1049,2026-01-26 12:00:00,Radio Degradation,Low,23,False
F02602,T1037,2026-01-05 12:00:00,Radio Degradation,Low,7,True
F02603,T1366,2026-01-29 12:00:00,Radio Degradation,Medium,5,False
F02604,T1169,2026-01-06 06:00:00,Hardware Failure,Low,41,True
F02605,T1220,2026-01-10 06:00:00,Backhaul Failure,Medium,17,True
F02606,T1229,2026-01-14 00:00:00,Radio Degradation,Medium,19,True
F02607,T1214,2026-01-15 18:00:00,Hardware Failure,Medium,39,True
F02608,T1151,2026-01-10 06:00:00,Radio Degradation,Medium,107,True
F02609,T1340,2026-01-20 12:00:00,Configuration Error,Low,13,False
F02610,T1085,2026-01-22 00:00:00,Power Issue,High,70,True
F02611,T1237,2026-01-29 00:00:00,Network Congestion,High,54,True
F02612,T1072,2026-01-11 00:00:00,Radio Degradation,High,64,True
F02613,T1274,2026-01-19 12:00:00,Radio Degradation,Medium,5,True
F02614,T1415,2026-01-03 18:00:00,Radio Degradation,Low,73,True
F02615,T1105,2026-01-30 06:00:00,Hardware Failure,Medium,99,True
F02616,T1259,2026-01-22 06:00:00,Network Congestion,High,14,True
F02617,T1078,2026-01-30 00:00:00,Power Issue,High,77,True
F02618,T1274,2026-01-18 06:00:00,Network Congestion,Medium,23,True
F02619,T1233,2026-01-09 00:00:00,Hardware Failure,High,120,True
F02620,T1369,2026-01-08 00:00:00,Hardware Failure,Medium,12,True
F02621,T1127,2026-01-13 18:00:00,Hardware Failure,Critical,55,True
F02622,T1212,2026-01-13 06:00:00,Hardware Failure,Low,191,True
F02623,T1298,2026-01-11 00:00:00,Hardware Failure,High,244,True
F02624,T1229,2026-01-20 12:00:00,Hardware Failure,Low,17,True
F02625,T1495,2026-01-11 00:00:00,Backhaul Failure,Medium,182,True
F02626,T1301,2026-01-17 06:00:00,Radio Degradation,High,5,True
F02627,T1301,2026-01-05 00:00:00,Configuration Error,Low,12,True
F02628,T1415,2026-01-01 18:00:00,Backhaul Failure,Medium,152,True
F02629,T1425,2026-01-02 18:00:00,Network Congestion,Medium,168,True
F02630,T1237,2026-01-22 06:00:00,Radio Degradation,Low,8,True
F02631,T1395,2026-01-24 18:00:00,Configuration Error,Medium,81,True
F02632,T1184,2026-01-30 00:00:00,Network Congestion,Medium,29,False
F02633,T1331,2026-01-25 12:00:00,Hardware Failure,Low,6,True
F02634,T1049,2026-01-09 00:00:00,Network Congestion,Low,10,True
F02635,T1395,2026-01-30 06:00:00,Power Issue,Low,37,False
F02636,T1256,2026-01-12 18:00:00,Hardware Failure,Medium,59,False
F02637,T1494,2026-01-01 06:00:00,Network Congestion,Medium,81,True
F02638,T1425,2026-01-01 18:00:00,Hardware Failure,Low,7,True
F02639,T1233,2026-01-22 12:00:00,Network Congestion,Medium,89,True
F02640,T1492,2026-01-13 00:00:00,Network Congestion,Low,71,True
F02641,T1055,2026-01-18 12:00:00,Power Issue,Low,48,True
F02642,T1123,2026-01-28 12:00:00,Hardware Failure,Low,111,True
F02643,T1233,2026-01-02 00:00:00,Backhaul Failure,Low,11,False
F02644,T1326,2026-01-15 06:00:00,Configuration Error,Low,59,True
F02645,T1228,2026-01-18 00:00:00,Network Congestion,High,160,True
F02646,T1059,2026-01-22 06:00:00,Network Congestion,Low,5,True
F02647,T1359,2026-01-03 18:00:00,Radio Degradation,Medium,161,True
F02648,T1301,2026-01-07 12:00:00,Radio Degradation,High,23,True
F02649,T1245,2026-01-18 12:00:00,Configuration Error,High,11,True
F02650,T1346,2026-01-20 18:00:00,Network Congestion,High,60,True
F02651,T1288,2026-01-28 06:00:00,Hardware Failure,High,164,True
F02652,T1346,2026-01-11 18:00:00,Hardware Failure,Low,9,True
F02653,T1043,2026-01-24 00:00:00,Backhaul Failure,High,5,True
F02654,T1401,2026-01-21 18:00:00,Backhaul Failure,Medium,58,False
F02655,T1266,2026-01-16 00:00:00,Backhaul Failure,High,18,True
F02656,T1274,2026-01-17 06:00:00,Hardware Failure,Low,67,True
F02657,T1191,2026-01-05 00:00:00,Configuration Error,High,6,True
F02658,T1301,2026-01-12 12:00:00,Configuration Error,Low,17,False
F02659,T1273,2026-01-28 12:00:00,Hardware Failure,High,148,True
F02660,T1043,2026-01-30 00:00:00,Configuration Error,Low,57,True
F02661,T1050,2026-01-03 06:00:00,Hardware Failure,Critical,188,True
F02662,T1205,2026-01-13 18:00:00,Radio Degradation,Critical,9,True
F02663,T1049,2026-01-25 12:00:00,Network Congestion,Medium,97,True
F02664,T1054,2026-01-26 00:00:00,Network Congestion,Low,5,False
F02665,T1471,2026-01-26 00:00:00,Radio Degradation,Medium,49,True
F02666,T1191,2026-01-14 12:00:00,Radio Degradation,Critical,42,True
F02667,T1077,2026-01-29 12:00:00,Configuration Error,Medium,14,True
F02668,T1331,2026-01-21 00:00:00,Power Issue,Low,191,True
F02669,T1366,2026-01-15 00:00:00,Configuration Error,Medium,92,True
F02670,T1129,2026-01-08 18:00:00,Backhaul Failure,Low,56,True
F02671,T1340,2026-01-06 00:00:00,Radio Degradation,Medium,21,True
F02672,T1105,2026-01-20 00:00:00,Configuration Error,Medium,9,False
F02673,T1059,2026-01-20 18:00:00,Backhaul Failure,Medium,17,True
F02674,T1245,2026-01-30 18:00:00,Radio Degradation,Medium,88,True
F02675,T1468,2026-01-11 06:00:00,Backhaul Failure,Critical,28,True
F02676,T1012,2026-01-18 12:00:00,Configuration Error,Medium,171,True
F02677,T1159,2026-01-22 06:00:00,Power Issue,Low,78,True
F02678,T1297,2026-01-22 12:00:00,Backhaul Failure,Low,77,True
F02679,T1346,2026-01-15 00:00:00,Hardware Failure,Medium,7,True
F02680,T1191,2026-01-06 12:00:00,Power Issue,Low,56,True
F02681,T1353,2026-01-13 18:00:00,Radio Degradation,Low,5,True
F02682,T1298,2026-01-10 06:00:00,Configuration Error,Low,42,False
F02683,T1346,2026-01-18 12:00:00,Backhaul Failure,High,64,True
F02684,T1169,2026-01-18 00:00:00,Power Issue,Medium,41,True
F02685,T1346,2026-01-22 12:00:00,Network Congestion,Medium,175,True
F02686,T1175,2026-01-06 12:00:00,Backhaul Failure,Low,71,True
F02687,T1274,2026-01-19 06:00:00,Configuration Error,Low,44,True
F02688,T1346,2026-01-12 00:00:00,Network Congestion,High,66,False
F02689,T1216,2026-01-18 18:00:00,Power Issue,Low,39,False
F02690,T1265,2026-01-17 12:00:00,Backhaul Failure,High,16,True
F02691,T1247,2026-01-20 12:00:00,Backhaul Failure,High,127,True
F02692,T1261,2026-01-08 00:00:00,Network Congestion,Low,246,True
F02693,T1273,2026-01-29 00:00:00,Hardware Failure,High,6,True
F02694,T1123,2026-01-02 06:00:00,Radio Degradation,High,231,True
F02695,T1326,2026-01-09 00:00:00,Hardware Failure,High,8,True
F02696,T1382,2026-01-03 12:00:00,Power Issue,Medium,5,True
F02697,T1278,2026-01-07 00:00:00,Network Congestion,Medium,95,True
F02698,T1151,2026-01-27 18:00:00,Backhaul Failure,Medium,168,False
F02699,T1259,2026-01-08 18:00:00,Backhaul Failure,High,69,True
F02700,T1313,2026-01-09 06:00:00,Configuration Error,High,88,True
F02701,T1054,2026-01-25 00:00:00,Hardware Failure,High,24,True
F02702,T1184,2026-01-20 00:00:00,Configuration Error,Medium,16,True
F02703,T1229,2026-01-20 06:00:00,Backhaul Failure,Low,126,True
F02704,T1326,2026-01-28 12:00:00,Backhaul Failure,Low,63,True
F02705,T1471,2026-01-18 18:00:00,Backhaul Failure,Low,37,True
F02706,T1304,2026-01-17 18:00:00,Backhaul Failure,Medium,5,True
F02707,T1123,2026-01-05 18:00:00,Configuration Error,Low,5,True
F02708,T1495,2026-01-29 12:00:00,Radio Degradation,Medium,112,True
F02709,T1407,2026-01-12 12:00:00,Configuration Error,High,38,True
F02710,T1366,2026-01-05 12:00:00,Radio Degradation,High,61,False
F02711,T1113,2026-01-14 12:00:00,Hardware Failure,Low,49,True
F02712,T1337,2026-01-02 06:00:00,Power Issue,Low,5,True
F02713,T1012,2026-01-29 06:00:00,Hardware Failure,Critical,16,True
F02714,T1472,2026-01-26 12:00:00,Power Issue,Low,70,True
F02715,T1078,2026-01-16 00:00:00,Radio Degradation,Low,103,True
F02716,T1481,2026-01-24 06:00:00,Configuration Error,Low,107,True
F02717,T1294,2026-01-17 18:00:00,Backhaul Failure,Medium,179,False
F02718,T1265,2026-01-05 18:00:00,Configuration Error,Critical,55,True
F02719,T1043,2026-01-29 18:00:00,Configuration Error,High,8,True
F02720,T1347,2026-01-24 00:00:00,Network Congestion,Low,50,True
F02721,T1495,2026-01-23 06:00:00,Power Issue,Low,7,False
F02722,T1331,2026-01-17 06:00:00,Network Congestion,Medium,349,True
F02723,T1216,2026-01-24 06:00:00,Network Congestion,High,10,True
F02724,T1005,2026-01-05 00:00:00,Configuration Error,Low,60,True
F02725,T1243,2026-01-24 00:00:00,Hardware Failure,Medium,139,True
F02726,T1265,2026-01-06 06:00:00,Configuration Error,Medium,45,True
F02727,T1049,2026-01-06 18:00:00,Backhaul Failure,Medium,190,True
F02728,T1266,2026-01-06 06:00:00,Power Issue,Medium,85,True
F02729,T1354,2026-01-12 12:00:00,Backhaul Failure,Low,92,True
F02730,T1245,2026-01-02 12:00:00,Network Congestion,Medium,15,True
F02731,T1055,2026-01-24 18:00:00,Backhaul Failure,High,37,True
F02732,T1050,2026-01-04 18:00:00,Hardware Failure,Medium,5,True
F02733,T1018,2026-01-04 18:00:00,Network Congestion,Low,57,True
F02734,T1256,2026-01-15 06:00:00,Radio Degradation,Medium,127,False
F02735,T1297,2026-01-11 06:00:00,Network Congestion,Low,27,False
F02736,T1298,2026-01-07 18:00:00,Network Congestion,Critical,217,True
F02737,T1278,2026-01-22 00:00:00,Configuration Error,Low,38,True
F02738,T1285,2026-01-08 06:00:00,Power Issue,Medium,5,True
F02739,T1037,2026-01-26 06:00:00,Power Issue,Medium,9,True
F02740,T1200,2026-01-04 18:00:00,Configuration Error,Medium,110,True
F02741,T1059,2026-01-08 06:00:00,Backhaul Failure,Low,8,False
F02742,T1245,2026-01-11 12:00:00,Power Issue,Medium,37,False
F02743,T1059,2026-01-20 00:00:00,Network Congestion,High,23,True
F02744,T1304,2026-01-15 00:00:00,Network Congestion,Medium,123,True
F02745,T1425,2026-01-02 12:00:00,Network Congestion,Medium,71,True
F02746,T1212,2026-01-17 18:00:00,Configuration Error,Low,14,True
F02747,T1278,2026-01-05 06:00:00,Network Congestion,Low,79,True
F02748,T1369,2026-01-04 06:00:00,Power Issue,Low,39,True
F02749,T1224,2026-01-18 06:00:00,Network Congestion,Low,218,True
F02750,T1212,2026-01-18 18:00:00,Radio Degradation,High,120,True
F02751,T1494,2026-01-17 18:00:00,Power Issue,Medium,22,True
F02752,T1401,2026-01-23 12:00:00,Configuration Error,Medium,41,True
F02753,T1359,2026-01-18 18:00:00,Hardware Failure,High,70,False
F02754,T1337,2026-01-07 00:00:00,Power Issue,Critical,168,True
F02755,T1184,2026-01-21 00:00:00,Radio Degradation,High,30,True
F02756,T1472,2026-01-15 00:00:00,Power Issue,High,137,True
F02757,T1181,2026-01-28 00:00:00,Hardware Failure,High,5,True
F02758,T1123,2026-01-25 12:00:00,Configuration Error,Low,19,True
F02759,T1175,2026-01-09 06:00:00,Hardware Failure,Medium,9,True
F02760,T1176,2026-01-19 18:00:00,Backhaul Failure,Low,64,True
F02761,T1059,2026-01-03 00:00:00,Network Congestion,Low,18,True
F02762,T1050,2026-01-05 00:00:00,Network Congestion,Low,8,True
F02763,T1458,2026-01-15 18:00:00,Backhaul Failure,High,69,True
F02764,T1472,2026-01-20 00:00:00,Hardware Failure,Low,29,True
F02765,T1468,2026-01-30 06:00:00,Hardware Failure,Low,17,True
F02766,T1043,2026-01-05 12:00:00,Configuration Error,Medium,5,True
F02767,T1018,2026-01-30 06:00:00,Network Congestion,High,82,True
F02768,T1151,2026-01-02 12:00:00,Radio Degradation,Low,153,True
F02769,T1181,2026-01-18 00:00:00,Configuration Error,Low,16,True
F02770,T1055,2026-01-26 12:00:00,Radio Degradation,Low,38,True
F02771,T1054,2026-01-06 00:00:00,Hardware Failure,Low,30,True
F02772,T1346,2026-01-13 06:00:00,Power Issue,High,66,True
F02773,T1278,2026-01-05 06:00:00,Radio Degradation,Low,142,True
F02774,T1404,2026-01-07 12:00:00,Power Issue,Medium,191,True
F02775,T1331,2026-01-26 00:00:00,Network Congestion,Medium,15,True
F02776,T1492,2026-01-05 18:00:00,Hardware Failure,High,24,True
F02777,T1266,2026-01-04 06:00:00,Power Issue,Low,18,False
F02778,T1330,2026-01-11 12:00:00,Backhaul Failure,Low,20,False
F02779,T1151,2026-01-28 00:00:00,Power Issue,High,87,True
F02780,T1347,2026-01-01 06:00:00,Backhaul Failure,High,21,True
F02781,T1373,2026-01-20 06:00:00,Backhaul Failure,Low,28,True
F02782,T1229,2026-01-06 00:00:00,Backhaul Failure,Medium,5,False
F02783,T1072,2026-01-14 00:00:00,Backhaul Failure,Low,13,True
F02784,T1054,2026-01-17 00:00:00,Power Issue,Low,105,False
F02785,T1425,2026-01-27 00:00:00,Network Congestion,Medium,33,True
F02786,T1306,2026-01-08 00:00:00,Hardware Failure,Low,40,True
F02787,T1274,2026-01-16 18:00:00,Power Issue,Medium,11,True
F02788,T1313,2026-01-03 12:00:00,Backhaul Failure,Medium,6,True
F02789,T1492,2026-01-12 12:00:00,Backhaul Failure,High,72,False
F02790,T1022,2026-01-16 00:00:00,Network Congestion,High,273,True
F02791,T1072,2026-01-01 00:00:00,Hardware Failure,Medium,162,True
F02792,T1233,2026-01-04 00:00:00,Network Congestion,Low,24,False
F02793,T1237,2026-01-18 06:00:00,Hardware Failure,Medium,13,True
F02794,T1395,2026-01-16 06:00:00,Backhaul Failure,Medium,57,True
F02795,T1294,2026-01-04 12:00:00,Backhaul Failure,Low,110,True
F02796,T1401,2026-01-04 12:00:00,Configuration Error,Low,47,True
F02797,T1233,2026-01-02 18:00:00,Backhaul Failure,Low,303,True
F02798,T1204,2026-01-08 12:00:00,Hardware Failure,Critical,12,True
F02799,T1054,2026-01-12 12:00:00,Backhaul Failure,Low,5,True
F02800,T1129,2026-01-04 06:00:00,Hardware Failure,Low,87,True
F02801,T1492,2026-01-18 12:00:00,Backhaul Failure,Medium,42,True
F02802,T1022,2026-01-16 00:00:00,Network Congestion,Low,10,True
F02803,T1256,2026-01-22 06:00:00,Radio Degradation,Medium,75,True
F02804,T1018,2026-01-30 12:00:00,Backhaul Failure,High,19,True
F02805,T1347,2026-01-03 12:00:00,Radio Degradation,Low,40,True
F02806,T1085,2026-01-23 18:00:00,Hardware Failure,Low,59,False
F02807,T1274,2026-01-14 18:00:00,Hardware Failure,Low,33,True
F02808,T1404,2026-01-01 00:00:00,Hardware Failure,Low,141,True
F02809,T1055,2026-01-15 00:00:00,Power Issue,Low,31,True
F02810,T1261,2026-01-19 06:00:00,Radio Degradation,High,5,True
F02811,T1204,2026-01-19 12:00:00,Radio Degradation,Low,19,True
F02812,T1393,2026-01-03 12:00:00,Network Congestion,Low,149,True
F02813,T1366,2026-01-02 12:00:00,Configuration Error,High,73,True
F02814,T1053,2026-01-26 18:00:00,Configuration Error,Low,42,True
F02815,T1494,2026-01-19 18:00:00,Configuration Error,Low,18,True
F02816,T1005,2026-01-18 12:00:00,Hardware Failure,Medium,5,True
F02817,T1259,2026-01-05 06:00:00,Backhaul Failure,Low,33,True
F02818,T1175,2026-01-19 12:00:00,Network Congestion,Low,5,True
F02819,T1278,2026-01-14 06:00:00,Network Congestion,Medium,5,False
F02820,T1055,2026-01-19 12:00:00,Radio Degradation,Medium,50,True
F02821,T1298,2026-01-15 00:00:00,Hardware Failure,Medium,84,False
F02822,T1123,2026-01-29 18:00:00,Configuration Error,Low,29,True
F02823,T1224,2026-01-17 18:00:00,Radio Degradation,High,9,True
F02824,T1237,2026-01-02 06:00:00,Configuration Error,Medium,141,True
F02825,T1340,2026-01-21 12:00:00,Hardware Failure,High,24,False
F02826,T1191,2026-01-26 00:00:00,Network Congestion,Low,5,True
F02827,T1298,2026-01-19 18:00:00,Network Congestion,High,121,True
F02828,T1018,2026-01-01 12:00:00,Configuration Error,Medium,5,True
F02829,T1105,2026-01-18 18:00:00,Power Issue,Low,12,True
F02830,T1212,2026-01-04 18:00:00,Power Issue,Medium,73,True
F02831,T1288,2026-01-19 18:00:00,Radio Degradation,Low,18,False
F02832,T1191,2026-01-06 00:00:00,Hardware Failure,Low,5,True
F02833,T1228,2026-01-11 18:00:00,Configuration Error,Low,7,True
F02834,T1169,2026-01-13 00:00:00,Power Issue,Medium,82,True
F02835,T1012,2026-01-22 00:00:00,Network Congestion,Medium,23,True
F02836,T1404,2026-01-09 06:00:00,Radio Degradation,Medium,27,True
F02837,T1366,2026-01-05 18:00:00,Configuration Error,High,24,True
F02838,T1055,2026-01-30 18:00:00,Configuration Error,Medium,82,True
F02839,T1404,2026-01-12 06:00:00,Configuration Error,Low,5,False
F02840,T1395,2026-01-26 18:00:00,Hardware Failure,Low,21,True
F02841,T1330,2026-01-21 06:00:00,Network Congestion,Medium,58,True
F02842,T1113,2026-01-18 06:00:00,Power Issue,Medium,107,True
F02843,T1266,2026-01-19 18:00:00,Network Congestion,Low,5,True
F02844,T1005,2026-01-30 18:00:00,Configuration Error,Medium,26,True
F02845,T1243,2026-01-13 06:00:00,Configuration Error,Low,79,True
F02846,T1297,2026-01-09 18:00:00,Radio Degradation,Low,113,True
F02847,T1336,2026-01-05 12:00:00,Hardware Failure,Low,93,True
F02848,T1193,2026-01-19 06:00:00,Configuration Error,Medium,24,True
F02849,T1468,2026-01-01 06:00:00,Power Issue,Medium,93,True
F02850,T1366,2026-01-08 00:00:00,Backhaul Failure,Low,51,True
F02851,T1175,2026-01-05 18:00:00,Radio Degradation,Medium,168,True
F02852,T1313,2026-01-27 00:00:00,Hardware Failure,Low,168,True
F02853,T1472,2026-01-19 06:00:00,Power Issue,Medium,6,False
F02854,T1359,2026-01-27 06:00:00,Network Congestion,Medium,23,True
F02855,T1151,2026-01-16 18:00:00,Hardware Failure,Low,5,False
F02856,T1337,2026-01-30 12:00:00,Power Issue,Medium,91,True
F02857,T1471,2026-01-25 00:00:00,Network Congestion,Low,34,False
F02858,T1369,2026-01-10 18:00:00,Network Congestion,Low,51,True
F02859,T1407,2026-01-11 00:00:00,Network Congestion,Medium,5,True
F02860,T1205,2026-01-14 18:00:00,Hardware Failure,Medium,133,True
F02861,T1354,2026-01-03 06:00:00,Configuration Error,Low,95,True
F02862,T1369,2026-01-18 00:00:00,Radio Degradation,Medium,10,False
F02863,T1176,2026-01-28 18:00:00,Backhaul Failure,High,33,True
F02864,T1415,2026-01-03 18:00:00,Power Issue,Medium,90,True
F02865,T1216,2026-01-26 06:00:00,Power Issue,Medium,8,False
F02866,T1301,2026-01-13 12:00:00,Radio Degradation,Medium,105,True
F02867,T1313,2026-01-26 06:00:00,Configuration Error,Critical,86,True
F02868,T1313,2026-01-18 18:00:00,Power Issue,High,95,True
F02869,T1382,2026-01-23 00:00:00,Power Issue,Low,21,True
F02870,T1356,2026-01-26 00:00:00,Hardware Failure,Low,29,True
F02871,T1127,2026-01-22 06:00:00,Hardware Failure,High,75,True
F02872,T1373,2026-01-08 18:00:00,Configuration Error,Low,29,True
F02873,T1228,2026-01-03 18:00:00,Configuration Error,Medium,95,True
F02874,T1127,2026-01-18 18:00:00,Network Congestion,Medium,5,True
F02875,T1393,2026-01-21 06:00:00,Hardware Failure,Medium,11,True
F02876,T1132,2026-01-20 00:00:00,Backhaul Failure,Medium,85,True
F02877,T1127,2026-01-21 12:00:00,Network Congestion,Low,80,False
F02878,T1022,2026-01-06 00:00:00,Power Issue,High,70,False
F02879,T1346,2026-01-28 12:00:00,Configuration Error,High,6,True
F02880,T1072,2026-01-16 18:00:00,Hardware Failure,Low,22,True
F02881,T1425,2026-01-01 12:00:00,Power Issue,Medium,54,True
F02882,T1369,2026-01-15 12:00:00,Radio Degradation,High,47,True
F02883,T1382,2026-01-25 12:00:00,Network Congestion,Low,21,True
F02884,T1005,2026-01-01 18:00:00,Network Congestion,Low,148,True
F02885,T1261,2026-01-26 18:00:00,Backhaul Failure,High,149,True
F02886,T1159,2026-01-25 18:00:00,Power Issue,Medium,21,True
F02887,T1053,2026-01-21 12:00:00,Radio Degradation,Medium,11,True
F02888,T1224,2026-01-01 18:00:00,Network Congestion,High,6,True
F02889,T1347,2026-01-10 06:00:00,Backhaul Failure,Medium,123,True
F02890,T1113,2026-01-22 18:00:00,Power Issue,Medium,196,True
F02891,T1298,2026-01-03 18:00:00,Hardware Failure,Low,24,True
F02892,T1393,2026-01-04 00:00:00,Power Issue,High,5,True
F02893,T1022,2026-01-18 18:00:00,Hardware Failure,Low,28,False
F02894,T1049,2026-01-01 00:00:00,Backhaul Failure,Medium,12,False
F02895,T1175,2026-01-23 18:00:00,Radio Degradation,Low,27,True
F02896,T1129,2026-01-19 12:00:00,Backhaul Failure,High,5,True
F02897,T1415,2026-01-15 06:00:00,Configuration Error,Medium,188,True
F02898,T1123,2026-01-21 18:00:00,Hardware Failure,Low,86,True
F02899,T1123,2026-01-02 06:00:00,Radio Degradation,Low,140,True
F02900,T1175,2026-01-11 06:00:00,Backhaul Failure,Low,80,True
F02901,T1184,2026-01-28 00:00:00,Backhaul Failure,Medium,46,False
F02902,T1359,2026-01-06 12:00:00,Power Issue,High,177,True
F02903,T1468,2026-01-04 06:00:00,Radio Degradation,Low,9,True
F02904,T1369,2026-01-09 00:00:00,Hardware Failure,Medium,55,True
F02905,T1382,2026-01-21 12:00:00,Power Issue,Medium,54,True
F02906,T1285,2026-01-28 06:00:00,Hardware Failure,Low,54,False
F02907,T1347,2026-01-30 18:00:00,Power Issue,High,160,True
F02908,T1495,2026-01-24 18:00:00,Configuration Error,High,122,True
F02909,T1445,2026-01-15 18:00:00,Backhaul Failure,High,104,True
F02910,T1385,2026-01-21 06:00:00,Backhaul Failure,Low,29,True
F02911,T1481,2026-01-18 18:00:00,Configuration Error,Low,10,True
F02912,T1228,2026-01-12 00:00:00,Configuration Error,Medium,48,True
F02913,T1331,2026-01-20 18:00:00,Network Congestion,High,165,True
F02914,T1204,2026-01-21 06:00:00,Hardware Failure,Low,5,False
F02915,T1288,2026-01-11 06:00:00,Power Issue,Medium,35,True
F02916,T1288,2026-01-29 12:00:00,Hardware Failure,Low,46,False
F02917,T1458,2026-01-26 00:00:00,Radio Degradation,Low,170,True
F02918,T1018,2026-01-16 12:00:00,Radio Degradation,High,21,True
F02919,T1492,2026-01-06 12:00:00,Power Issue,Low,122,True
F02920,T1373,2026-01-09 12:00:00,Backhaul Failure,Low,83,True
F02921,T1049,2026-01-29 12:00:00,Configuration Error,Low,71,True
F02922,T1151,2026-01-15 00:00:00,Hardware Failure,Medium,5,True
F02923,T1401,2026-01-22 12:00:00,Network Congestion,Medium,11,True
F02924,T1049,2026-01-15 12:00:00,Radio Degradation,Medium,10,True
F02925,T1205,2026-01-19 18:00:00,Radio Degradation,Medium,22,True
F02926,T1212,2026-01-23 00:00:00,Power Issue,Critical,71,True
F02927,T1304,2026-01-23 06:00:00,Backhaul Failure,Low,36,True
F02928,T1346,2026-01-05 12:00:00,Backhaul Failure,Low,8,True
F02929,T1050,2026-01-20 18:00:00,Configuration Error,Low,94,True
F02930,T1181,2026-01-27 06:00:00,Radio Degradation,Medium,99,True
F02931,T1326,2026-01-19 00:00:00,Network Congestion,Critical,29,False
F02932,T1340,2026-01-18 18:00:00,Hardware Failure,Low,121,True
F02933,T1205,2026-01-07 06:00:00,Radio Degradation,High,219,False
F02934,T1204,2026-01-19 06:00:00,Network Congestion,Low,5,True
F02935,T1472,2026-01-01 06:00:00,Network Congestion,Low,5,True
F02936,T1331,2026-01-23 18:00:00,Backhaul Failure,Medium,99,True
F02937,T1297,2026-01-17 18:00:00,Configuration Error,Low,9,True
F02938,T1445,2026-01-27 12:00:00,Network Congestion,Low,9,True
F02939,T1054,2026-01-02 06:00:00,Radio Degradation,Low,5,True
F02940,T1037,2026-01-21 00:00:00,Radio Degradation,Medium,81,True
F02941,T1175,2026-01-09 18:00:00,Radio Degradation,Medium,65,True
F02942,T1382,2026-01-14 12:00:00,Configuration Error,High,43,True
F02943,T1256,2026-01-24 00:00:00,Backhaul Failure,High,23,True
F02944,T1159,2026-01-01 12:00:00,Power Issue,High,126,False
F02945,T1404,2026-01-13 18:00:00,Hardware Failure,Low,52,False
F02946,T1337,2026-01-14 18:00:00,Configuration Error,Low,17,True
F02947,T1105,2026-01-01 18:00:00,Power Issue,Low,156,True
F02948,T1395,2026-01-23 06:00:00,Power Issue,Low,103,True
F02949,T1278,2026-01-04 18:00:00,Radio Degradation,High,145,False
F02950,T1415,2026-01-25 18:00:00,Hardware Failure,Medium,103,True
F02951,T1481,2026-01-25 06:00:00,Backhaul Failure,Medium,54,True
F02952,T1330,2026-01-05 18:00:00,Radio Degradation,Medium,9,True
F02953,T1274,2026-01-06 18:00:00,Radio Degradation,Medium,182,True
F02954,T1288,2026-01-18 18:00:00,Radio Degradation,Medium,31,True
F02955,T1205,2026-01-04 18:00:00,Radio Degradation,Critical,140,True
F02956,T1265,2026-01-26 00:00:00,Power Issue,Low,364,True
F02957,T1407,2026-01-06 12:00:00,Backhaul Failure,High,36,True
F02958,T1243,2026-01-01 06:00:00,Network Congestion,Low,42,True
F02959,T1072,2026-01-29 12:00:00,Backhaul Failure,High,53,True
F02960,T1245,2026-01-18 06:00:00,Backhaul Failure,Low,22,False
F02961,T1330,2026-01-28 00:00:00,Radio Degradation,Low,30,True
F02962,T1105,2026-01-26 18:00:00,Power Issue,Low,33,True
F02963,T1214,2026-01-15 18:00:00,Backhaul Failure,Low,86,True
F02964,T1354,2026-01-05 18:00:00,Power Issue,Low,5,True
F02965,T1105,2026-01-04 06:00:00,Power Issue,Low,49,True
F02966,T1274,2026-01-05 18:00:00,Power Issue,Low,14,True
F02967,T1175,2026-01-11 00:00:00,Backhaul Failure,Low,11,True
F02968,T1261,2026-01-24 12:00:00,Power Issue,High,5,True
F02969,T1330,2026-01-12 12:00:00,Power Issue,Medium,127,True
F02970,T1356,2026-01-14 06:00:00,Hardware Failure,High,149,True
F02971,T1373,2026-01-16 00:00:00,Configuration Error,Medium,5,False
F02972,T1224,2026-01-03 18:00:00,Network Congestion,High,13,True
F02973,T1237,2026-01-09 00:00:00,Backhaul Failure,Low,103,True
F02974,T1352,2026-01-28 18:00:00,Network Congestion,Medium,132,False
F02975,T1298,2026-01-11 12:00:00,Hardware Failure,Low,66,True
F02976,T1178,2026-01-30 06:00:00,Network Congestion,Medium,13,True
F02977,T1326,2026-01-03 06:00:00,Backhaul Failure,Low,45,False
F02978,T1191,2026-01-30 12:00:00,Hardware Failure,Medium,61,True
F02979,T1492,2026-01-18 00:00:00,Hardware Failure,Low,61,True
F02980,T1176,2026-01-20 06:00:00,Backhaul Failure,High,59,True
F02981,T1340,2026-01-03 12:00:00,Network Congestion,Medium,69,True
F02982,T1337,2026-01-24 12:00:00,Network Congestion,High,86,True
F02983,T1018,2026-01-02 06:00:00,Network Congestion,Low,10,True
F02984,T1072,2026-01-19 12:00:00,Configuration Error,Low,126,False
F02985,T1022,2026-01-29 00:00:00,Radio Degradation,Medium,39,True
F02986,T1204,2026-01-11 12:00:00,Network Congestion,High,62,True
F02987,T1205,2026-01-17 18:00:00,Backhaul Failure,Medium,25,True
F02988,T1237,2026-01-12 06:00:00,Radio Degradation,Low,26,False
F02989,T1472,2026-01-14 00:00:00,Radio Degradation,High,16,True
F02990,T1285,2026-01-16 06:00:00,Power Issue,High,33,True
F02991,T1401,2026-01-25 00:00:00,Hardware Failure,Low,17,True
F02992,T1193,2026-01-25 18:00:00,Network Congestion,Medium,231,True
F02993,T1385,2026-01-07 12:00:00,Backhaul Failure,Low,47,True
F02994,T1326,2026-01-11 06:00:00,Backhaul Failure,Medium,51,True
F02995,T1415,2026-01-18 18:00:00,Hardware Failure,Medium,18,True
F02996,T1404,2026-01-18 06:00:00,Configuration Error,Critical,5,True
F02997,T1191,2026-01-17 06:00:00,Radio Degradation,Low,48,True
F02998,T1288,2026-01-13 12:00:00,Backhaul Failure,High,32,True
F02999,T1471,2026-01-11 00:00:00,Backhaul Failure,High,5,False
F03000,T1393,2026-01-02 18:00:00,Power Issue,Medium,5,True
